$MeshFormat
4.1 0 8
$EndMeshFormat
$PhysicalNames
1
2 1 "cartilage"
$EndPhysicalNames
$Entities
1 1 1 0
1 35.95467764014924 0.1068483917600842 -29.16829386124964 0 
3 7.699211752629498 -8.704979290575341 -32.34803787238593 36.2156667777253 21.97383454703948 -25.02376506603721 0 2 1 -1 
2 7.682698650506541 -8.705458477961614 -32.34818193306612 36.21613064877953 21.97529094190587 -24.90978682645771 1 1 1 3 
$EndEntities
$Nodes
3 3232 1 3232
0 1 0 1
1
35.95467764014924 0.1068483917600842 -29.16829386124964
1 3 0 193
2
3
4
5
6
7
8
9
10
11
12
13
14
15
16
17
18
19
20
21
22
23
24
25
26
27
28
29
30
31
32
33
34
35
36
37
38
39
40
41
42
43
44
45
46
47
48
49
50
51
52
53
54
55
56
57
58
59
60
61
62
63
64
65
66
67
68
69
70
71
72
73
74
75
76
77
78
79
80
81
82
83
84
85
86
87
88
89
90
91
92
93
94
95
96
97
98
99
100
101
102
103
104
105
106
107
108
109
110
111
112
113
114
115
116
117
118
119
120
121
122
123
124
125
126
127
128
129
130
131
132
133
134
135
136
137
138
139
140
141
142
143
144
145
146
147
148
149
150
151
152
153
154
155
156
157
158
159
160
161
162
163
164
165
166
167
168
169
170
171
172
173
174
175
176
177
178
179
180
181
182
183
184
185
186
187
188
189
190
191
192
193
194
36.13226507430253 1.088004683166674 -29.20688216474857
36.19719508280929 2.082861156027794 -29.26384674780825
36.21503938758702 3.078779126867663 -29.33714737649437
36.21275619848863 4.073041848943418 -29.43208735505667
36.19406493401242 5.062755766610697 -29.56470355951944
36.15811055547801 6.044421243721807 -29.74508337635863
36.12301468539444 7.02124070861205 -29.95060920836211
36.08373883619836 7.998666624494725 -30.15223684703806
35.9813591947329 8.975173973366518 -30.33285324522222
35.73037303371122 9.929957503936222 -30.47427434046682
35.31584704213646 10.83215553594402 -30.5689494096331
34.77408276270293 11.66907190133063 -30.62033395766928
34.16954695486272 12.46357083754646 -30.64577366755287
33.54017881866442 13.23902577771065 -30.65997769289605
32.9072317468836 14.01133567145728 -30.68289465718286
32.26573440558089 14.77333632805353 -30.75360678429291
31.60723729748313 15.51383231724606 -30.87846705395308
30.9540117664858 16.25662789545953 -31.01697556255295
30.31519152128246 17.01219230943705 -31.15355055384132
29.68772013516638 17.77768609343802 -31.28755360971665
29.04511221588615 18.52896049353889 -31.42856325576632
28.32524885661146 19.19914261611369 -31.5967145750357
27.54272610601829 19.79237776330456 -31.77903640734745
26.74771064251695 20.37161706343124 -31.95244634901674
25.92774713623027 20.91870797626315 -32.11170665293761
25.03043460546604 21.32992929523459 -32.24659300458702
24.05211114550884 21.50256740486059 -32.32699993235199
23.05525493370234 21.55934878173171 -32.34803787238593
22.06005247701908 21.64014248694342 -32.33142777980219
21.07293884957465 21.78849783464189 -32.30184861455866
20.08636393233303 21.93921203628755 -32.26962378561433
19.09160458302205 21.96508240148875 -32.20273703262172
18.11039149288202 21.84573578966468 -32.06653799208048
17.15914595576853 21.62908294938954 -31.8553589115709
16.25131626744703 21.33788335174867 -31.55965883807643
15.4020837170675 20.98139532712152 -31.17554401757759
14.61513536150884 20.56874930985492 -30.71977062821696
13.81414552230531 20.17022766220595 -30.27638713947854
12.96442188221579 19.8298660572829 -29.87734875031524
12.08048719304223 19.54020213834451 -29.51402516189154
11.16561083658629 19.28881828893 -29.2027510572943
10.23604435236205 19.0248992521808 -28.95082095433157
9.346711188343649 18.66453298687211 -28.67774369824837
8.577461766406643 18.16682084872189 -28.28881019129593
8.033754174668376 17.54050865255579 -27.74284224501175
7.750660174909161 16.86017230470956 -27.09351506649235
7.827220376170011 16.27364612621012 -26.51969772535515
8.339366939311562 15.67512282106244 -25.96296521046756
9.048650697926618 15.13356519653769 -25.52049352857793
9.893465398207985 14.68176811475154 -25.24580650568068
10.804918576073 14.2954834716906 -25.11980979427165
11.71732950812718 13.89107914254222 -25.09982512450562
12.56008239586426 13.35806014344863 -25.11655000103405
13.29782982043251 12.68682928538594 -25.12342457372175
13.90282417830928 11.89473266746453 -25.11002196350551
14.3230123579502 10.99176896247446 -25.08197612259679
14.54066609294805 10.01891513426914 -25.05336562515825
14.6074406339695 9.02301646119405 -25.03437660932192
14.58221121274837 8.024818726337879 -25.0247043440354
14.47945274937664 7.031596651296802 -25.02895676967054
14.32184637041834 6.04684367697812 -25.07980666084977
14.17954141864925 5.069620159708197 -25.22384781872125
14.12642289413709 4.114446809803121 -25.5041339569825
14.21299938728675 3.211235595337113 -25.91718859717301
14.43534570022271 2.369216262869739 -26.40462108142196
14.75242040034376 1.565573742208578 -26.90531637758053
15.11906577228866 0.7694274334195825 -27.38404860904764
15.49743708392557 -0.04154268914502734 -27.82757601151197
15.88040039242752 -0.8561095093935382 -28.26045571783528
16.30786413998272 -1.640086731301004 -28.70750351581652
16.79272721958026 -2.396577119148676 -29.14334301171763
17.32627827546577 -3.141412422092029 -29.54054777257732
17.91756473485763 -3.865909307896664 -29.89033045759253
18.58831720811654 -4.540208634081245 -30.19339659777647
19.32996133411881 -5.159937943823882 -30.44406830738966
20.10625344084871 -5.759664078882898 -30.6306879979506
20.89303137762167 -6.363917565425523 -30.74422496723878
21.68453636967159 -6.97198281477612 -30.77010121121433
22.4949211510856 -7.549455060051037 -30.69271739717687
23.34712842815907 -8.035045043409513 -30.510448896065
24.24347886938089 -8.391027515608419 -30.25463151273665
25.17457355841404 -8.617341399691322 -29.97597970260234
26.13576580957189 -8.704979290575341 -29.7241984580147
27.1113175655161 -8.631809358371829 -29.52964859054314
28.06927079783405 -8.394425248643431 -29.38337957001097
28.98849481448199 -8.027882869612402 -29.25375181934681
29.85421543810705 -7.548063815171663 -29.12407725607334
30.66496192873439 -6.978393168788592 -29.00260640028825
31.42964119944514 -6.341812126723133 -28.91849186802027
32.16841454201728 -5.670850379682342 -28.88044304319225
32.88388213408209 -4.974116651242746 -28.87180929767144
33.55400918237339 -4.23436157879464 -28.89439163543533
34.14818289900807 -3.434795311574534 -28.95956147860461
34.67435611860172 -2.589925461129473 -29.04148394507532
35.1633940037721 -1.721431559875079 -29.10515814182109
35.61060537585229 -0.8293726176095529 -29.14267454139908
36.06098410884267 0.5935122386998291 -29.185290063102
36.17307337656121 1.585237102710694 -29.23348258069601
36.20997859092201 2.581305039290949 -29.29814881193258
36.2156667777253 3.575805917912886 -29.38131506255392
36.20549635540804 4.569172135292507 -29.49324718322677
36.17740070614508 5.554201437730018 -29.64981271858782
36.13935448667258 6.53274705457057 -29.84680153856852
36.10682592984761 7.509306994885518 -30.05316022407674
36.04487056701866 8.487649263433045 -30.24594911793811
35.87648257063259 9.457501081820599 -30.40910428763817
35.5423123757018 10.38957467473506 -30.52764928784116
35.0559407213421 11.25732835967826 -30.59881092215802
34.47663053435674 12.07039718200826 -30.63538548463417
33.85675510736559 12.85184170568804 -30.65330769779955
33.22364741784089 13.62516034451764 -30.66861847013493
32.58905053869608 14.39549877774505 -30.70954949316193
31.93616519252762 15.14615581354724 -30.81241542509236
31.2792353036189 15.88354792438057 -30.94754044403646
30.63246827161492 16.63308942601503 -31.08577684675629
30.0002931556864 17.39502574295026 -31.22070218701201
29.37273697794723 18.15761250665862 -31.35569760861262
28.69774030359552 18.87824951191069 -31.50864372394584
27.93651854103172 19.49968406944782 -31.68826509692094
27.14617960912364 20.08296534645959 -31.86721095605352
26.34333281113165 20.65322938796444 -32.03403502661223
25.49174292776047 21.15074301739605 -32.18369939192448
24.54700556711632 21.44058758821607 -32.29439622708827
23.55399630110401 21.53408085393961 -32.34315887760024
22.55695487599659 21.59209257494749 -32.34283271961488
21.5651049924001 21.70606799878481 -32.31689728152676
20.58095961308354 21.87340792667592 -32.28721353190391
19.58834816695023 21.97383454703948 -32.24400144060978
18.59676029945798 21.91990669326074 -32.14361507215668
17.63063813107168 21.74742667044781 -31.97055287897969
16.69971860193498 21.49172696834724 -31.71822775232468
15.82000671904729 21.16934272913203 -31.38052942277391
15.0044954055869 20.77951342299724 -30.95256836762542
14.2207502590908 20.36308425536425 -30.49241709373588
13.39462301740995 19.99340586885107 -30.07251416685316
12.52573966120965 19.67927964208911 -29.69086860626146
11.6271074917413 19.41130748393854 -29.34969680341807
10.7001520453271 19.16403787451884 -29.07238424048311
9.781575990740722 18.8590399111186 -28.82277524907286
8.941072814233573 18.4336201775603 -28.50189788142406
8.266754985996352 17.86856142056454 -28.03749823951302
7.867416839628826 17.20321757019567 -27.4260967169195
7.699211752629499 16.56442905916611 -26.80258204508939
8.050362693373863 15.96467760146677 -26.22672713250311
8.673636871883149 15.39376623133284 -25.72205046116844
9.457297956308054 14.89596794432581 -25.36062567239349
10.34472352151456 14.48385908859547 -25.16681536430048
11.26599640847456 14.10369683765375 -25.10085450677098
12.15036463212367 13.64350118493323 -25.10758159895585
12.94368945785079 13.03881938520197 -25.12253979486695
13.62103262227589 12.3068593258996 -25.11932590243543
14.13871172290898 11.45516972892906 -25.09700959022811
14.45329315043806 10.51043241968896 -25.06691121419028
14.58697732792274 9.521539576871263 -25.04263396146071
14.60421337991652 8.523965901968189 -25.02857211278013
14.54070541849886 7.527239386730055 -25.02376506603721
14.40327743439594 6.53801156729458 -25.04600321719883
14.24367082005424 5.556947177727971 -25.13623312194005
14.13630214115573 4.587310820358993 -25.34387422618151
14.15054790508061 3.655078370667641 -25.69641967106069
14.31042643807357 2.783679179226115 -26.15643572196698
14.58438283976208 1.964574923438426 -26.65603892764882
14.9319836286008 1.168579444887822 -27.14866632344586
15.30835428167642 0.3667657133340496 -27.60910209964579
15.68592525702862 -0.450828204067535 -28.04242910556974
16.08660232749912 -1.252709991580856 -28.48297211694631
16.54405134166485 -2.02024205921942 -28.92877184926457
17.05342860051163 -2.77023719902148 -29.34765813359709
17.61284666818698 -3.507764551711653 -29.72143983103923
18.24235084510707 -4.210710851309382 -30.04764105309632
18.952448016917 -4.854722180808 -30.32572418251922
19.7157671585906 -5.460353092571006 -30.54651502621611
20.49898723233714 -6.060532198610816 -30.6975016526829
21.28777750942936 -6.66857129135481 -30.76815489193872
22.08593889577358 -7.267843774813252 -30.74459803025925
22.91510021123685 -7.806969017816881 -30.61333219626908
23.7902996009785 -8.229422708148546 -30.38877838886248
24.70462760704483 -8.521493854216097 -30.11493658035277
25.6516564675553 -8.681412818016977 -29.84354113988337
26.6231295634125 -8.68814788003349 -29.61994309853829
27.5938747785246 -8.531371861728084 -29.45272667024483
28.53446042309042 -8.225638079363668 -29.317970916151
29.42769489533715 -7.800132984269023 -29.18912712256492
30.26716522453983 -7.274513296450849 -29.06041370020302
31.05212830207339 -6.666544007867622 -28.95378130255328
31.80175825017901 -6.00954326436249 -28.89430573993198
32.53025963852306 -5.326839481438879 -28.87271179262019
33.22738729301742 -4.611650010235762 -28.87772284735743
33.8610610191356 -3.8420617360628 -28.92224202496886
34.41667150684645 -3.016377064974206 -29.00107639663673
34.92246381228711 -2.157796257088998 -29.07646143912459
35.39467974602407 -1.278876195862095 -29.1267948946451
35.80028734702439 -0.3677171354860255 -29.15533707583757
2 2 0 3038
195
196
197
198
199
200
201
202
203
204
205
206
207
208
209
210
211
212
213
214
215
216
217
218
219
220
221
222
223
224
225
226
227
228
229
230
231
232
233
234
235
236
237
238
239
240
241
242
243
244
245
246
247
248
249
250
251
252
253
254
255
256
257
258
259
260
261
262
263
264
265
266
267
268
269
270
271
272
273
274
275
276
277
278
279
280
281
282
283
284
285
286
287
288
289
290
291
292
293
294
295
296
297
298
299
300
301
302
303
304
305
306
307
308
309
310
311
312
313
314
315
316
317
318
319
320
321
322
323
324
325
326
327
328
329
330
331
332
333
334
335
336
337
338
339
340
341
342
343
344
345
346
347
348
349
350
351
352
353
354
355
356
357
358
359
360
361
362
363
364
365
366
367
368
369
370
371
372
373
374
375
376
377
378
379
380
381
382
383
384
385
386
387
388
389
390
391
392
393
394
395
396
397
398
399
400
401
402
403
404
405
406
407
408
409
410
411
412
413
414
415
416
417
418
419
420
421
422
423
424
425
426
427
428
429
430
431
432
433
434
435
436
437
438
439
440
441
442
443
444
445
446
447
448
449
450
451
452
453
454
455
456
457
458
459
460
461
462
463
464
465
466
467
468
469
470
471
472
473
474
475
476
477
478
479
480
481
482
483
484
485
486
487
488
489
490
491
492
493
494
495
496
497
498
499
500
501
502
503
504
505
506
507
508
509
510
511
512
513
514
515
516
517
518
519
520
521
522
523
524
525
526
527
528
529
530
531
532
533
534
535
536
537
538
539
540
541
542
543
544
545
546
547
548
549
550
551
552
553
554
555
556
557
558
559
560
561
562
563
564
565
566
567
568
569
570
571
572
573
574
575
576
577
578
579
580
581
582
583
584
585
586
587
588
589
590
591
592
593
594
595
596
597
598
599
600
601
602
603
604
605
606
607
608
609
610
611
612
613
614
615
616
617
618
619
620
621
622
623
624
625
626
627
628
629
630
631
632
633
634
635
636
637
638
639
640
641
642
643
644
645
646
647
648
649
650
651
652
653
654
655
656
657
658
659
660
661
662
663
664
665
666
667
668
669
670
671
672
673
674
675
676
677
678
679
680
681
682
683
684
685
686
687
688
689
690
691
692
693
694
695
696
697
698
699
700
701
702
703
704
705
706
707
708
709
710
711
712
713
714
715
716
717
718
719
720
721
722
723
724
725
726
727
728
729
730
731
732
733
734
735
736
737
738
739
740
741
742
743
744
745
746
747
748
749
750
751
752
753
754
755
756
757
758
759
760
761
762
763
764
765
766
767
768
769
770
771
772
773
774
775
776
777
778
779
780
781
782
783
784
785
786
787
788
789
790
791
792
793
794
795
796
797
798
799
800
801
802
803
804
805
806
807
808
809
810
811
812
813
814
815
816
817
818
819
820
821
822
823
824
825
826
827
828
829
830
831
832
833
834
835
836
837
838
839
840
841
842
843
844
845
846
847
848
849
850
851
852
853
854
855
856
857
858
859
860
861
862
863
864
865
866
867
868
869
870
871
872
873
874
875
876
877
878
879
880
881
882
883
884
885
886
887
888
889
890
891
892
893
894
895
896
897
898
899
900
901
902
903
904
905
906
907
908
909
910
911
912
913
914
915
916
917
918
919
920
921
922
923
924
925
926
927
928
929
930
931
932
933
934
935
936
937
938
939
940
941
942
943
944
945
946
947
948
949
950
951
952
953
954
955
956
957
958
959
960
961
962
963
964
965
966
967
968
969
970
971
972
973
974
975
976
977
978
979
980
981
982
983
984
985
986
987
988
989
990
991
992
993
994
995
996
997
998
999
1000
1001
1002
1003
1004
1005
1006
1007
1008
1009
1010
1011
1012
1013
1014
1015
1016
1017
1018
1019
1020
1021
1022
1023
1024
1025
1026
1027
1028
1029
1030
1031
1032
1033
1034
1035
1036
1037
1038
1039
1040
1041
1042
1043
1044
1045
1046
1047
1048
1049
1050
1051
1052
1053
1054
1055
1056
1057
1058
1059
1060
1061
1062
1063
1064
1065
1066
1067
1068
1069
1070
1071
1072
1073
1074
1075
1076
1077
1078
1079
1080
1081
1082
1083
1084
1085
1086
1087
1088
1089
1090
1091
1092
1093
1094
1095
1096
1097
1098
1099
1100
1101
1102
1103
1104
1105
1106
1107
1108
1109
1110
1111
1112
1113
1114
1115
1116
1117
1118
1119
1120
1121
1122
1123
1124
1125
1126
1127
1128
1129
1130
1131
1132
1133
1134
1135
1136
1137
1138
1139
1140
1141
1142
1143
1144
1145
1146
1147
1148
1149
1150
1151
1152
1153
1154
1155
1156
1157
1158
1159
1160
1161
1162
1163
1164
1165
1166
1167
1168
1169
1170
1171
1172
1173
1174
1175
1176
1177
1178
1179
1180
1181
1182
1183
1184
1185
1186
1187
1188
1189
1190
1191
1192
1193
1194
1195
1196
1197
1198
1199
1200
1201
1202
1203
1204
1205
1206
1207
1208
1209
1210
1211
1212
1213
1214
1215
1216
1217
1218
1219
1220
1221
1222
1223
1224
1225
1226
1227
1228
1229
1230
1231
1232
1233
1234
1235
1236
1237
1238
1239
1240
1241
1242
1243
1244
1245
1246
1247
1248
1249
1250
1251
1252
1253
1254
1255
1256
1257
1258
1259
1260
1261
1262
1263
1264
1265
1266
1267
1268
1269
1270
1271
1272
1273
1274
1275
1276
1277
1278
1279
1280
1281
1282
1283
1284
1285
1286
1287
1288
1289
1290
1291
1292
1293
1294
1295
1296
1297
1298
1299
1300
1301
1302
1303
1304
1305
1306
1307
1308
1309
1310
1311
1312
1313
1314
1315
1316
1317
1318
1319
1320
1321
1322
1323
1324
1325
1326
1327
1328
1329
1330
1331
1332
1333
1334
1335
1336
1337
1338
1339
1340
1341
1342
1343
1344
1345
1346
1347
1348
1349
1350
1351
1352
1353
1354
1355
1356
1357
1358
1359
1360
1361
1362
1363
1364
1365
1366
1367
1368
1369
1370
1371
1372
1373
1374
1375
1376
1377
1378
1379
1380
1381
1382
1383
1384
1385
1386
1387
1388
1389
1390
1391
1392
1393
1394
1395
1396
1397
1398
1399
1400
1401
1402
1403
1404
1405
1406
1407
1408
1409
1410
1411
1412
1413
1414
1415
1416
1417
1418
1419
1420
1421
1422
1423
1424
1425
1426
1427
1428
1429
1430
1431
1432
1433
1434
1435
1436
1437
1438
1439
1440
1441
1442
1443
1444
1445
1446
1447
1448
1449
1450
1451
1452
1453
1454
1455
1456
1457
1458
1459
1460
1461
1462
1463
1464
1465
1466
1467
1468
1469
1470
1471
1472
1473
1474
1475
1476
1477
1478
1479
1480
1481
1482
1483
1484
1485
1486
1487
1488
1489
1490
1491
1492
1493
1494
1495
1496
1497
1498
1499
1500
1501
1502
1503
1504
1505
1506
1507
1508
1509
1510
1511
1512
1513
1514
1515
1516
1517
1518
1519
1520
1521
1522
1523
1524
1525
1526
1527
1528
1529
1530
1531
1532
1533
1534
1535
1536
1537
1538
1539
1540
1541
1542
1543
1544
1545
1546
1547
1548
1549
1550
1551
1552
1553
1554
1555
1556
1557
1558
1559
1560
1561
1562
1563
1564
1565
1566
1567
1568
1569
1570
1571
1572
1573
1574
1575
1576
1577
1578
1579
1580
1581
1582
1583
1584
1585
1586
1587
1588
1589
1590
1591
1592
1593
1594
1595
1596
1597
1598
1599
1600
1601
1602
1603
1604
1605
1606
1607
1608
1609
1610
1611
1612
1613
1614
1615
1616
1617
1618
1619
1620
1621
1622
1623
1624
1625
1626
1627
1628
1629
1630
1631
1632
1633
1634
1635
1636
1637
1638
1639
1640
1641
1642
1643
1644
1645
1646
1647
1648
1649
1650
1651
1652
1653
1654
1655
1656
1657
1658
1659
1660
1661
1662
1663
1664
1665
1666
1667
1668
1669
1670
1671
1672
1673
1674
1675
1676
1677
1678
1679
1680
1681
1682
1683
1684
1685
1686
1687
1688
1689
1690
1691
1692
1693
1694
1695
1696
1697
1698
1699
1700
1701
1702
1703
1704
1705
1706
1707
1708
1709
1710
1711
1712
1713
1714
1715
1716
1717
1718
1719
1720
1721
1722
1723
1724
1725
1726
1727
1728
1729
1730
1731
1732
1733
1734
1735
1736
1737
1738
1739
1740
1741
1742
1743
1744
1745
1746
1747
1748
1749
1750
1751
1752
1753
1754
1755
1756
1757
1758
1759
1760
1761
1762
1763
1764
1765
1766
1767
1768
1769
1770
1771
1772
1773
1774
1775
1776
1777
1778
1779
1780
1781
1782
1783
1784
1785
1786
1787
1788
1789
1790
1791
1792
1793
1794
1795
1796
1797
1798
1799
1800
1801
1802
1803
1804
1805
1806
1807
1808
1809
1810
1811
1812
1813
1814
1815
1816
1817
1818
1819
1820
1821
1822
1823
1824
1825
1826
1827
1828
1829
1830
1831
1832
1833
1834
1835
1836
1837
1838
1839
1840
1841
1842
1843
1844
1845
1846
1847
1848
1849
1850
1851
1852
1853
1854
1855
1856
1857
1858
1859
1860
1861
1862
1863
1864
1865
1866
1867
1868
1869
1870
1871
1872
1873
1874
1875
1876
1877
1878
1879
1880
1881
1882
1883
1884
1885
1886
1887
1888
1889
1890
1891
1892
1893
1894
1895
1896
1897
1898
1899
1900
1901
1902
1903
1904
1905
1906
1907
1908
1909
1910
1911
1912
1913
1914
1915
1916
1917
1918
1919
1920
1921
1922
1923
1924
1925
1926
1927
1928
1929
1930
1931
1932
1933
1934
1935
1936
1937
1938
1939
1940
1941
1942
1943
1944
1945
1946
1947
1948
1949
1950
1951
1952
1953
1954
1955
1956
1957
1958
1959
1960
1961
1962
1963
1964
1965
1966
1967
1968
1969
1970
1971
1972
1973
1974
1975
1976
1977
1978
1979
1980
1981
1982
1983
1984
1985
1986
1987
1988
1989
1990
1991
1992
1993
1994
1995
1996
1997
1998
1999
2000
2001
2002
2003
2004
2005
2006
2007
2008
2009
2010
2011
2012
2013
2014
2015
2016
2017
2018
2019
2020
2021
2022
2023
2024
2025
2026
2027
2028
2029
2030
2031
2032
2033
2034
2035
2036
2037
2038
2039
2040
2041
2042
2043
2044
2045
2046
2047
2048
2049
2050
2051
2052
2053
2054
2055
2056
2057
2058
2059
2060
2061
2062
2063
2064
2065
2066
2067
2068
2069
2070
2071
2072
2073
2074
2075
2076
2077
2078
2079
2080
2081
2082
2083
2084
2085
2086
2087
2088
2089
2090
2091
2092
2093
2094
2095
2096
2097
2098
2099
2100
2101
2102
2103
2104
2105
2106
2107
2108
2109
2110
2111
2112
2113
2114
2115
2116
2117
2118
2119
2120
2121
2122
2123
2124
2125
2126
2127
2128
2129
2130
2131
2132
2133
2134
2135
2136
2137
2138
2139
2140
2141
2142
2143
2144
2145
2146
2147
2148
2149
2150
2151
2152
2153
2154
2155
2156
2157
2158
2159
2160
2161
2162
2163
2164
2165
2166
2167
2168
2169
2170
2171
2172
2173
2174
2175
2176
2177
2178
2179
2180
2181
2182
2183
2184
2185
2186
2187
2188
2189
2190
2191
2192
2193
2194
2195
2196
2197
2198
2199
2200
2201
2202
2203
2204
2205
2206
2207
2208
2209
2210
2211
2212
2213
2214
2215
2216
2217
2218
2219
2220
2221
2222
2223
2224
2225
2226
2227
2228
2229
2230
2231
2232
2233
2234
2235
2236
2237
2238
2239
2240
2241
2242
2243
2244
2245
2246
2247
2248
2249
2250
2251
2252
2253
2254
2255
2256
2257
2258
2259
2260
2261
2262
2263
2264
2265
2266
2267
2268
2269
2270
2271
2272
2273
2274
2275
2276
2277
2278
2279
2280
2281
2282
2283
2284
2285
2286
2287
2288
2289
2290
2291
2292
2293
2294
2295
2296
2297
2298
2299
2300
2301
2302
2303
2304
2305
2306
2307
2308
2309
2310
2311
2312
2313
2314
2315
2316
2317
2318
2319
2320
2321
2322
2323
2324
2325
2326
2327
2328
2329
2330
2331
2332
2333
2334
2335
2336
2337
2338
2339
2340
2341
2342
2343
2344
2345
2346
2347
2348
2349
2350
2351
2352
2353
2354
2355
2356
2357
2358
2359
2360
2361
2362
2363
2364
2365
2366
2367
2368
2369
2370
2371
2372
2373
2374
2375
2376
2377
2378
2379
2380
2381
2382
2383
2384
2385
2386
2387
2388
2389
2390
2391
2392
2393
2394
2395
2396
2397
2398
2399
2400
2401
2402
2403
2404
2405
2406
2407
2408
2409
2410
2411
2412
2413
2414
2415
2416
2417
2418
2419
2420
2421
2422
2423
2424
2425
2426
2427
2428
2429
2430
2431
2432
2433
2434
2435
2436
2437
2438
2439
2440
2441
2442
2443
2444
2445
2446
2447
2448
2449
2450
2451
2452
2453
2454
2455
2456
2457
2458
2459
2460
2461
2462
2463
2464
2465
2466
2467
2468
2469
2470
2471
2472
2473
2474
2475
2476
2477
2478
2479
2480
2481
2482
2483
2484
2485
2486
2487
2488
2489
2490
2491
2492
2493
2494
2495
2496
2497
2498
2499
2500
2501
2502
2503
2504
2505
2506
2507
2508
2509
2510
2511
2512
2513
2514
2515
2516
2517
2518
2519
2520
2521
2522
2523
2524
2525
2526
2527
2528
2529
2530
2531
2532
2533
2534
2535
2536
2537
2538
2539
2540
2541
2542
2543
2544
2545
2546
2547
2548
2549
2550
2551
2552
2553
2554
2555
2556
2557
2558
2559
2560
2561
2562
2563
2564
2565
2566
2567
2568
2569
2570
2571
2572
2573
2574
2575
2576
2577
2578
2579
2580
2581
2582
2583
2584
2585
2586
2587
2588
2589
2590
2591
2592
2593
2594
2595
2596
2597
2598
2599
2600
2601
2602
2603
2604
2605
2606
2607
2608
2609
2610
2611
2612
2613
2614
2615
2616
2617
2618
2619
2620
2621
2622
2623
2624
2625
2626
2627
2628
2629
2630
2631
2632
2633
2634
2635
2636
2637
2638
2639
2640
2641
2642
2643
2644
2645
2646
2647
2648
2649
2650
2651
2652
2653
2654
2655
2656
2657
2658
2659
2660
2661
2662
2663
2664
2665
2666
2667
2668
2669
2670
2671
2672
2673
2674
2675
2676
2677
2678
2679
2680
2681
2682
2683
2684
2685
2686
2687
2688
2689
2690
2691
2692
2693
2694
2695
2696
2697
2698
2699
2700
2701
2702
2703
2704
2705
2706
2707
2708
2709
2710
2711
2712
2713
2714
2715
2716
2717
2718
2719
2720
2721
2722
2723
2724
2725
2726
2727
2728
2729
2730
2731
2732
2733
2734
2735
2736
2737
2738
2739
2740
2741
2742
2743
2744
2745
2746
2747
2748
2749
2750
2751
2752
2753
2754
2755
2756
2757
2758
2759
2760
2761
2762
2763
2764
2765
2766
2767
2768
2769
2770
2771
2772
2773
2774
2775
2776
2777
2778
2779
2780
2781
2782
2783
2784
2785
2786
2787
2788
2789
2790
2791
2792
2793
2794
2795
2796
2797
2798
2799
2800
2801
2802
2803
2804
2805
2806
2807
2808
2809
2810
2811
2812
2813
2814
2815
2816
2817
2818
2819
2820
2821
2822
2823
2824
2825
2826
2827
2828
2829
2830
2831
2832
2833
2834
2835
2836
2837
2838
2839
2840
2841
2842
2843
2844
2845
2846
2847
2848
2849
2850
2851
2852
2853
2854
2855
2856
2857
2858
2859
2860
2861
2862
2863
2864
2865
2866
2867
2868
2869
2870
2871
2872
2873
2874
2875
2876
2877
2878
2879
2880
2881
2882
2883
2884
2885
2886
2887
2888
2889
2890
2891
2892
2893
2894
2895
2896
2897
2898
2899
2900
2901
2902
2903
2904
2905
2906
2907
2908
2909
2910
2911
2912
2913
2914
2915
2916
2917
2918
2919
2920
2921
2922
2923
2924
2925
2926
2927
2928
2929
2930
2931
2932
2933
2934
2935
2936
2937
2938
2939
2940
2941
2942
2943
2944
2945
2946
2947
2948
2949
2950
2951
2952
2953
2954
2955
2956
2957
2958
2959
2960
2961
2962
2963
2964
2965
2966
2967
2968
2969
2970
2971
2972
2973
2974
2975
2976
2977
2978
2979
2980
2981
2982
2983
2984
2985
2986
2987
2988
2989
2990
2991
2992
2993
2994
2995
2996
2997
2998
2999
3000
3001
3002
3003
3004
3005
3006
3007
3008
3009
3010
3011
3012
3013
3014
3015
3016
3017
3018
3019
3020
3021
3022
3023
3024
3025
3026
3027
3028
3029
3030
3031
3032
3033
3034
3035
3036
3037
3038
3039
3040
3041
3042
3043
3044
3045
3046
3047
3048
3049
3050
3051
3052
3053
3054
3055
3056
3057
3058
3059
3060
3061
3062
3063
3064
3065
3066
3067
3068
3069
3070
3071
3072
3073
3074
3075
3076
3077
3078
3079
3080
3081
3082
3083
3084
3085
3086
3087
3088
3089
3090
3091
3092
3093
3094
3095
3096
3097
3098
3099
3100
3101
3102
3103
3104
3105
3106
3107
3108
3109
3110
3111
3112
3113
3114
3115
3116
3117
3118
3119
3120
3121
3122
3123
3124
3125
3126
3127
3128
3129
3130
3131
3132
3133
3134
3135
3136
3137
3138
3139
3140
3141
3142
3143
3144
3145
3146
3147
3148
3149
3150
3151
3152
3153
3154
3155
3156
3157
3158
3159
3160
3161
3162
3163
3164
3165
3166
3167
3168
3169
3170
3171
3172
3173
3174
3175
3176
3177
3178
3179
3180
3181
3182
3183
3184
3185
3186
3187
3188
3189
3190
3191
3192
3193
3194
3195
3196
3197
3198
3199
3200
3201
3202
3203
3204
3205
3206
3207
3208
3209
3210
3211
3212
3213
3214
3215
3216
3217
3218
3219
3220
3221
3222
3223
3224
3225
3226
3227
3228
3229
3230
3231
3232
15.2638405817937 6.587202324522141 -25.0815552690621
35.23512825100023 7.462767135418394 -29.53015007549261
35.38063208444778 1.69318489230253 -28.79017587705009
30.58615915098459 -5.990108800638545 -28.79410106018877
15.73182600110686 1.341074119288859 -26.90907658784462
32.47130478106456 13.11416702221378 -30.18673560739716
29.39314527701632 16.93221153403421 -30.75602005844409
18.20308316224359 -3.305971049932664 -29.22869849582105
23.27297988983209 20.89139225487327 -31.64048557154975
22.45862560717715 -6.563631307990704 -30.22716131398969
33.7963030840767 -2.464904943332743 -28.70760538521425
26.57475487419505 19.61288744483204 -31.38539195313855
19.57106230700163 21.31435143833416 -31.61133142114063
11.63616955317851 19.00180531248101 -28.20513658564001
15.3915503328362 20.35159460693208 -30.35770821145913
26.45710789164793 -7.856498952316351 -29.50487410121448
35.5289962291443 4.568423901004624 -29.06771567514835
34.47780778108101 10.89021152849662 -30.19975079028012
16.78234618992355 -1.061842929858676 -28.10890699821115
20.1953757130212 -5.053083518683813 -29.94412393911655
15.0427611976446 3.764106361015803 -25.66864128203031
8.578994031113103 16.80012663820196 -26.56487484699627
15.44107602403249 8.558047501694579 -25.00904530071045
30.72788105858026 15.29683465496162 -30.43015939752127
9.554407657946046 18.23876128912752 -27.68260226994254
13.91336341725543 19.73041298277261 -29.40263159533398
28.10213678344075 18.3861904081623 -31.08464170252262
34.67487342986408 -1.034513995217953 -28.79004023174674
29.04294779660744 -7.087323843719216 -29.04635192814698
21.49023923681937 21.13704139426036 -31.71940548576119
31.98145488070549 -4.737129075062763 -28.68158798392889
35.1074512565435 9.405828005629271 -29.99970109798847
17.06866244688936 20.97343507140086 -31.10960917801796
9.868712435852826 15.52830268680737 -25.40939238576211
25.17504300639143 20.51043890427817 -31.59038653870457
24.07986076942767 -7.575171917132698 -30.08240088336166
15.15060539141142 5.39289759561238 -25.21623858718539
16.08416271529165 6.082128229969864 -25.19995712425703
16.15075246423369 5.094688589268008 -25.37144478499323
16.90600813218478 5.760199667782188 -25.39538345148667
17.04546328731529 4.818628219247452 -25.64651524750426
17.7240239901706 5.486139334343653 -25.74465284575829
17.91274497925135 4.597644770465767 -26.0297648896157
18.52175311421201 5.296218153978821 -26.15991227783891
18.77400653967275 4.453759667308812 -26.46610524514368
19.35535419260684 5.312214372033183 -26.59320123149328
19.6456145107483 4.351759926317985 -26.89617799138392
20.2022160914892 5.28787112248726 -26.99364915906656
20.53742185888347 4.324348510392023 -27.25610866674214
21.06863128640817 5.194060322427756 -27.3158432551241
20.74147079794142 6.104358670723736 -27.09146023382615
21.43208770029119 4.333686026942386 -27.51200183087576
21.62353516159942 5.993681650247266 -27.34816255990758
21.35546539742558 6.920869629797661 -27.20077739011884
22.26790463001766 6.760198632992176 -27.40220904901311
22.00882837312906 7.703147251781695 -27.32137518523597
22.93129479103347 7.477373034348919 -27.47826921993507
22.66147363595908 8.425431122361507 -27.47697268242177
23.56969892409113 8.197770953461346 -27.59359092810123
23.8844590872666 7.268419595362625 -27.55815638333383
23.29806222109399 9.135483555464944 -27.67147080882757
22.36948721006595 9.354099180298537 -27.48496251324544
22.98837048029246 10.08676757947013 -27.73850135694475
22.07179772183159 10.26926301003088 -27.49462130622021
22.62297731753218 11.01684434782057 -27.78299414975183
21.72198878676313 11.15047610954273 -27.47877553457218
24.49868590808493 8.02170046814194 -27.6659331284102
24.83103486200375 7.08647298510899 -27.6022963757222
22.19569644893275 11.91484435394802 -27.78873084732761
21.34106484747488 11.99442763547327 -27.44831059470057
25.43922954203228 7.87564353024484 -27.7195532622241
25.78261790440806 6.933781482673743 -27.6160389412571
21.72354923667777 12.80015436705976 -27.78200285029495
20.88216147375176 12.79583934745832 -27.38438982051964
12.83488457528497 14.11094153761423 -24.99163137143046
21.17729060268488 13.64100004116724 -27.75160417985359
26.40083957225706 7.706909640071315 -27.75742201742494
26.73908268724923 6.792228442484809 -27.63694044046241
23.13152266470577 11.81042211618069 -28.10061936700794
20.34786601987408 13.54121326051703 -27.29463224936144
20.56134262443166 14.40692005132845 -27.70881978235945
19.77700469800518 14.26709606483842 -27.21255072063754
26.12073020650966 6.028158763615616 -27.56454018611863
27.07505100553394 5.866448383563564 -27.56503412481528
26.48621847052808 5.11818835655674 -27.54701402085775
27.4367443577751 4.951680047359755 -27.54489509514365
26.81758375013608 4.21197755696626 -27.5528824387377
27.76447886186205 4.034551431716393 -27.54913313899205
27.13581373091565 3.324447147314268 -27.5514304601645
27.69071386618889 6.629509461772217 -27.66776095464169
21.41652011557945 14.54260588760082 -28.17246722547583
28.2927636709938 3.124266038718521 -27.56110944834133
27.45489693576021 2.407619059836446 -27.55476371769274
19.89500031041651 15.11874430580173 -27.65913211159373
19.15321395518199 14.92338911242664 -27.10547457389008
20.73476895055851 11.22233782667644 -27.04835952552763
20.96348880801359 3.478819948219788 -27.46387987381954
28.39616019348855 2.187422671655483 -27.58143536593614
27.73495515495253 1.479114296780707 -27.5845455349574
28.77172928250612 4.018801057847245 -27.56927075039495
26.7401156399194 1.701598176813283 -27.56080262982145
27.06631403799452 0.78614623740381 -27.5956742776259
26.08148438701775 0.956740596903896 -27.56896380339622
26.42390832224909 0.04390535943053914 -27.63673323652419
25.4542909693075 0.2067900838817987 -27.59553136216106
25.82063929584748 -0.7145129870460372 -27.71094461504266
24.83739434958946 -0.5798317180629985 -27.66545494743951
19.03910480757566 14.13931084065177 -26.70437207767109
28.02186033343097 0.6335582991791939 -27.64033362475567
19.19220014923933 15.75702144081405 -27.59188331184281
18.435551147115 15.60219719826954 -27.01849619150007
25.22156004032276 -1.467522194932434 -27.84560284975537
17.62864545654208 6.361959588246408 -25.55815396030964
26.18705296938773 -1.598673375486905 -27.90075245347592
24.23653236661789 -1.342417677917256 -27.79195837813988
19.98339126965396 15.9607386834895 -28.16600534088329
26.04391087764928 8.636659073423456 -27.9406692998206
19.22497187399712 16.5923455714447 -28.17031035419008
20.04912193899899 16.78417943274824 -28.69711570147312
25.59184370515786 -2.336445151212363 -28.08440258022548
26.56470799257897 -2.469405967025142 -28.11452877266992
23.8331582558486 -0.4355714138861063 -27.64283189937749
23.23473168679191 -1.217359116080377 -27.73683860960572
14.92836378704699 11.75844377140015 -24.97780734780074
25.95958418329406 -3.206831351142286 -28.3405146536153
21.91965993671083 3.49271155150746 -27.64442620143984
19.2895638470728 17.40742332594554 -28.77178920103789
18.45513094749073 17.22559747867171 -28.21786612777822
19.03715643244142 3.516579663273534 -26.77752887356225
20.11625469225883 17.60595151021787 -29.22666065141667
20.90616896824443 16.99944117596103 -29.1597666447469
22.82989845020397 -0.3027272384523209 -27.63160799858453
22.2371465306182 -1.099029954030059 -27.69243366710599
22.6145334615923 -1.983573285469321 -27.88791949502559
26.9480296772541 -3.343821114483007 -28.33145210678753
27.54026197195097 -2.580032726386785 -28.12454914079699
21.82669375760512 -0.1720162999621306 -27.59826830528834
25.7739736983275 1.892251140001049 -27.57122127110939
20.97121898594931 17.85461209943993 -29.62236981487973
21.76805824942097 17.26689043666233 -29.53623303596977
27.02427775616344 8.438491167580246 -28.00563930395658
26.68272752928404 9.353571858890902 -28.25846293026332
27.6579355963041 9.13468096250498 -28.34049281265138
27.31927212984586 10.04429765043859 -28.61322179828975
28.29421074906597 9.818027024679367 -28.70389259701317
27.97193780722958 10.74170394440932 -28.95376011049562
28.92737884974167 10.5133021097468 -29.01997080994588
29.25180412977063 9.602407709488649 -28.7773519546503
28.63063999535371 11.45890438062234 -29.2119009530795
27.65048832184296 11.66726884483893 -29.1417189037556
29.89811703332437 10.30129130312006 -29.0630558796795
30.2122748526682 9.38790996905956 -28.82129738136427
28.30967041145846 12.39690556578484 -29.34906339013081
27.32380981437664 12.60081714148529 -29.28163538348531
21.07582503364093 7.878011273949554 -27.06247362310312
24.21959159683355 6.197066063134002 -27.56378242484823
27.98710595105973 13.33780530004274 -29.46589160073491
27.0111487232902 13.5387716703213 -29.40338151835519
21.24734820902303 -0.9784888995777851 -27.63461470366827
20.8329186713687 -0.06316771708820398 -27.53160198105785
18.48748130817145 18.00399685654628 -28.85124380840969
17.67336897629443 17.82041256860022 -28.31430817757198
26.33526459311171 -4.082747230132567 -28.578283503055
25.35213910108966 -3.940637558050309 -28.60075227471793
26.75215566891529 11.80695148366954 -29.03396415333556
30.8506093210556 10.09215440912363 -29.09090904197542
31.17871211178675 9.17584691732382 -28.85900565079036
30.51671531889464 8.486039162046083 -28.55321380868783
31.48414017402775 8.253903994196063 -28.60456908321507
30.80538075089172 7.57962047020925 -28.29505703457423
31.76196805354829 7.31356500734148 -28.35929476995187
31.06356437650689 6.659224083927027 -28.07245698703681
32.01633635568462 6.369331158643345 -28.15062009295817
27.92619402376962 -3.472114696788951 -28.30965951088371
28.51593361254679 -2.682076545590182 -28.12917379239244
31.29946021477445 5.704890963857364 -27.90728577525348
32.28624271685695 5.411333449917718 -28.01481943034488
31.54061509973516 4.73875899366029 -27.80877003850887
32.52577224686462 4.451743484295506 -27.92058980148835
31.77424153936131 3.76757007135247 -27.75638029336053
20.26598117617297 -0.8850510098683043 -27.57659378481335
19.86153971201942 -0.0710590542117069 -27.44773536306714
20.66436889023978 -1.750826019786362 -27.77099254333022
29.28265593754264 12.18250507250121 -29.3981747474982
21.83546100355599 18.16085128174365 -29.93613289395821
22.64519993663903 17.58485429569665 -29.84401117371185
20.17495589673473 18.43459660701928 -29.72242071085083
22.54823851761905 16.6650990351576 -29.47494775529369
23.44216212033875 16.97977821654602 -29.76143075596829
23.34129421757889 16.0412705342387 -29.43023401901194
24.24744719001653 16.37577524482801 -29.71252555359043
24.14023168107244 15.43716913391161 -29.41086996222437
24.34795756963219 17.32153366366816 -29.9910025779308
25.13753400008448 16.73755295049254 -29.9332754028692
27.66373027682314 14.27328463583178 -29.59828946189376
25.87354001149971 4.595198801998942 -27.57242141306952
12.37207575891424 14.87821436100836 -24.95518798707803
13.42080036143527 14.87463890602679 -24.94449036637038
12.79318329440441 15.65667284553041 -24.96623129780653
13.78329159199215 15.6954347468206 -25.07200683117398
14.35277117506112 14.93068966973645 -24.99889822594316
17.65513085011131 17.06759955581138 -27.62917140767278
16.89267113754142 17.65748017249171 -27.73309584581799
13.22014325529649 16.40667662322009 -25.23423612138264
16.90058084457663 16.92442705498364 -27.04923482735517
16.14608758192105 17.49741037522071 -27.13702902741249
23.43274609419068 0.4898490376688874 -27.61338083901995
32.7122936126972 3.492467224118667 -27.86540715568504
31.99027010119413 2.807931337264944 -27.76288691308264
17.67816562120436 18.56688829941632 -28.97443390807315
16.1057051037235 18.18452906284458 -27.86080397563231
15.31051581862334 18.02828679597836 -27.25376255730108
32.44789095470406 8.007612216326134 -28.6833762225941
25.75692926945163 -4.828261504539318 -28.85868143659389
24.75540911644594 -4.675798592656877 -28.90042188168027
19.02469441174822 6.105360959376808 -26.27931611806548
33.03562375124878 6.125603576661386 -28.31396436213884
26.74513777624935 -4.997379589779332 -28.78792112276835
17.21697231010524 3.87906149271278 -25.94173294889323
25.69668089593542 9.532042714084049 -28.15330835866532
12.24044566288897 16.41014002350925 -25.19864736315963
12.68628832528596 17.14614748988122 -25.62250932079131
11.7139730166148 17.11622238099165 -25.5861026236872
28.91412539991772 -3.582648034897714 -28.29321621564642
29.50164907668105 -2.787371963536772 -28.14314108988828
22.70926155292443 18.51680553341077 -30.19068007763183
31.81632611400314 9.891719949086752 -29.14133930560468
30.38821140026972 5.972050846126063 -27.82733796591722
31.48900719401081 10.82686546302235 -29.3308343245817
16.13835288167867 16.75564416801051 -26.4436560343416
32.94062918624429 2.525735413872322 -27.91175873421333
32.22573973331325 1.846012381383604 -27.8256173183437
31.26642086503707 2.120882072072407 -27.72321722937759
31.51315824988187 1.164761028545325 -27.80308859164344
32.45401321602055 0.8892198580584448 -27.93280944919231
31.74815154082738 0.2199892796882247 -27.91369279870335
13.72926548644594 17.0829891397956 -25.74537031647274
13.16099080718989 17.75499437748281 -26.22646874123264
29.09987704870031 -1.876762341078376 -27.98909712977714
30.08892687015984 -1.971829814349431 -28.0354519983728
29.68914238540921 -1.067415086810917 -27.89524161469186
26.70233091601622 14.47897387822549 -29.55160097534
26.12508886779343 13.79550964764999 -29.34503963328115
27.33877617064459 15.2022307639279 -29.76162087068417
21.42411411149637 0.7502558229701166 -27.57438517619008
22.42027127742925 4.334303413567203 -27.64334962200213
22.90901643556107 3.431091493710602 -27.70581016297582
24.36248788916169 -3.811337084153038 -28.59268967109367
23.76097081259743 -4.540732909921132 -28.92425941703272
28.62742161320886 14.05511945024549 -29.63771376302386
25.25963180667042 17.6996036750655 -30.21745218802586
26.02690376502778 17.12710230287745 -30.139683125356
19.6891346966601 -1.645622389283174 -27.77802674550465
20.07557143294369 -2.488691807517549 -28.08866226360593
21.89408999047131 19.05568146434871 -30.34272932590049
29.84719306784507 7.828437171449133 -28.23172220987282
33.64538834713533 3.211983467924241 -28.08026944113029
20.04151111045189 12.70298181543718 -26.91564783601249
30.55619339719262 1.439737057522823 -27.71279587855899
25.15797950379943 -5.554516624825474 -29.1674686368025
30.49781185216995 -2.875037513941516 -28.19030493976879
31.07653097125566 -2.056356780368193 -28.11688982613127
23.41812611408235 4.336521794333314 -27.66911018333835
23.892684281568 3.410616986232098 -27.69072910034164
32.68323203856217 -0.04618075951800454 -28.0749155801991
33.38743106360032 0.6256979651814817 -28.13794269656728
23.25341322718928 15.10431820463548 -29.07342117625193
24.04315787135007 14.49329366655541 -29.09503646546827
22.44461509232124 2.481276751262893 -27.69903236206464
24.43547752816627 18.33274998444711 -30.29350078200438
23.1685169486204 14.17330782840215 -28.72260408958367
23.9431886184761 13.54831463918961 -28.78391792702513
16.92281886530983 16.16619282925145 -26.43547299786681
30.31105145890164 2.399462882203303 -27.65443033329828
28.3232208677971 -4.369742912168016 -28.48203615995354
16.1927686583462 15.9529928043151 -25.89269242678465
16.94718651434964 15.3099322730419 -25.95223402856601
18.5282376132692 18.77696431448343 -29.45023778179359
17.71405152536157 19.31630870522551 -29.62319128632644
18.58384067956833 19.56386441662777 -30.03513205939174
16.86920258558756 19.06713135950331 -29.14803413325664
15.27159086055605 18.65177322389841 -28.02699017617201
14.56414401686951 18.43105719123544 -27.43081829381387
30.80512742482306 4.058467910249589 -27.68329314305444
23.36958682677657 -3.681831951058418 -28.54906654607875
22.76674847009809 -4.39528492170956 -28.92129649681486
22.38595086833036 -3.571681740781292 -28.51524025584749
32.46208305076086 10.60638318228724 -29.42644997613136
32.81074238729413 9.690797197541059 -29.27249970336455
21.78925301933261 -4.240508566418536 -28.92537960154834
21.50235675949155 9.506403882638466 -27.22349058043652
31.46840977255051 -2.941273086784721 -28.29715783345619
27.98444462951088 8.250043307165569 -28.07424089070047
29.31264585798449 -4.478477099803118 -28.45588131866733
32.04594207828393 -2.123459002797895 -28.25540069683188
32.08977392013598 11.52649899983922 -29.58282963406499
31.15755655273832 11.73766648078508 -29.49221659145144
22.77403705243248 19.43543671397319 -30.58169398002079
26.16544767149283 17.9895129231013 -30.45345359249729
26.969511465048 17.39183695885065 -30.34799480854101
28.72918362028877 -5.260619272080916 -28.64667343840849
23.88763877391539 9.824067180685089 -27.8998967045172
16.2254582083287 15.02065733709862 -25.49390087902532
16.94243342169766 14.40714728098937 -25.56781814167975
16.1287901894649 14.07785683900866 -25.16802762341305
16.91065973014054 13.46649669964552 -25.28471403024977
15.95069048162474 13.09201086460486 -24.96828644598119
16.7906700617098 12.48817019989039 -25.07540547373805
17.62557377479447 12.83516979860647 -25.47555291270626
17.57160264665374 11.85150499793839 -25.30113516909482
16.66127853786318 11.50308398955012 -24.99845129151529
17.43558836842212 10.84094242786938 -25.19752134400646
18.24931958608685 11.14940225162694 -25.60152698531608
18.12979717682763 10.1787896194263 -25.51026440012178
18.9187734024491 10.51354891935606 -25.96204977270865
18.81702813433626 9.535886020123264 -25.88544484469792
17.98523060953486 9.208117334021821 -25.46153966516392
18.66326986654541 8.561128484331977 -25.82394603910552
16.42761531445003 10.53953478206341 -24.98041036073778
14.35001425169533 13.37398908586313 -24.95538237633521
19.48158103780188 8.8918973117344 -26.27026200621604
17.81128691162228 8.236176382585771 -25.44139634018268
16.92004001001836 19.74743646262662 -29.8295805099925
26.4005293633626 15.35012660067829 -29.71315796784631
19.33836073787705 7.961062926636525 -26.23676865793953
19.0106945487015 11.49398337833816 -26.09435778937341
23.15301483001824 -5.218435360283483 -29.31624888938384
16.14065991976913 7.15466069913007 -25.10526927526389
33.84416753913709 2.271804089747386 -28.14493709033405
34.52019755649418 2.963974141821067 -28.38012841875934
28.72463445785358 -0.9915660459130328 -27.84802863539447
29.3023463270222 -0.2204118539371783 -27.7792376447936
15.28896254988936 16.45616091333652 -25.79714103568023
22.92325506062075 5.183638485043876 -27.59406172769913
16.98740724685167 8.871922121055539 -25.13765772366317
23.99108338194284 -2.956509833321294 -28.26727070440403
21.0581139660223 -2.6127513419397 -28.06521072032291
20.46112114868217 -3.302289003793404 -28.49345451573583
11.27422792542716 16.26295902677598 -25.24609022092531
10.770125293008 16.93946798665058 -25.6739164114909
11.14986108313388 17.67664184985978 -26.12846185043123
10.26103293457454 17.48851323694072 -26.21253461902597
24.98862454754867 14.81570209581276 -29.40354632388921
34.32310920020601 3.909305923589891 -28.34655210716447
10.65385837629231 18.11450867126334 -26.80809494522991
11.5951220322113 18.25779401812443 -26.70896215206119
19.10229609468617 -2.267535824201496 -28.15405897047119
18.68994968600267 -1.501311318472051 -27.85190575149706
18.14033509980726 -2.058274163371412 -28.30601744234659
21.91942317054018 19.90161024497639 -30.79614750407871
21.06905863156728 19.56430584039033 -30.50628897953594
30.84703106986088 -3.737738949130757 -28.3573491226791
30.26663623622901 -0.2504770939366386 -27.82876279448878
23.10148254317971 13.31534927808637 -28.44413332956342
12.9402013935801 19.42333998933105 -28.87620060182798
32.37213853116828 -3.06939240932995 -28.45862799616665
14.57630773524435 17.82863480718559 -26.69500490650186
17.7017751449352 14.66499826809492 -26.0788242522835
13.80541344458605 19.2547448392528 -28.51680257849158
13.18578727341028 19.03372380705554 -28.03826948277244
24.37958206375061 4.28062319104449 -27.64604954513898
24.88470976321157 3.447255313477201 -27.64005734166943
24.34787978184717 2.596424263854374 -27.65676788285446
31.60182845063835 -1.266519842973794 -28.06418144462007
15.30786635253991 10.75342222377553 -24.97069331998953
15.53067405781159 9.727786474861043 -24.9786185929196
33.05153410730107 11.34840246548282 -29.77981043487611
32.53045728952245 -1.37397648286558 -28.21978587568363
9.945436533733892 16.63787163684124 -25.77885883901262
19.75281270302342 10.8356071147044 -26.48055822096368
33.27376064369884 12.33248781262216 -30.19794469298434
14.61946138479559 19.47934993747971 -29.01925751136701
27.00274677703147 16.01634144208598 -29.93010176356734
28.10533392421634 15.90860952747407 -30.01677836480257
29.58504829760232 1.706923549887692 -27.64680613748101
16.11454732233964 19.45025033166361 -29.32786315068015
33.52428592500488 -0.2528851684129539 -28.2789164352901
34.37189193239632 0.457504874088157 -28.44506710648124
31.77588905732898 12.47354086747238 -29.77359332008913
30.80461257620804 12.66426585689744 -29.65455989255609
31.43724314993976 13.35836273660001 -29.95810204884319
30.45279461028494 13.58828054967164 -29.80642072783598
31.05068137526183 14.26936937728853 -30.15326027839398
30.11418101423447 14.54085123757397 -29.96749959425543
29.6790535699409 15.44427274985993 -30.13834545814633
20.49217000641637 7.17792371241488 -26.88310299909794
23.71548313641315 12.54566295727199 -28.45515064993236
24.68224451485602 12.88829020191701 -28.82762747846823
24.58852378230041 11.9582447563893 -28.57003702972193
25.40963180197939 12.30128020279616 -28.86409576589612
25.29008922139441 11.43191195289458 -28.61602045056723
24.50959935506004 11.07835313936979 -28.32945153692097
18.42608522628107 16.43976412832215 -27.5793367198634
22.32312393596408 14.80067314620779 -28.64709898492622
16.16042731324192 4.050434791449967 -25.64033989058208
16.48420116833191 3.212199493725895 -25.97721997384995
17.40408965346799 2.947787058279551 -26.27892739732523
16.68008375982868 2.32896612823833 -26.36504955554908
17.57484098588365 2.036951318086999 -26.6379631964592
15.87101465035773 2.592642547003901 -26.21713398359106
18.31804655452927 2.743942285438256 -26.65849335703635
18.49708047093459 1.790799119306442 -26.94524645934668
17.73882813892515 1.116842073826158 -26.97377434944719
18.63977213621062 0.8577147042700605 -27.1694021193965
19.35930835282126 1.635993575551702 -27.19623415353656
17.91015734472232 0.21462405336051 -27.29772990388535
16.97424386556269 0.4975529517990713 -27.20298227407556
15.27592638185552 13.68360999969037 -24.97899376914662
22.20503269472466 13.69932501531484 -28.21826724725604
21.56320736858525 15.43698115891083 -28.62265101641098
29.35538672570926 2.678329351585448 -27.60286242045559
27.1491273243161 18.19831609524476 -30.73885888269475
17.7914639402955 20.02685940984313 -30.24544835882117
18.68863562441346 20.27899245819403 -30.61498892724808
19.46673100197422 19.79217094328659 -30.38555734642409
23.60761337724412 18.90893630624908 -30.40078568103996
23.67227557894402 19.77006725744044 -30.8012549765634
24.49554902669468 19.27151384396688 -30.65515905936778
25.34121596695824 18.64776250671286 -30.55966709419091
25.36306914471307 19.61083782827229 -31.02342403860014
25.12555817852351 1.11739942424399 -27.5739005532065
14.78070842418871 15.67811450792889 -25.23870384762282
20.45865465531871 0.7485926282213582 -27.46611952820389
20.92216964118757 1.785625981372374 -27.52916856268504
21.96268546925847 1.616523120295734 -27.63715454350673
17.26692987342292 9.872250157592022 -25.15171124302156
32.1479203168615 8.952620843571207 -28.91893356581977
33.13874308330611 8.748498474779243 -29.06298982700523
33.43536794081524 7.79927677208506 -28.8620072467366
34.05450422733143 8.454492221727909 -29.25729317524493
33.75003622698684 9.39723530746569 -29.44046569563833
34.36203135332754 7.52039620086721 -29.10767697815739
33.7141803602939 6.836128648613785 -28.67737896099224
34.63163560915586 6.599517498189241 -28.9824645591286
34.00520905676164 5.913358640062627 -28.5605124508901
33.30895849465298 5.185205521570598 -28.20303711545944
34.91332663564213 5.550247984067804 -28.89243652433119
21.07191335622345 20.48003581207139 -31.11222273747323
20.20259816332095 8.178258559500566 -26.68635470368726
20.29109925739665 9.246527978512733 -26.70426021713575
35.07400566470219 3.697985314394072 -28.68903437710522
23.93704190794175 5.206109231821826 -27.60919151509198
24.91405081040612 5.123516863854767 -27.59248609613387
16.90708576559801 7.823558008303334 -25.18127161745814
26.3646301406782 10.21490255721173 -28.49374221546082
22.41409575364635 15.71254203058281 -29.05381411060556
15.0420572950121 12.74322901357221 -24.93178838470207
15.82214257344068 12.10162769249772 -24.91716008470514
24.13969060771628 -5.403720410756748 -29.26426232970757
24.55515636172765 -6.234432126630095 -29.5126373985383
25.53247649824912 -6.437556055551554 -29.37088193448979
23.45227164535278 -6.137328225826388 -29.72269322524516
29.73709991453045 0.698341413115557 -27.71684482861918
33.35197504032143 10.3469677204417 -29.58615057324638
13.81183502587682 14.10562642910793 -24.93791120014438
24.45019509435081 0.336040571492105 -27.58976041907669
24.14768829585529 1.215344759312639 -27.6069963677376
32.74310634544507 7.08000083142859 -28.47519738970976
27.73571145140513 -5.14812284482249 -28.70694933737556
28.09526734496382 -6.012969258319975 -28.86852925215881
27.16023325593346 -5.926645351865828 -28.96304275637946
27.5943234812656 -6.833541530484325 -29.1117307943758
26.59816095114335 -6.819251590009705 -29.25948304572911
23.54395145914062 17.93648704707584 -30.07328427994067
24.94468274149094 -7.192603835400105 -29.71544343399957
22.41813165241846 0.6471055359614173 -27.61592406159303
18.34838470830055 12.19759192389021 -25.77088329311196
18.34523352053307 13.16488518927844 -25.96002422768935
19.17894074176528 12.59726136530952 -26.36782819896425
24.77972224938915 13.82489584699126 -29.08813297723244
29.72256025446844 -5.367793250326871 -28.63817314359775
23.095420921031 1.543036965002111 -27.65764690340703
29.61032299750934 11.25626780715672 -29.26063937468122
18.11998666021675 3.678850516954498 -26.33619676998475
19.25149990437601 2.557807633210582 -27.03345115536482
20.01892358510203 3.325306422409516 -27.19294344992067
20.11243663961326 2.300909386179589 -27.33317760702512
28.05332811499711 5.707926886564611 -27.59335822614234
28.64402201987939 6.469951222388564 -27.72295643187785
28.94788142819598 5.530787678912718 -27.63725872437674
30.25299749691598 -4.502919248026094 -28.46999427176427
23.21116461122241 6.575478137265473 -27.50861630456169
24.98363275530053 -3.074790055527934 -28.31726706404549
28.78237787386324 17.66716051944589 -30.91353162836561
28.47895119771819 16.84353218903386 -30.41907383142954
16.21392121166499 20.67054924163393 -30.76349299771032
31.03911962092188 3.092333267110105 -27.68303466551563
25.10980792756293 8.78132722592057 -27.86600289852264
30.12084550724258 3.329094273521258 -27.62853325872311
29.80285335429216 4.235598512390552 -27.62215546376549
30.60735648373762 4.974209615002456 -27.73507717280675
33.87064723303956 11.69026153103503 -30.21624244713118
24.27945481722989 20.8076555423716 -31.64777559081081
30.66472865215358 -1.159490995582023 -27.96110275624736
27.04483580456407 10.91425190743855 -28.84688941610614
28.9494194589893 13.11641275455429 -29.51384346284141
19.50483367769861 -3.050520731500221 -28.53454153337752
19.76110370138761 -3.854028852301763 -29.0574529826158
26.19167764196517 -5.741483264826123 -29.06243694121474
16.88893347660579 18.34599517056826 -28.42413092498809
28.61948202743004 8.930714620482624 -28.42612275292499
25.91962812068724 20.19918011522347 -31.57898347869039
23.42417369397364 2.588500609573246 -27.69802175660104
21.68256411327092 16.37445762656171 -29.10391136544056
20.81308252616605 16.14090080315759 -28.66109598472397
26.31200984221672 12.69659680863668 -29.14570540484162
16.09714058906589 18.8039183182141 -28.56971318928777
28.3220292103559 14.94077906478961 -29.78908875317862
18.54845942723396 7.614148022299274 -25.82947132725648
29.88690283472561 -3.67092543859668 -28.30032176988432
26.45793713456541 2.615165011358732 -27.5624611183605
35.26915772592578 8.514536194080614 -29.81921194048736
16.69374314867366 1.369400763432766 -26.81336871752686
9.464512208605179 17.15285609316329 -26.32870378309533
9.686041555935898 17.86253325336274 -26.96564617844425
19.61964798774508 9.876698698097753 -26.35073982936401
20.42011055585561 10.22717370251955 -26.80418904493396
28.7020682080035 1.255050031135664 -27.62873899604819
28.11301146524471 -1.767862263207259 -27.95709848465808
27.74886920243713 -0.9378499687950482 -27.80707919888792
22.16527948023734 -5.029892520718612 -29.3634783704649
21.09268099737841 -4.895526718702033 -29.51070118024377
21.64964692582981 -5.528757179566717 -29.83033318655711
24.99834595198781 15.82533048199378 -29.67483140261636
19.92161504068258 11.82685312500898 -26.69380605222929
23.00220429505567 -2.852433011611688 -28.19875179315738
18.88289410076151 0.04487063291371368 -27.36186625500788
27.3424525455885 -4.231628235554583 -28.52857109895488
13.75240501525342 18.20769961973085 -26.85885394614494
11.1809275653212 18.59961079974464 -27.47575988865612
12.07116599894148 18.65670238449482 -27.36570762999135
33.41292665352413 4.179162236161366 -28.06794279540933
25.29591247824478 10.44366799740763 -28.3447653944987
21.63999643598818 -1.877769810353338 -27.82516303046915
18.26755453627137 -0.6491114121621824 -27.5680716312171
24.62409833395482 -2.19841118819819 -28.02843876632558
33.15065054292014 1.574790228847194 -27.99617353937337
27.35534199245816 7.544812673737566 -27.7985049198303
30.14396595162777 6.929748021070898 -28.0092664558729
28.36906359680032 4.823067034997313 -27.57154182650701
32.62939888674318 -4.033915689772847 -28.67203515905796
20.70455014973115 15.27517084528608 -28.16480517738823
14.22566112134208 16.42865924268983 -25.4310475227461
29.56584225813218 8.710894733163887 -28.49767524510095
21.71708666642958 8.603554889868589 -27.25457616113449
15.41472724979025 4.545346036361845 -25.42014990147069
29.80807653010509 -6.518161918277296 -28.89593016161586
23.62766674795945 -2.09250875300828 -27.96657985902364
35.30511874831756 0.7368621631356433 -28.80794938900019
21.02122032033532 18.72826114775328 -30.06332952449365
25.22706671937523 6.111324113787282 -27.5684967428756
17.6702293337886 13.7688265245755 -25.72981501238208
23.61894029760742 10.82169855838366 -28.04122887517346
34.05948793689052 1.353664891117273 -28.24843740853
30.5363177783739 11.01439808387067 -29.28371886095964
35.41502739201918 2.735095018841376 -28.82240595890249
22.02206365253025 -2.743477711121852 -28.1261722655012
22.80749841694388 20.30274506246241 -31.11051333825701
20.83678990849495 -4.06863537143076 -28.94304505313987
27.15365483567042 -1.709215922462492 -27.93715264323325
21.46971270040154 2.614461423547916 -27.616300250029
30.05720480479096 16.18941762969814 -30.61837735744768
19.52452723937545 20.54383797940774 -30.95236665755579
21.42338242630337 -3.427612497477083 -28.4746495755306
12.1267658581976 17.75691829056505 -26.10789703904627
28.29037966384561 7.364241755306104 -27.86062947776281
19.30937563738895 18.19949696148186 -29.3136235442959
19.39274690569206 18.98971087797564 -29.84858087548151
28.91542026976194 8.065448726898692 -28.15621971206533
19.48642593787904 -4.522639626118432 -29.75750152302663
8.984336604467529 17.48735717382777 -26.96224867808847
26.26978144160304 18.82242408588442 -30.8433894335434
17.31886321494677 -0.4721169901538931 -27.6403371312085
34.36579677897766 -1.868407185329524 -28.81115795217983
27.33404695677726 19.01866023578441 -31.230201637815
17.69520128001496 15.51362682526126 -26.50651532228312
17.22930845536509 -1.883794302355377 -28.52411642751234
27.85868500545451 17.54279400795881 -30.58646180071039
19.91070709644564 6.381679600970841 -26.70509964739902
15.33897631724498 17.28590319882662 -26.47785086965587
26.7787363248208 -0.8366162303546884 -27.76158586667579
30.81086434279 0.5285632069773639 -27.79684263547771
16.03435654583357 0.5467887868908435 -27.3163762745379
16.13439163019493 9.0144513408538 -25.01910929841879
20.22865332492592 19.26243106333488 -30.20084932384714
9.02636528567187 16.27094424994677 -25.98767620629284
24.46293624084891 20.1127911079553 -31.13523536966177
18.71842756147283 20.94583945749918 -31.19177286824761
20.58461689830096 21.262198995832 -31.6942887948955
30.21774004181946 11.95188015617061 -29.4404652099103
29.23520783532117 7.164639094952194 -27.93814232056479
20.27538578378957 20.07346456692383 -30.71319303344884
29.88121423967546 12.88688046008041 -29.57315207879715
25.96022657612806 16.16994074694302 -29.87169469998325
15.31032744177823 14.72788642232169 -25.11912172452837
34.26322338375205 5.004354440801023 -28.48034856773043
29.07056222009113 16.15098085277548 -30.28484293192639
29.55817917139501 13.82833525649483 -29.70468834723707
32.9271670311221 -2.322932708371373 -28.45316155426141
35.05105807591931 -0.1565194621473155 -28.79820653647094
19.57234235855233 13.46643136673319 -26.82469762291636
21.98235476597112 5.160214321055241 -27.50364443162447
22.49026839035856 -5.786797540998888 -29.77706273319682
31.93757873338157 14.06268519139365 -30.35400516627191
23.30483161666584 -7.11272791030214 -30.18435388809738
35.45343002805186 6.387217306166788 -29.38532444098504
17.67422192547867 16.3031107189016 -27.01259737402419
17.93648699121601 21.27814136496401 -31.46530936879382
33.23788004896846 -3.257546679328161 -28.67849181013757
18.81422997214225 -3.948719106412092 -29.51871613411119
28.2280708760976 -7.482236847846043 -29.18650079723708
22.45016176123495 21.02295122047533 -31.72455430144181
14.49117454901207 17.1520787093366 -26.0047942734789
31.31517355132293 -5.421618122742058 -28.73348246994739
25.44450388477284 2.656389837508993 -27.60024223913408
21.20728104227543 10.34406611083061 -27.17611131300349
10.74784215900182 18.87523455120746 -28.29309186398746
27.33584550892249 -7.681995913359684 -29.32466069601537
12.60493433423323 18.25107886149922 -26.72382465041835
19.22055177550887 7.055786996004104 -26.25790640147701
17.69393898163011 -2.608909532966986 -28.8833419897643
34.98082933859047 10.21119411398072 -30.19702633904836
19.28570711467049 -0.8169448257451164 -27.55374816167087
29.23178346164254 14.72693986595383 -29.84859570312942
33.63736696913873 -1.303575761748443 -28.46637966723176
24.18974737820776 8.914006419874189 -27.77154866850457
25.85490961144011 14.6761328865674 -29.49984703914773
27.3850176154525 -0.08188822327644338 -27.68095942031006
17.66843840357675 7.237438894702017 -25.45040841346238
18.41428372863085 6.724811904715509 -25.85829224649607
25.9830872388466 3.57257656754293 -27.58351725778374
15.35791415995847 7.576112971433307 -25.03583015608752
29.02546164737598 -6.098570358134775 -28.82037641815555
31.75968863956423 -3.825044906607655 -28.48008153285225
29.5299348486014 6.19989086859561 -27.76921562472889
25.79207051099493 -7.255760588579369 -29.52383989177661
10.71938887706757 15.30461324531828 -25.1618761774018
11.45367160945208 14.87378322600313 -25.04760755270654
11.79344012926973 15.5989308722789 -25.035503462261
24.83422238728023 9.667044726464134 -28.04042978971551
10.51147371151131 16.10925814509298 -25.38362973035051
14.5862585157042 20.0306514899696 -29.90353521299473
13.06580026495306 18.64397376519547 -27.33141631256469
13.82295487270696 18.78477268872022 -27.71344739445373
8.862090784193857 17.85239812281984 -27.56356682210372
14.15325164801775 12.67390828938495 -25.01189497053193
27.52281882122971 16.75862312237654 -30.20632438445927
31.13522040269153 -0.4010605414835048 -27.90730751248076
34.67593458844907 2.102862080933428 -28.43148070898282
16.34759993453626 -0.2734986225085499 -27.73777580954152
10.36072172761014 18.46313871139662 -27.58233681344382
25.46802919795678 13.23740595622238 -29.09977299300259
26.16331050913434 11.06774226097931 -28.72126886289712
16.89371385554231 6.7257330856345 -25.27939028024603
17.00249469675226 20.37322388879801 -30.46616984001015
22.57903082103442 12.66407709938883 -28.08908302652533
20.89908760792148 8.775145724980659 -26.97247553341394
22.53675696507126 5.913623445170558 -27.50007226400446
28.34801372854642 -0.1876062673140332 -27.7319916572235
17.73931914447274 -1.290577989259532 -27.96649961080244
12.17143697826966 19.28702101969604 -28.76561902699757
24.84033959931044 1.921532028209246 -27.60588714001803
20.26721919836332 20.73257628083274 -31.20163265965908
29.74817764678151 5.200473926878863 -27.67108926918735
15.09187451997318 2.86149342756632 -26.09072130108581
35.65179204570133 5.520096434705261 -29.31315381086585
20.83171782845272 -5.611997855726082 -30.17610832372106
31.12779379617066 -4.582786435507471 -28.54433154247545
17.89992859073854 20.65441506844338 -30.8336187843891
23.90532736740045 11.62718711001285 -28.29516529900695
16.15958507961743 8.153220465122072 -25.05049165190917
34.23226840163273 10.03976273401735 -29.80862719909224
25.56089894521538 -7.924485562770494 -29.72508080954984
10.07997055621028 18.70643656430069 -28.27709629314196
15.34635478216494 2.048837265025234 -26.53474148057639
21.89642569181157 20.58970244158711 -31.28651867740311
18.42433988007602 14.83327701948441 -26.60658994037895
14.55953984961547 18.92881974220213 -28.15262305700364
18.36835556810093 13.99960192283129 -26.21454403512087
20.59763858230957 12.09346656154733 -27.10740467486542
20.29185551895689 -4.491355975006259 -29.41404609966067
21.70317060977147 -6.233177537821718 -30.30831133455416
18.59529665161944 -2.836958819916706 -28.67090573157985
32.11270507138413 -0.60327701082616 -28.04795619189579
13.9429345077678 17.6311602350047 -26.27256022261833
15.59588108327709 15.57665462934836 -25.4540814421118
25.7286799172221 5.390124725687178 -27.56197417604616
15.30642357892692 19.77780795030029 -29.56485311641244
13.42542558557224 13.35268930383715 -25.02790831346645
24.80660944891952 -7.936520558645508 -29.94257829301118
34.80731906375905 4.465187860480391 -28.63956450227535
19.55903022968677 0.7972022381549262 -27.32294609003969
34.48689290644499 9.021524749821442 -29.59729962376522
31.52510235435928 14.83460158239491 -30.52339846111644
28.82816650727251 0.4352710515610828 -27.6934137840134
8.377991779424487 17.24299812355206 -27.12435222039562
16.16976649591698 20.07947026895546 -30.05664025649317
24.0138600667041 -6.787835695358329 -29.84119490236866
12.39965829810608 19.02124754116367 -28.05360977630269
16.53324659222195 9.656592071845843 -25.0120909920542
15.73437724598806 3.289493590450749 -25.88573471178002
34.77741279068917 1.264895715677346 -28.52047978904525
28.89196466234272 15.44091805304125 -29.98562390160141
15.35303889770042 19.14728864970854 -28.72396370108245
15.87417941261216 11.34446374074755 -24.93195352901576
20.12159952956 1.525452948342922 -27.3817041086642
23.42195119933303 5.794573246345655 -27.5633724328442
23.72552808061003 20.43740519834104 -31.24652309853785
19.85844635101874 7.376030822561746 -26.56711762858525
32.52015765750755 12.15616125441912 -29.86685801871645
29.15201203635539 4.730940787229921 -27.6051823110891
18.95211502826191 13.36552876354091 -26.40129535701627
29.26849725769547 3.468628923138995 -27.58855244261999
18.96655358602993 -3.419313820646554 -28.98940228004907
25.17668104646162 4.192895962231044 -27.6132738325316
30.60477213714098 -5.189853770163628 -28.63148443453916
18.68371561361473 21.50850325966943 -31.7320948149666
34.68709618344995 8.128613583459483 -29.42098377356147
28.33348870402117 -6.732863949366408 -29.01399641887053
16.08997435692724 1.882462404992014 -26.57411789354076
24.48090994048574 10.32408340185297 -28.13736680247708
25.97735802129363 11.75395002291637 -28.86421941500318
20.72273876711727 2.764615927681383 -27.46365123119914
34.28590813022536 -0.3701852347791167 -28.53081489175967
8.45930479702715 16.26395155803918 -26.24593393706929
25.63422605623233 15.36496770125611 -29.63638030071445
26.71292578390458 16.74017420226198 -30.10027467525734
14.64021154499738 14.13563150047276 -24.95796026642579
14.70646496691586 4.565753445326171 -25.37877569805678
33.75761885962537 10.9199564136631 -29.90299869253833
20.82664333927593 9.642796625210124 -26.96243853196084
18.28344838212424 5.982336421912141 -25.9066397121526
35.74671612921002 3.622743108073692 -29.08347814954131
32.93298451336362 -0.7088700775870761 -28.20341145913708
25.45138734109189 14.13349795499547 -29.30961939772099
23.96102972427428 1.997390499986212 -27.6520170753643
19.46692230229817 11.66061145266532 -26.39283606304816
19.55121996648159 12.21228728097718 -26.52923557598002
19.09893646953397 12.0466080291973 -26.22450645515777
25.8164181885797 19.21661646298652 -30.93343436704191
26.42655359727365 19.22583666363069 -31.09902099893928
25.96946095754275 19.61297159234759 -31.20266159493332
24.42566239646021 5.164972835559897 -27.60433216196854
24.56683986840627 5.660376760746479 -27.58043033935601
24.07828792537924 5.70148996905723 -27.58393336940923
23.14490361093866 12.60326873493834 -28.27895172914712
22.85624704741235 12.23781150885638 -28.0920807679927
23.4248244004395 12.17899234616898 -28.27375226273168
34.48048399860988 -0.7023884473011111 -28.66018868970635
33.96211913551117 -0.8371206647452214 -28.49713859900502
34.15971532602404 -1.17083776530641 -28.61732063214843
12.6032861273891 14.49425738429334 -24.96990088285098
12.04392845544532 14.383546921922 -25.0153225593375
12.27576469585418 14.00023317851194 -25.04086549469715
9.435660511389615 15.91353821345986 -25.66429365190613
9.027383088391817 15.7112003862026 -25.72493795556792
9.458966346216139 15.3306508754544 -25.46605401809011
25.57988509636734 3.882736541242745 -27.5984171809864
25.03076892159908 3.820101102278626 -27.6280518843487
25.43376467019957 3.509927804105553 -27.60941724319076
15.61825543003853 5.736069178979924 -25.19765505783395
15.67490563444354 6.333224167611375 -25.12292773677946
15.20890252224964 5.987267234253054 -25.12876894952544
29.31199275690505 3.073466999752306 -27.59435311699129
28.7807189872547 3.296396168115984 -27.57152667230609
28.82416045937762 2.901248973042471 -27.57881292503342
20.08575563623566 10.53129823456627 -26.64366954976057
20.58024307331952 10.72520781141469 -26.92030253315208
20.2413349310179 11.02856377612238 -26.76905110862317
22.84071992523836 12.99003749393052 -28.26536708451245
23.40894148674359 12.93086569588169 -28.44830116295561
25.07035257686067 5.617221972571746 -27.57201642350286
24.72332046928022 6.154153102462681 -27.56920850311012
16.1473547886313 8.583706985022852 -25.02808290835703
16.57524338930317 8.511873833747895 -25.07942639342151
16.56369899966502 8.941914480023943 -25.05506642399746
34.29734395020537 4.458230582483611 -28.40396532551944
33.84398288088852 4.594583587273187 -28.25558775696611
33.8744355610032 4.046985105309841 -28.18712327217581
26.24847512259308 19.90862689143609 -31.47810404349994
25.64296720608655 19.9085671744404 -31.29580477162686
30.42767420101303 14.92530420365577 -30.1774707244923
30.58235875569472 14.4050443688535 -30.06064042297755
30.8916736730032 14.78546898786499 -30.28508223904107
28.87584819916513 2.432832582700619 -27.5901323192291
28.34450437669444 2.655820100455444 -27.56969282671528
33.90599140219691 -0.3120261679054665 -28.40189217536571
33.58121883074413 -0.7784651877332166 -28.37108484490557
15.41914559202238 10.24056889687656 -24.9731276486901
15.97900542885778 10.13329567499598 -24.96295730433377
15.86703814836663 10.64559757241358 -24.95407798009087
25.71393451049281 3.114482204753174 -27.59470983442417
25.16472410867756 3.051810355330717 -27.62226750494836
22.5290564823222 1.579128707425594 -27.66062562735957
22.77003684765278 2.011979935123214 -27.68155804252044
22.20365135737118 2.048900951374158 -27.66807594378661
8.686306227851013 15.96831917305124 -25.98431798026479
19.98653957445319 12.26613263109515 -26.79637243120723
19.60696090027517 12.64896418075069 -26.64717500758949
16.53496429698191 7.987549963921719 -25.10103248679328
16.9480982237029 8.347472343469711 -25.15599471219154
20.05662702749283 5.834726866048767 -26.84901514626598
19.63475922126171 5.84638732543255 -26.645731359043
19.77606830277297 5.301038624822074 -26.79934622328643
20.32763412641606 11.52448038153779 -26.87208201855189
19.84114350695763 11.33183986872749 -26.58069410062394
15.48595151524168 9.142940640539628 -24.99642889709978
15.0690600143384 9.375402293335018 -25.00658821750593
15.02408544845186 8.7904523646752 -25.01413325151861
22.2675011461011 14.25288411835047 -28.42422608303727
22.68524251578756 13.93514214476712 -28.47441000342357
22.74669502107977 14.48780386306724 -28.68241850906954
14.73683407225887 5.718409813730833 -25.13859255368143
14.79313874203491 6.316650506175938 -25.07596763429606
22.88396757111644 -6.835004693361951 -30.21158154038782
23.37998823885634 -6.622801401675254 -29.95827708300586
22.95205376707325 -6.355582280555266 -29.96399027357012
31.95776122615917 13.24033063179619 -30.0596146714168
31.6074668664895 12.91721293446129 -29.86115206058421
32.12845181963613 12.79924400751105 -29.96345359467363
9.485052653699302 16.45537869033425 -25.88156507039807
9.900604789104154 16.09069468130735 -25.57541528024394
22.65226857762505 13.50649639551625 -28.33394246403869
23.13614147318967 13.74530104881745 -28.58004746418445
26.89536832337494 -7.770762311227077 -29.40731299884802
26.96675069748833 -7.250960049059168 -29.29049598189595
26.52894018529902 -7.33625457018951 -29.38932782663555
32.92119791303146 4.820878504685647 -28.04396050288618
32.79943148282098 5.299808058537276 -28.10075089416269
32.40605064678968 4.931573072094658 -27.96746324089269
29.47036229160717 2.192509651967786 -27.62152549261463
28.99078309830804 1.947023846431122 -27.60964683866635
33.79306367106793 5.098155135872729 -28.322884115482
33.36269036787752 4.683366037986598 -28.1287251602369
14.83497731341192 14.83055640472402 -25.04249508222363
15.04717175003546 15.20490998074822 -25.17115439196571
14.57166808043172 15.31009233684615 -25.09568146334696
15.45635819268382 15.15487820660842 -25.2763637924383
15.19290679763465 15.63274029484516 -25.33347346890627
15.88713160578745 12.59740675749581 -24.93450287082637
16.31310935297879 12.29743402648212 -24.96223218444468
16.37167998379206 12.79067690814566 -25.01766376918459
27.46572153275011 -7.256871008272045 -29.22275255840935
27.09527520979045 -6.827684321864714 -29.17957247110501
34.00419452773344 -1.587245482351051 -28.6311536618023
34.52095480990548 -1.451737967605049 -28.79900140820236
23.25981956409538 2.065559790509393 -27.68163619432281
22.93419021770743 2.534731206424496 -27.70919319886958
23.16653775850407 3.009758444819616 -27.7122455738085
23.6585710208623 2.999534824942479 -27.69821680070732
23.4010892843307 3.420999878327823 -27.70590802355292
15.8832660046638 0.9445550137034467 -27.1138754802986
16.36021201245972 0.9451670838524382 -27.04090663943122
16.21217754436208 1.345823789921377 -26.84176260647854
14.76724429693277 16.4613108905337 -25.58716722424648
14.50843281058671 16.06248496064246 -25.3053080668375
15.04972353980057 16.08712934638779 -25.47574107886525
15.78816907884463 4.295528310784405 -25.52230503985231
15.22976485518234 4.148980984246421 -25.52444174121939
15.60251267777383 3.902745005351187 -25.64221780001998
34.49696199578059 7.060034319313136 -29.04479837039567
34.93563976365814 7.032181807395016 -29.25218218083899
34.80357331384945 7.494390200909006 -29.30875525901027
21.95619062124517 2.547648158695561 -27.66880846484918
21.71511166500936 2.115245432920158 -27.63917629649273
28.54925478731002 1.72107192681649 -27.60148710211256
29.14357024299104 1.480973704352755 -27.63750693981418
32.80570472208127 -3.164008852646877 -28.56524007720471
33.082986860913 -2.79054973449345 -28.56386490910941
32.64982551312144 -2.696304808500503 -28.45506848463499
17.26131868674977 -1.17519992008082 -28.03940451397713
17.52863021273896 -0.8823879753135653 -27.801000362151
17.04657192871096 -0.7760083089378071 -27.86018129088226
12.69686184106268 13.73348851518735 -25.04740598794065
15.38856832911181 3.525073444809142 -25.77355991855768
15.9482680756982 3.663107403627516 -25.74295563001979
16.50257938202588 0.5164675878349063 -27.2489925951427
16.83401746423148 0.9336823800561306 -27.00862671212936
33.51777053674857 -2.861621295761563 -28.69046951435531
33.36435516748436 -2.395610223264994 -28.57073950944768
25.52510305656513 4.39404214801424 -27.5926670136907
25.9284244610181 4.08391980147319 -27.5804837446574
30.20677622946249 15.37448932928583 -30.27398535519595
29.89805497358819 14.99455952960792 -30.04618306185489
27.24333582359529 18.6122733209426 -30.9778072013736
26.80152906428898 18.91968405839539 -31.0383262392474
26.70939508341662 18.51024315221081 -30.79138580774507
22.97100974246217 -5.962646303116722 -29.74870435169487
22.47558862905096 -6.172948789504789 -30.00600980601028
19.82780930032809 3.840238536371839 -27.05499105179536
20.2788561687865 3.82459865373717 -27.22255748211292
20.08731634784758 4.339620134805082 -27.08622476571097
26.9546348397372 19.31628388647172 -31.30699944120462
21.19586303622627 2.200029270516263 -27.5732976417198
21.4408186327097 1.700448156892097 -27.59993166315581
18.00018992965289 -0.9765786175653555 -27.75143682092149
17.79294624607996 -0.5613772502553112 -27.6026772453028
13.12636429924619 14.49034819947713 -24.9413313172178
12.89648417664532 14.87656916787752 -24.94181230497641
18.98478349623096 -1.169817776041022 -27.67477460801361
18.77485166610866 -0.7377927123810302 -27.54191710132441
18.47747479733622 -1.079217202347617 -27.69886588084373
21.81264858362603 14.12252478859628 -28.19096972338255
21.86596223669491 14.66815282392585 -28.41858583264335
26.26309088056216 10.6399458044871 -28.61168593358615
25.72986669505157 10.75600839702581 -28.53198534454235
25.83006643241259 10.3289715220367 -28.42025122288678
15.00223122386706 20.47357970502329 -30.52971392172155
15.39688458932212 20.66431010043195 -30.76827718516087
16.90131116968141 7.274236581999535 -25.22625505483395
17.28404311123254 6.980519148359288 -25.35529498990053
17.29282054815071 7.529471045956156 -25.30105324917796
15.80262214235576 20.50880949254422 -30.56238768534769
15.80763113794956 20.83322585835656 -30.96371752918877
20.32287346039047 6.243832226204193 -26.90591722898357
20.47193921735028 5.696084987641902 -27.0422881069472
33.52325936689532 6.021320180652593 -28.42804662094986
33.86236585461882 6.376298870634116 -28.6118847764321
33.37739521790569 6.482810790423084 -28.48691737100457
16.24243608157833 11.80244912049376 -24.94316978720765
16.72827374145317 11.99633150522768 -25.02565196202226
14.89472167370065 16.81369716775082 -25.88833712381008
14.3647658309566 16.80670442871099 -25.69698492807422
15.78785331487619 8.786082240227884 -25.00982414823358
15.83331327731437 9.370006345198556 -24.985446031126
10.89229874412596 16.18678081593171 -25.31263269031854
10.61137723899164 15.71056498312963 -25.2569987336195
10.99007213227494 15.78981660624021 -25.17780578980329
29.02022028375039 3.743709709133447 -27.57635399326618
28.53231021989433 3.571516292832208 -27.56229225274255
21.03741159029423 21.19950838381641 -31.70697291570731
20.82939682919852 20.87879689311596 -31.39461718254673
21.28242128046769 20.81634314243207 -31.40648864203379
19.46517759245551 6.24414247937201 -26.49720348957106
19.19002950762813 5.70878610904315 -26.43624877298472
9.064873114288197 18.20566292065931 -27.9841796764666
9.450196607793639 18.45257551418358 -28.17970434979605
31.28851456343323 14.55275134011777 -30.33638039790176
31.12651567773209 15.06574611270035 -30.4767124721366
11.25623314111314 15.45191266352754 -25.0974758935397
11.53101211842588 15.93534011963191 -25.12037728524901
19.08428023850476 -0.3877424849915409 -27.45083165113191
18.57466372498018 -0.3069647395018853 -27.45061538529384
16.52126717589606 6.938424490307595 -25.17428448785365
16.52547830456905 7.488269922670385 -25.12866805238394
16.0317164486328 9.691556775383585 -24.97273868512823
16.4808571356587 10.09809668307592 -24.99231080027732
32.15084927091301 12.31817343020791 -29.81053692081411
32.49806911429311 12.63775974264583 -30.01874963313023
33.23143503394761 6.960759088668452 -28.56622510425659
32.89100256082261 6.604728050970915 -28.3870891876659
29.21966397042104 0.9765863020152883 -27.67112007988481
29.66126361106142 1.202400435313894 -27.67820209547404
13.10713923999317 15.26564306840718 -24.94614529277339
12.58181853164551 15.26742678542658 -24.94082224050401
18.48328362688875 7.169059586863261 -25.84025446915698
18.81936166303193 6.889857869393135 -26.05455029930229
18.88769473586874 7.334314329432661 -26.03803353147739
19.28365000436197 -3.910813291663033 -29.27690269096988
19.14919982697987 -4.238124851433833 -29.6355132331045
19.62064796425861 -4.195741342789595 -29.39878827982068
18.44132284185491 16.83365091375236 -27.89738865579866
18.82329391287384 16.51333026032268 -27.87861220683201
18.84444653617266 16.91526606243389 -28.18589809985003
33.17380974803343 5.656680721764785 -28.25171799369095
32.66250728572967 5.769720571629825 -28.15742397922718
15.65155037867835 5.241688270226139 -25.2833196059821
16.11858635359834 5.587103482602468 -25.27820152812037
20.48566955370327 3.404230168182633 -27.34435006296411
20.74667898382038 3.902764187076898 -27.37426153791798
15.59100398724343 11.04894077060465 -24.95101612342514
15.40114414100108 11.55139589015718 -24.95311398396179
15.11838170881938 11.25596420709616 -24.97858677304159
12.95192598075995 19.62941539837922 -29.3756402247516
13.42717543971161 19.56982347516097 -29.14277407380594
13.43766628064103 19.80214674615462 -29.62951241782784
15.84818077863749 11.72303553696485 -24.92400710898688
15.37452912808913 11.92935732325225 -24.93596268970274
19.38195307195855 11.16482654375867 -26.2871281072569
20.63455144671625 8.028846298126133 -26.88638318973818
20.35046292242988 7.67782506904339 -26.77791893995841
20.78479127469624 7.527830278167309 -26.97054171718372
22.39481880185128 13.18341888092803 -28.14679188158556
19.73734100000214 1.967889741071637 -27.25946671945661
19.67767977550429 2.430706053388294 -27.19846150680436
19.30311360878507 2.098109445968722 -27.1219359919483
23.77690013928119 20.85585328988164 -31.637615971414
24.16676214128254 21.16418823919596 -31.9780453804153
23.66267529420422 21.19922811532756 -31.98160695682108
35.04610692242419 6.495009969690091 -29.17736357268669
35.34600832151598 6.925796450653286 -29.45470272426211
33.46419769465617 11.52214852671576 -29.9898921598947
33.57265131422695 12.01176109172585 -30.20606285850551
33.16384577505155 11.84153111552485 -29.98573982702915
25.75186911652922 18.31590031039933 -30.51318122912464
25.30245799895961 18.1779276903417 -30.376527533397
25.71250308464363 17.84448294306678 -30.33568662189275
10.50506420848465 18.296874334134 -27.1906807689155
10.01564411592513 18.18227748851558 -27.26261081197887
10.16333990864324 18.0037969229423 -26.87577638592589
23.16459352322274 21.23339111819086 -31.98664267394398
14.69609053780444 13.05860750882619 -24.94556550745552
15.15794764424543 13.21363712306283 -24.92979775370217
14.81232295740926 13.52915956452749 -24.94383786457546
23.88622809712234 2.592331141363249 -27.68117941796754
24.12049690913026 3.003466626844147 -27.67819072108828
34.86249184632934 5.00848255948779 -28.76163766371416
35.17206595278029 4.51782103253337 -28.84651311576638
35.22735538977214 5.061110576897237 -28.96975002237351
20.42655622208721 21.00125623066016 -31.44352284442154
20.66922405562256 20.60464807113083 -31.15912438700976
18.78436596828746 2.651093262142997 -26.84702697157944
19.14305991809681 3.037821494543903 -26.90876481615998
18.68249251697949 3.127802614093694 -26.70661993046129
25.80609907547485 18.73624313033667 -30.698743005046
25.3569656650983 19.13868369212115 -30.76938996654113
25.80109282676476 4.99265244230681 -27.56654537939735
25.32128163693728 5.256757188308357 -27.57506630747267
25.39385480196148 4.859404958711576 -27.58399678395205
19.36251247082689 -3.639764262848629 -29.01976373173297
18.88725061876752 -3.690265203559361 -29.24726469239769
11.90350054138982 19.14684180369422 -28.48446576268834
11.66760857429895 19.29379750653869 -28.98220670042418
11.39994547339359 19.15108358969762 -28.70177636142911
32.97096873044245 4.316468570500465 -27.98672327966487
22.14978840566687 12.73122388251913 -27.93939685738681
21.96796061124032 13.25200151543094 -27.99107200298896
29.63984250993474 5.701519804981639 -27.70930729542061
30.06968535148155 5.58805450181056 -27.73612231438694
29.95908758242866 6.085992076954158 -27.79814244252003
18.57774377581891 3.598140881080088 -26.55878649585023
18.21860940139726 3.211672186518479 -26.49837554394088
22.67677741725224 2.95615895774849 -27.70933336030364
33.4072977609305 12.78605544945703 -30.42818587071676
33.72364853301486 12.399755892515 -30.41726654062023
25.04539184400621 4.658226976621679 -27.60355327313346
8.209384309003662 16.52800141002094 -26.55286023539807
8.165981269474106 16.82851579855575 -26.83113918053374
13.37335826929537 19.35882050015146 -28.68610104173051
13.85898512020603 19.48649714502841 -28.96292488286204
19.28247392814457 7.507957261030208 -26.24193398636042
18.94541850514662 7.787294194779706 -26.02952364398752
16.85207031055791 10.20480492911692 -25.04193925054938
17.35517314337534 10.35740631416355 -25.15987833616069
16.94293115426938 10.68952911392968 -25.05079623280905
15.32846618807062 17.66523096421284 -26.85832384654292
15.74396505949272 17.39409813942085 -26.80486232793748
15.73233660451105 17.77023627827737 -27.18843624598792
21.94372978610078 15.11949622418144 -28.63334850514312
21.49222161015944 14.99219919091805 -28.39190663806595
19.80982156309487 13.08609013135865 -26.8651880884375
19.381597838728 13.03380670470445 -26.58665479090721
9.953712652451756 18.36400005948741 -27.62622530599947
9.617637075101268 18.05690730165369 -27.3205282204931
28.59101834929536 16.03476464438716 -30.13440916176307
28.77452643002808 16.49690806445126 -30.35275960642126
28.29603406014349 16.38417599010367 -30.19547925463543
32.94443745344839 7.907237774125109 -28.75986258062565
33.286057310773 8.272858392626354 -28.9661103792994
32.79437012960999 8.37964249948139 -28.8680086899012
25.72553481615734 11.2485516050601 -28.67344457790873
25.29310555906805 10.93792137038132 -28.4799126763361
18.04551942356099 6.979992301943247 -25.64488296686257
18.11420878963693 7.424893002640722 -25.62757544668263
18.87966667225461 2.171465890138492 -26.97269877901383
18.92892312071219 1.712825048500919 -27.06780928678009
29.76531529538901 -5.943012202320783 -28.76690284176924
30.19719443400238 -6.254929511992962 -28.84118968338248
30.15434839075303 -5.678849212232756 -28.71660607630264
32.64598030452729 8.854374233702487 -28.9780488331031
32.29865689966067 8.481200840313274 -28.79746238274909
28.76523492505138 0.844986662942478 -27.65849004502042
29.2827060442006 0.5666931265814209 -27.70374012388529
26.39593996824229 -6.278940217240495 -29.16675989025644
25.8615077559624 -6.090475522275088 -29.2135155202806
26.06576223955415 -6.62778619801156 -29.3175322555269
29.53585582038059 3.852155821363377 -27.60216041520056
29.28751534024821 4.127252036499966 -27.59174986459951
13.18102067707313 18.24420337083885 -26.77933062149681
12.88504560410949 18.01692771116876 -26.46214703951429
13.45800915232771 17.98902191867877 -26.53564787419238
15.03494154264611 9.87335764353999 -25.0058912333253
16.19172968211211 0.138763174462999 -27.53053753920147
16.65654942591449 0.1012185194206208 -27.45124035505951
24.88946021480964 18.4927441410714 -30.41953472222339
24.84775310326631 18.01661799145349 -30.25398747925252
25.4959457070954 9.987270349345073 -28.25093430934382
26.03159515684805 9.875261155996466 -28.31827978764124
16.85628947359028 12.97969996472155 -25.1631365132005
16.43883214465212 13.28309583628948 -25.09359108576729
32.89897392436364 12.24621386547896 -30.0270277915213
32.78591139791514 11.75235819669579 -29.82309680433791
29.47750989498171 4.483332818941268 -27.61234422073685
28.96201474003296 4.374974136218423 -27.58230131062383
15.43196122326378 12.42237747818378 -24.91971377936323
15.49768833258219 12.91946540252584 -24.9213438909332
27.50431223702919 17.87140340208019 -30.66093128495226
27.98323396046618 17.9695241986322 -30.82582038829145
27.62735170243869 18.29572844379822 -30.90534475974792
21.29453761388083 -6.304481303507636 -30.5184407133429
21.27048923986858 -5.916873449593334 -30.2507145412392
20.86665191963095 -5.981008910571902 -30.46938342621087
13.86357322259481 19.95202586886257 -29.8386466619266
18.02670962093483 6.541805197003796 -25.69736927591016
17.64856836845352 6.79968754848392 -25.50420607280636
18.81381804862776 16.10381546646774 -27.57813857561132
19.21450006868492 16.18067010737125 -27.87155678401284
18.04945380756532 16.37052341614007 -27.29714653369951
18.05712617325271 15.9550344159345 -27.01173665993027
18.43679420376705 16.02790109044512 -27.28929249583797
19.52351169465841 3.422915313883342 -26.99616533542445
19.34248775118363 3.933717296203008 -26.83419045332342
21.24356167331599 16.25192897979723 -28.89354171985088
21.18911084520982 15.79009684462124 -28.63950876060734
21.62135318912764 15.90364679373902 -28.86770137605709
24.46763764915845 18.80670528159803 -30.46117426162822
24.05279950226264 19.09446523847517 -30.5179170628847
24.02294061396485 18.62439732574397 -30.33671332467257
35.81854360755884 2.907240919176121 -29.07393749660877
35.80725269292945 2.409076892432938 -29.04122756686736
16.23260987937699 21.00484519726953 -31.16105562836191
16.64127881583746 20.82111660478022 -30.93735776597084
16.65980672148088 21.1614900331894 -31.32966324376048
18.04390625115242 16.75802650714519 -27.59886182684597
18.0539122096066 17.14474984009099 -27.9256960048901
13.44710283712495 17.42827711659534 -25.97453304636841
12.92590652389862 17.46128626932151 -25.91135592122534
13.20846570390488 17.11780717023166 -25.67996806327497
18.40757011145008 2.267365162996383 -26.80184962691663
33.0920286032007 7.44241376635963 -28.6585764591892
33.57688197706227 7.319767605869592 -28.76272462084749
29.34810918640644 5.365719133986445 -27.65321781443574
29.23910672679354 5.865677066342062 -27.70049798511046
20.92007793743244 7.050375983870212 -27.05193698257035
20.61796163534321 6.640760987404693 -26.98414317577696
21.0473827068409 6.51290888372246 -27.14960349736056
35.1872530569479 5.970188499353164 -29.13234801772776
34.7738164115816 6.075495042091251 -28.93479126368492
32.20681013824544 13.59103850756008 -30.26318777855111
31.68977894028776 13.71383294777409 -30.14740183078768
32.59619272050013 7.544795692035114 -28.57578529255198
34.02209416667198 12.07857144381552 -30.42651287350759
14.92417826059679 10.3861641736018 -25.01113094133439
14.81476082206892 10.87256083866064 -25.0194035210524
18.06538655992142 14.75085445397516 -26.3389106258791
18.06427557049576 15.17694871461398 -26.54968456200416
17.70733042267049 15.09672564659079 -26.27730092922181
30.00203432665756 0.2236538462878448 -27.76973475133734
29.51999276495318 0.2385460383116709 -27.74289819145548
29.78459671233331 -0.2357049510508984 -27.80147744087259
24.98281082330143 1.519567398245291 -27.58650684111441
24.4940350486086 1.568414592022343 -27.60710262218196
24.63654746974622 1.166457556669902 -27.58807548096339
17.69203692298719 15.91566833017903 -26.74842908284061
18.06643228598782 15.55896437012692 -26.76090156790693
24.89611815489036 2.626442240620776 -27.62727561410709
24.61651867883339 3.021816459350588 -27.65245550699829
16.04262874742552 13.58751069329368 -25.05141681258673
16.52358135154432 13.77454712454758 -25.21453327063921
33.65942499354029 5.550874932514809 -28.37424620123916
35.59262154014137 5.044908854395334 -29.18680728750238
35.286695422563 5.536691356032504 -29.09528365195528
34.71355630872302 0.1498938099905866 -28.6166720920717
35.18067658565958 0.2894031896856994 -28.79703700261376
34.84219873500412 0.5962629003072973 -28.61771700839255
16.11369037681154 6.617365558982718 -25.13975286227452
15.70282454244835 6.870083743364281 -25.08250916132326
13.47804044676358 16.75665267901131 -25.47259031250282
12.95361930391373 16.77972436169802 -25.42261211542845
27.4153896677119 17.47018724928019 -30.46015896773547
27.06156074248898 17.80026047477227 -30.53078409051732
10.18860903474993 15.82006937259375 -25.39111337110061
10.2259665485401 16.37633788000443 -25.5741736421453
23.65670629625197 -6.953259083227064 -30.00491009009418
23.73537665647172 -6.458777044155057 -29.7910798600916
23.57617785967814 18.42410798700198 -30.23243088753706
23.98981385904643 18.13487682710677 -30.18253285529932
14.98469763118471 12.25054065115018 -24.95002351923831
24.64365390705429 -0.1237381096863375 -27.60995015170872
24.14164358892772 -0.0501217840137838 -27.6083399445826
24.33526314466413 -0.5078737366212169 -27.65249346489268
13.41270328148349 18.44852504526491 -27.07674342552476
12.83557327845771 18.45089308108324 -27.02523641652989
26.95303483589914 -5.461366849637017 -28.87816396863137
27.44775229547156 -5.537811103887014 -28.83323174007977
27.24038877933249 -5.072828385422823 -28.7471427995192
33.54854654236559 9.869757916748975 -29.52101791705341
33.08354295059717 10.02133620061737 -29.41940378167939
33.28527595207203 9.549469303520723 -29.33786442285325
33.71653420297935 -1.884063398839408 -28.587937827871
34.08292640249786 -2.16757263675716 -28.75366918637925
29.37394336955639 -5.733810915950182 -28.72651088296858
29.41674152140939 -6.308715103478034 -28.85657748286719
18.05804208212524 -3.590053697950656 -29.55515712174535
17.76271769455794 -3.227102182899766 -29.3807811842977
17.71262084463886 10.02560300323935 -25.30232323163428
17.78521328843444 10.50999721839134 -25.34861358263164
22.48092754679742 -7.051561000501881 -30.47085509243979
22.068391120657 -6.772384646014668 -30.49025467630675
20.51545004444131 -5.328160369375532 -30.06504286215812
20.96096613420038 -5.256696701082715 -29.83953107758688
20.63948936909342 -4.984713054322069 -29.71547220556637
12.28423070449871 19.16469951856784 -28.40564676229326
12.66992861770574 19.22231382067777 -28.46489565279363
12.55546991925509 19.35778771213246 -28.81990615950216
24.9197040603069 18.9623189949105 -30.60111909593072
16.83286222817521 -0.3737399972167481 -27.68718228149994
17.14666833997457 0.0131651207198429 -27.42263138601706
23.26394508237295 1.016766361064307 -27.62871782161341
22.75677172045671 1.095026300678538 -27.63797736579385
22.92546083140682 0.5684723488089635 -27.61817679165422
33.44704737988682 9.075832670057121 -29.24160174333531
32.97655774747179 9.221673224562178 -29.16082950958412
29.54028374548526 17.35474801692911 -31.02217142830605
29.85710007185665 16.97615377541193 -30.94721616135769
35.39936191520605 2.214184790398321 -28.80357730839142
35.79269485713379 1.888132905676754 -29.02031511878786
18.76496108173471 12.39773812333808 -26.06733821005277
18.68198643754832 11.84637464619316 -25.9288184079034
23.7937635851323 -5.776112380803127 -29.48034499625569
24.00298702277628 -6.187076456812242 -29.61427314087409
24.34825879701386 -5.817324540214103 -29.39328275367883
21.67897001323069 -5.875450470719588 -30.07645241478795
21.23915791707466 -5.574049224870372 -29.9986205143715
19.33187814065758 21.64465613664967 -31.90187381019185
19.8288921998654 21.62840560913494 -31.93878100739748
34.35972035242515 9.530749863297617 -29.70261822213377
34.80006795895303 9.215555121202616 -29.79247984634693
34.67519978450142 9.726431420319459 -29.89293205054484
24.65445001475663 21.06525948728594 -31.95098809269523
24.72791867486673 20.66182507092448 -31.61572586590833
25.10417332318761 20.92600150368262 -31.91153436081546
16.32403285379261 3.627267104062063 -25.79729513395265
16.85463303687294 3.540414652061382 -25.94401951983463
16.69435345509295 3.958835707349895 -25.77000387353949
14.66519027613147 5.230794706363831 -25.21737229193094
23.62160963384403 1.379106165019085 -27.63435941216077
23.79008640267158 0.8526794996580704 -27.60597800878267
20.03210271355552 7.776973066850289 -26.62378201580751
20.17344568917385 7.277286822604164 -26.72909867755904
33.28433117346506 -1.814467475581858 -28.45216844271876
18.30341880687457 11.67434293208224 -25.67845944333902
17.96670002145254 12.02614102952934 -25.52423714635876
17.91748624197579 11.50136189202071 -25.43874468623735
35.75644699783753 1.390594886104987 -28.99853197508579
12.12496858301228 19.41974189584145 -29.13775621226432
32.87344641996464 12.72421179742271 -30.18992801776439
33.01059061144357 13.18095674788228 -30.4118329551844
13.06228680370575 19.24008582934665 -28.45174119726985
13.49561751314383 19.14468442188679 -28.27730931523007
24.29879799514599 0.7757906829691734 -27.59135590060362
24.78786317345009 0.7267128306597326 -27.58007765616996
32.9096366177578 10.47960476219829 -29.49445602134816
33.20218673255135 10.84809060332504 -29.68157543484479
32.76060535077215 10.98162083607544 -29.58646957216185
25.67558405071273 -5.646709624492438 -29.11958035609636
25.97502558166483 -5.28300424001042 -28.96695094430364
25.45654472162203 -5.193488545434597 -29.00668804599357
35.67836762923405 8.257462487106162 -29.98226966382942
35.25304438126145 7.989065906152296 -29.67309848811059
35.66045488632855 7.731165813691194 -29.83940193464327
31.98142914590797 9.420624295194123 -29.03516524129959
32.48086894714802 9.324097401665155 -29.0879644107189
32.31737236301528 9.795621216236981 -29.18989560015335
18.63296987995531 11.32210423909355 -25.84321440560323
22.8754193472343 15.87352246548688 -29.25069327468616
22.83429823861904 15.40914136324555 -29.06186066294244
23.29690353598735 15.57220814384801 -29.25346353494605
22.48126446501135 16.18897145842883 -29.26402831250016
22.9465626450712 16.3558009812554 -29.44474882040343
12.79249483684057 19.03297832009362 -28.04344500747077
32.63584658554736 10.14794668654981 -29.35198591844598
25.6932423002734 12.02736039746076 -28.86524278532717
26.14317566159528 12.22363924572184 -29.01188844610641
25.85871411383294 12.49681425040828 -29.01395080777243
16.60651397911991 4.429351960487592 -25.62256892022661
17.13072147736997 4.349230076717483 -25.79566151206056
22.04808187615106 16.04317313311835 -29.07959437678108
21.98551448917352 15.57103976285396 -28.8467195814859
26.95639123551857 2.511399974960106 -27.55639233456209
26.59899828903981 2.158391571992632 -27.55909808663099
27.09749982298931 2.05463729579638 -27.55909579097328
35.19009189772723 8.961218791128347 -29.90582635131832
35.6244319945698 8.744418540378488 -30.07755758710903
35.5481138685879 9.192410342968632 -30.1592437362912
24.5941452708528 2.258949399702541 -27.63197851227913
25.14253335747298 2.288889395682396 -27.60530705534305
14.96317824407545 17.56876006808546 -26.5750018938636
14.94581922900171 17.93491845586378 -26.96870530977017
8.794248622919891 16.54527169825113 -26.26208687968201
9.24196603164342 16.71587435850685 -26.15122024464279
9.020034052127997 16.9789169323703 -26.44395080501882
20.82068742519048 2.275382907249294 -27.50469448567081
20.41726002250159 2.53286434639876 -27.39956371695301
20.51438045319609 2.043660066034935 -27.44439774010976
29.23746000948922 17.7256496014465 -31.09412549559844
29.08880439833614 17.30124306696521 -30.83168279285388
21.13055884586106 15.35257456245096 -28.40069511592626
21.06237385743028 14.91057424975472 -28.16483573520373
10.95500381198558 19.0918970342613 -28.74422185422602
11.19080867092828 18.94583415113616 -28.24636754123843
26.46818822983488 -5.369830110809202 -28.92364553807333
26.6759835924015 -5.834016451121988 -29.01292583729379
15.45426224962197 16.03203714744374 -25.59906119864969
11.23818442164728 17.03716519110329 -25.61346579258087
11.01508082349734 16.61832536716445 -25.42962845649918
11.48788163888145 16.70551676938151 -25.38125392196737
21.09449565154194 2.689896221460042 -27.54820064411166
24.51311784189419 9.292347226905836 -27.89797536385493
24.36069109120683 9.745270450040108 -27.97143246224933
24.03849317950716 9.368838138936457 -27.83678490061065
26.87935606511898 -6.372720976506583 -29.11224231682639
24.81998195711682 20.31453744639423 -31.35881712244822
24.91557391432689 19.86941826687172 -31.06845302264689
25.27194055415351 20.06901091405329 -31.29499889195271
21.68687423606982 13.66719828018034 -27.9951401659858
21.45332445849092 13.22230295215661 -27.76027075073564
34.53865282371355 4.735954629781673 -28.55315116297061
34.59370948024139 5.27921702842039 -28.67546132683622
22.62401625956164 0.1722458234266318 -27.61610863267604
22.12247838857505 0.2375336273725981 -27.60455630810428
22.32816903876551 -0.2371696203783464 -27.61791682860824
35.68365943806534 7.243809966995688 -29.73289987972305
35.55424625433953 5.954271272285955 -29.34648228500076
28.44452211499081 18.03071234548836 -30.99127974255533
28.91314257658329 18.09711547245372 -31.17289301088525
28.57422714645657 18.45874242104045 -31.2543857331374
30.53894797685876 0.1388060231110852 -27.8100562812938
30.27416820729768 0.6132256716187675 -27.7538110512336
13.61632758320776 14.49017182688511 -24.93794163118645
14.08311402802195 14.51825864519925 -24.94202001674205
13.88880081141641 14.90544646898952 -24.95329011270994
23.13132335900327 0.09361187775813332 -27.61560668679741
12.01616660274941 16.01196185058838 -25.09117989955334
12.29185192661829 15.62924676356316 -24.98551649379092
12.51293181106604 16.04458245990784 -25.04853893279638
28.04858505563095 -0.5632650512573566 -27.76534656575651
27.86662363649599 -0.1350930722280945 -27.70385043701557
27.56706939436847 -0.5102726467774031 -27.74095603818206
24.952212290999 0.2712429691339432 -27.58891574018825
25.14583036723437 -0.1881537130483245 -27.61723209863057
17.75237671089769 19.67012517994487 -29.93604501016105
17.35496327264231 19.88310314994344 -30.04167202558123
17.31918868777274 19.54229804152387 -29.71516919153772
16.15116614720899 10.94186950613839 -24.94814737878749
15.32851058319394 19.45662491324423 -29.14861398598094
15.73209027981818 19.29050628701005 -29.03178026231501
15.71168692527933 19.62210124581567 -29.43976708400022
15.70820039934724 13.88594534948337 -25.03965185455155
15.61413419725562 13.38971128051141 -24.95966876734096
29.26798043304291 10.88259970183997 -29.14981360565294
29.12021871029617 11.35701936973143 -29.2389535000057
28.77794777705031 10.9838742012477 -29.12650385806839
23.9413578670747 0.4127566077027034 -27.59569114359379
23.63274822613788 0.02663808863078151 -27.61157982036746
26.48147586935938 16.0931112815212 -29.90101166905171
26.1805083391226 15.76035344025455 -29.79109701190854
26.70176948681905 15.68361272437698 -29.82007843066005
12.5086890503083 19.49412713025207 -29.19035636510114
34.62774282916347 11.28103515008782 -30.40620848323806
34.89841391252263 10.86241336017206 -30.38096635733325
25.34669529776513 -5.993572791132537 -29.27727812315502
35.04158360609831 1.000822116007858 -28.66352658288123
34.57588612374436 0.8609173022252208 -28.47948719591769
29.753418707026 10.77680447297788 -29.17045192169653
29.41191442740908 10.40501174882211 -29.04936962735704
24.85605980753149 -5.895642886427188 -29.33682388061249
24.64926368637207 -5.478219639058785 -29.21834542331924
20.64541911930253 0.3428515500557374 -27.50336031281511
20.16125709222411 0.3381914616566856 -27.44842108475545
20.34706646223785 -0.06705180181768841 -27.49166084327049
19.88876270367545 6.877627636021158 -26.62723117000676
20.20368220309686 6.779143685942197 -26.78934307163144
25.28977167378278 0.6620115059079873 -27.57525346756485
25.57751624884469 8.710347451147927 -27.8984574262721
25.2754562208463 8.33022039457072 -27.78427820332642
25.74296635556923 8.259118516126064 -27.81551706793647
22.04525005178829 8.979138639288101 -27.36246758022262
22.18743691688369 8.514013678445185 -27.3730940208427
22.51653519036598 8.890080440803388 -27.47575033593355
8.718219344684245 18.01290267600743 -27.92413687004024
9.203762683788257 18.05448821915083 -27.61749300328216
19.63583589292259 2.941316118585704 -27.11141355946063
19.53920513880611 7.215966372949984 -26.41305640555038
19.56428184642357 6.719091992395708 -26.48397479480848
17.12701727172825 11.67922047277558 -25.11798572261628
17.18692823725447 12.1717037070995 -25.17156988833718
17.05433352406091 11.17221657179862 -25.07949793700692
17.50937629156232 11.3465313273 -25.23597519764487
14.89076891015846 2.208310708360203 -26.46851648545164
15.21861885312499 2.451024709342429 -26.30536593779365
14.7634468252724 2.612464006408485 -26.24256513797217
32.38086320088163 6.726115226999086 -28.3070419082225
32.52867970839999 6.250893759151508 -28.21842138588093
27.18102710881551 10.47748434978189 -28.7355216868804
26.70415150947804 10.56357937033521 -28.67335597046995
26.84149648597455 10.12879045101645 -28.55581039191977
23.315365220604 -2.47580924257644 -28.07347943551278
23.12108432577037 -2.037943899768182 -27.92758013715585
22.80863284564107 -2.420461374471248 -28.03538591926571
26.33325909128125 20.28444082330622 -31.76706313802203
26.66315057368437 19.99670775694592 -31.66260116469089
26.78410997383672 -8.244263097598749 -29.51660142592292
26.29815124365406 -8.279548680176941 -29.62233337542346
26.1941045117683 -7.038610303951384 -29.38663617409588
26.12490027833565 -7.555875399776414 -29.51566765122903
25.02931988130943 6.599381475297004 -27.57793190214206
25.50502410455065 6.523037948765285 -27.58437958956618
25.30679149057211 7.010020315153519 -27.61081733018427
16.1753801593106 16.36897662563628 -26.14973071347636
16.56187794624777 16.06439167622544 -26.15695127000615
16.53351753337052 16.46472752646921 -26.43478272364057
27.53946950181341 -4.688856700725033 -28.62197100424897
27.04331564723304 -4.615549243072971 -28.65405375494791
9.27072356729594 17.86410279348983 -27.26044063580544
25.92519616302719 20.56246551110074 -31.84038798381427
26.36399005232519 11.77955242570612 -28.95270226891553
26.53119724049671 12.250639107026 -29.09506577528187
25.66378518386722 -6.845042479892924 -29.45400929349154
29.83113058636865 -7.033299965217576 -29.00915560821975
29.42539128372768 -6.80386484368108 -28.96625607028242
29.44852301064794 -7.318127402367082 -29.08324461473594
22.36869097702206 15.25670421196216 -28.85023642182632
22.78555532708725 14.94949036625548 -28.86869894065902
15.74177510175565 17.02608712504207 -26.4551356008931
16.14537812548098 17.13149339506912 -26.78497185545625
23.94625531583222 17.62968880930622 -30.02980726847069
24.39199063585991 17.82780941961816 -30.1399760270774
16.89506788459213 19.40891350015864 -29.48720038516135
17.29039396763791 19.18846366209873 -29.38909531106773
17.76745988654894 3.309642904216227 -26.29384398785727
17.86548422576226 2.842873798356228 -26.45753488535048
22.86120461216957 20.95246466571198 -31.68734760549314
22.63000086626446 20.67789656120789 -31.4020998536779
23.04077881765354 20.61071525353565 -31.36119912195393
8.916868107919063 17.68247750799631 -27.25499928630556
9.333210207132286 17.6786577487008 -26.96103498991238
31.00799145642087 -6.166247854586969 -28.85478944307216
30.62547159652357 -6.483819745945009 -28.90036713540687
19.73923859155672 1.580974379969038 -27.29445509156151
20.11585891041531 1.913420678194253 -27.36267324817415
33.74666359758287 8.128419860402833 -29.05455767203688
33.6005201087515 8.60495840213582 -29.14865514181236
30.23652694432743 -6.748586178169443 -28.94788357469242
31.81622587051905 8.603661315817751 -28.76048360021282
31.9670469371321 8.132610166018825 -28.6377244825767
24.67291799205935 -3.444900577898629 -28.45007548332056
24.48726743944139 -3.014318411920898 -28.29604770822759
24.17678776959846 -3.384092312446623 -28.4295353638967
13.60490722042812 15.28988975529976 -24.981011218024
13.29133552964871 15.67902709406555 -24.99987970340524
13.50605857213991 16.06149481952279 -25.12899578060378
13.00930879939563 16.04377840881652 -25.06512220662339
17.11389960001596 21.30155963652828 -31.48221617203434
21.92071067176785 0.6983591245222402 -27.60576766492789
21.62567364393937 0.2891319298166749 -27.58146201925084
16.1049135947275 19.12363027611952 -28.95190900705785
16.48143434061544 18.93079375459109 -28.86332732500108
16.49460644772228 19.26883176189779 -29.22878601884046
24.44673113505469 -5.042360483486122 -29.07578801098625
24.95811901369514 -5.109576695892981 -29.04828468310154
34.32407303204162 11.68106886828881 -30.41462085130893
34.17495208148175 11.29082441368908 -30.20635674732765
20.6371543107159 14.84486005808555 -27.92915853303514
20.98575790138264 14.47214660530188 -27.94748675807173
28.60646981966678 -1.822555204886104 -27.97171288719672
28.3144718400111 -2.225177034146658 -28.04208899740535
28.80799415295059 -2.280450636710396 -28.05300338739054
28.49811176615978 15.67351054185509 -30.00485589861957
28.98393252096366 15.80087074850333 -30.12148176456104
18.44970530255376 4.064868876395487 -26.39516516358127
18.90549886210726 3.985204953621802 -26.62199332177244
26.25113770023128 -4.912603242794664 -28.82406027985081
14.5967578722562 12.70802534743962 -24.96328074188111
14.5413354952256 12.21648034445803 -24.99976390139305
16.21627458328059 15.49424256212977 -25.67643497961124
16.59662648240581 15.17456639361402 -25.70349933606263
16.57430301037272 15.63572888739642 -25.9136893640837
30.36738867788737 -3.705706301677247 -28.32068548009307
30.07009813595567 -4.087700123616694 -28.38103338032913
30.55030864630761 -4.121815135538091 -28.40610659516448
23.30506028169545 -5.672463873665635 -29.53036993386102
23.64736937501437 -5.306511002796334 -29.29930711089203
23.80970033049897 -2.526957946004073 -28.10960051750217
23.49662702676998 -2.90422569536781 -28.2336981706349
30.19278340992948 -3.274368304900287 -28.23745044253307
30.67266979621057 -3.307196552240939 -28.26924408949348
23.12738044716776 18.22917047868756 -30.12424459494105
23.15830803286562 18.71219949169123 -30.29753340130721
12.64500353857199 17.76692302508208 -26.15717505369939
12.40724381685438 17.46859663661383 -25.84496623561797
16.91579759831088 16.5506828990427 -26.7355657539788
16.5224104022696 16.84466463965487 -26.74143931129015
28.06701636043462 4.428932120513396 -27.55331303850647
27.9029676001437 4.887408473389449 -27.5564405007407
27.60059986917445 4.493124883065091 -27.5486358488928
26.21734730465203 18.40522652879473 -30.65003256063364
22.09236974927943 -6.018687784269154 -30.02773414475186
22.06989607940328 -5.657933486946209 -29.80347259365431
17.48576890289749 4.704388412931698 -25.82153918099883
17.82082234047321 5.04053680905667 -25.88164625464439
17.3899601579661 5.149450150797483 -25.68259052185885
21.1287482510353 0.3435155033964563 -27.55083411305505
21.32963376797297 -0.1175567951399345 -27.56761310374647
26.52378966282268 9.784448159221498 -28.37548388029752
26.18983643574169 9.443050173081918 -28.20511857230664
26.79689047395308 2.96981912520988 -27.55833603624176
27.29536258795185 2.866030871102332 -27.5537213552267
19.21923678635587 9.706321153138136 -26.11657664613943
19.26950160075479 10.1951414969859 -26.15589752033316
18.87175231697828 10.02495165971549 -25.91716338454009
20.55076247419566 -0.4752746358734591 -27.53877024812974
20.75667199800188 -0.9317965156981232 -27.60543515330795
21.04030287773069 -0.5209804296017935 -27.58089163342698
35.14460979641211 -0.9327018576606203 -28.9619276397554
34.92027568527486 -1.378445244258134 -28.94487521155808
19.7400344361325 18.3130911945019 -29.52462624118196
19.71308331156876 17.90322446969849 -29.26931351968951
20.14441306117451 18.01804992025161 -29.4782247031083
20.76227906421851 15.71168788557548 -28.40568386122115
28.46943828022373 11.92657732092958 -29.28724693517283
27.97914467445797 12.03054945908707 -29.25365932422263
28.14016021776519 11.56236160555709 -29.18051022731549
11.62464106620215 18.64552305121308 -27.41120476957733
11.85198510296904 18.8448088569949 -27.77803012700805
11.40774245062302 18.80542022764739 -27.83834449493927
27.05825699486084 19.70157839573331 -31.58386222228273
33.90282638810748 8.926353369402355 -29.34723050294826
16.5030969177206 17.9284848926407 -27.78997158448005
16.12915173439993 17.84703304571627 -27.49311811075896
16.51699074920147 17.57342851083208 -27.43897791964845
26.25702842407793 1.796909727487348 -27.5640604224826
25.92773702223509 1.424491683462813 -27.56406361797661
26.41080016444994 1.329169307674363 -27.56476914337482
22.73839074279768 6.668292840192128 -27.46469403702269
23.07101745881 7.026461528762415 -27.49602561505299
22.59994998638191 7.118750155904613 -27.43782351563527
18.12403914481035 19.05449962607946 -29.52733632596489
17.69555865414956 18.94014626164402 -29.30036572992796
18.10105631017833 18.66691845004497 -29.21892390572629
25.60351558883101 1.036998988481041 -27.56727717973821
25.76795655083973 0.5814171104911725 -27.57652673250238
25.871171123143 9.086011439517973 -28.04080076295244
26.36502424609601 8.99876613012786 -28.08874258014679
23.9509149753899 -4.968489339438799 -29.1025949608194
24.25860703186714 -4.605597931232686 -28.9182897894604
20.06360345184394 -0.4774423977041599 -27.51728077190811
23.5178546605388 11.71839495855453 -28.19973510039467
23.81023512707302 12.08630275881214 -28.37569000832939
18.89085424470074 17.70970488358708 -28.80632537617282
18.47066057789124 17.61377826807816 -28.53584311263748
18.86835805219681 17.31042601535507 -28.50333289584015
16.94312834697994 15.74628720355307 -26.18072258323871
29.01583278529485 -7.557201641090462 -29.15193764571145
23.54798517883741 6.921968861628757 -27.53060128402641
23.40696110702443 7.372581319558128 -27.52649104626233
22.11206922675534 16.51461136736031 -29.30150158453625
14.6279199144089 3.486639470907761 -25.7907190925728
14.58414973800779 3.941762999909645 -25.59326073401166
28.14831617052201 12.86723003846646 -29.40827543668894
27.65499180165325 12.96861041870807 -29.37825785358995
27.8162907249895 12.49808212907224 -29.32032030865887
23.49258974763817 17.45705714646768 -29.92072769150487
23.89472180624256 17.14988054004753 -29.87864692475677
23.79175794529868 16.20451597904483 -29.58335206627979
23.84533966559959 16.67870821095816 -29.73371401322727
23.39123573143108 16.50980716249811 -29.59798223795705
27.81044729854099 11.203202649055 -29.053078515529
28.29990191711478 11.09766578182094 -29.09309263593083
14.87187522749059 6.809143405817061 -25.04744423498335
21.49549832151673 20.18896065865458 -30.95691894621948
21.07200623620033 20.03130011577592 -30.79470028858074
21.49383456163309 19.73037666463884 -30.65589625369193
27.48668240937462 12.1333292988684 -29.21553108716271
18.60791559480491 8.087381676382767 -25.82292520633749
19.00232174640702 8.260957670827279 -26.02769187655261
23.45602690220218 -4.884113600823475 -29.11040476916368
14.25105470332494 13.02356545458339 -24.9780804196325
21.6093172701556 9.054921918367134 -27.24026663662853
21.93278672131554 9.429151973300911 -27.36494723319581
19.68945584149355 10.35639812858879 -26.41018578192202
19.33585068647009 10.67458358630604 -26.22120936244263
23.06784055143263 -4.043768233610088 -28.72413751849338
23.26372908755948 -4.468934464064655 -28.92093949378699
23.56535556899341 -4.110230444291885 -28.73889379727793
24.93211376814531 19.44803820178497 -30.82677467690632
30.49910562897374 5.474703390809838 -27.76969265826162
30.95484700700864 5.341146548034836 -27.80572123101174
30.84381546507511 5.838447363787593 -27.86745688173737
31.66421873487485 9.066244324644748 -28.88243049337643
31.49714793585061 9.532956603573156 -29.00286180128261
23.69546921955324 15.2690937820547 -29.24730157886207
23.74071977574073 15.73915795114481 -29.42074541138145
17.27817788194877 18.82887711614043 -29.04854227360699
32.25340613652628 7.198185167198229 -28.4123260546215
31.88962151308537 6.842221398155339 -28.25211557115284
23.33149774128326 -0.3689193787676338 -27.64105461063258
23.03253130432203 -0.7621419349337787 -27.66940227931475
23.53400787133302 -0.8269976730049358 -27.68610944711482
28.21511132494827 18.79545000302275 -31.33552330253307
25.16812100704136 -3.505828535304881 -28.46456947840694
24.85754642441682 -3.873502471025127 -28.60364713069725
20.35767031200999 9.736969321053449 -26.75034764485055
20.01742894505663 10.05171533894388 -26.58214217958155
19.95248896757866 9.561577001922823 -26.53310787481088
14.91806285148167 18.54217854750232 -27.72838401161253
14.9397745978529 18.23674701295625 -27.33664382193888
15.29391368035281 18.3476395463569 -27.63471478190788
23.09405926917112 17.75947695408206 -29.96237260449395
22.67753915139125 18.0516109459681 -30.01512127488427
21.53726724546865 -0.5757417178560535 -27.60963684547079
22.19028849213422 1.131689512983279 -27.6293868888058
21.69335615143579 1.183384370838832 -27.60623787682336
24.08561900433958 19.52956071485177 -30.71240672881739
23.64099066897809 19.3454532371808 -30.58806622187942
24.75174842931188 -6.711170021279061 -29.62119204784663
25.23818416472637 -6.815579671352719 -29.54139480159709
25.04353969770805 -6.336422883012735 -29.44033131036321
24.16445599335295 -7.981127028344832 -30.17627080105004
23.71038003637394 -7.807786969050617 -30.28833037461995
27.24658802013391 17.0762776451916 -30.27396685874945
27.69297205615231 17.15544181663542 -30.38445329330268
23.82085717991419 5.995609595200564 -27.56043280224017
23.67943230168182 5.500588387922074 -27.58967353120878
25.67391970484914 6.069731426581897 -27.5673457348392
25.95168264135366 6.48102382503688 -27.58943316823921
27.3773846462472 -6.379903897640107 -29.03822138293772
27.508251940688 10.82774118230778 -28.90111084770825
27.64434284945998 10.39041083508104 -28.7914372895715
23.67759052196483 4.771353467874834 -27.63974535437297
23.429967469694 5.19567466417096 -27.61029122847646
23.17038927056225 4.760817356279613 -27.64086820946487
18.5070329316499 18.3888227289922 -29.15289904826373
18.08529171988179 18.29008089236519 -28.90689823199524
16.58715524773307 14.71701159155149 -25.52254435369856
16.95028974057771 14.86309776937755 -25.74860467370277
32.43322981411928 -4.856214614549668 -28.77334666699079
32.07450612145934 -5.203452725203464 -28.78396220261596
27.71910114032884 18.70460996295443 -31.15354138830732
24.4115236090699 14.15918983825837 -29.09125958492073
24.88363547672772 14.31969496797987 -29.24808151143044
24.51364692460877 14.65143553669945 -29.25926344621665
31.15817313549996 -3.340118939103581 -28.32308884884639
30.98375892752248 -2.909067614436494 -28.23787364141324
27.62734820727446 -5.970522867129398 -28.91267700320343
27.91536128245498 -5.580872845938925 -28.78633912830516
24.80533345271194 8.40298290929011 -27.75627849234417
24.96873079398101 7.948333961045795 -27.69544254718794
21.37205073205293 -5.210032003125184 -29.67330249051715
21.90487941564706 -5.28662367275568 -29.5871983020796
21.62766869818826 -4.966911234168798 -29.43078555760516
22.03247273895624 -0.63640225404478 -27.63239698964924
22.53379146795724 -0.701560752599268 -27.65023911521423
16.18453427628003 14.55565792864173 -25.31062369821297
16.54429637505378 14.24897695558967 -25.34544633206549
20.06259314330817 2.81401594700191 -27.27385956839727
10.49116046391889 18.95345371854054 -28.62058504661975
30.87086566761307 -1.608345928936355 -28.03590257544093
30.37692468245958 -1.565876281507075 -27.99657225100673
30.58322699813182 -2.015013120076671 -28.06973400922524
18.41130003769426 -1.788345778470801 -28.06248663335656
18.61749518257128 -2.170315656004762 -28.21861454838973
18.89547305081351 -1.885870106496573 -28.00019602760059
31.93380061736681 12.00130702947495 -29.67360219950303
31.46864711344566 12.10875847136632 -29.6188608155664
31.62474824160067 11.63403519498332 -29.52934516194212
18.43429188415642 15.22139141484847 -26.80518359698603
27.84464427421541 -6.423631950764966 -28.9884631814592
24.80391051352262 -2.637688575325978 -28.16946066654953
24.30768323069188 -2.579234922490428 -28.14242510311273
29.20692949664519 -1.02964612739129 -27.87040652200205
28.91231311355783 -1.434414186841709 -27.91687181539771
29.39462542071159 -1.47261283497605 -27.93860368263275
30.17704807827029 -1.113706994011442 -27.92624303761483
29.88917603115027 -1.519941479949722 -27.96292330583617
19.2584524688418 17.00148414321022 -28.4686503351332
17.49474410269626 9.037915420982419 -25.27690668953728
17.40605639713464 8.553159466156462 -25.27217434534847
17.89747061791223 8.722251381305471 -25.45350642041913
26.85369197408625 8.896446689582795 -28.1308194703067
26.5339176651674 8.537184111189513 -27.97456122571106
23.22357846193268 19.6070687252206 -30.68245458253127
23.19152631038639 19.1793557006354 -30.47625969308828
19.6081174064756 16.28116973209828 -28.16093311705432
19.58396932915929 15.8546948437782 -27.88559156383304
24.1931449874769 15.90526223836282 -29.56553661435481
23.75373195995309 10.32324218900265 -27.96864653127702
23.30521776877782 10.45514526156285 -27.88415951585717
23.43654223909605 9.954262419235443 -27.82530725336935
21.53897670358744 7.79114535297607 -27.20362633363987
21.21607100008605 7.39936850189179 -27.13013819284756
21.68240990178345 7.311977656783791 -27.26010519184346
31.27231575133852 -2.498614425333498 -28.2083648922371
30.78744887436469 -2.46620955032398 -28.15001159468209
17.66964519439926 3.778141462506103 -26.13578590775617
17.31228742651681 3.411743799624112 -26.10476139405268
23.73564333901254 -1.279972644878396 -27.76401870066156
24.03497683781673 -0.8914621278501171 -27.70069103716391
28.46824654360194 13.22708044975765 -29.49005835889335
28.78854525478086 13.58597019965716 -29.57455150390459
28.30749117412559 13.69692126037159 -29.54894343203625
31.28421039314273 7.447667360200676 -28.3236142494695
31.62378158014592 7.785184064598181 -28.47716236608088
31.1451014346847 7.917560121044091 -28.44736817964201
35.3481206895523 1.214587341919092 -28.7878626853877
35.72416889388607 0.9120927591841854 -28.99718520914553
31.42125583342256 5.222987931872114 -27.84797624137927
31.91530432743904 5.076575887337687 -27.90116698415659
31.79385293220813 5.55912181798636 -27.954995222105
28.21142107133838 5.265693323509115 -27.57566359683057
27.74527092441702 5.330008088732722 -27.56205479302447
29.99986607399378 -2.832307167839012 -28.15986889756354
30.2935882674039 -2.423918771335599 -28.10965990642845
29.7954323946387 -2.380713758245001 -28.08245645743635
28.77251459192187 9.70914577849846 -28.74376251587173
29.08821349930236 10.05456204027931 -28.9100927058575
28.6091121246092 10.16200596061335 -28.87265307835231
16.58264677865065 2.767804819196999 -26.1642693457027
17.04665184765408 2.629313497044568 -26.29857134646076
16.94795582073673 3.072287450088467 -26.10793826817866
16.14200057194317 19.76398390949346 -29.69307849926995
15.73646720798484 19.91625336528562 -29.8202034479893
29.49590088725541 -0.6442927676085541 -27.83392489570732
29.01369449554863 -0.606636575218056 -27.80878424326981
29.94816233749159 2.053115079503426 -27.64831930256593
30.07074591091472 1.573203844311154 -27.67726407563802
30.43384626607883 1.91940220073689 -27.67956232449294
22.8777408712401 -3.627322577918833 -28.53099303805211
22.57597770030252 -3.986541756587042 -28.7126178244775
20.46498360501602 -1.322069502070473 -27.65857990693739
20.95662258073937 -1.36720634979507 -27.68829938133362
22.7358767682726 -1.157841486723449 -27.717247920951
26.57382059045931 0.8715444107746656 -27.58458106436337
26.90330743781079 1.243706560444464 -27.57300886832416
30.4631887691971 3.693820693118256 -27.6529237770929
30.58008363695842 3.210699227640705 -27.65398984157918
30.92246969615959 3.57556467983027 -27.67674949600841
35.86304643367592 4.815999926830886 -29.31381855359274
35.87214850981833 4.321002389453422 -29.24788529838896
28.13856739293227 9.032359310127861 -28.38421525747778
28.45660040001928 9.373843949506902 -28.56641945737388
27.97618493889224 9.476596842690894 -28.52154193863928
31.07445657280148 4.857006658119014 -27.76686445266494
27.8265004868428 -2.175349212795505 -28.0341197229072
28.02807734558009 -2.631278416327471 -28.12585540087054
23.04367689791403 17.28230674440344 -29.8027507710483
27.43724755335112 -3.40719067397879 -28.32370287882476
27.73327751823171 -3.02553173159036 -28.21954094516602
27.24397395650621 -2.962892164078226 -28.22390858546205
14.62606011791724 11.37514988184475 -25.03258275178943
24.38882464127525 3.428922194382566 -27.6676711810813
30.84492447170728 15.78189104756043 -30.71349281725876
31.16821651520416 15.40612265381335 -30.65269307593458
21.86274701561999 8.153345032228899 -27.28891810248049
22.33614911955478 8.064273006588023 -27.39480426789603
28.411764972089 -5.637894110789497 -28.75271273074291
28.23181390752789 -5.205987301567946 -28.66988651515989
26.11597597283672 2.253699371348993 -27.56743344976146
33.39600626655616 2.398049410745977 -28.01242889832825
33.74589743808828 2.741861713408988 -28.10882341028034
33.2964761962118 2.868962029018395 -27.98317544688963
21.8317141664246 -2.315272762019588 -27.96262339486345
22.31846974793755 -2.366038816553977 -27.99976423860823
22.12735814568216 -1.931113497179729 -27.8546763415492
15.01165870296431 8.291426906323704 -25.01757616230416
28.13248384268313 10.27865386699865 -28.83254375109529
27.80654261468282 9.93076972349682 -28.65966826867998
27.03600307737321 12.20122257130134 -29.16967345829373
27.20090207424437 11.73648963708469 -29.09058876819501
23.11893887794414 10.91788739404308 -27.91911135285763
23.37518872207708 11.31603209827524 -28.07106101000846
22.87835375408951 11.41428376327116 -27.93832765171398
23.1635799925146 3.884005543568825 -27.69200530659265
22.91886809891785 4.336083017232707 -27.66512104585966
22.66412077783373 3.883017685223332 -27.68286594142554
27.83261081298748 -4.301459316215138 -28.50184933427014
28.02894500490774 -4.760382758309818 -28.58789841830739
31.00076887113084 8.370872417512063 -28.57622412650966
31.33150948526014 8.715097667600805 -28.73111101728582
30.84737327306074 8.830051070459067 -28.70881859946948
30.14674428860829 1.068928853824376 -27.71319335200783
20.43210473777583 16.4640361156137 -28.6765343473417
20.86113587309461 16.57202255575342 -28.90688841859248
20.47396991028421 16.88639373951349 -28.93800072080577
16.89078113220212 18.00169405424764 -28.07865588429208
16.49612082359062 18.26296860816223 -28.14460705760084
27.49871825929426 13.43758519763585 -29.43902214564358
27.16724984913791 13.06940142320457 -29.3448507095364
24.3605254066115 13.68554683789073 -28.93964472761239
23.9943209492716 14.02190017252421 -28.93559810795053
23.21245134149243 14.64060267420401 -28.8930734424248
23.60362474178931 14.33103342114472 -28.91595721042544
23.64894686656405 14.79960225433144 -29.08203109893666
21.17250628520881 1.267866610280181 -27.55859342887619
24.09192213700939 14.96552136804642 -29.25205634659062
30.21606531929449 2.864248115262526 -27.63919747131921
30.67530121002523 2.745788744632228 -27.66481313705717
20.28929738762722 1.137235117380871 -27.4301047363404
19.84040449710196 1.161284929181211 -27.35186910515239
20.00726416579527 0.7733505854321987 -27.40337013666918
18.99031352615888 19.28244832137149 -29.93408697811456
19.43121911550523 19.39564592878477 -30.11008046739622
19.02483201244219 19.67660012285604 -30.21245118381077
10.09220579539167 17.07925489964231 -25.96908849667348
10.35249430171269 16.79984481573432 -25.70653509700302
10.50809015828713 17.22937495355079 -25.91770694995668
28.62942891608912 12.75644732376484 -29.43284640392273
16.51639401759621 19.59380017115265 -29.58347965915418
28.30264059635524 8.591957563552459 -28.24595235701778
27.82111341837893 8.692178569113866 -28.20785899470896
32.1053081368806 7.661268590029683 -28.51908996583698
28.44926770942547 10.62667185491782 -28.98990318104691
24.80405823600423 17.51112536370388 -30.10221011790122
27.00128739741244 9.69950953345675 -28.43422816456538
22.6714593495496 4.759329057444907 -27.62231319384853
23.8661364981431 -3.744646457448657 -28.57554738588806
24.06144603492263 -4.180064971065136 -28.74822615726008
23.83003829414591 13.04757552009557 -28.6172923427939
23.52154441934131 13.43120577572737 -28.61647859118706
29.59447488177109 -1.924629479276697 -28.00992080724133
29.30074479049401 -2.331803951247711 -28.06768971261112
27.23761899111266 1.590206699161168 -27.56795307070268
27.59501638422828 1.943281729219264 -27.56565318746966
34.32270116214907 6.258929339706287 -28.76017781279552
34.18176112953714 6.722798190034222 -28.81031715787107
21.29682005340835 16.6907377502006 -29.12430569653651
17.36709450397031 8.028098575564021 -25.28846456655174
23.55531279035047 13.86029705606831 -28.75495400772605
28.52591813696186 -4.815961527124512 -28.56078744628046
34.61060079826551 10.12860471606499 -29.99300611430074
35.04537615042216 9.809352569338214 -30.09576421734226
27.82573038432686 13.80617514082081 -29.52816401197888
27.33732490259234 13.90577781313457 -29.50223001019869
19.55329811620597 9.384326458823418 -26.30584954196865
19.14916909108271 9.213895584766787 -26.07809010683791
28.81771162322987 -4.425118159413513 -28.46409887237968
29.11337875803419 -4.030600144804 -28.37435251508198
28.61846690129281 -3.977483015195626 -28.38115165486385
34.56796426159018 4.18800348175559 -28.48675125600504
27.18298125201837 14.37601857985722 -29.57550787642213
26.85692243687681 14.00920200217418 -29.47563982992627
31.1830701770885 6.184276478385532 -27.9799978642703
31.65903077201044 6.038840018965113 -28.0212002649281
31.54018272321787 6.5146323588818 -28.10994789193943
32.24378537663677 3.630175272808395 -27.80695718900416
32.62000580539735 3.972699877752921 -27.88633963143727
32.15114017463379 4.110369273452121 -27.83067083933807
35.41892906117876 9.667902906928457 -30.2369549178332
30.72657445655583 6.316812555548159 -27.94439448362083
22.95999831349013 -4.806277393880851 -29.11977933600264
31.32301607479151 11.28177855106005 -29.41383615306534
31.790930204837 11.1789274321324 -29.44694080196663
32.15260358209357 5.891747505781868 -28.075154685777
25.58220749688258 16.93229594456756 -30.03659240129473
25.642258474958 17.4112779974439 -30.18500365445468
25.19909522108787 17.21979691792335 -30.07104391829494
24.56428210218697 15.12622994082839 -29.40793273750869
31.15301581008768 2.606546668433384 -27.69987585543833
30.78888553387457 2.260098197962157 -27.68647982414888
27.17091736815371 15.60970801509647 -29.84416538320221
26.86969900316318 15.27629071395774 -29.73687605103221
22.17429552870894 20.81341443031949 -31.49825860988218
22.3517774251226 20.43888266282162 -31.20797338339458
20.25205224376255 8.711853901871676 -26.68460024844578
19.88252725260321 9.069172217480789 -26.49386984058845
19.83920244376618 8.535257258301021 -26.48377115138447
18.76332879344076 12.88150202654075 -26.16197785527443
18.35059450023158 12.68234274124112 -25.85930578469709
29.5997495652426 -4.075340968131978 -28.37482023539717
29.40052529097164 -3.627763079239957 -28.29134168039935
24.73117038758122 13.35676409266023 -28.95719925794359
24.31236608659474 13.21798082997498 -28.80704521020744
30.30391878820577 4.146981626410507 -27.65378577538691
29.96195365591461 3.782365738391822 -27.62340253834332
16.54685533436433 11.02132907406186 -24.97521526656993
31.65242076360526 10.35871341384093 -29.23850689123031
31.16963651521709 10.4591510403383 -29.21244973220089
31.33409258305302 9.993453667746119 -29.11052547028876
31.6584940999834 4.253993905398057 -27.77442243539637
32.03402812051417 4.595900592143165 -27.85829678228847
14.60263553115758 19.75175536854669 -29.46357733099312
14.24978179201274 19.86980410624305 -29.65895573800844
14.26663394446409 19.61220057122727 -29.20651064904524
26.55176703745331 14.91533670732616 -29.62888062170653
27.02073324465113 14.84107576505897 -29.6544568996623
31.123361566552 13.01467629258138 -29.79377021783229
31.29151773927458 12.57067714431125 -29.70747221367665
31.41298837715152 6.986790317058916 -28.21443843261966
29.4461943423189 11.71868591885732 -29.33319162679453
28.95620501562334 11.81982856118692 -29.3102706252261
29.78278377572808 -4.492082087108479 -28.45602734160018
33.10510877563009 -0.1503315258499767 -28.17089874952725
33.45578410939144 0.1864452777380746 -28.20874560015118
33.03738841570934 0.2886835250187195 -28.0976902745016
28.79605047628696 12.28950315666184 -29.37490560414817
25.40532622919348 9.160634706706523 -27.99493683367584
28.63334674457627 17.25962786608593 -30.65721851226495
28.93986020373023 16.89356351347687 -30.57624051438141
30.70674993725133 4.516700100875402 -27.70373543384956
30.20583067767621 4.605369180140517 -27.66860661723921
12.73272062908803 18.8505112179928 -27.68277965177676
12.23411667862767 18.85095057791626 -27.70396770549549
12.56834725643862 18.66224787858109 -27.34188398891279
16.8804072642688 18.71024376374516 -28.78269388305143
17.28031066077861 18.44938483383234 -28.70667572247496
21.4816835321491 19.31068750832381 -30.42325173658451
21.90785442665477 19.48562021107825 -30.5567993820245
29.83331039514338 2.53883151250135 -27.62668042197753
33.1828636546177 3.35245982551085 -27.95790250298393
32.82754544635647 3.009126981165126 -27.88231078543075
32.28864771282018 -1.749152397844625 -28.23495441525311
32.06673842462244 -1.320834903387013 -28.13791522563244
31.8243856693933 -1.695481077794957 -28.15637366262352
24.12586716871095 -2.145323045660129 -27.99798346376833
30.28242080610561 14.06359463758184 -29.89079705355712
30.75333446184573 13.93092699581667 -29.97295444269402
20.81122004362926 10.28522068100017 -26.99542413880199
20.96981704124952 10.78296227543185 -27.11470459614145
24.29733456739382 16.84787258260409 -29.85461977983115
23.18590976551745 -3.267445601396957 -28.37317048518943
23.68035801564332 -3.323057280080918 -28.39894432721932
27.48810574373939 9.588398441528355 -28.47980288543169
28.14596393838386 14.16498375357104 -29.61330894851834
32.92235768473513 0.756572628605318 -28.02673809342114
32.56867020410436 0.421483120971323 -28.00356862851151
24.55941050704204 -4.240318545931838 -28.75485523080756
32.46715979224529 2.666652247221229 -27.8247607240735
32.35243094711719 3.150270721668134 -27.80322368922421
27.72247154528048 15.5564719130466 -29.88484948567583
27.55446891827683 15.96339560830711 -29.97034392755369
17.98906629539446 13.00159401182287 -25.71120630119485
17.99211657519863 12.51789033853948 -25.61454560816956
15.28352882615738 4.967038599425799 -25.30778017163705
15.7839610767229 4.817452023159586 -25.38337777589623
29.97805859446994 -0.659356289020153 -27.85841741859474
27.50170409598873 14.73876898514256 -29.67481401984363
30.98091242985506 12.20065425930046 -29.57476103986414
30.9439480101187 13.47207210964846 -29.88698735390868
30.62887841580503 13.12652599182803 -29.72932440735995
19.2092152264462 4.40300709940525 -26.68241336885127
19.50111510093246 4.831745733285626 -26.74339320328757
19.06779665651862 4.881794276264094 -26.52324818240001
25.05370475691284 -4.308547999837713 -28.74960675789184
31.17347078046619 4.399155865126132 -27.73861452687639
31.29008397425072 3.9132969353214 -27.71510602965672
31.8824251800613 3.287795540389193 -27.75800826924662
34.03976484559691 7.179608775474319 -28.88792623670702
30.91160862558433 1.780122916094665 -27.71338578935838
22.74209743552987 18.9828929733177 -30.37153670847468
31.92100088102236 -3.006103720248491 -28.37334883272402
32.20971283507925 -2.59700355861892 -28.35303809864728
31.75781656694108 -2.533024337412627 -28.27213442377366
19.63099935412931 -3.457683450850096 -28.78856970433735
20.10764779119027 -3.589478706161954 -28.76018127013588
19.98095799001518 -3.183355496435593 -28.50203481028803
31.40748034244499 3.430019463753428 -27.71014044602461
26.81669168033221 12.64715212844762 -29.22224693001554
26.6599814285779 13.11560284427115 -29.28589295886137
32.1394223672123 10.24939246929115 -29.28249913843901
23.65569897283854 3.873748462263121 -27.68931154927968
30.46588585403471 -0.7053768009926076 -27.89144527649449
33.90181593105018 7.662289515014734 -28.9762393502004
34.20667332413066 7.986306570670274 -29.18670907885133
24.63235207295948 3.864022062352849 -27.64716782069408
24.13623335096348 3.845686232111889 -27.67090254541719
18.3474825102196 4.523524726222389 -26.23885973765179
18.64748791357203 4.875156807642922 -26.31378842803044
18.22137066614746 4.945160064439879 -26.08643825648578
24.52544865080742 6.641781321268998 -27.57007552455527
17.95078658268384 2.385361197827901 -26.63022886460436
17.49010280172065 2.491630800925095 -26.45635991816515
18.9674673959431 11.00418417164854 -26.02363781214553
26.21960207226756 13.24732337274195 -29.23935800608385
26.56787306150871 13.66671913056579 -29.37632442417864
31.5148605609547 2.950091140789193 -27.72076774352037
31.62866120847043 2.464327943956139 -27.73901209214525
34.18772241938139 2.61825038965591 -28.24768307768432
34.08614246688872 3.08819723814582 -28.22122052387465
21.7421918617005 -1.0385722159856 -27.66476472690357
20.87137159745882 14.02526017877726 -27.72616094011847
20.455875862471 13.97487112496487 -27.49921939673543
20.75990556867707 13.58933641879879 -27.52852072421749
29.02073275328846 -4.870378424571261 -28.54727973392137
29.7260616875609 16.56211031838487 -30.68471512016332
30.1870481085129 16.60191463678667 -30.88390880272458
26.83892445236328 -4.156996335909788 -28.55419491706253
27.14570805522582 -3.78636815520992 -28.4354520577788
26.64138106778451 -3.714337279842559 -28.45113311385927
20.15026430339585 -5.407473772544706 -30.28621547847191
19.76074178667216 -5.110597424294276 -30.18978997749322
31.01404051391401 9.632120791182034 -28.98103939572948
25.4497911564587 1.504802215645557 -27.57379887922821
16.17868427451359 2.8964919162454 -26.08252402536252
16.27603843589592 2.457194740585409 -26.28304629640944
28.93493847212832 9.264812622582522 -28.6064286965268
26.54070609065199 -4.538824784730341 -28.68751919587296
14.53736485973023 17.49983546524449 -26.34004008512561
14.91924330546919 17.22853317526236 -26.23118486164933
20.512523571167 17.30462942592115 -29.18980200286541
20.08014415867969 17.19080993456323 -28.96909116668315
26.41330764217691 14.13653797671666 -29.45158174946224
24.19711223947968 12.71543308843588 -28.6474460738693
34.46512134450919 5.734465074180621 -28.71287849547868
24.64677806994973 4.702017945664994 -27.61811517140561
24.15847345287817 4.743588557628787 -27.63248157004937
33.53298894803712 3.696020559826783 -28.0607473120772
33.06470975374155 3.836694911035914 -27.95633792562593
29.00877581885578 -2.734993622804074 -28.13473779069197
22.27122061467631 18.33488517886693 -30.07348900871169
22.24052800183182 17.87330336913822 -29.88895887444811
22.0838616130986 -6.39299100836027 -30.27583613553291
31.03500106951522 1.301948169671924 -27.753556362007
31.39026780285307 1.642511217954474 -27.75700648361753
29.73828312704329 3.003668103442712 -27.61248975626323
31.24282000948805 13.81263170399611 -30.05934737483665
22.99344924357388 16.81918414330577 -29.62715005703924
22.59637854217902 17.12429520435813 -29.6613321203345
15.72022862943227 16.61655694589716 -26.10705684067642
15.7456183771018 16.21085052096708 -25.83425949314034
19.94248959056425 15.54301166411833 -27.90629426924147
19.54581286699972 15.43985936770605 -27.62181154597378
31.33941960896143 -1.66173546475399 -28.08854952738848
31.56202178984442 -2.090880571321365 -28.17964407704905
12.08026191233098 15.24104320469511 -24.96909782249271
28.12482330794816 -3.920521738391103 -28.3976623017562
28.4201423945303 -3.527451196041534 -28.30108650486201
22.3337703105386 19.24338522476354 -30.46696890729736
22.302508177186 18.79186281942636 -30.25465795851048
31.86979703969152 1.505129309526058 -27.81096352359963
31.74641047157637 1.98327006050529 -27.77070662182218
20.90521109416717 5.649159513726104 -27.20320622910949
20.63240543037966 5.24233496417076 -27.16318902437037
32.10860688457361 2.326686040662492 -27.78758495733949
28.50050419611604 5.619238913092114 -27.61701385762537
28.79651103843097 6.001034225708874 -27.67442588354505
28.34995238095352 6.090827686198495 -27.64430243045569
30.39389422040203 15.74493371512119 -30.52066811919195
29.87546981021999 15.82704972440237 -30.35901682438037
18.18902327356598 19.80039972411335 -30.13402812689901
18.14678471582429 19.43408707761974 -29.83691517014887
34.23896615344068 -2.528870674639011 -28.86497162054709
33.97021212261376 -2.948920881306951 -28.83971782308296
29.69427893395612 -3.229408937851809 -28.2202848203899
24.99802921875186 12.12875170816614 -28.72105106103907
25.04516773456879 12.59404905069108 -28.84885076631191
24.63503677673183 12.42293263035695 -28.70015229505664
27.17067126416 9.244840651366049 -28.29754112378819
22.46428028373887 -4.719714139146922 -29.13016665147818
22.65904466670825 -5.124675881816926 -29.33897929763225
31.9768011958428 10.71858425761143 -29.37032865718852
17.94632079923804 -2.961184092520861 -29.0517430739494
17.50704877020621 -2.880391148614232 -29.2059695837701
24.74279425866608 17.02964634953515 -29.96176263733707
24.536968740524 -0.961242600100964 -27.72809917129519
28.57038482907507 4.420928225900468 -27.5707389996315
28.26815503312693 4.026675145642183 -27.55571352967877
31.1334926549773 -1.213303484931817 -28.01042554377747
26.71428116142772 8.077413597393482 -27.86510742074731
26.22313590964874 8.17397354725918 -27.83850731599022
23.43159168776684 -1.657814149786817 -27.83870239216229
22.92475032951014 -1.601127436949105 -27.80944593713402
24.15079471011628 12.25092789333654 -28.51674440292554
11.42876955127345 17.41025219165003 -25.84125628205422
10.95260324099983 17.33438115119977 -25.87176629972328
18.03757423994028 1.911985733338017 -26.78491739684328
11.75649698781277 16.34458352448912 -25.19435461824338
11.97673769118193 16.77490629940203 -25.37016994983369
17.13000697676735 2.177831622975161 -26.48805503364886
33.9510903782177 0.1008366127501264 -28.35164698641013
33.88486657026988 0.5397214215717723 -28.27569913703862
23.89899219878629 4.308755802493129 -27.66150082344482
18.3232067506213 8.884687341147284 -25.64484049302851
18.74282120939467 9.048349902536412 -25.84990552373779
18.40665666222605 9.371438746050698 -25.66268151153596
26.65949814191644 18.1000519553773 -30.58283003555987
26.56773690721728 17.69129806273274 -30.39920706238591
22.69435072323254 -3.21807838965669 -28.34279179606491
24.40070507864317 1.959444768735266 -27.6293256682514
24.05429141956682 1.60644368009455 -27.62802190819775
27.56436661436771 5.787498722367059 -27.57241121288146
27.25608284583256 5.409241054032841 -27.54900600618433
32.27691265784148 11.06789645916212 -29.49889494058909
28.41900180539604 -1.380744363183645 -27.89605698649487
22.08673987842805 -3.912580434597102 -28.70928177867203
22.27772181191163 -4.31943860016869 -28.92051309708507
22.42626266833484 -1.544138059407023 -27.7778757962948
21.43874040900211 -4.578547610925204 -29.20304096175384
21.97693167214701 -4.636892075256019 -29.14168542865778
14.57368808889851 18.13979487594506 -27.05499381616342
20.26775499161123 -2.897525591397891 -28.28755548887543
20.75828087175429 -2.966768452762792 -28.26120189455563
20.56646494178583 -2.553267906412866 -28.07141092425474
11.91185079343027 14.87565917087594 -24.99317403374137
11.58341338811336 14.38041787911869 -25.0501804161649
16.60236469184915 4.95178425889813 -25.4890557491962
16.9773636806429 5.288150849551134 -25.51510847176275
16.5314392508096 5.42513148692859 -25.36923168106572
30.66167324180752 8.034480857714744 -28.41924680844596
15.78108453401063 20.22401670685871 -30.20047256271431
15.34898801816487 20.06477980559548 -29.96122526524388
22.34666909637362 19.66705291217854 -30.69140376735221
29.11593678946269 12.64927951974169 -29.45719226969797
9.859004095161364 17.32694513795225 -26.26355905151086
9.697203352165833 16.90513457244477 -26.03613334092239
29.9878857844489 -4.936018255364261 -28.5509293295378
29.51759580703387 -4.923247338736081 -28.54649575425668
19.30012770533249 -2.66669973421436 -28.33287375662815
19.78795572105402 -2.77678632646781 -28.29867527111235
19.58768943172582 -2.381421588851885 -28.11533247960684
30.53061910305622 9.737431548669617 -28.96429212862929
30.37397202171526 10.19550522944864 -29.08131006325229
30.05443873600727 9.84220785133531 -28.94971104992519
19.0735927437481 8.726444163524786 -26.04501165967133
28.7150522320743 -3.131968002246289 -28.21327301860434
28.22089152521407 -3.078098406280196 -28.21467499729694
23.59409457991546 9.481113118195553 -27.7777159452606
23.1439729917693 9.611639795807331 -27.70153659747188
18.24197085245584 8.398223500608442 -25.62315538524004
32.75652982870558 -4.50391235992421 -28.77251539325298
32.3063762822054 -4.386567017385623 -28.67083468321742
19.76830180788586 8.06989721662786 -26.46563207718448
19.41197347088518 8.426298290304823 -26.24995581731693
17.2173062204198 1.237909508363995 -26.88075632946062
17.35790299442979 0.7980042046545206 -27.06588734105192
18.06167265754202 9.693135236644878 -25.4769945850881
18.47524747269383 9.85734792880414 -25.69450007218355
28.4754927661328 14.49954451402842 -29.70582096952263
27.99330118285734 14.60825834069563 -29.68734008900487
18.72074766962297 6.414751016411595 -26.06652162832253
19.12486103310949 6.579981324023933 -26.2645138820753
29.22569068474308 -5.315893533365239 -28.63501054084514
33.98928516395488 3.561124587277208 -28.19976806429263
24.54922060722258 11.51845529242235 -28.44911555838627
24.89993618515815 11.25522288639461 -28.47237269884032
24.93905589984273 11.69483055168233 -28.59398797100136
18.63699350862255 19.92457554283684 -30.32092659211162
18.23992261377284 20.15226571054752 -30.43098345818415
25.34910942373806 11.86580918730218 -28.74309382668793
11.92132674592821 17.45936187684465 -25.81996994376011
11.63708422897734 17.73367138065372 -26.10160609077591
30.36441083471856 8.936723442355898 -28.68799289125935
30.695562769114 9.282079417697283 -28.83950565123666
21.60648687318712 -3.833095382625683 -28.70165063443624
21.12947217949443 -3.75162726709842 -28.70290873792359
21.31230822655166 -4.157812968221605 -28.929494191216
31.98441675427702 1.026339878091506 -27.86124908026767
32.34072528175894 1.366951630920018 -27.87237004950083
20.94060221155178 0.7493123217340204 -27.52781976451981
27.83017186242794 15.07092201236086 -29.77776570696806
24.47884161750593 -6.99071335612501 -29.77661100111937
24.0485811629507 -7.179865205848532 -29.96699172141118
24.50851763349476 -7.388199318029732 -29.88400157338915
19.07903956615318 20.04140482443827 -30.49223750448304
30.18207018487623 8.15751071067999 -28.39167656250768
30.32624741102768 7.703939061212933 -28.26366823828094
23.71513928336063 6.386572787778984 -27.54819780648231
24.05221129140893 6.732947467406111 -27.55495102769743
30.93524082335427 7.120822499641762 -28.17859629590345
18.18860671875617 0.9887439630636545 -27.07678993852149
18.56767406163132 1.324923250141975 -27.06037375664723
18.12076994668769 1.447869602264465 -26.93838877483164
18.81384610633017 15.67958037917695 -27.30523530873726
27.45139981780202 -1.324701463704696 -27.86514607729185
27.63338361786955 -1.738938200650915 -27.94498396826236
27.9309868395787 -1.353223893993115 -27.88011536060238
17.66701726466023 17.4482039655188 -27.96679580816096
18.06794552512691 17.52861096758052 -28.25948488061524
17.32797663540026 14.54011938411038 -25.81251827947909
17.3286000667858 14.99091874157093 -26.00836939534075
27.34596243562012 11.28799267481929 -29.00583335975021
18.18494830892261 7.924496281968905 -25.62447441327987
34.42376225422692 3.436809708947366 -28.35770739825544
17.85213601298689 10.99498940913344 -25.37885042764328
19.0023419833502 1.244130821260311 -27.16632192577516
21.86585042072554 18.61144625215364 -30.1321067951165
19.39262782304479 -1.967755545894916 -27.93777464132122
19.88159318254701 -2.070080418087244 -27.92597272742356
27.40073294531182 1.132514579158 -27.58695896094329
22.15905590166087 16.96760063718186 -29.50187825294701
22.20489041326452 17.42190634493045 -29.69992016442147
23.72711426954983 7.733128815846352 -27.5752876858861
23.25108684140602 7.837888466376555 -27.53023047534348
30.50742146532668 16.22533931212341 -30.8133765177999
22.41377753157339 3.462270457257359 -27.68390598325117
22.1695356443952 3.91377540646925 -27.64850188704235
17.44208771668705 0.353439560145243 -27.24444664169453
17.82451276065503 0.6643440109735612 -27.13184079889985
28.21393257941536 15.4254025470945 -29.90008572007006
25.47164849827986 -3.140133850685682 -28.33108306319463
25.65570982487957 -3.574819315457546 -28.46729600322807
28.16769375778443 6.550411014618136 -27.69126112812431
27.87251465875507 6.169469968489788 -27.62222848380638
29.20785472606941 -3.185379208643526 -28.21606620227575
26.09742273168226 17.56162233363463 -30.2869906049234
17.6558496864717 1.578641962744135 -26.81070704810382
21.9244127192438 4.335641951982389 -27.59592863094116
21.67464517494705 3.913503488624105 -27.5857365456321
20.86104032937643 -2.188390126942188 -27.89566021915078
20.3677734629886 -2.130234229113687 -27.90559451082659
18.55654592421732 19.17183470338862 -29.74073545318096
28.23670939091816 -0.9644679290867019 -27.82921078160621
27.05252885152318 -2.524258779609381 -28.121433524171
26.75648729181984 -2.905902162762671 -28.22562942047096
32.58439692562546 2.185477134553585 -27.86042238759305
29.73191956007222 9.494829151187659 -28.80034085448782
29.57360817191596 9.947488717373997 -28.93321288521063
16.10099734605135 18.49316625507353 -28.21611728627078
15.68341329256323 18.72521219452409 -28.3004929412071
15.69172259458389 18.42665277400979 -27.93698473124383
20.69160382265943 1.266955179420554 -27.49008054000478
25.25648454043033 -4.7505298600995 -28.88400924055552
25.55516703857018 -4.381438886539931 -28.73866252756943
27.50432578301196 8.344173150657287 -28.04023867900498
27.34217331573388 8.789185122292521 -28.16564791112406
19.18866912440936 -1.576398591638644 -27.80724279800979
26.25298959791499 0.499597404647427 -27.59157934310952
26.74529611535687 0.4146340308116576 -27.610319195315
21.48905309257587 6.45743366574321 -27.27667983931009
21.17762137107357 6.051108936799443 -27.23537820355602
27.38354945493216 6.24951450768442 -27.60268811594687
20.17663271894554 -1.700793811747455 -27.76504650813543
32.57506912858337 11.44259509454539 -29.66532004589054
9.813333112737046 18.48524642647353 -27.97390344123654
9.713177271243653 18.68606398487242 -28.47715878580473
22.89666297157711 -7.33432657964144 -30.43083309414948
26.89761335249612 11.35923192933409 -28.94530663661719
33.09238717175076 -4.134626364227685 -28.78008869020893
28.36198873714043 0.9442664894813924 -27.63396187340846
28.21860119474837 1.366981210531444 -27.60440305176824
27.87862952130936 1.055939555677944 -27.60626427068282
20.07780561253485 21.28801639800064 -31.65309206330929
20.3353646814342 21.59990699374455 -31.98277508071912
32.21665953518257 0.08626485975656091 -27.98812592751804
32.10128857471659 0.554443026068236 -27.92158867694867
21.9045822889678 -3.501702434819061 -28.49073301352888
22.80438706537024 10.55115201347665 -27.7648708886545
22.34820548468914 10.64346873974224 -27.63621298971401
22.52673581417774 10.1766757054574 -27.62727639829662
21.72312296532257 16.81729531422547 -29.32679093781433
24.18540777342686 10.07542647570918 -28.01262501966855
24.04827043527811 10.57133976879008 -28.09604136074433
16.68728816887447 1.846385502509935 -26.58301305619999
17.13695009606101 1.692899383382559 -26.69727752201661
18.01675543484037 4.138039848616024 -26.18208780796097
33.04676019406616 2.050039140418566 -27.94902295057126
33.50034833760277 1.922710309952013 -28.05758637086335
22.68127320545142 9.721659136704716 -27.60295614020925
22.8327758957122 9.24419605609476 -27.58282833532535
28.18506240942186 0.2226992807190725 -27.68322227781787
27.70360286078645 0.2754838565088986 -27.65695297245055
31.63124791228229 0.6918024453748517 -27.85281347555863
17.56904805201002 4.235250799119656 -25.97443580984917
19.97709255130379 -1.270581118806184 -27.65604490614056
25.93932299532823 0.1247950865941845 -27.60754909987693
21.79970575622984 17.70997534474138 -29.74468514330261
30.68374836099317 0.9838827985236893 -27.75124202666301
18.95883966444572 18.87949671243603 -29.6553159724846
19.10065556310597 14.53449221952825 -26.89790159743211
19.40620487969754 14.20216344760915 -26.96140437812133
19.46533064645973 14.59539726227339 -27.15866700999367
18.27655811870245 0.5326668875696549 -27.22162498284861
23.24064935090138 20.04859049284239 -30.93469639401528
22.79105956421546 19.88083598518008 -30.82594887912307
30.68783702730286 11.84514174831838 -29.46439131006033
30.37667683160701 11.48245180901904 -29.36572902390523
30.84713873274823 11.37652705258887 -29.38561490735785
24.69182042466469 16.55535320973752 -29.82783329022314
21.54009693116421 -2.678546834827791 -28.09459929248556
21.34955242312309 -2.254030843611018 -27.92347579552315
20.69126055003814 -4.696425952658174 -29.45863763400192
20.2433048015574 -4.772977094939708 -29.67823842611389
15.42295427293495 1.046991588432844 -27.13407738383161
15.24133605066489 1.450714689955327 -26.9032521565153
21.28209195044032 21.46556269442991 -32.00780378949646
21.77623092088128 21.39688614401739 -32.01707121874472
21.33425754414194 17.1287558964469 -29.35676915180609
21.37064429580307 17.56286983889128 -29.57475679934432
20.93875431410601 17.4271324407613 -29.39086568855096
17.66827650882789 16.68979923735915 -27.31527755453866
25.92012811400519 7.791545834418057 -27.73719152560334
30.60376082864949 6.794477878867665 -28.04089158737537
30.26735393305741 6.452673103279896 -27.90982108987766
19.26151344439078 13.41566153579879 -26.61412143243407
19.06889202065756 12.9825117969158 -26.3793573164204
32.69107994402301 13.56451259217213 -30.43006082214065
25.32917487990481 -0.6483054032234901 -27.6818746143495
25.63795913028174 -0.2555034637853066 -27.63983856773341
9.214675687638099 17.33386186104051 -26.62937922880334
8.771720993721429 17.15765575608661 -26.7472320961809
26.85788493079443 16.37840023139684 -30.01466877344788
26.33683147614274 16.45570143981495 -29.98362128001632
24.28291606110229 -6.513753872829558 -29.6694869915053
24.56726104242665 15.6283423472996 -29.55286344924549
24.62273294762374 16.10022910078993 -29.69486654964438
25.84414966473538 -4.00994590265446 -28.59505129625959
26.14746785853715 -3.644560926570642 -28.46020450425203
27.04797433063215 7.17021497491068 -27.70700681318463
26.87778568573183 7.624791662735671 -27.78267575838606
26.5702482323397 7.250511919746039 -27.68994325885295
27.63401294224969 -3.852934466495107 -28.41436964652362
34.80186841951282 3.331351524745435 -28.52511132617549
34.70159896895324 3.804242984151034 -28.51140973674477
16.9317361112496 13.94021222741812 -25.41492675121334
20.54134848103275 17.72557960849807 -29.43329615539221
24.9935028519076 15.32054703075782 -29.53907223105643
22.18121913162847 2.987326117864551 -27.68356900194648
20.29722660821472 15.19464717290608 -27.91660442639103
20.22968936101551 14.76401884371581 -27.68106711050795
17.31891893258949 5.621116677636442 -25.5589742783378
19.17719411912381 15.34396520429372 -27.34170418853558
19.52443711717214 15.02136223185015 -27.38175965176776
15.70879618210921 18.10796177361368 -27.55596704325252
31.01296516477814 10.92158368332497 -29.30307026145407
27.19089813938674 7.994543527327892 -27.8928956754412
14.28350554140216 15.68910532228976 -25.1478301340424
14.06812861902231 15.31319646185847 -25.03456443845306
26.96149661233294 5.034950892659959 -27.54278700344004
26.78055857539342 5.49246820997327 -27.54966751762935
24.90102624694132 10.75920549742476 -28.34403231441196
21.44402387911671 -1.430561870948775 -27.71542518122136
21.93944338773804 -1.492534542899197 -27.74135106025921
21.15273044516783 -1.817249270565678 -27.78663884172346
16.15728262516337 4.569975379232701 -25.49698616317585
23.74346337551666 9.024270328447923 -27.72433686991045
26.49897231436763 17.26132758104255 -30.23825651324302
11.62145285685501 15.23788687554456 -25.0243944197099
11.08352447560936 15.09082974823738 -25.08577608655623
30.04109921520657 8.598001312983605 -28.52676011374552
29.70723967479659 8.271277306512181 -28.36025836470044
16.54108234011977 -1.359156590975271 -28.39662847713838
16.33115869531069 -0.9594212265713005 -28.18403555986709
16.49853534873304 5.918555722763953 -25.28167515787568
18.0128048275518 13.46896150413033 -25.83645272896637
17.65190199310257 13.30370915303427 -25.59549463768407
25.06765503684366 16.28091446410195 -29.80603472831777
26.04568051022731 -4.456976945653278 -28.7135017519509
17.28167806772192 17.73664570972529 -28.02613404086013
17.27856972494443 17.37053445148992 -27.67289028127571
18.12580239240943 5.389977779388795 -25.94631901684962
18.58453583459866 10.83151017506615 -25.78093833103152
17.63174404888553 9.539604019994385 -25.28987364235983
16.49544978052209 18.58158749020166 -28.4908171098163
14.00953024407245 16.07600130652712 -25.21945351924286
13.7244531362988 16.42139748852785 -25.32402251337247
20.34651443206603 15.62074530232563 -28.16068833471931
20.39349399183449 16.04555953044033 -28.42296989014183
20.64795144373685 19.41055381540785 -30.35861573487065
20.62555035111613 18.99699302630314 -30.12904883677701
21.04551950719114 19.14784277863995 -30.28175757147643
33.60758028338867 1.463443380671089 -28.11304789004675
33.95380892259228 1.812541064514627 -28.18997896669753
33.27133848506048 1.099537824087329 -28.05725879950695
32.80395522873426 1.231094337183128 -27.95383233406804
21.40146776799995 18.00357797482424 -29.78770552900669
26.12253744084202 -0.3362821396913714 -27.66574741556123
32.06582625840654 -3.44713353084498 -28.46988809186954
32.19523507874602 -3.93016580314552 -28.57201336857068
32.50089077282529 -3.551752490530979 -28.56474299024378
18.19333787036303 10.66437542133059 -25.54925469115759
17.60491092201844 12.34510418784081 -25.3750557696564
17.28394675901311 18.0888858004944 -28.36335227422099
19.29991519517509 17.8041794069537 -29.04160616391841
19.69992727813357 17.50191271533445 -29.00661138537864
16.52645909710613 17.21581799303399 -27.08784642194883
27.67173329380585 7.902316970824662 -27.92085785676618
32.68964839778832 1.709800902580734 -27.90148005367418
20.36751147874011 4.80696976095222 -27.13041527221896
19.92439541202348 4.819636599430225 -26.94376164864967
19.83865014223827 14.69490134025586 -27.43135585505818
20.16623184145798 14.3348067750235 -27.46566920777153
18.52795266511887 10.34639993234979 -25.72980498322312
26.30347486345135 5.573187855762374 -27.55508176821041
26.59786415266118 5.947355617076821 -27.56257935053124
26.90705792816502 6.329238162735118 -27.60195755165675
26.43000874654725 6.410914631360896 -27.58947240356223
21.03083750094915 13.21899562819842 -27.56574780093846
21.30144272577876 12.79728458953468 -27.58625290916086
21.03766729591588 11.60830830764419 -27.24883273717847
21.22331326640425 11.18448398595919 -27.27568370062182
21.53079468963801 11.5722019825736 -27.4652447282166
21.30097879554308 14.09500844267128 -27.95344838743473
22.75315472777509 21.29585115050781 -32.032105766887
26.4538718895867 -3.274917629145506 -28.33732987441401
22.51199938882119 -2.796471031191883 -28.16608488296498
14.91868922072751 7.303846529719282 -25.03215473811465
14.97000426116609 7.800392877901422 -25.02574094248336
33.72544194205805 0.9889907585518898 -28.1859372330678
20.57405580305007 18.14653626621304 -29.66884743572368
23.93243055171179 -1.719432060776645 -27.87208983366591
25.02955520299643 -1.025816142709881 -27.74444977774575
25.52143616030041 -1.092769589249731 -27.76884517072224
30.69282777469654 10.55138045343344 -29.19538918455661
20.01641767971182 16.37266831312376 -28.43122183373088
18.93879097651647 5.304133226667999 -26.37611185121589
27.21533920936877 6.711864102429229 -27.64638022857735
21.39801380144295 8.240798376152949 -27.15349701937
16.89939877663076 17.29582762749166 -27.3861386497285
14.96241371962103 19.62155097074386 -29.29631694566195
14.94639372225533 19.90812360029859 -29.73144713598228
17.67656901315246 18.1950762789654 -28.6427182062224
22.13832712357517 7.231677820012083 -27.36198546325635
21.80925173526451 6.841416305487144 -27.31360843622991
17.2769850378162 16.99473223760776 -27.34068507408038
28.65886204403494 5.177238424752772 -27.59841369796609
17.29117311609158 16.61931756667504 -27.02449731283932
8.067992888307863 17.04547058872683 -27.11459653641003
8.203529107506629 17.39614468444308 -27.43029572334724
17.32741709571042 15.41742033492307 -26.21955750704632
29.56973283256861 16.17944055852078 -30.43216571510516
29.37737322205911 15.80235679587567 -30.19837709827242
29.23632340266457 16.54869600472394 -30.50417979130478
22.40933981266542 11.46584573005692 -27.78585399339163
21.95980020482192 11.53302337238429 -27.6312963045519
22.17021870664158 11.08260048407993 -27.63719201113453
19.78523453739712 18.71521629162284 -29.78058392612603
19.350635308162 18.59366074884824 -29.58261645362025
27.3469600614881 -2.14482113206629 -28.02996913626063
26.85918363264869 -2.091214002615025 -28.01836330556322
19.66976889456205 17.09643805860999 -28.73347262020605
19.63330027673855 16.68317446491864 -28.44113525656678
15.72657826948797 18.98117269461277 -28.64231757380146
14.26181997540097 17.7363425732426 -26.47785871712851
14.21794475952374 17.39428611753778 -26.13566772471941
25.77568996539907 -2.7721125339175 -28.2109587469273
26.26201507021522 -2.83958640910899 -28.22215544701785
26.0784135603248 -2.401305776586667 -28.10531274032602
21.19984140573183 9.140730083899694 -27.10047578518191
21.30372799462939 8.689237354553308 -27.1277284318435
22.32856477782692 -5.406047109597611 -29.5741098449773
26.26086691379786 6.863051820739716 -27.6261248723319
22.81960892827124 -5.508810000408081 -29.53632379288583
15.60829786612781 2.314473974253356 -26.36331939110573
15.4814578770424 2.727796058263824 -26.15535359937414
25.28777637958246 -2.706540568478557 -28.1979570086657
29.88844982019672 9.047660388320626 -28.66435776531601
22.25555527263891 21.33595233846285 -32.02402781676311
25.55134219580727 20.71442245878425 -31.85123468710625
20.96264905529197 -4.488260487642606 -29.21913794637113
23.52834083358033 1.770000920935472 -27.65852588486073
22.66241353230863 11.86194049446484 -27.94809914719477
22.79733289149843 7.951568834347093 -27.47177947148872
22.46846865688056 7.590000484800517 -27.40994319850209
10.29050906976426 15.41967408925332 -25.27175588346471
28.00262871550973 16.80474724002627 -30.30344089950319
27.81401673887444 16.33344069107878 -30.11211915233223
14.95574127680561 19.0358975221638 -28.43985341122712
14.98720892406256 19.31956521404548 -28.86718871571387
14.58853902180235 19.19866865864473 -28.58934759844253
26.09215698874933 7.32155297149607 -27.67732962191684
24.43037552749445 -1.771174616159604 -27.90730594336561
30.21649266408674 10.65565351668175 -29.18270931704616
30.07335838208497 11.13544006846671 -29.27166590687337
28.06560277112693 1.833227264843305 -27.58139991209173
17.68018479769037 5.922470004246402 -25.64275683904455
17.2692956747653 6.060322812581862 -25.47102949984262
19.84065379477876 -4.788382552568217 -29.85025534443464
19.40631194762236 -4.845279928132123 -30.0965794502932
20.20284098971467 18.85082328128286 -29.95737288870568
20.59698144141292 18.57845212447556 -29.89843634459581
17.45109077492174 20.5124847324012 -30.65127654470327
17.48472799237283 20.82194262344358 -30.96409425714019
17.03561246032134 20.67560951798064 -30.78578882602399
32.93461176216883 -3.64648519989729 -28.67062198430883
29.09222875701368 8.819767177621289 -28.46469796470376
29.40876230047393 9.156505766070243 -28.63790819424628
29.2405468827931 8.387989444901473 -28.32742919051299
29.3806588938053 7.945533321607481 -28.19817464822579
25.70425697099339 -1.53267670401627 -27.87496670645308
26.00417620401326 -1.157873294398 -27.79868995916751
26.37588011348004 -2.03475911566468 -28.00455618322318
25.88971381979464 -1.969816097219288 -27.98298886835468
27.544141457314 0.7097551805475182 -27.61649277672553
19.70939464145225 0.3636866116530169 -27.39354148819267
35.62937547036299 0.4219455477925241 -28.98921851752648
22.20396449618238 -3.158482142041636 -28.31881479366102
18.07860674537595 17.90876429281126 -28.5868276780199
11.85940213843453 18.02441772383747 -26.39427606056067
11.36887642097252 17.98522816563142 -26.40503096115515
21.69463408189048 3.05360207995707 -27.63072133329698
21.96169142776009 12.35871545511062 -27.78007683726519
21.5354192533374 12.39867003868366 -27.60799213975548
21.76457296570335 11.95284121353981 -27.62828629901506
14.4429874413381 4.817765364286245 -25.30162244227842
14.92880695649035 4.977671229859754 -25.29051213119219
14.18328098298234 19.09787257683566 -28.33089051285123
14.21208657454389 19.36175685778107 -28.77082050786792
11.3868746915273 18.43557860401073 -27.08852360943543
10.91465114863257 18.37090114271273 -27.13460903971906
11.12218821346898 18.19761962118519 -26.74981694772918
20.94151158977275 -3.371389061089365 -28.47411575043679
21.24041044893661 -3.024207487078324 -28.26237623422057
24.97250171449037 9.224939666077265 -27.94991123441679
24.64970229956115 8.847528675817992 -27.81948744239189
23.69491864824704 -7.341737631071616 -30.14006300465175
23.32947979546662 -7.570876711247024 -30.35649704084192
27.52326683596608 7.087629266500938 -27.73013352551948
25.54886692598108 20.35891736973471 -31.5791857654615
32.48796324858529 -2.224406235689066 -28.34595240700293
8.474351375485936 17.02681235078158 -26.83923316741815
17.12735597437165 9.372020619460582 -25.14375564585933
22.22207535213242 9.812021522639377 -27.48524554316664
31.16207766934394 0.8466003438914214 -27.79917395675706
31.28026216594752 0.3735478480079375 -27.84817437208684
34.97273921510764 2.850066481921593 -28.59116333926587
35.24685002087561 3.216799564983224 -28.75156361894757
11.83314370409523 18.45725204851961 -27.03733277994323
18.08940700498606 -0.2149543367150709 -27.43966658075299
18.39687733465325 0.12807639306459 -27.32163610415686
20.29737317075441 -3.966227198658263 -28.99335107913456
20.64832138180215 -3.688147490248696 -28.7140916707016
25.40673316830995 -1.903248669015735 -27.96053095936977
15.89846401851294 15.76927157841485 -25.66341830290368
23.4353952143174 8.667931514257038 -27.62317897936627
22.98198311328327 8.781119498614194 -27.56326463835843
23.11435440903028 8.3108597534805 -27.542714339765
19.03509300809942 -4.536045918243834 -29.9707719076108
17.00609799696601 -2.148587977452652 -28.82398155584943
16.76842182349422 -1.762284522444908 -28.6153582484038
24.35767158896687 7.177381209088924 -27.58163005365319
21.43905250779389 3.486738133151978 -27.57039657604283
21.19645251450612 3.906670352637511 -27.49298735410286
17.29512106564562 13.62026164270677 -25.4974685311797
17.27082550934535 13.15213055442659 -25.37375708820811
19.49679140671007 20.17325947914629 -30.66228963809616
19.10677073556331 20.41227111323575 -30.78259105219622
26.17984827967616 4.856676738687742 -27.55853904254811
26.34552784659996 4.403563634843045 -27.56116547772285
26.65189845976311 4.665081045236449 -27.54983246590849
24.1921650019404 7.64558844038444 -27.60524068002344
24.03340170926315 8.108452605229123 -27.63945139583121
12.46548347202562 16.79021730743452 -25.38815009880553
12.73149957463966 16.41830070420803 -25.19923737777957
13.12589585975875 18.8403728716156 -27.68399431726716
24.72905197754948 -1.405026069994367 -27.8185458535528
18.76120572065542 0.451888771865304 -27.26808069008474
25.47869850273359 15.99625782837471 -29.77866249302938
25.54865998787201 16.45322272259687 -29.90447503934865
17.31199171839646 14.09213180084019 -25.63754179833356
17.6929670857449 14.22101809550182 -25.89209822751605
25.10795254323623 -2.267227111786468 -28.05713239886406
25.61110308161957 7.405145456241595 -27.66439857502086
25.13563201642344 7.482514973302232 -27.65044277798621
35.41452593200169 3.661110347080191 -28.87893252078891
35.64063566682417 4.096172589505249 -29.07120913566279
35.30786257583735 4.134595626125791 -28.86664974834571
30.47521119627036 7.255698253281818 -28.14845662683381
26.67035353453689 -1.65466505043973 -27.91586401537581
34.21734011920549 0.9049888594125486 -28.34174129374087
28.02865199006602 3.579401043374509 -27.55316875545697
22.45182534854922 5.173139474172796 -27.56032597046685
22.20045014206566 4.748275932527352 -27.5837427645834
23.69267121471916 2.292867976209664 -27.67674352183946
18.89469478036825 18.09542312004188 -29.0911800428728
29.91412703167799 11.60429358808922 -29.34936383042341
35.92503555234543 5.292127075348025 -29.43552981298843
24.37272596826064 20.4666397616576 -31.38375791834605
28.46828108438226 6.919063497645861 -27.78272985490162
27.99153536836953 6.998940939074461 -27.75176217986635
24.92289340848352 -1.834125451553231 -27.93265461975962
21.45704346238465 18.88996940949623 -30.20710339509618
20.61487913221478 13.16845582053944 -27.33976967755985
32.30904780267327 11.84522663750076 -29.71081100952934
17.61306766292931 -0.1347396770410872 -27.45132147713491
31.49335892521275 14.1651939791144 -30.2561077623729
28.76819036518002 8.499678572816398 -28.28695122090987
29.75010373285739 12.06703679170034 -29.42027456810585
34.76700808483407 -1.795898767531373 -28.95234916244704
26.27853583823833 14.57735629609124 -29.52660080770728
25.99065877527171 14.23673721024992 -29.41811594418343
29.9968275674078 7.381405061088321 -28.11217025729812
19.309498195776 13.80498525403258 -26.75876547818775
19.67858538442074 13.86903727232183 -27.01228128584569
17.22181692835614 12.66916806355602 -25.24277966395518
24.87749522162327 -7.562737456662589 -29.83566236165887
25.18334867396992 -7.930805243480659 -29.8324210147067
25.25518295665571 -7.556184132686603 -29.72886679966997
15.80042862117006 8.355522076935301 -25.02606039580745
21.78856983278837 9.888188058846286 -27.35432013735879
30.04936373729058 12.41918483169975 -29.50791779636373
29.5824846426956 12.5355708734182 -29.48058083119778
31.44425862732255 -4.204663354237505 -28.50819632504137
31.55491708861203 -4.660447483181029 -28.61054598439852
31.8705537520193 -4.281066958470833 -28.58094392941672
30.17820986969641 5.087732379931309 -27.69802367093501
20.80116995434371 4.759945957985915 -27.29158486917864
24.66514362349036 7.554647890469026 -27.62850661093719
22.3635103680047 20.10417284086618 -30.94990664713152
27.26381049770221 -0.8872722924971832 -27.78410747645199
26.96627958526117 -1.273929865967359 -27.84409111763116
29.71987143473675 13.35782837209743 -29.63786535521353
29.25441829000548 13.47338693365949 -29.60317580233153
29.41536553931211 13.0017244067902 -29.54304745879689
27.22455825263767 -8.155867106270145 -29.43342738517525
13.88761558967501 13.36318782329167 -24.99032021844504
13.78996780496204 13.0137312717047 -25.0261118170569
21.46491335684463 10.74734522915026 -27.32676864002342
18.92083074946656 18.49288574752129 -29.3753273157226
21.94578663104727 6.376915947060947 -27.37485353181233
21.89631580225869 10.70965482637575 -27.48826810684611
24.49629010782006 10.70228998460858 -28.22878557486164
24.06404741209348 10.94986138915516 -28.18616865894702
35.78899683525958 6.70453550596695 -29.6667019828794
35.80792820787395 6.216597152756645 -29.56180949445635
9.963963266635167 17.6976488803841 -26.57302164238179
9.56057781581187 17.53545489011717 -26.62534458069684
14.15965184454018 18.32470009603286 -27.14067129208852
14.16675275010307 18.02644997358628 -26.76952949671835
28.45052258298249 8.159004685883355 -28.111712050949
18.36321841535796 -3.91214352710089 -29.69940770964813
18.50709160092734 -3.630243313897484 -29.37052030047715
24.4837441035403 19.70578415333289 -30.86904995406956
24.07048584162231 19.95318454637859 -30.94728907333029
20.99681302949824 18.29275308631787 -29.84017023606468
34.5201185646006 -2.229183179416074 -28.92621008082619
12.36738827293875 18.01899024044112 -26.40217995187467
17.31284406142214 15.84388060075681 -26.46459569269933
18.79830064768895 15.26607634256813 -27.05589779015036
25.67741396009683 -7.58936323372311 -29.62837546573992
25.3670836468407 -7.225564284709854 -29.61395512661469
27.82294459149747 7.454705344513966 -27.82881755162415
35.98108926693739 3.35079115110014 -29.20998173685114
35.58449576531144 3.179220305876458 -28.94692065014326
21.42886095078152 18.44609535243861 -29.99618606533776
14.87462052889091 4.163063829089298 -25.51841481591974
14.41661905858497 4.339115652811374 -25.43873347606907
17.50259627939394 21.12641610195594 -31.28687903604762
17.54770300842431 21.46102538133401 -31.65372859063881
16.75985873417686 9.264420773669992 -25.07719471582306
16.3337145351963 9.335670786821479 -25.01739811051317
19.57483025731248 -0.4463940169216461 -27.48214724378225
19.77573039588934 -0.8530948913804683 -27.55634330900079
18.84447673870369 -2.560910503055022 -28.39946135402698
19.04859678037135 -2.947165448920952 -28.59778940733339
33.22864371911498 -0.480882367631179 -28.24112599460045
33.28617133877871 -1.006780158273798 -28.33095346738376
21.34721280456351 5.593277046181918 -27.32741768224487
20.98892746679249 8.326537219622191 -27.01383088969654
20.54724106577235 8.476987044959571 -26.83701141329455
31.56820743082029 15.17684142704048 -30.69540298762795
25.07415844089761 13.06191753074963 -28.96784922605364
25.12401979274475 13.53131500764601 -29.09331487599239
25.89006286134507 12.96705367535482 -29.12249157634579
25.43823395926326 12.76871795529397 -28.98463338366948
27.92558506207353 2.297467739038135 -27.56559706327479
27.87381276097068 2.765960394702449 -27.55935547930466
20.98103561567875 4.330478283153881 -27.39854527717446
21.24892852350775 4.76473477557001 -27.42028039354323
21.72281741588925 -3.088786264526781 -28.29384276659408
13.3612174575934 13.01939796518514 -25.07278021236279
13.72531385094916 12.68015830692031 -25.06596747065126
20.06214927757 13.90398690416716 -27.2540888568553
20.82982931647829 21.53118798734035 -31.99216603300404
29.09341615316712 13.94274076220113 -29.66513989157237
29.45781104707271 15.08919042980902 -29.98156727680834
29.67471301984559 14.63599632066115 -29.89976863653823
18.77510069679434 5.700151716784297 -26.21607981332697
19.45671958110935 1.217714615707086 -27.26925548328723
21.21292379798589 3.047400580649241 -27.55757050868147
15.76332841640471 0.2466332181047431 -27.56288278073045
15.57678129121179 0.6583062606389979 -27.35052617798428
13.97967482980235 16.76261271591533 -25.57822620687157
10.89702032284699 17.91583963068964 -26.45241366275066
35.33128065758964 -0.4931182606531267 -28.96938193247207
34.86422228053878 -0.5960691011154254 -28.79087909598333
16.90187750315343 9.76385415810514 -25.07269425777624
28.60493239174584 7.718495775026541 -27.99605464708416
28.13926583062253 7.81157486264796 -27.9537493901311
29.06539422554613 0.1071654046825669 -27.73329710146538
10.44996856504675 17.82133054339265 -26.49509537737118
15.71726997868434 14.40093076673534 -25.15247484960699
15.29491010225153 14.20794364128086 -25.03416770554163
13.79023050379725 18.51012114020413 -27.27718949789767
13.44511015291429 18.72160356545275 -27.51793269856592
8.611331628929104 17.56214371371462 -27.3332947876763
8.446859892996677 17.69837351187456 -27.65174706391239
17.2651794960201 6.542421130688366 -25.40742092204208
32.1025239373766 14.4190488804728 -30.55124565097307
32.42552311125455 14.04061433197775 -30.50919345535901
21.70636502044762 4.747586855891914 -27.51312598027197
28.32371460482764 17.61065111511497 -30.73902405694604
20.19733558422264 13.12336264136969 -27.10058210794886
20.45770110924352 12.74779375430777 -27.15765117970296
26.48312574671066 -1.219263152410645 -27.82290547864189
26.29960545126292 -0.7748316102720969 -27.74064724359956
15.91368259640726 15.3012833324198 -25.4665920214867
15.774166601233 14.88108590711876 -25.28379378816159
27.82817080896418 19.10570163505798 -31.4187814335132
26.22052273707911 3.093870996654218 -27.57325933751686
25.95113450261864 2.635805190138477 -27.57876594828332
28.53642287011944 -0.5898707469586381 -27.78753155986402
28.87728716009615 -5.679746196182596 -28.73285261089231
18.77996106665465 -3.130132267288906 -28.82769702851168
19.23188808066273 -3.243795452528464 -28.74918407822184
26.60169714048131 -0.3977584256873647 -27.68967465389949
14.19626138712425 18.61828920873022 -27.56509735567285
18.88767121227171 21.73701395965427 -31.96719120548826
19.12786099945929 21.41650464181437 -31.66634815088992
27.70236537076368 -8.038557104105017 -29.35211969405802
21.10935822781808 12.39425645998511 -27.42077153413134
25.99402384561019 16.64978683413585 -30.0008744604293
31.36886763978961 -0.8342679985493089 -27.98219128559925
30.90023447944665 -0.7806396520016774 -27.93140334403644
21.16144299664666 9.573921180686643 -27.1011056059108
20.86149390228678 9.208857494748647 -26.97090915767364
27.7143325130039 3.224318967689979 -27.55227575457626
27.45014158539213 3.679490306146359 -27.54870778124689
10.63286927255323 16.53407235033881 -25.50409534005825
34.13622840165556 5.459830537942399 -28.5150027129245
34.96337500387649 7.796963033030899 -29.47096375259917
34.52464755232372 7.824551724296298 -29.26415227185147
17.2423645076125 -2.504397521277749 -29.01142333220245
17.46068246795718 -2.248069366650044 -28.70156579835106
31.6144063176584 -3.383593917628855 -28.3860034443223
31.74197958288705 -5.546565950797423 -28.80511681208549
31.37219911138321 -5.881351152421696 -28.82804136607554
26.1074539978869 5.254159286258981 -27.55467847522763
28.93096574978934 14.39386364659219 -29.72968827771007
28.77805452032441 14.83576965311427 -29.81060194915763
27.12719202306748 4.581806613851469 -27.54478518223954
22.39005460036885 12.29104271076063 -27.93202530611653
28.16991974092481 17.19525057564079 -30.49846881229741
19.14466623202959 21.12937457101484 -31.40237807832858
19.12227904616502 20.75068930607255 -31.06558727005871
19.5486118954704 20.93536297922834 -31.27462294600419
27.4401702276271 19.40983771144335 -31.49790499279604
26.45628525107849 11.4354307045651 -28.88523151558239
26.60351158990034 10.9901498612291 -28.78696778373836
27.29104998524576 4.123277971932512 -27.54715052338469
12.09998663733761 18.26292520567227 -26.71024832088541
12.33972765814929 18.48130957435352 -27.02535031875788
20.67368658032035 20.27692949487829 -30.91247031976716
20.67172695621192 19.81705278227589 -30.61268389426959
10.70334864009111 17.58947442547225 -26.16267736549599
19.37233023420305 -0.01349504851401419 -27.40217342909715
30.00504040974617 13.7077444297419 -29.75824998890858
30.1677951114674 13.23872381548266 -29.6845132645088
33.69492346084827 -3.347223238532136 -28.81127799596123
30.51202746519898 12.30961530951629 -29.54072446059413
15.32071519227545 16.88217542052798 -26.12370572177031
18.02344310913462 21.56239899205963 -31.76549299870691
16.1099395920561 3.247905358574766 -25.92495855491968
17.74179130277542 7.736415918761725 -25.44026461248947
32.72963106097991 -1.849059196787205 -28.33244839724845
29.03429656567046 -6.592544363947171 -28.93509132589642
17.00410526144521 -1.476182415342858 -28.3117576878265
30.34287545612964 12.77552172732985 -29.61410876383726
15.04857919765662 1.80008823589971 -26.70845138971574
34.37407614160654 1.727131855850695 -28.32416556527323
34.26528535132098 2.187070602298533 -28.27404965536826
25.45978155863185 13.68553393554028 -29.20435317124038
25.11514522756315 13.97873876565493 -29.20079313799564
33.39458995888643 -3.745200726245306 -28.79198973126425
29.8392004722176 14.18798513885149 -29.82211933788322
10.30818142278332 14.99190451527592 -25.21338409651956
9.876742699044733 15.10827657880849 -25.31063971331449
24.24690463771261 11.79269818273617 -28.43267414084728
29.69472459700351 3.398854227601203 -27.60744327614612
8.741903586813619 16.26866727886251 -26.11478279129722
8.396388531173056 15.97367011204598 -26.09646601939079
17.29573035637564 16.23152865378761 -26.72826896361157
35.50463269497371 -0.02532482654866758 -28.97929042125488
30.97331887359896 0.06342296233209918 -27.84852278760854
31.44186432042241 -0.09067774926155994 -27.90888725629753
29.54244001239929 7.498834854622808 -28.07666486047475
29.68964759776023 7.047306034004422 -27.97329951344904
26.97668173458405 3.76820993493351 -27.55145399129793
20.52021892408721 1.655891263887965 -27.46305605657412
19.8092651395831 19.12246825518979 -30.03074624171285
19.84837707698855 19.53023753553268 -30.28870139361517
35.05136475191885 2.419168620369604 -28.61601895869033
35.03016466060375 1.89780121110084 -28.6070294215978
19.48730773989305 -1.234520654588821 -27.65291313125718
24.77820084881265 4.2368139862811 -27.63113150651245
16.39202741693784 1.62878943945472 -26.69913423240214
15.9096934054122 1.605500839491944 -26.73108060077
30.95085281213455 -5.706429591943407 -28.76099476682226
28.60785288796942 15.19258143534209 -29.88092347306757
32.32226349770114 -0.9891360446154909 -28.13008014627666
31.85738268003566 -0.935012406807282 -28.05516375395798
34.59821700489071 2.533422427906811 -28.4054223863649
22.40337310783468 6.336218362609944 -27.44350779243026
22.87391259892103 6.24459630947501 -27.50515272750622
35.98111034152866 3.848123674404404 -29.25568346343638
34.73120767206925 10.55219361376393 -30.19420649704812
35.14875682462821 10.52196729159986 -30.38211601650149
18.70429911683931 20.61728604538103 -30.89746230437292
10.76002450925496 14.80004988829956 -25.12347903358389
13.32331446445295 14.10821058330258 -24.96392727079755
17.91049697465739 -2.345433564545085 -28.57971090071732
17.68266687749845 -1.975292538846871 -28.40866497795446
28.76353966848858 7.265892100725857 -27.89273571938038
29.07645118294775 7.617252449181114 -28.03972880626851
34.94197489861526 4.081873583038364 -28.66188027465174
20.36708865213336 3.046062051519859 -27.34138968622011
20.84364406889573 3.121526086610396 -27.46161957989748
19.22287164566808 0.4190130177016844 -27.32523028200456
26.5593256504867 3.448517991753067 -27.56205048076962
21.5219496573905 5.179000446064751 -27.42412718595433
34.88243389812669 8.770659143237218 -29.69955416142656
19.89597472795635 20.6387979094538 -31.0762716460443
19.92000790186435 21.03011589396411 -31.39881354197498
16.15012300505167 7.653940317894619 -25.07787586712593
28.63530888464131 -7.285605552391454 -29.11272923423587
28.60817309795911 -7.755455331557554 -29.21826984163201
14.95849921327037 13.90996919940144 -24.96449695229128
14.49509738891582 13.75481891856618 -24.95611189727926
34.12058202609599 10.90741149733085 -30.04488222897679
33.99551168820898 10.48033727886817 -29.85433590066582
34.35783888410949 10.4671728829389 -29.99738697492033
29.39618458640726 14.27962618876041 -29.76804495076676
17.91883017519464 20.97160017893746 -31.1439996820405
18.30894806547195 20.79709540557726 -31.01589614473354
18.32794816535937 21.11846100550587 -31.32171099450039
16.900568741388 6.242608577637021 -25.3343586650297
24.3446860028906 8.468488047363854 -27.71455523336176
23.7632665383696 11.22537747408337 -28.16404545755571
14.60104904191881 20.29545353681088 -30.31451171977479
14.98889913855883 20.19079862454899 -30.13085522688714
25.60917865690915 2.274365682747998 -27.5835508973868
21.48411520554246 20.53455393297686 -31.19974732552965
21.69372300829257 20.86711271644924 -31.49851013244588
15.74971973661348 7.364868867820084 -25.0579240020881
15.31110170866381 7.081440596612291 -25.05277634695394
18.69977296932731 -4.247398515280779 -29.8530319580587
15.06063075678377 4.555354702114158 -25.39878540578616
28.94139313831915 6.820052728515758 -27.81620998653345
27.78145945025018 -7.583243163605498 -29.25026602658074
27.91105125662922 -7.158213838036419 -29.14760079460131
18.21371305242601 -1.398269981558335 -27.90475344343306
17.93752454138029 -1.678754869723423 -28.12871320593165
28.14902377604247 -7.937696646929917 -29.28841943496353
20.46624000595198 -5.691275917795195 -30.39692474687572
27.08198792762493 -0.4598221392467675 -27.71727896194344
26.9044724710538 -0.01902503670938583 -27.6585176931201
16.56563117517592 -0.6661845408827902 -27.92571678285113
16.11179162677719 -0.5697916675983541 -27.99114431792804
17.39810803801535 20.20734083958039 -30.34779389226686
16.96159841135319 20.06398532097268 -30.1443709118822
10.76855075821696 18.54340231908138 -27.52357644498238
21.80297093586362 5.576926317115928 -27.42572256184123
11.1289423970708 14.58457567239721 -25.0796084418159
21.96965495631221 21.07613667498387 -31.7259431452496
31.64874567504399 -5.080099698334594 -28.70380297161205
19.88620947926588 -4.514140248706033 -29.5777897038955
20.02636093963485 -4.172983268669865 -29.23540954534641
14.11249329909132 17.12338381505952 -25.86758491278731
29.08711106932264 6.335121298490952 -27.74461952211368
33.55817125774202 10.63620416571376 -29.73589115702588
33.79436761742355 10.19514294605836 -29.69060901271892
30.98765160061282 -4.160782637806946 -28.44807681240684
31.30436723729755 -3.782847403489988 -28.41096497749752
26.12762374359642 15.01295098624514 -29.60731672556554
34.12271508704652 9.21263368208427 -29.50845800710012
33.99337873411521 9.720620874150061 -29.61756614013527
17.84609066822155 20.34292092921167 -30.53690229716036
12.1977251168746 17.15250336854816 -25.57345393004402
30.70121727408848 -0.3261519617161898 -27.86429990268345
28.67926825395743 -6.416497304873811 -28.91377060329857
28.68800562511296 -6.910969218186585 -29.02625251737696
20.25334080998439 19.67263864040056 -30.44962130988869
34.41982171530272 1.308916468088253 -28.3808370909871
14.02799438191014 12.2842926097122 -25.06066904820358
14.41486436698994 11.82621342169692 -25.03878059187522
15.9224198779623 -0.1577378699003524 -27.78233563077855
23.88080590214742 8.557347085291624 -27.67358190551756
19.09835191573977 0.8285508226390468 -27.2523584426102
22.73045634511504 5.548053007125209 -27.54102730053205
22.2603608992004 5.53624724257323 -27.49625009801508
13.50501494521614 18.91892898280617 -27.87046088182141
13.81438561675807 19.02103522556721 -28.11438891175159
32.73185730923877 -1.041525098238909 -28.21084079911499
32.52377888785113 -0.6568086457648812 -28.12046647640193
29.3835077577909 6.683607958451216 -27.84676361127189
29.83823077004963 6.567369353492128 -27.87750418883223
19.9564075760539 13.50218076810219 -27.06579695158246
17.47824941306552 -1.599170002957483 -28.22729143271038
20.59080060202123 9.010829609965215 -26.84772170411631
18.29536176798238 20.47295526646263 -30.71710085542396
19.87049416735389 19.93039866663587 -30.55308384831261
19.9012004201491 20.31398384643911 -30.82530139984015
26.40024667618173 3.892246472268456 -27.56397742284259
21.63554903609878 10.30550729016731 -27.34645414133141
21.3543705347576 9.92515452212357 -27.20096178549089
27.22586844700795 0.351523800140691 -27.63221217780355
14.19922189328285 20.12022408642063 -30.07703583337852
25.7962385902168 13.51604708316507 -29.22422091010867
21.90877787702495 20.25500914068465 -31.02760385471247
28.56002786659766 -6.057038993076855 -28.83889583371248
15.3994754203586 8.067096512448826 -25.02307890485224
23.70194356569359 20.11810502401187 -31.0040892897736
23.26633294371132 20.37872159197485 -31.16725131246667
35.35758997657989 10.07188536332463 -30.33165329095711
12.01709426453074 19.02147859684123 -28.12494519301012
34.58855476573238 8.576148576666762 -29.50544657157442
34.97973340798024 8.32241378616148 -29.61697967007603
31.62452020545453 -0.5026696623494675 -27.97331087798002
25.26534466907503 9.599375044145788 -28.09746924724041
27.26430919102909 16.3907594056627 -30.05718583516703
31.73173006716475 14.44910201316791 -30.43757952152891
34.33045495717518 0.04309379178148817 -28.48383140942457
34.67048390745926 -0.26423190665623 -28.65934474269476
22.97925331301313 5.854193529645501 -27.53341289577393
23.31657487121489 6.185012346499746 -27.53573628335223
21.69512956365234 -6.600743487691225 -30.54228368631307
16.49267382745944 6.402123826581407 -25.22310457597502
26.00751509662737 -7.891709272621293 -29.60870673807246
25.84936886955033 -8.314166817884194 -29.72821778962247
8.148263125750674 16.26216837889059 -26.39329076332489
14.22609182281344 14.12057322568095 -24.94597614474035
14.49747922379325 14.53394370679375 -24.96603076849048
18.03950520845411 14.33511819619056 -26.13969558141129
18.40088791505744 14.41917111080953 -26.40372806537021
25.3069766864588 1.907006926571759 -27.58493874280074
13.83769745778184 17.36274794132346 -26.00269950706279
26.36998093932001 16.93382628385883 -30.1193360348607
16.26846751761457 11.42339388655586 -24.94468370236865
20.56090006987105 -4.290663196461026 -29.16352001710207
25.78819504507615 13.96444243031496 -29.32758852239182
30.59540567778666 -5.589799216622224 -28.71369226837049
30.16379315665158 -5.279966137872213 -28.62963579634498
16.60852607328923 20.53080723500809 -30.6069849733048
18.39688143339588 -3.075875808217313 -28.94432421087338
18.14348584328949 -2.725031131050109 -28.77445131297932
25.06617514363092 10.05691058457362 -28.18660384620213
24.52294002708034 -8.165185331159623 -30.09296080206601
24.44513384192302 -7.754501882716801 -30.01777422545163
10.96329396385068 18.74319290131045 -27.88180072836673
23.49990931267815 20.67024154001466 -31.43719446351704
33.08770625658608 -1.340899705506563 -28.32805982020739
28.82521458705524 -0.204108630797419 -27.75474746319833
16.54559444573755 19.9175840047106 -29.93940803147721
18.70134073348576 21.23106611928694 -31.45803106944699
25.4779575577404 5.750684714480378 -27.56851618151469
25.92470662759229 5.709259994960464 -27.55769962538741
29.7758020005763 4.718219828713957 -27.6426709430932
30.69085093412998 -4.544009817796729 -28.50147429456808
22.07895197929777 5.954301659657538 -27.43200786453867
14.6524475546749 3.036667003922691 -26.00450634988476
28.76080463791585 4.777216986354426 -27.58426138256026
34.72934386968154 1.683563420686252 -28.47058847700972
24.20607742574221 11.35164019811682 -28.31711385487868
30.42900396988789 -4.847124333878044 -28.54722370871733
18.65187826445592 13.26631332258249 -26.17563224188895
18.66271093863253 13.68372112578368 -26.30408782305217
18.36071111894895 13.58409217981783 -26.08098145945493
28.21438266045926 -6.372905288100506 -28.94131060501746
18.65507079685151 6.043509333421795 -26.09107677914894
18.40333250217137 5.638975689122551 -26.03177836727313
26.84188747244673 17.06774594338827 -30.21890793476396
27.11827325426882 16.75041338748998 -30.1502101066102
20.55885059098388 9.444662266929203 -26.83339449466753
20.6234004968786 9.93498836614261 -26.88326419472617
25.31053952705946 15.08878790697515 -29.525832477515
25.31591123982901 15.59429341143309 -29.65900621941913
8.521198450013436 16.52876711383162 -26.40989188328966
20.25943141014578 11.96010204457896 -26.90096450284346
20.32069363396797 12.39866162649606 -27.00946129716708
25.36844559811919 -8.270451855603305 -29.85310850229203
35.90645675680526 5.782760328195589 -29.52672878087652
15.53899173551686 1.694449181311085 -26.72104621178872
18.36648092147144 -2.450293790002356 -28.48443753460832
20.74129617933709 12.44519597230367 -27.24315976442394
15.98035884792335 2.23535521818302 -26.39120109811407
16.38612854943466 2.097504515854532 -26.45140312924761
13.55334146315762 17.69882368747334 -26.24402986529994
24.09513120179636 20.2786992514269 -31.18597808332223
23.17253564174218 5.489192480327175 -27.57962220833679
10.15646934214803 18.87232268457721 -28.61126402541858
25.22059913633168 14.47541502961876 -29.35327141295605
20.96754725120423 12.04332159997896 -27.2815370164904
20.66932796054073 11.65883372598279 -27.07165285165563
18.02175880539901 13.88564800726639 -25.96793164913188
13.84959506040486 17.9274539017374 -26.55804862569741
29.04995961789536 5.13087693279627 -27.62098620255146
28.42511479164003 0.5342306090084854 -27.66480859000897
31.89517401800271 14.80368124247342 -30.63920667693061
33.40686396972409 11.13611420447048 -29.8356318472509
15.31098857025356 18.89500713232194 -28.37872983828363
14.91598224169612 18.79193686544395 -28.08862004431232
24.992854081971 -8.275175215948458 -29.96651494422261
16.19165652882883 20.37128001550679 -30.41301272536917
19.00103102084899 13.75482971420532 -26.54431480223513
18.70154596151452 14.06813631395326 -26.46294487209758
14.56127239764274 18.67771369261427 -27.79323687998761
15.06731685058031 3.310849934609807 -25.87558370697434
24.00267162180081 20.62422159536404 -31.44531423183611
25.79704374724052 15.76703517731255 -29.75568988677159
8.67955843910687 17.36781540279696 -27.04109433595755
18.79063031467744 14.87962249860027 -26.85315825579018
18.7379726982941 14.49007141938272 -26.64550318124072
18.00534024913661 5.733579826263203 -25.82204384635916
17.95941197800753 6.170873539248637 -25.72480514805253
34.27283974459503 8.739647496924144 -29.42204503449192
18.58181397816909 -3.368383029552311 -29.10192109279224
10.21964385548487 18.58716686513274 -27.92857813271761
33.81599524885285 11.30668403058226 -30.05492110242448
18.31029877657133 21.3961799239781 -31.59583860215954
31.93094195073397 -0.1921053760250164 -27.97684320214599
32.3981532716609 -0.3248618328107955 -28.06023124247464
31.22144534002505 -5.002137767568238 -28.63923860487376
20.27234894253634 20.40851181101759 -30.949645115326
15.80265087838394 2.938340883370572 -26.04561933616576
32.80918890165987 -0.3781286199811858 -28.13433847222456
26.06969048326016 11.41008431049179 -28.79562095156041
18.3496388818402 6.353341277925917 -25.8808667267464
14.97638520600965 14.43313260563645 -25.02922454408146
18.39708635418548 21.68102480028044 -31.89566332578122
25.65298017608197 14.40451242604337 -29.4059719315976
25.63317495090227 11.59233030062629 -28.74238041679089
12.99286219412113 13.35549080857638 -25.07316164257231
19.59837588176719 7.668550297556886 -26.40199569510182
27.9635650840375 -6.784052348867357 -29.0591027786439
24.15457489015706 2.296829047077657 -27.6566504867714
13.1299383056543 13.73146241093668 -25.0074388093006
13.61822011992421 13.72874502075761 -24.97673110861958
29.06222420898903 15.08457750797124 -29.91464126970099
25.74502974676132 15.02141270316384 -29.56418548160018
25.42108081664603 14.74497461417383 -29.45552769001055
34.37339664925115 8.293331422367505 -29.33296538066648
10.55224424571685 18.67870223738728 -27.93354188404797
16.58537158223162 20.21796695493986 -30.26943924584267
15.75886971894971 7.864567350841028 -25.0392463972871
35.08047677342952 1.478919364502043 -28.65222246847195
24.88874329141308 10.38431339641044 -28.23953429940349
21.01516899752494 9.993187526387763 -27.07305130130153
26.01721358026804 15.35716793271102 -29.6762723214994
28.28086048036037 -7.107370878001159 -29.10108635602437
29.28689650385478 15.44495562839997 -30.05520118286393
29.45031882002473 4.965928104279787 -27.63406291246752
14.19126859022538 18.85693072523393 -27.93295766033623
28.58821627458729 0.1235539391687994 -27.70974410612647
30.86644099006293 -4.886780848406861 -28.58575845128966
30.9601023014953 -5.306129561872327 -28.68053997356697
15.41310102476671 3.073989331631046 -25.98502074046684
10.41221316056057 18.79816132247036 -28.28212778904784
15.71785410167169 1.960690382285341 -26.54505549331539
24.65651198408805 9.994084950656788 -28.09460238911292
14.08074723056076 13.73995203754127 -24.9517191610771
$EndNodes
$Elements
1 1567 1 1567
2 2 9 1567
1 520 719 663 931 932 933 
2 614 766 206 934 935 936 
3 636 637 350 937 938 939 
4 581 850 273 940 941 942 
5 222 918 819 943 944 945 
6 269 391 53 946 947 948 
7 228 780 50 949 950 951 
8 825 909 556 952 953 954 
9 231 232 195 955 956 957 
10 605 907 286 958 959 960 
11 564 711 290 961 962 963 
12 548 850 581 964 940 965 
13 637 745 350 966 967 938 
14 778 865 529 968 969 970 
15 538 790 726 971 972 973 
16 206 696 614 974 975 936 
17 218 578 577 976 977 978 
18 292 605 286 979 960 980 
19 819 918 571 944 981 982 
20 559 560 513 983 984 985 
21 809 825 556 986 954 987 
22 619 666 463 988 989 990 
23 50 780 49 950 991 146 
24 663 719 452 932 992 993 
25 529 865 638 969 994 995 
26 242 773 240 996 997 998 
27 290 719 564 999 1000 963 
28 217 560 59 1001 1002 1003 
29 588 603 465 1004 1005 1006 
30 62 231 195 1007 957 1008 
31 204 799 646 1009 1010 1011 
32 200 575 573 1012 1013 1014 
33 563 780 228 1015 949 1016 
34 465 603 548 1005 1017 1018 
35 210 812 657 1019 1020 1021 
36 373 630 371 1022 1023 1024 
37 569 605 292 1025 979 1026 
38 726 790 630 972 1027 1028 
39 395 789 616 1029 1030 1031 
40 789 880 616 1032 1033 1030 
41 501 642 502 1034 1035 1036 
42 657 812 656 1020 1037 1038 
43 222 819 768 945 1039 1040 
44 666 697 463 1041 1042 989 
45 441 697 458 1043 1044 1045 
46 199 777 707 1046 1047 1048 
47 527 737 616 1049 1050 1051 
48 589 740 215 1052 1053 1054 
49 626 628 196 1055 1056 1057 
50 463 755 619 1058 1059 990 
51 292 712 569 1060 1061 1026 
52 550 803 793 1062 1063 1064 
53 213 854 767 1065 1066 1067 
54 54 269 53 1068 948 150 
55 215 895 589 1069 1070 1054 
56 707 777 601 1047 1071 1072 
57 793 803 205 1063 1073 1074 
58 390 909 825 1075 952 1076 
59 218 579 578 1077 1078 976 
60 606 769 766 1079 1080 1081 
61 646 797 204 1082 1083 1011 
62 241 670 243 1084 1085 1086 
63 766 769 206 1080 1087 935 
64 619 755 618 1059 1088 1089 
65 767 854 729 1066 1090 1091 
66 269 392 391 1092 1093 946 
67 542 817 729 1094 1095 1096 
68 285 603 588 1097 1004 1098 
69 639 847 727 1099 1100 1101 
70 38 209 37 1102 1103 134 
71 638 848 823 1104 1105 1106 
72 209 680 37 1107 1108 1103 
73 245 773 242 1109 996 1110 
74 411 629 627 1111 1112 1113 
75 502 642 505 1035 1114 1115 
76 527 807 737 1116 1117 1049 
77 217 778 560 1118 1119 1001 
78 533 835 831 1120 1121 1122 
79 286 907 294 959 1123 1124 
80 224 783 632 1125 1126 1127 
81 240 773 410 997 1128 1129 
82 45 219 44 1130 1131 141 
83 577 888 218 1132 1133 978 
84 831 833 533 1134 1135 1122 
85 729 817 721 1095 1136 1137 
86 522 848 638 1138 1104 1139 
87 560 894 513 1140 1141 984 
88 573 904 200 1142 1143 1014 
89 627 652 411 1144 1145 1113 
90 569 712 647 1061 1146 1147 
91 392 393 391 1148 1149 1093 
92 703 824 814 1150 1151 1152 
93 692 804 764 1153 1154 1155 
94 322 587 312 1156 1157 1158 
95 371 630 411 1023 1159 1160 
96 231 233 232 1161 1162 955 
97 243 670 291 1085 1163 1164 
98 559 899 318 1165 1166 1167 
99 40 549 220 1168 1169 1170 
100 318 899 642 1166 1171 1172 
101 564 719 520 1000 931 1173 
102 349 633 580 1174 1175 1176 
103 603 850 548 1177 964 1017 
104 599 671 669 1178 1179 1180 
105 203 687 28 1181 1182 1183 
106 628 800 196 1184 1185 1056 
107 561 686 565 1186 1187 1188 
108 493 613 445 1189 1190 1191 
109 539 845 709 1192 1193 1194 
110 29 203 28 1195 1183 125 
111 514 641 602 1196 1197 1198 
112 458 697 557 1044 1199 1200 
113 631 885 211 1201 1202 1203 
114 783 857 632 1204 1205 1126 
115 595 669 323 1206 1207 1208 
116 613 766 614 1209 934 1210 
117 390 881 637 1211 1212 1213 
118 692 908 804 1214 1215 1153 
119 208 855 42 1216 1217 1218 
120 373 726 630 1219 1028 1022 
121 267 850 603 1220 1177 1221 
122 829 858 422 1222 1223 1224 
123 323 668 595 1225 1226 1208 
124 463 697 441 1042 1043 1227 
125 15 565 14 1228 1229 111 
126 637 909 390 1230 1075 1213 
127 48 216 47 1231 1232 144 
128 549 553 220 1233 1234 1169 
129 703 814 519 1152 1235 1236 
130 513 620 506 1237 1238 1239 
131 406 774 400 1240 1241 1242 
132 588 604 285 1243 1244 1098 
133 452 795 663 1245 1246 993 
134 709 845 219 1193 1247 1248 
135 568 791 679 1249 1250 1251 
136 407 623 622 1252 1253 1254 
137 727 847 585 1100 1255 1256 
138 823 824 703 1257 1150 1258 
139 599 669 596 1180 1259 1260 
140 665 741 198 1261 1262 1263 
141 407 622 621 1254 1264 1265 
142 712 889 647 1266 1267 1146 
143 657 693 645 1268 1269 1270 
144 294 907 684 1123 1271 1272 
145 723 813 432 1273 1274 1275 
146 59 560 58 1002 1276 155 
147 777 844 601 1277 1278 1071 
148 445 613 464 1190 1279 1280 
149 639 727 414 1101 1281 1282 
150 501 502 500 1036 1283 1284 
151 565 904 561 1285 1286 1188 
152 684 905 294 1287 1288 1272 
153 641 642 501 1289 1034 1290 
154 606 772 221 1291 1292 1293 
155 78 876 861 1294 1295 1296 
156 40 220 39 1170 1297 136 
157 307 824 823 1298 1257 1299 
158 312 587 304 1157 1300 1301 
159 587 801 305 1302 1303 1304 
160 323 670 241 1305 1084 1306 
161 698 699 604 1307 1308 1309 
162 464 612 610 1310 1311 1312 
163 4 750 3 1313 1314 100 
164 36 680 227 1315 1316 1317 
165 396 587 322 1318 1156 1319 
166 431 432 416 1320 1321 1322 
167 596 669 595 1259 1206 1323 
168 37 680 36 1108 1315 133 
169 623 652 627 1324 1144 1325 
170 674 858 829 1326 1222 1327 
171 248 580 245 1328 1329 1330 
172 631 800 628 1331 1184 1332 
173 200 798 575 1333 1334 1012 
174 407 652 623 1335 1324 1252 
175 565 686 14 1187 1336 1229 
176 58 559 57 1337 1338 154 
177 552 871 770 1339 1340 1341 
178 547 647 526 1342 1343 1344 
179 615 856 651 1345 1346 1347 
180 305 801 770 1303 1348 1349 
181 557 809 556 1350 987 1351 
182 499 501 500 1352 1284 1353 
183 411 630 629 1159 1354 1111 
184 211 860 631 1355 1356 1203 
185 572 794 743 1357 1358 1359 
186 232 522 195 1360 1361 956 
187 58 560 559 1276 983 1337 
188 398 431 416 1362 1322 1363 
189 494 772 606 1364 1291 1365 
190 228 835 563 1366 1367 1016 
191 799 892 646 1368 1369 1010 
192 610 658 464 1370 1371 1312 
193 318 642 641 1172 1289 1372 
194 301 650 316 1373 1374 1375 
195 723 837 813 1376 1377 1273 
196 412 655 653 1378 1379 1380 
197 625 648 483 1381 1382 1383 
198 768 819 205 1039 1384 1385 
199 665 827 741 1386 1387 1261 
200 74 202 73 1388 1389 170 
201 506 620 508 1238 1390 1391 
202 80 204 79 1392 1393 176 
203 214 861 716 1394 1395 1396 
204 855 893 549 1397 1398 1399 
205 464 613 612 1279 1400 1310 
206 601 844 767 1278 1401 1402 
207 401 666 660 1403 1404 1405 
208 622 625 483 1406 1383 1407 
209 21 201 20 1408 1409 117 
210 3 750 197 1314 1410 1411 
211 520 663 661 933 1412 1413 
212 643 646 644 1414 1415 1416 
213 861 876 717 1295 1417 1418 
214 33 207 32 1419 1420 129 
215 866 887 226 1421 1422 1423 
216 27 687 229 1424 1425 1426 
217 589 590 413 1427 1428 1429 
218 63 231 62 1430 1007 159 
219 651 666 401 1431 1403 1432 
220 633 903 580 1433 1434 1175 
221 205 819 793 1384 1435 1074 
222 507 661 504 1436 1437 1438 
223 3 197 2 1411 1439 99 
224 42 855 41 1217 1440 138 
225 200 565 15 1441 1228 1442 
226 549 554 553 1443 1444 1233 
227 615 651 650 1347 1445 1446 
228 482 648 561 1447 1448 1449 
229 454 693 408 1450 1451 1452 
230 9 706 196 1453 1454 1455 
231 421 621 483 1456 1457 1458 
232 520 661 507 1413 1436 1459 
233 384 640 461 1460 1461 1462 
234 382 640 384 1463 1460 1464 
235 549 893 554 1398 1465 1443 
236 28 687 27 1182 1424 124 
237 483 648 482 1382 1447 1466 
238 584 916 700 1467 1468 1469 
239 235 589 413 1470 1429 1471 
240 621 622 483 1264 1407 1457 
241 640 698 604 1472 1309 1473 
242 287 705 295 1474 1475 1476 
243 226 706 10 1477 1478 1479 
244 557 856 809 1480 1481 1350 
245 551 774 406 1482 1240 1483 
246 216 780 708 1484 1485 1486 
247 618 917 671 1487 1488 1489 
248 21 678 201 1490 1491 1408 
249 604 736 285 1492 1493 1244 
250 42 811 208 1494 1495 1218 
251 412 693 655 1496 1497 1378 
252 616 880 527 1033 1498 1051 
253 417 534 533 1499 1500 1501 
254 755 917 618 1502 1487 1088 
255 820 834 496 1503 1504 1505 
256 655 693 657 1497 1268 1506 
257 229 781 614 1507 1508 1509 
258 267 603 270 1221 1510 1511 
259 790 885 631 1512 1201 1513 
260 326 660 331 1514 1515 1516 
261 9 196 8 1455 1517 105 
262 200 904 565 1143 1285 1441 
263 631 860 800 1356 1518 1331 
264 221 678 22 1519 1520 1521 
265 547 776 647 1522 1523 1342 
266 392 649 395 1524 1525 1526 
267 10 706 9 1478 1453 106 
268 401 660 326 1405 1514 1527 
269 415 833 393 1528 1529 1530 
270 714 853 822 1531 1532 1533 
271 299 650 301 1534 1373 1535 
272 473 607 517 1536 1537 1538 
273 513 899 559 1539 1165 985 
274 882 898 570 1540 1541 1542 
275 499 602 501 1543 1544 1352 
276 341 667 343 1545 1546 1547 
277 316 650 401 1374 1548 1549 
278 567 788 518 1550 1551 1552 
279 41 549 40 1553 1168 137 
280 13 212 12 1554 1555 109 
281 645 693 454 1269 1450 1556 
282 743 896 572 1557 1558 1359 
283 345 667 341 1559 1545 1560 
284 643 644 454 1416 1561 1562 
285 354 617 376 1563 1564 1565 
286 580 903 773 1434 1566 1567 
287 615 650 299 1446 1534 1568 
288 311 682 265 1569 1570 1571 
289 256 739 252 1572 1573 1574 
290 45 839 219 1575 1576 1130 
291 669 670 323 1577 1305 1207 
292 773 903 814 1566 1578 1579 
293 502 505 504 1115 1580 1581 
294 505 506 504 1582 1583 1580 
295 66 869 859 1584 1585 1586 
296 411 652 367 1145 1587 1588 
297 338 689 639 1589 1590 1591 
298 720 742 328 1592 1593 1594 
299 25 696 206 1595 974 1596 
300 85 210 84 1597 1598 181 
301 657 830 210 1599 1600 1021 
302 262 745 266 1601 1602 1603 
303 424 470 467 1604 1605 1606 
304 653 722 412 1607 1608 1380 
305 219 839 709 1576 1609 1248 
306 26 696 25 1610 1595 122 
307 700 916 359 1468 1611 1612 
308 645 830 657 1613 1599 1270 
309 88 741 223 1614 1615 1616 
310 461 640 588 1461 1617 1618 
311 400 774 424 1241 1619 1620 
312 464 658 387 1371 1621 1622 
313 473 517 475 1538 1623 1624 
314 595 668 591 1226 1625 1626 
315 203 806 752 1627 1628 1629 
316 709 839 765 1609 1630 1631 
317 90 198 89 1632 1633 186 
318 599 900 671 1634 1635 1178 
319 623 624 622 1636 1637 1253 
320 89 741 88 1638 1614 185 
321 588 640 604 1617 1473 1243 
322 407 621 363 1265 1639 1640 
323 442 677 530 1641 1642 1643 
324 392 394 393 1644 1645 1148 
325 394 398 393 1646 1647 1645 
326 36 227 35 1317 1648 132 
327 331 660 439 1515 1649 1650 
328 570 701 475 1651 1652 1653 
329 409 643 454 1654 1562 1655 
330 13 686 212 1656 1657 1554 
331 285 736 275 1493 1658 1659 
332 433 713 369 1660 1661 1662 
333 568 897 791 1663 1664 1249 
334 239 668 323 1665 1225 1666 
335 408 693 412 1451 1496 1667 
336 641 840 318 1668 1669 1372 
337 470 497 471 1670 1671 1672 
338 546 704 675 1673 1674 1675 
339 521 646 643 1676 1414 1677 
340 530 742 720 1678 1592 1679 
341 455 704 546 1680 1673 1681 
342 420 658 610 1682 1370 1683 
343 432 759 416 1684 1685 1321 
344 424 467 399 1606 1686 1687 
345 282 734 280 1688 1689 1690 
346 493 766 613 1691 1209 1189 
347 717 876 797 1417 1692 1693 
348 235 237 236 1694 1695 1696 
349 331 439 354 1650 1697 1698 
350 336 639 414 1699 1282 1700 
351 283 705 287 1701 1474 1702 
352 510 710 509 1703 1704 1705 
353 354 375 353 1706 1707 1708 
354 97 222 96 1709 1710 193 
355 381 761 324 1711 1712 1713 
356 699 736 604 1714 1492 1308 
357 343 347 344 1715 1716 1717 
358 22 678 21 1520 1490 118 
359 198 741 89 1262 1638 1633 
360 724 725 208 1718 1719 1720 
361 25 206 24 1596 1721 121 
362 624 625 622 1722 1406 1637 
363 397 405 400 1723 1724 1725 
364 295 332 297 1726 1727 1728 
365 249 676 251 1729 1730 1731 
366 472 473 404 1732 1733 1734 
367 297 615 299 1735 1568 1736 
368 336 414 311 1700 1737 1738 
369 443 643 409 1739 1654 1740 
370 354 376 375 1565 1741 1706 
371 273 864 581 1742 1743 942 
372 321 355 322 1744 1745 1746 
373 470 471 467 1672 1747 1605 
374 88 223 87 1616 1748 184 
375 251 676 254 1730 1749 1750 
376 382 698 640 1751 1472 1463 
377 65 215 64 1752 1753 161 
378 347 351 348 1754 1755 1756 
379 387 658 383 1621 1757 1758 
380 384 385 383 1759 1760 1761 
381 343 344 340 1717 1762 1763 
382 62 195 61 1008 1764 158 
383 544 632 545 1765 1766 1767 
384 347 348 344 1756 1768 1716 
385 512 703 519 1769 1236 1770 
386 580 773 245 1567 1109 1329 
387 521 643 443 1677 1739 1771 
388 514 840 641 1772 1668 1196 
389 485 739 256 1773 1572 1774 
390 509 710 564 1704 1775 1776 
391 479 480 443 1777 1778 1779 
392 613 614 612 1210 1780 1400 
393 422 685 370 1781 1782 1783 
394 361 621 421 1784 1456 1785 
395 384 461 386 1462 1786 1787 
396 473 475 404 1624 1788 1733 
397 367 652 365 1587 1789 1790 
398 316 326 317 1791 1792 1793 
399 23 221 22 1794 1521 119 
400 358 677 442 1795 1641 1796 
401 634 711 710 1797 1798 1799 
402 476 477 406 1800 1801 1802 
403 380 658 420 1803 1682 1804 
404 331 354 353 1698 1708 1805 
405 439 660 619 1649 1806 1807 
406 610 612 611 1311 1808 1809 
407 644 659 645 1810 1811 1812 
408 82 230 81 1813 1814 178 
409 494 841 772 1815 1816 1364 
410 350 901 636 1817 1818 939 
411 266 745 277 1602 1819 1820 
412 650 651 401 1445 1432 1548 
413 655 657 656 1506 1038 1821 
414 340 689 338 1822 1589 1823 
415 457 636 528 1824 1825 1826 
416 355 472 404 1827 1734 1828 
417 497 498 471 1829 1830 1671 
418 92 225 91 1831 1832 188 
419 221 769 606 1833 1079 1293 
420 462 664 537 1834 1835 1836 
421 455 546 486 1681 1837 1838 
422 653 655 654 1379 1839 1840 
423 265 682 261 1570 1841 1842 
424 716 717 715 1843 1844 1845 
425 326 331 327 1516 1846 1847 
426 497 499 498 1848 1849 1829 
427 669 671 670 1179 1850 1577 
428 43 811 42 1851 1494 139 
429 456 688 434 1852 1853 1854 
430 542 543 541 1855 1856 1857 
431 490 573 491 1858 1859 1860 
432 770 871 305 1340 1861 1349 
433 655 656 654 1821 1862 1839 
434 677 730 530 1863 1864 1642 
435 435 525 433 1865 1866 1867 
436 434 688 435 1853 1868 1869 
437 321 322 312 1746 1158 1870 
438 511 529 516 1871 1872 1873 
439 335 336 311 1874 1738 1875 
440 610 611 492 1809 1876 1877 
441 310 312 304 1878 1301 1879 
442 384 386 385 1787 1880 1759 
443 496 747 257 1881 1882 1883 
444 250 349 248 1884 1885 1886 
445 455 486 456 1838 1887 1888 
446 591 668 413 1625 1889 1890 
447 316 317 309 1793 1891 1892 
448 351 690 444 1893 1894 1895 
449 364 365 363 1896 1897 1898 
450 197 743 2 1899 1900 1439 
451 370 372 371 1901 1902 1903 
452 280 734 672 1689 1904 1905 
453 644 645 454 1812 1556 1561 
454 419 455 434 1906 1907 1908 
455 339 342 341 1909 1910 1911 
456 590 592 591 1912 1913 1914 
457 570 891 882 1915 1916 1542 
458 435 526 525 1917 1918 1865 
459 468 569 453 1919 1920 1921 
460 479 481 480 1922 1923 1777 
461 375 377 353 1924 1925 1707 
462 326 327 317 1847 1926 1792 
463 295 297 296 1728 1927 1928 
464 478 683 681 1929 1930 1931 
465 6 211 5 1932 1933 102 
466 337 695 339 1934 1935 1936 
467 370 685 372 1782 1937 1901 
468 369 713 330 1661 1938 1939 
469 383 658 380 1757 1803 1940 
470 329 368 330 1941 1942 1943 
471 57 559 318 1338 1167 1944 
472 458 557 556 1200 1351 1945 
473 19 218 18 1946 1947 115 
474 252 739 250 1573 1948 1949 
475 653 654 495 1840 1950 1951 
476 295 705 332 1475 1952 1726 
477 716 861 717 1395 1418 1843 
478 425 523 451 1953 1954 1955 
479 728 751 328 1956 1957 1958 
480 60 217 59 1959 1003 156 
481 590 591 413 1914 1890 1428 
482 339 340 338 1960 1823 1961 
483 348 359 344 1962 1963 1768 
484 259 747 273 1964 1965 1966 
485 441 457 440 1967 1968 1969 
486 469 722 653 1970 1607 1971 
487 362 363 361 1972 1973 1974 
488 569 647 453 1147 1975 1920 
489 313 699 325 1976 1977 1978 
490 397 694 405 1979 1980 1723 
491 351 352 348 1981 1982 1755 
492 466 664 462 1983 1834 1984 
493 461 465 462 1985 1986 1987 
494 439 619 618 1807 1089 1988 
495 461 462 386 1987 1989 1786 
496 681 683 468 1930 1990 1991 
497 455 456 434 1888 1854 1907 
498 617 900 886 1992 1993 1994 
499 474 762 609 1995 1996 1997 
500 536 563 534 1998 1999 2000 
501 347 690 351 2001 1893 1754 
502 517 570 475 2002 1653 1623 
503 487 695 337 2003 1934 2004 
504 365 407 363 2005 1640 1897 
505 341 343 340 1547 1763 2006 
506 445 464 387 1280 1622 2007 
507 338 639 336 1591 1699 2008 
508 457 528 440 1826 2009 1968 
509 442 479 443 2010 1779 2011 
510 548 581 466 965 2012 2013 
511 316 401 326 1549 1527 1791 
512 419 434 433 1908 2014 2015 
513 287 295 293 1476 2016 2017 
514 363 621 361 1639 1784 1973 
515 627 629 628 1112 2018 2019 
516 325 699 698 1977 1307 2020 
517 529 638 516 995 2021 1872 
518 465 466 462 2022 1984 1986 
519 469 653 495 1971 1951 2023 
520 816 866 226 2024 1423 2025 
521 351 389 352 2026 2027 1981 
522 515 710 510 2028 1703 2029 
523 469 488 418 2030 2031 2032 
524 538 885 790 2033 1512 971 
525 389 436 352 2034 2035 2027 
526 710 711 564 1798 961 1775 
527 366 370 367 2036 2037 2038 
528 374 402 373 2039 2040 2041 
529 11 226 10 2042 1479 107 
530 366 422 370 2043 1783 2036 
531 480 521 443 2044 1771 1778 
532 490 491 423 1860 2045 2046 
533 434 435 433 1869 1867 2014 
534 370 371 367 1903 2047 2037 
535 461 588 465 1618 1006 1985 
536 388 446 445 2048 2049 2050 
537 462 537 386 1836 2051 1989 
538 427 681 468 2052 1991 2053 
539 438 567 518 2054 1552 2055 
540 806 870 752 2056 2057 1628 
541 633 634 515 2058 2059 2060 
542 661 663 662 1412 2061 2062 
543 488 704 418 2063 2064 2031 
544 582 664 466 2065 1983 2066 
545 339 341 340 1911 2006 1960 
546 478 684 683 2067 2068 1929 
547 505 513 506 2069 1239 1582 
548 421 423 360 2070 2071 2072 
549 372 374 373 2073 2041 2074 
550 566 836 220 2075 2076 2077 
551 438 518 436 2055 2078 2079 
552 573 575 574 1013 2080 2081 
553 366 367 365 2038 1790 2082 
554 343 667 378 1546 2083 2084 
555 675 704 488 1674 2063 2085 
556 459 571 460 2086 2087 2088 
557 343 378 347 2084 2089 1715 
558 414 682 311 2090 1569 1737 
559 678 679 201 2091 2092 1491 
560 478 685 684 2093 2094 2067 
561 837 893 725 2095 2096 2097 
562 475 694 404 2098 2099 1788 
563 544 545 449 1767 2100 2101 
564 468 605 569 2102 1025 1919 
565 602 641 501 1197 1290 1544 
566 425 451 402 1955 2103 2104 
567 489 562 558 2105 2106 2107 
568 730 742 530 2108 1678 1864 
569 577 578 576 977 2109 2110 
570 711 810 290 2111 2112 962 
571 385 387 383 2113 1758 1760 
572 465 548 466 1018 2013 2022 
573 530 720 479 1679 2114 2115 
574 337 339 338 1936 1961 2116 
575 351 444 389 1895 2117 2026 
576 459 460 429 2088 2118 2119 
577 442 443 409 2011 1740 2120 
578 403 425 402 2121 2104 2122 
579 438 568 567 2123 2124 2054 
580 661 662 503 2062 2125 2126 
581 231 740 233 2127 2128 1161 
582 435 547 526 2129 1344 1917 
583 389 438 436 2130 2079 2034 
584 573 574 491 2081 2131 1859 
585 575 576 574 2132 2133 2080 
586 239 241 240 2134 2135 2136 
587 442 530 479 1643 2115 2010 
588 358 442 409 1796 2120 2137 
589 372 478 374 2138 2139 2073 
590 374 403 402 2140 2122 2039 
591 627 628 626 2019 1055 2141 
592 372 373 371 2074 1024 1902 
593 427 468 453 2053 1921 2142 
594 420 610 492 1683 1877 2143 
595 486 550 489 2144 2145 2146 
596 691 692 532 2147 2148 2149 
597 478 681 374 1931 2150 2139 
598 348 700 359 2151 1612 1962 
599 352 700 348 2152 2151 1982 
600 421 483 482 1458 1466 2153 
601 441 458 457 1045 2154 1967 
602 435 688 547 1868 2155 2129 
603 372 685 478 1937 2093 2138 
604 623 626 624 2156 2157 1636 
605 458 556 555 1945 2158 2159 
606 237 239 238 2160 2161 2162 
607 350 745 262 967 1601 2163 
608 365 652 407 1789 1335 2005 
609 593 595 591 2164 1626 2165 
610 660 666 619 1404 988 1806 
611 509 564 520 1776 1173 2166 
612 437 700 352 2167 2152 2168 
613 403 681 427 2169 2052 2170 
614 523 524 451 2171 2172 1954 
615 331 353 327 1805 2173 1846 
616 270 275 274 2174 2175 2176 
617 469 495 488 2023 2177 2030 
618 201 756 20 2178 2179 1409 
619 357 722 329 2180 2181 2182 
620 77 214 76 2183 2184 173 
621 361 421 360 1785 2072 2185 
622 332 615 297 2186 1735 1727 
623 590 594 592 2187 2188 1912 
624 339 695 342 1935 2189 1909 
625 412 722 357 1608 2180 2190 
626 551 807 774 2191 2192 1482 
627 313 325 324 1978 2193 2194 
628 436 437 352 2195 2168 2035 
629 581 582 466 2196 2066 2012 
630 629 631 628 2197 1332 2018 
631 555 637 636 2198 937 2199 
632 451 726 402 2200 2201 2103 
633 419 433 369 2015 1662 2202 
634 380 420 379 1804 2203 2204 
635 797 876 204 1692 2205 1083 
636 427 453 428 2142 2206 2207 
637 349 580 248 1176 1328 1885 
638 468 683 605 1990 2208 2102 
639 575 577 576 2209 2110 2132 
640 382 383 380 2210 1940 2211 
641 424 527 470 2212 2213 1604 
642 288 310 304 2214 1879 2215 
643 489 558 456 2107 2216 2217 
644 486 489 456 2146 2217 1887 
645 393 833 391 1529 2218 1149 
646 368 469 418 2219 2032 2220 
647 420 492 449 2143 2221 2222 
648 427 428 426 2207 2223 2224 
649 244 245 242 2225 1110 2226 
650 374 681 403 2150 2169 2140 
651 403 427 426 2170 2224 2227 
652 672 674 673 2228 2229 2230 
653 218 756 579 2231 2232 1077 
654 474 607 473 2233 1536 2234 
655 95 205 94 2235 2236 191 
656 419 704 455 2237 1680 1906 
657 583 584 582 2238 2239 2240 
658 337 338 336 2116 2008 2241 
659 480 715 521 2242 2243 2044 
660 421 482 423 2153 2244 2070 
661 202 815 73 2245 2246 1389 
662 388 445 387 2050 2007 2247 
663 301 316 309 1375 1892 2248 
664 294 734 282 2249 1688 2250 
665 558 688 456 2251 1852 2216 
666 271 335 311 2252 1875 2253 
667 328 742 317 1593 2254 2255 
668 581 583 582 2256 2240 2196 
669 417 535 534 2257 2258 1499 
670 382 384 383 1464 1761 2210 
671 593 596 595 2259 1323 2164 
672 417 533 415 1501 2260 2261 
673 592 593 591 2262 2165 1913 
674 571 572 460 2263 2264 2087 
675 555 636 457 2199 1824 2265 
676 511 512 510 2266 2267 2268 
677 494 606 493 1365 2269 2270 
678 479 720 481 2114 2271 1922 
679 856 930 651 2272 2273 1346 
680 280 672 278 1905 2274 2275 
681 371 411 367 1160 1588 2047 
682 482 490 423 2276 2046 2244 
683 525 713 433 2277 1660 1866 
684 481 484 480 2278 2279 1923 
685 623 627 626 1325 2141 2156 
686 402 726 373 2201 1219 2040 
687 327 328 317 2280 2255 1926 
688 484 716 715 2281 1845 2282 
689 477 551 406 2283 1483 1801 
690 448 532 531 2284 2285 2286 
691 391 832 53 2287 2288 947 
692 233 235 234 2289 2290 2291 
693 362 364 363 2292 1898 1972 
694 882 891 209 1916 2293 2294 
695 492 544 449 2295 2101 2221 
696 378 690 347 2296 2001 2089 
697 458 555 457 2159 2265 2154 
698 536 708 563 2297 2298 1998 
699 665 675 488 2299 2085 2300 
700 541 691 448 2301 2302 2303 
701 346 360 345 2304 2305 2306 
702 512 515 510 2307 2029 2267 
703 368 418 369 2220 2308 2309 
704 255 496 257 2310 1883 2311 
705 511 516 512 1873 2312 2266 
706 92 735 225 2313 2314 1831 
707 519 633 515 2315 2060 2316 
708 597 707 601 2317 1072 2318 
709 508 511 510 2319 2268 2320 
710 444 702 389 2321 2322 2117 
711 814 824 410 1151 2323 2324 
712 495 665 488 2325 2300 2177 
713 538 726 451 973 2200 2326 
714 583 586 585 2327 2328 2329 
715 474 608 607 2330 2331 2233 
716 583 585 584 2329 2332 2238 
717 417 759 535 2333 2334 2257 
718 346 362 361 2335 1974 2336 
719 346 361 360 2336 2185 2304 
720 484 758 753 2337 2338 2339 
721 448 691 532 2302 2149 2284 
722 428 429 426 2340 2341 2223 
723 439 617 354 2342 1563 1697 
724 389 702 438 2322 2343 2130 
725 659 892 230 2344 2345 2346 
726 474 609 608 1997 2347 2330 
727 362 450 364 2348 2349 2292 
728 254 676 350 1749 2350 2351 
729 364 366 365 2352 2082 1896 
730 597 598 596 2353 2354 2355 
731 304 587 305 1300 1304 2356 
732 714 754 713 2357 2358 2359 
733 356 396 322 2360 1319 2361 
734 498 552 471 2362 2363 1830 
735 344 689 340 2364 1822 1762 
736 516 703 512 2365 1769 2312 
737 524 538 451 2366 2326 2172 
738 506 507 504 2367 1438 1583 
739 598 599 596 2368 1260 2354 
740 420 449 379 2222 2369 2203 
741 447 541 448 2370 2303 2371 
742 295 296 293 1928 2372 2016 
743 334 382 380 2373 2211 2374 
744 251 254 253 1750 2375 2376 
745 20 756 19 2179 2377 116 
746 320 441 440 2378 1969 2379 
747 597 601 600 2318 2380 2381 
748 438 702 568 2343 2382 2123 
749 319 677 358 2383 1795 2384 
750 672 673 284 2230 2385 2386 
751 418 704 419 2064 2237 2387 
752 446 493 445 2388 1191 2049 
753 593 597 596 2389 2355 2259 
754 320 440 246 2379 2390 2391 
755 448 531 377 2286 2392 2393 
756 472 474 473 2394 2234 1732 
757 525 714 713 2395 2359 2277 
758 329 330 315 1943 2396 2397 
759 403 426 425 2227 2398 2121 
760 342 346 345 2399 2306 2400 
761 405 701 476 2401 2402 2403 
762 439 618 617 1988 2404 2342 
763 484 715 480 2282 2242 2279 
764 358 409 408 2137 2405 2406 
765 335 487 337 2407 2004 2408 
766 447 542 541 2409 1857 2370 
767 297 298 296 2410 2411 1927 
768 247 248 245 2412 1330 2413 
769 278 672 284 2274 2386 2414 
770 447 448 377 2371 2393 2415 
771 482 561 490 1449 2416 2276 
772 219 868 44 2417 2418 1131 
773 80 799 204 2419 1009 1392 
774 359 689 344 2420 2364 1963 
775 93 735 92 2421 2313 189 
776 303 712 293 2422 2423 2424 
777 368 369 330 2309 1939 1942 
778 207 783 32 2425 2426 1420 
779 409 454 408 1655 1452 2405 
780 512 519 515 1770 2316 2307 
781 430 459 429 2427 2119 2428 
782 481 758 484 2429 2337 2278 
783 257 259 258 2430 2431 2432 
784 334 698 382 2433 1751 2373 
785 496 915 747 2434 2435 1881 
786 592 707 593 2436 2437 2262 
787 237 668 239 2438 1665 2160 
788 425 731 523 2439 2440 1953 
789 255 257 256 2311 2441 2442 
790 822 853 303 1532 2443 2444 
791 428 430 429 2445 2428 2340 
792 235 413 237 1471 2446 1694 
793 375 447 377 2447 2415 1924 
794 297 299 298 1736 2448 2410 
795 334 380 379 2374 2204 2449 
796 335 337 336 2408 2241 1874 
797 593 707 597 2437 2317 2389 
798 647 776 453 1523 2450 1975 
799 472 762 474 2451 1995 2394 
800 289 302 276 2452 2453 2454 
801 597 600 598 2381 2455 2353 
802 611 752 492 2456 2457 1876 
803 491 784 749 2458 2459 2460 
804 418 419 369 2387 2202 2308 
805 385 388 387 2461 2247 2113 
806 531 751 728 2462 1956 2463 
807 716 875 214 2464 2465 1396 
808 68 199 67 2466 2467 164 
809 31 224 30 2468 2469 127 
810 325 334 333 2470 2471 2472 
811 634 710 515 1799 2028 2059 
812 396 801 587 2473 1302 1318 
813 271 311 265 2253 1571 2474 
814 366 733 422 2475 2476 2043 
815 795 906 663 2477 2478 1246 
816 16 200 15 2479 1442 112 
817 299 301 300 1535 2480 2481 
818 708 765 216 2482 2483 1486 
819 567 921 788 2484 2485 1550 
820 644 892 659 2486 2344 1810 
821 386 718 385 2487 2488 1880 
822 319 358 357 2384 2489 2490 
823 239 323 241 1666 1306 2134 
824 272 732 271 2491 2492 2493 
825 329 722 368 2181 2494 1941 
826 524 635 538 2495 2496 2366 
827 499 500 498 1353 2497 1849 
828 325 333 324 2472 2498 2193 
829 537 718 386 2499 2487 2051 
830 320 463 441 2500 1227 2378 
831 275 736 288 1658 2501 2502 
832 235 236 234 1696 2503 2290 
833 288 304 289 2215 2504 2505 
834 405 406 400 2506 1242 1724 
835 491 749 423 2460 2507 2045 
836 271 732 335 2492 2508 2252 
837 395 616 394 1031 2509 2510 
838 413 668 237 1889 2438 2446 
839 325 698 334 2020 2433 2470 
840 279 280 278 2511 2275 2512 
841 586 727 585 2513 1256 2328 
842 353 728 327 2514 2515 2173 
843 531 728 377 2463 2516 2392 
844 233 589 235 2517 1470 2289 
845 342 345 341 2400 1560 1910 
846 255 820 496 2518 1505 2310 
847 446 494 493 2519 2270 2388 
848 832 833 831 2520 1134 2521 
849 362 738 450 2522 2523 2348 
850 377 728 353 2516 2514 1925 
851 71 213 70 2524 2525 167 
852 233 234 232 2291 2526 1162 
853 662 746 503 2527 2528 2125 
854 385 718 388 2488 2529 2461 
855 358 408 357 2406 2530 2489 
856 356 397 396 2531 2532 2360 
857 237 238 236 2162 2533 1695 
858 509 520 507 2166 1459 2534 
859 508 620 511 1390 2535 2319 
860 694 701 405 2536 2401 1980 
861 394 737 398 2537 2538 1646 
862 310 736 699 2539 1714 2540 
863 545 779 744 2541 2542 2543 
864 731 748 523 2544 2545 2440 
865 460 731 429 2546 2547 2118 
866 334 379 333 2449 2548 2471 
867 299 300 298 2481 2549 2448 
868 550 828 735 2550 2551 2552 
869 506 508 507 1391 2553 2367 
870 504 661 503 1437 2126 2554 
871 356 694 397 2555 1979 2531 
872 324 761 321 1712 2556 2557 
873 400 424 399 1620 1687 2558 
874 335 732 487 2508 2559 2407 
875 429 731 426 2547 2560 2341 
876 241 243 242 1086 2561 2562 
877 275 288 276 2502 2563 2564 
878 508 510 509 2320 1705 2565 
879 277 279 278 2566 2512 2567 
880 277 278 272 2567 2568 2569 
881 267 270 268 1511 2570 2571 
882 264 290 260 2572 2573 2574 
883 270 603 285 1510 1097 2575 
884 29 806 203 2576 1627 1195 
885 319 357 329 2490 2182 2577 
886 328 751 720 1957 2578 1594 
887 61 826 60 2579 2580 157 
888 368 722 469 2494 1970 2219 
889 460 748 731 2581 2544 2546 
890 333 381 324 2582 1713 2498 
891 317 742 309 2254 2583 1891 
892 405 476 406 2403 1802 2506 
893 301 306 300 2584 2585 2480 
894 423 749 360 2507 2586 2071 
895 310 699 313 2540 1976 2587 
896 239 240 238 2136 2588 2161 
897 278 284 272 2414 2589 2568 
898 250 739 349 1948 2590 1884 
899 475 701 694 1652 2536 2098 
900 397 400 399 1725 2558 2591 
901 566 882 836 2592 2593 2075 
902 404 694 356 2099 2555 2594 
903 249 250 248 2595 1886 2596 
904 397 399 396 2591 2597 2532 
905 672 734 674 1904 2598 2228 
906 399 801 396 2599 2473 2597 
907 47 890 46 2600 2601 143 
908 552 770 471 1341 2602 2363 
909 756 791 579 2603 2604 2232 
910 201 791 756 2605 2603 2178 
911 327 728 328 2515 1958 2280 
912 259 263 260 2606 2607 2608 
913 381 762 761 2609 2610 1711 
914 408 412 357 1667 2190 2530 
915 330 754 315 2611 2612 2396 
916 313 321 312 2613 1870 2614 
917 570 898 701 1541 2615 1651 
918 551 879 807 2616 2617 2191 
919 314 319 315 2618 2619 2620 
920 241 242 240 2562 998 2135 
921 485 851 739 2621 2622 1773 
922 717 797 715 1693 2623 1844 
923 266 277 272 1820 2569 2624 
924 521 797 646 2625 1082 1676 
925 859 869 594 1585 2626 2627 
926 314 677 319 2628 2383 2618 
927 346 738 362 2629 2522 2335 
928 30 806 29 2630 2576 126 
929 27 229 26 1426 2631 123 
930 484 753 716 2339 2632 2281 
931 651 930 666 2273 2633 1431 
932 259 273 263 1966 2634 2606 
933 251 252 250 2635 1949 2636 
934 831 835 228 1121 1366 2637 
935 426 731 425 2560 2439 2398 
936 679 841 568 2638 2639 1251 
937 713 754 330 2358 2611 1938 
938 872 898 566 2640 2641 2642 
939 266 272 271 2624 2493 2643 
940 309 742 730 2583 2108 2644 
941 288 736 310 2501 2539 2214 
942 345 749 667 2645 2646 1559 
943 293 712 292 2423 1060 2647 
944 236 307 234 2648 2649 2503 
945 214 764 76 2650 2651 2184 
946 744 779 381 2542 2652 2653 
947 14 686 13 1336 1656 110 
948 249 251 250 1731 2636 2595 
949 849 863 227 2654 2655 2656 
950 735 803 550 2657 1062 2552 
951 319 329 315 2577 2397 2619 
952 695 738 342 2658 2659 2189 
953 313 324 321 2194 2557 2613 
954 738 763 450 2660 2661 2523 
955 306 308 300 2662 2663 2585 
956 314 315 308 2620 2664 2665 
957 296 303 293 2666 2424 2372 
958 617 886 376 1994 2667 1564 
959 2 743 1 1900 2668 98 
960 566 898 882 2641 1540 2592 
961 720 751 481 2578 2669 2271 
962 355 356 322 2670 2361 1745 
963 535 759 540 2334 2671 2672 
964 320 755 463 2673 1058 2500 
965 263 267 264 2674 2675 2676 
966 63 923 231 2677 2678 1430 
967 553 872 566 2679 2642 2680 
968 540 724 539 2681 2682 2683 
969 532 758 531 2684 2685 2285 
970 682 834 820 2686 1503 2687 
971 230 799 81 2688 2689 1814 
972 284 732 272 2690 2491 2589 
973 614 696 229 975 2691 1509 
974 550 793 489 1064 2692 2145 
975 216 890 47 2693 2600 1232 
976 511 620 529 2535 2694 1871 
977 257 258 256 2432 2695 2441 
978 428 776 430 2696 2697 2445 
979 270 285 275 2575 1659 2174 
980 524 750 635 2698 2699 2495 
981 355 404 356 1828 2594 2670 
982 19 756 218 2377 2231 1946 
983 540 725 724 2700 1718 2681 
984 600 729 721 2701 1137 2702 
985 342 738 346 2659 2629 2399 
986 692 753 532 2703 2704 2148 
987 306 314 308 2705 2665 2662 
988 527 880 470 1498 2706 2213 
989 253 255 252 2707 2708 2709 
990 76 764 75 2651 2710 172 
991 255 256 252 2442 1574 2708 
992 72 771 71 2711 2712 168 
993 254 350 262 2351 2163 2713 
994 553 566 220 2680 2077 1234 
995 81 799 80 2689 2419 177 
996 291 320 246 2714 2391 2715 
997 503 746 500 2528 2716 2717 
998 609 757 608 2718 2719 2347 
999 279 390 281 2720 2721 2722 
1000 254 261 253 2723 2724 2375 
1001 360 749 345 2586 2645 2305 
1002 753 758 532 2338 2684 2704 
1003 398 416 415 1363 2725 2726 
1004 554 893 837 1465 2095 2727 
1005 301 309 306 2248 2728 2584 
1006 600 721 598 2702 2729 2455 
1007 392 395 394 1526 2510 1644 
1008 718 788 388 2730 2731 2529 
1009 498 746 552 2732 2733 2362 
1010 314 730 677 2734 1863 2628 
1011 262 266 265 1603 2735 2736 
1012 635 927 211 2737 2738 2739 
1013 364 733 366 2740 2475 2352 
1014 266 271 265 2643 2474 2735 
1015 257 747 259 1882 1964 2430 
1016 310 313 312 2587 2614 1878 
1017 315 754 308 2612 2741 2664 
1018 572 748 460 2742 2581 2264 
1019 286 294 282 1124 2250 2743 
1020 528 796 440 2744 2745 2009 
1021 666 930 697 2633 2746 1041 
1022 321 761 355 2556 2747 1744 
1023 749 784 667 2459 2748 2646 
1024 251 253 252 2376 2709 2635 
1025 6 860 211 2749 1355 1932 
1026 687 781 229 2750 1507 1425 
1027 673 760 284 2751 2752 2385 
1028 306 730 314 2753 2734 2705 
1029 545 744 449 2543 2754 2100 
1030 270 274 268 2176 2755 2570 
1031 561 904 490 1286 2756 2416 
1032 309 730 306 2644 2753 2728 
1033 600 767 729 2757 1091 2701 
1034 575 798 577 1334 2758 2209 
1035 695 763 738 2759 2660 2658 
1036 667 784 378 2748 2760 2083 
1037 222 768 96 1040 2761 1710 
1038 436 821 437 2762 2763 2195 
1039 450 733 364 2764 2740 2349 
1040 302 795 276 2765 2766 2453 
1041 502 504 503 1581 2554 2767 
1042 502 503 500 2767 2717 1283 
1043 659 884 867 2768 2769 2770 
1044 217 865 778 2771 968 1118 
1045 258 485 256 2772 1774 2695 
1046 784 787 378 2773 2774 2760 
1047 828 862 225 2775 2776 2777 
1048 422 858 685 1223 2778 1781 
1049 243 244 242 2779 2226 2561 
1050 262 265 261 2736 1842 2780 
1051 254 262 261 2713 2780 2723 
1052 492 752 544 2457 2781 2295 
1053 606 766 493 1081 1691 2269 
1054 714 775 754 2782 2783 2357 
1055 787 792 690 2784 2785 2786 
1056 508 509 507 2565 2534 2553 
1057 85 812 210 2787 1019 1597 
1058 514 883 840 2788 2789 1772 
1059 290 810 260 2112 2790 2573 
1060 355 761 472 2747 2791 1827 
1061 247 249 248 2792 2596 2412 
1062 259 260 258 2608 2793 2431 
1063 747 915 586 2435 2794 2795 
1064 8 800 7 2796 2797 104 
1065 536 709 708 2798 2799 2297 
1066 477 723 551 2800 2801 2283 
1067 487 763 695 2802 2759 2003 
1068 74 804 202 2803 2804 1388 
1069 612 781 611 2805 2806 1808 
1070 333 744 381 2807 2653 2582 
1071 96 768 95 2761 2808 192 
1072 432 813 759 1274 2809 1684 
1073 471 770 467 2602 2810 1747 
1074 304 305 289 2356 2811 2504 
1075 659 867 830 2770 2812 2813 
1076 284 760 732 2752 2814 2690 
1077 4 927 750 2815 2816 1313 
1078 233 740 589 2128 1052 2517 
1079 449 744 379 2754 2817 2369 
1080 215 923 64 2818 2819 1753 
1081 227 802 35 2820 2821 1648 
1082 529 894 778 2822 2823 970 
1083 376 817 375 2824 2825 1741 
1084 541 877 691 2826 2827 2301 
1085 571 928 819 2828 2829 982 
1086 95 768 205 2808 1385 2235 
1087 244 247 245 2830 2413 2225 
1088 349 851 633 2831 2832 1174 
1089 218 888 18 1133 2833 1947 
1090 582 846 664 2834 2835 2065 
1091 378 787 690 2774 2786 2296 
1092 700 846 584 2836 2837 1469 
1093 287 292 286 2838 980 2839 
1094 287 293 292 2017 2647 2838 
1095 243 246 244 2840 2841 2779 
1096 751 758 481 2842 2429 2669 
1097 840 883 55 2789 2843 2844 
1098 275 276 274 2564 2845 2175 
1099 32 783 31 2426 2846 128 
1100 690 792 444 2785 2847 1894 
1101 579 818 578 2848 2849 1078 
1102 240 410 238 1129 2850 2588 
1103 886 900 599 1993 1634 2851 
1104 500 746 498 2716 2732 2497 
1105 291 755 320 2852 2673 2714 
1106 69 777 68 2853 2854 165 
1107 398 737 431 2538 2855 1362 
1108 243 291 246 1164 2715 2840 
1109 535 540 539 2672 2683 2856 
1110 453 776 428 2450 2696 2206 
1111 97 794 222 2857 2858 1709 
1112 620 894 529 2859 2822 2694 
1113 513 894 620 1141 2859 1237 
1114 760 763 487 2860 2802 2861 
1115 647 889 526 1267 2862 1343 
1116 539 709 536 1194 2798 2863 
1117 732 760 487 2814 2861 2559 
1118 601 767 600 1402 2757 2380 
1119 499 789 602 2864 2865 1543 
1120 723 838 837 2866 2867 1376 
1121 46 890 839 2601 2868 2869 
1122 823 848 307 1105 2870 1299 
1123 17 798 16 2871 2872 113 
1124 531 758 751 2685 2842 2462 
1125 440 796 246 2745 2873 2390 
1126 614 781 612 1508 2805 1780 
1127 221 772 678 1292 2874 1519 
1128 274 452 268 2875 2876 2755 
1129 288 289 276 2505 2454 2563 
1130 308 775 300 2877 2878 2663 
1131 497 880 789 2879 1032 2880 
1132 23 769 221 2881 1833 1794 
1133 705 825 809 2882 986 2883 
1134 525 853 714 2884 1531 2395 
1135 495 827 665 2885 1386 2325 
1136 877 908 691 2886 2887 2827 
1137 300 775 298 2878 2888 2549 
1138 477 838 723 2889 2866 2800 
1139 33 911 207 2890 2891 1419 
1140 86 812 85 2892 2787 182 
1141 398 415 393 2726 1530 1647 
1142 267 268 264 2571 2893 2675 
1143 388 788 446 2731 2894 2048 
1144 558 842 688 2895 2896 2251 
1145 485 925 851 2897 2898 2621 
1146 283 286 282 2899 2743 2900 
1147 534 835 533 2901 1120 1500 
1148 708 780 563 1485 1015 2298 
1149 630 790 629 1027 2902 1354 
1150 196 912 626 2903 2904 1057 
1151 72 815 771 2905 2906 2711 
1152 486 828 550 2907 2550 2144 
1153 263 264 260 2676 2574 2607 
1154 91 808 90 2908 2909 187 
1155 279 881 390 2910 1211 2720 
1156 444 818 702 2911 2912 2321 
1157 279 281 280 2722 2913 2511 
1158 273 850 263 941 2914 2634 
1159 678 772 679 2874 2915 2091 
1160 207 782 757 2916 2917 2918 
1161 206 769 24 1087 2919 1721 
1162 761 762 472 2610 2451 2791 
1163 359 847 689 2920 2921 2420 
1164 196 800 8 1185 2796 1517 
1165 735 828 225 2551 2777 2314 
1166 281 282 280 2922 1690 2913 
1167 24 769 23 2919 2881 120 
1168 540 813 725 2923 2924 2700 
1169 497 789 499 2880 2864 1848 
1170 283 287 286 1702 2839 2899 
1171 632 786 545 2925 2926 1766 
1172 535 536 534 2927 2000 2258 
1173 721 817 376 1136 2824 2928 
1174 576 792 787 2929 2784 2930 
1175 205 803 94 1073 2931 2236 
1176 574 784 491 2932 2458 2131 
1177 424 774 527 1619 2933 2212 
1178 754 775 308 2783 2877 2741 
1179 35 802 34 2821 2934 131 
1180 589 895 590 1070 2935 1427 
1181 516 823 703 2936 1258 2365 
1182 489 793 562 2692 2937 2105 
1183 741 827 223 1387 2938 1615 
1184 379 744 333 2817 2807 2548 
1185 71 771 213 2712 2939 2524 
1186 759 813 540 2809 2923 2671 
1187 576 787 574 2930 2940 2133 
1188 67 869 66 2941 1584 163 
1189 748 843 523 2942 2943 2545 
1190 846 929 664 2944 2945 2835 
1191 93 803 735 2946 2657 2421 
1192 578 792 576 2947 2929 2109 
1193 51 831 228 2948 2637 2949 
1194 581 864 583 1743 2950 2256 
1195 574 787 784 2940 2773 2932 
1196 616 737 394 1050 2537 2509 
1197 684 907 683 1271 2951 2068 
1198 780 919 49 2952 2953 991 
1199 535 539 536 2856 2863 2927 
1200 467 801 399 2954 2599 1686 
1201 1 794 97 2955 2857 194 
1202 776 842 430 2956 2957 2697 
1203 68 777 199 2854 1046 2466 
1204 450 785 733 2958 2959 2764 
1205 281 283 282 2960 2900 2922 
1206 671 900 618 1635 2961 1489 
1207 762 779 609 2962 2963 1996 
1208 750 843 197 2964 2965 1410 
1209 447 817 542 2966 1094 2409 
1210 555 909 637 2967 1230 2198 
1211 707 914 199 2968 2969 1048 
1212 90 808 198 2909 2970 1632 
1213 702 897 568 2971 1663 2382 
1214 562 878 558 2972 2973 2106 
1215 709 765 708 1631 2482 2799 
1216 524 843 750 2974 2964 2698 
1217 772 841 679 1816 2638 2915 
1218 94 803 93 2931 2946 190 
1219 249 852 676 2975 2976 1729 
1220 211 927 5 2738 2977 1933 
1221 212 816 12 2978 2979 1555 
1222 757 782 608 2917 2980 2719 
1223 52 831 51 2981 2948 148 
1224 269 649 392 2982 1524 1092 
1225 771 815 543 2906 2983 2984 
1226 760 785 763 2985 2986 2860 
1227 211 885 635 1202 2987 2739 
1228 629 790 631 2902 1513 2197 
1229 670 917 291 2988 2989 1163 
1230 376 886 721 2667 2990 2928 
1231 283 825 705 2991 2882 1701 
1232 246 796 244 2873 2992 2841 
1233 226 887 706 1422 2993 1477 
1234 757 857 207 2994 2995 2918 
1235 679 791 201 1250 2605 2092 
1236 638 865 522 994 2996 1139 
1237 223 805 87 2997 2998 1748 
1238 602 922 514 2999 3000 1198 
1239 212 924 866 3001 3002 3003 
1240 792 818 444 3004 2911 2847 
1241 802 863 782 3005 3006 3007 
1242 307 848 234 2870 3008 2649 
1243 682 820 261 2687 3009 1841 
1244 747 864 273 3010 1742 1965 
1245 73 815 72 2246 2905 169 
1246 38 836 209 3011 3012 1102 
1247 715 797 521 2623 2625 2243 
1248 705 809 332 2883 3013 1952 
1249 41 855 549 1440 1399 1553 
1250 632 870 224 3014 3015 1127 
1251 522 826 195 3016 3017 1361 
1252 75 804 74 3018 2803 171 
1253 231 923 740 2678 3019 2127 
1254 381 779 762 2652 2962 2609 
1255 673 785 760 3020 2985 2751 
1256 770 801 467 1348 2954 2810 
1257 656 812 805 1037 3021 3022 
1258 542 854 543 3023 3024 1855 
1259 87 805 86 2998 3025 183 
1260 78 861 77 1296 3026 174 
1261 775 822 298 3027 3028 2888 
1262 31 783 224 2846 1125 2468 
1263 213 844 70 3029 3030 2525 
1264 607 849 517 3031 3032 1537 
1265 724 845 539 3033 1192 2682 
1266 244 796 247 2992 3034 2830 
1267 195 826 61 3017 2579 1764 
1268 53 832 52 2288 3035 149 
1269 224 806 30 3036 2630 2469 
1270 16 798 200 2872 1333 2479 
1271 225 808 91 3037 2908 1832 
1272 764 875 692 3038 3039 1155 
1273 737 807 431 1117 3040 2855 
1274 763 785 450 2986 2958 2661 
1275 563 835 534 1367 2901 1999 
1276 729 854 542 1090 3023 1096 
1277 674 829 673 1327 3041 2229 
1278 51 228 50 2949 951 147 
1279 750 927 635 2816 2737 2699 
1280 866 924 648 3002 3042 3043 
1281 646 892 644 1369 2486 1415 
1282 546 862 828 3044 2775 3045 
1283 518 821 436 3046 2762 2078 
1284 740 923 215 3019 2818 1053 
1285 625 887 866 3047 1421 3048 
1286 607 863 849 3049 2654 3031 
1287 767 844 213 1401 3029 1067 
1288 416 759 417 1685 2333 3050 
1289 547 842 776 3051 2956 1522 
1290 827 913 223 3052 3053 2938 
1291 689 847 639 2921 1099 1590 
1292 638 823 516 1106 2936 2021 
1293 46 839 45 2869 1575 142 
1294 545 786 779 2926 3054 2541 
1295 714 822 775 1533 3027 2782 
1296 572 896 748 1558 3055 2742 
1297 318 840 56 1669 3056 3057 
1298 69 844 777 3058 1277 2853 
1299 375 817 447 2825 2966 2447 
1300 253 820 255 3059 2518 2707 
1301 416 417 415 3050 2261 2725 
1302 721 886 598 2990 3060 2729 
1303 528 852 796 3061 3062 2744 
1304 554 838 553 3063 3064 1444 
1305 562 928 878 3065 3066 2972 
1306 785 829 733 3067 3068 2959 
1307 274 795 452 3069 1245 2875 
1308 771 854 213 3070 1065 2939 
1309 633 851 634 2832 3071 2058 
1310 782 863 608 3006 3072 2980 
1311 207 857 783 2995 1204 2425 
1312 609 786 757 3073 3074 2718 
1313 813 837 725 1377 2097 2924 
1314 281 825 283 3075 2991 2960 
1315 578 818 792 2849 3004 2947 
1316 659 830 645 2813 1613 1811 
1317 258 810 485 3076 3077 2772 
1318 296 822 303 3078 2444 2666 
1319 39 836 38 3079 3011 135 
1320 764 804 75 1154 3018 2710 
1321 229 696 26 2691 1610 2631 
1322 691 908 692 2887 1214 2147 
1323 437 846 700 3080 2836 2167 
1324 752 870 544 2057 3081 2781 
1325 546 828 486 3045 2907 1837 
1326 743 794 1 1358 2955 2668 
1327 390 825 281 1076 3075 2721 
1328 654 827 495 3082 2885 1950 
1329 60 826 217 2580 3083 1959 
1330 260 810 258 2790 3076 2793 
1331 779 786 609 3054 3073 2963 
1332 611 902 752 3084 3085 2456 
1333 12 816 11 2979 3086 108 
1334 725 893 208 2096 3087 1719 
1335 887 912 706 3088 3089 2993 
1336 733 829 422 3068 1224 2476 
1337 558 878 842 2973 3090 2895 
1338 414 834 682 3091 2686 2090 
1339 778 894 560 2823 1140 1119 
1340 568 841 567 2639 3092 2124 
1341 798 888 577 3093 1132 2758 
1342 572 918 794 3094 3095 1357 
1343 852 901 676 3096 3097 2976 
1344 220 836 39 2076 3079 1297 
1345 79 876 78 3098 1294 175 
1346 298 822 296 3028 3078 2411 
1347 773 814 410 1579 2324 1128 
1348 232 848 522 3099 1138 1360 
1349 276 795 274 2766 3069 2845 
1350 210 867 84 3100 3101 1598 
1351 688 842 547 2896 3051 2155 
1352 49 919 48 2953 3102 145 
1353 649 922 395 3103 3104 1525 
1354 533 833 415 1135 1528 2260 
1355 552 873 871 3105 3106 1339 
1356 809 856 332 1481 3107 3013 
1357 261 820 253 3009 3059 2724 
1358 807 879 431 2617 3108 3040 
1359 805 812 86 3021 2892 3025 
1360 788 921 446 2485 3109 2894 
1361 673 829 785 3041 3067 3020 
1362 642 899 505 1171 3110 1114 
1363 523 843 524 2943 2974 2171 
1364 11 816 226 3086 2025 2042 
1365 227 863 802 2655 3005 2820 
1366 671 917 670 1488 2988 1850 
1367 70 844 69 3030 3058 166 
1368 676 901 350 3097 1817 2350 
1369 753 875 716 3111 2464 2632 
1370 437 929 846 3112 2944 3080 
1371 198 910 665 3113 3114 1263 
1372 57 318 56 1944 3057 153 
1373 706 912 196 3089 2903 1454 
1374 680 849 227 3115 2656 1316 
1375 202 877 815 3116 3117 2245 
1376 584 846 582 2837 2834 2239 
1377 727 834 414 3118 3091 1281 
1378 82 884 230 3119 3120 1813 
1379 635 885 538 2987 2033 2496 
1380 208 811 724 1495 3121 1720 
1381 214 875 764 2465 3038 2650 
1382 544 870 632 3081 3014 1765 
1383 752 902 203 3085 3122 1629 
1384 230 884 659 3120 2768 2346 
1385 230 892 799 2345 1368 2688 
1386 793 819 562 1435 3123 2937 
1387 526 853 525 3124 2884 1918 
1388 517 891 570 3125 1915 2002 
1389 204 876 79 2205 3098 1393 
1390 207 911 782 2891 3126 2916 
1391 745 881 277 3127 3128 1819 
1392 774 807 527 2192 1116 2933 
1393 625 866 648 3048 3043 1381 
1394 685 858 684 2778 3129 2094 
1395 675 862 546 3130 3044 1675 
1396 796 852 247 3062 3131 3034 
1397 263 850 267 2914 1220 2674 
1398 66 859 65 1586 3132 162 
1399 294 905 734 1288 3133 2249 
1400 748 896 843 3055 3134 2942 
1401 586 864 747 3135 3010 2795 
1402 665 910 675 3114 3136 2299 
1403 662 906 873 3137 3138 3139 
1404 654 913 827 3140 3052 3082 
1405 637 881 745 1212 3127 966 
1406 618 900 617 2961 1992 2404 
1407 52 832 831 3035 2521 2981 
1408 410 926 238 3141 3142 2850 
1409 494 921 841 3143 3144 1815 
1410 332 856 615 3107 1345 2186 
1411 634 925 711 3145 3146 1797 
1412 537 920 718 3147 3148 2499 
1413 247 852 249 3131 2975 2792 
1414 739 851 349 2622 2831 2590 
1415 48 919 216 3102 3149 1231 
1416 719 874 452 3150 3151 992 
1417 84 867 83 3101 3152 180 
1418 800 860 7 1518 3153 2797 
1419 199 869 67 3154 2941 2467 
1420 543 877 541 3155 2826 1856 
1421 608 863 607 3072 3049 2331 
1422 7 860 6 3153 2749 103 
1423 452 874 268 3151 3156 2876 
1424 594 914 592 3157 3158 2188 
1425 431 879 432 3108 3159 1320 
1426 663 906 662 2478 3137 2061 
1427 77 861 214 3026 1394 2183 
1428 505 899 513 3110 1539 2069 
1429 543 854 771 3024 3070 2984 
1430 583 864 586 2950 3135 2327 
1431 781 902 611 3160 3084 2806 
1432 528 901 852 3161 3096 3061 
1433 56 840 55 3056 2844 152 
1434 44 868 43 2418 3162 140 
1435 664 929 537 2945 3163 1835 
1436 636 901 528 1818 3161 1825 
1437 264 874 290 3164 3165 2572 
1438 662 873 746 3139 3166 2527 
1439 432 879 723 3159 3167 1275 
1440 734 905 674 3133 3168 2598 
1441 303 889 712 3169 1266 2422 
1442 17 888 798 3170 3093 2871 
1443 648 924 561 3042 3171 1448 
1444 476 898 872 3172 2640 3173 
1445 592 914 707 3158 2968 2436 
1446 83 884 82 3174 3119 179 
1447 209 891 680 2293 3175 1107 
1448 701 898 476 2615 3172 2402 
1449 873 906 302 3138 3176 3177 
1450 470 880 497 2706 2879 1670 
1451 476 872 477 3173 3178 1800 
1452 65 859 215 3132 3179 1752 
1453 290 874 719 3165 3150 999 
1454 687 902 781 3180 3160 2750 
1455 718 920 788 3148 3181 2730 
1456 203 902 687 3122 3180 1181 
1457 839 890 765 2868 3182 1630 
1458 289 871 302 3183 3184 2452 
1459 236 926 307 3185 3186 2648 
1460 624 887 625 3187 3047 1722 
1461 202 908 877 3188 2886 3116 
1462 845 868 219 3189 2417 1247 
1463 815 877 543 3117 3155 2983 
1464 216 919 780 3149 2952 1484 
1465 686 924 212 3190 3001 1657 
1466 490 904 573 2756 1142 1858 
1467 782 911 802 3126 3191 3007 
1468 430 878 459 3192 3193 2427 
1469 212 866 816 3003 2024 2978 
1470 277 881 279 3128 2910 2566 
1471 18 888 17 2833 3170 114 
1472 234 848 232 3008 3099 2526 
1473 225 862 808 2776 3194 3037 
1474 786 857 757 3195 2994 3074 
1475 598 886 599 3060 2851 2368 
1476 590 895 594 2935 3196 2187 
1477 878 928 459 3066 3197 3193 
1478 359 916 847 1611 3198 2920 
1479 746 873 552 3166 3105 2733 
1480 824 926 410 3199 3141 2323 
1481 395 922 789 3104 3200 1029 
1482 802 911 34 3191 3201 2934 
1483 821 929 437 3202 3112 2763 
1484 683 907 605 2951 958 2208 
1485 585 916 584 3203 1467 2332 
1486 851 925 634 2898 3145 3071 
1487 794 918 222 3095 943 2858 
1488 837 838 554 2867 3063 2727 
1489 55 883 54 2843 3204 151 
1490 519 903 633 3205 1433 2315 
1491 34 911 33 3201 2890 130 
1492 561 924 686 3171 3190 1186 
1493 656 913 654 3206 3140 1862 
1494 632 857 786 1205 3195 2925 
1495 571 918 572 981 3094 2263 
1496 697 930 557 2746 3207 1199 
1497 692 875 753 3039 3111 2703 
1498 269 883 649 3208 3209 2982 
1499 556 909 555 953 2967 2158 
1500 818 897 702 3210 2971 2912 
1501 64 923 63 2819 2677 160 
1502 821 920 537 3211 3147 3212 
1503 842 878 430 3090 3192 2957 
1504 5 927 4 2977 2815 101 
1505 626 912 624 2904 3213 2157 
1506 811 845 724 3214 3033 3121 
1507 830 867 210 2812 3100 1600 
1508 680 891 849 3175 3215 3115 
1509 849 891 517 3215 3125 3032 
1510 723 879 551 3167 2616 2801 
1511 446 921 494 3109 3143 2519 
1512 522 865 826 2996 3216 3016 
1513 819 928 562 2829 3065 3123 
1514 459 928 571 3197 2828 2086 
1515 867 884 83 2769 3174 3152 
1516 557 930 856 3207 2272 1480 
1517 197 896 743 3217 1557 1899 
1518 586 915 727 2794 3218 2513 
1519 810 925 485 3219 2897 3077 
1520 711 925 810 3146 3219 2111 
1521 268 874 264 3156 3164 2893 
1522 841 921 567 3144 2484 3092 
1523 307 926 824 3186 3199 1298 
1524 224 870 806 3015 2056 3036 
1525 871 873 302 3106 3177 3184 
1526 788 920 518 3181 3220 1551 
1527 805 913 656 3221 3206 3022 
1528 624 912 887 3213 3088 3187 
1529 391 833 832 2218 2520 2287 
1530 765 890 216 3182 2693 2483 
1531 305 871 289 1861 3183 2811 
1532 789 922 602 3200 2999 2865 
1533 843 896 197 3134 3217 2965 
1534 537 929 821 3163 3202 3212 
1535 291 917 755 2989 1502 2852 
1536 791 897 579 1664 3222 2604 
1537 302 906 795 3176 2477 2765 
1538 579 897 818 3222 3210 2848 
1539 674 905 858 3168 3223 1326 
1540 838 872 553 3224 2679 3064 
1541 826 865 217 3216 2771 3083 
1542 853 889 303 3225 3169 2443 
1543 862 910 808 3226 3227 3194 
1544 859 895 215 3228 1069 3179 
1545 43 868 811 3162 3229 1851 
1546 869 914 594 3230 3157 2626 
1547 594 895 859 3196 3228 2627 
1548 223 913 805 3053 3221 2997 
1549 836 882 209 2593 2294 3012 
1550 814 903 519 1578 3205 1235 
1551 804 908 202 1215 3188 2804 
1552 808 910 198 3227 3113 2970 
1553 208 893 855 3087 1397 1216 
1554 238 926 236 3142 3185 2533 
1555 834 915 496 3231 2434 1504 
1556 526 889 853 2862 3225 3124 
1557 518 920 821 3220 3211 3046 
1558 54 883 269 3204 3208 1068 
1559 675 910 862 3136 3226 3130 
1560 847 916 585 3198 3203 1255 
1561 727 915 834 3218 3231 3118 
1562 811 868 845 3229 3189 3214 
1563 858 905 684 3223 1287 3129 
1564 477 872 838 3178 3224 2889 
1565 649 883 514 3209 2788 3232 
1566 199 914 869 2969 3230 3154 
1567 514 922 649 3000 3103 3232 
$EndElements
$Parametrizations
1 1
3
286
35.95467764014924 0.1068483917600842 -29.16829386124964 0
36.02769705622769 0.4109307133405506 -29.17823093308766 1
36.0856240702041 0.7286639381368127 -29.19051541882245 2
36.12996384317941 1.063130911173861 -29.20560279321955 3
36.16255805392088 1.41543840350888 -29.2237235742286 4
36.18540728583796 1.784401866636675 -29.24492937168069 5
36.200503154492 2.166619361744804 -29.26915563092108 6
36.20967938607971 2.556917429879294 -29.29628754890523 7
36.21449077527847 2.949084480414581 -29.3262177490896 8
36.21613064877953 3.336758636886803 -29.35888782607872 9
36.21539799863066 3.714316202582131 -29.39430999349474 10
36.21272252073216 4.077614895467751 -29.43256894212395 11
36.20824822981987 4.424480608302923 -29.47380704836983 12
36.20196443623398 4.754877840575511 -29.51819780770021 13
36.19385951813129 5.070761716059369 -29.56591287875493 14
36.18406187361101 5.375662086879368 -29.61708746805142 15
36.17292778469765 5.674089204508753 -29.6717874663697 16
36.16104086416572 5.97086901112753 -29.72998019603555 17
36.14910301490348 6.270515075480667 -29.79150937582251 18
36.13771960188794 6.576724879992407 -29.85607435528935 19
36.12710841484847 6.892057228450925 -29.92321381091082 20
36.11678549844357 7.217811600246465 -29.99229517081615 21
36.10529560961114 7.554096214112898 -30.06251233825731 22
36.09005673561383 7.900044657993515 -30.13289539862475 23
36.06737380757886 8.254123572789064 -30.20233630826911 24
36.03264988039868 8.614468521994475 -30.2696336392032 25
35.98078833167045 8.979188609083304 -30.33355687664049 26
35.90674286998909 9.346592847245741 -30.39292724825617 27
35.80614231693794 9.715307961551469 -30.44670791610042 28
35.67589948606139 10.08427758691926 -30.49409293802126 29
35.51471165648098 10.45265276046544 -30.53458243720685 30
35.32337343413563 10.81960204772231 -30.56803202428798 31
35.10484917403905 11.18408501985373 -30.59466775543097 32
34.8640863284946 11.54464181404629 -30.61506342439537 33
34.60758614960776 11.89925376043532 -30.63008385959365 34
34.34278021596583 12.24532363647251 -30.64080429923255 35
34.07728426737059 12.57980759935823 -30.64842031446958 36
33.8181145769917 12.89950679518519 -30.65416405205223 37
33.57095706702479 13.20149607508134 -30.65923987699389 38
33.3395731111459 13.48363594722903 -30.66478661117299 39
33.12541295514568 13.74508693481489 -30.67186555536271 40
32.92748845070566 13.98672998160874 -30.68146576233912 41
32.74253084241991 14.21139681707139 -30.69451255292814 42
32.56542869012301 14.4238335446925 -30.71186379875415 43
32.38990768609221 14.63035838756687 -30.73428192469724 44
32.20938013124267 14.8382248294229 -30.76237709651079 45
32.01786137305189 15.05475716464522 -30.79652720625668 46
31.81083120422373 15.28637481912335 -30.83679029575267 47
31.5859134563852 15.53765556237235 -30.88283215791699 48
31.34326169065971 15.81059585304534 -30.93389367471963 49
31.08557485039791 16.10420587262912 -30.98881779315839 50
30.81771952752855 16.41452886691919 -31.04614548865007 51
30.54599912876267 16.73510624697056 -31.10427545044248 52
30.27717311713226 17.05783365558784 -31.16166710084778 53
30.017379014278 17.37408287431658 -31.21705417231784 54
29.77113539215817 17.67591422813981 -31.26962983581309 55
29.54059802930963 17.95718432529164 -31.31916633209731 56
29.32520294177198 18.21436873656612 -31.36604234913052 57
29.12176422872103 18.44696693521621 -31.41116811176392 58
28.92501371215587 18.65742813980003 -31.45581799689572 59
28.72848855004536 18.85061883049008 -31.50139929865329 60
28.52560787584697 19.03292943100907 -31.54919889886564 61
28.31074396611873 19.21117553610696 -31.60015444852962 62
28.08009529015855 19.3914776537512 -31.65469183857347 63
27.8322065355587 19.5782986661357 -31.71265688688544 64
27.56804853140941 19.77378272666521 -31.77334944955123 65
27.29065449381458 19.97748170940249 -31.83564712287278 66
27.00439234995694 20.18648670117293 -31.8981876161496 67
26.71401915600856 20.39591687491578 -31.95956823309873 68
26.42370181573692 20.59966655716358 -32.01852003906269 69
26.1361904609211 20.79128174671285 -32.07402321609255 70
25.85229814236287 20.9648316927513 -32.12534670305503 71
25.57077987212791 21.11565722974395 -32.17201530232174 72
25.28862723780064 21.24090938230017 -32.21372613372486 73
25.00171662509562 21.33983070910962 -32.25024868656261 74
24.70568290810498 21.41377128388952 -32.28134581419208 75
24.3968495483972 21.46596379800977 -32.30674580410364 76
24.07303522251013 21.50110462917579 -32.32617925268019 77
23.73407955608212 21.52480058991257 -32.33947369931513 78
23.38198204417085 21.54294529678272 -32.3466789339456 79
23.02061868501538 21.5610877105375 -32.34818193306612 80
22.65507997888548 21.58385075951391 -32.3447669826048 81
22.29074568579889 21.61445226627761 -32.33758514718933 82
21.93226531921691 21.65437298943441 -32.32801704880534 83
21.58263651052564 21.70320657697174 -32.31743905489967 84
21.24256257103686 21.75871203756809 -32.30692981069642 85
20.91022531162908 21.81707020872159 -32.29697441775739 86
20.58153627468907 21.87332313100143 -32.28723237088074 87
20.25084266543229 21.92195024155949 -32.27642893055841 88
19.91197680323372 21.95751370221728 -32.26240869058324 89
19.55946908074893 21.97529094190587 -32.24235886483275 90
19.1897065799652 21.97180951231366 -32.21317441619515 91
18.80182163348154 21.94521122579944 -32.17190610265453 92
18.39813786253483 21.89539671949132 -32.11621237604478 93
17.98407809600543 21.82393589434012 -32.04473219072892 94
17.56753475045416 21.73376666831157 -31.95730886073707 95
17.1578010475635 21.62873820439569 -31.85502316944251 96
16.76424095353179 21.51307778833213 -31.74003050442397 97
16.3949229858833 21.39086833301466 -31.61523424552798 98
16.05544706667734 21.2656156608887 -31.48385799283383 99
15.7481566289752 21.13996280811233 -31.34899630986206 100
15.47185755245787 21.01557773235789 -31.21322447387887 101
15.22207521107214 20.8932086355988 -31.07833275484466 102
14.99178890481723 20.77287370612091 -30.94522381981946 103
14.77250731912087 20.65413416680565 -30.813979391222 104
14.55549964919923 20.53639293047211 -30.68407045155992 105
14.33298323336971 20.41916642501903 -30.55466114440151 106
14.09908768623393 20.30229016970954 -30.42494341768241 107
13.85046284409619 20.18603499990806 -30.29443890427007 108
13.58646110061273 20.07112661714741 -30.16321509307174 109
13.3088943724966 19.95867400371846 -30.03198171694912 110
13.02142942533609 19.85002092477541 -29.90205554253813 111
12.72873553710732 19.74653976754206 -29.77520343340377 112
12.43553116904916 19.64939019496215 -29.65339140353761 113
12.14568671458131 19.55926803750965 -29.53847893256329 114
11.86153013721421 19.47617385946501 -29.43190300050465 115
11.58347172936875 19.39923316516813 -29.33439482576832 116
11.31001778886016 19.32660088269505 -29.24576632401993 117
11.03818218865869 19.25547789386683 -29.16479320836265 118
10.76423905186029 19.18225606189656 -29.08920982897721 119
10.48469684930139 19.10278984086842 -29.01581800867812 120
10.19732420427797 19.01277013558046 -28.94069961792712 121
9.902032852465107 18.90815412522017 -28.85951178165741 122
9.601429860866308 18.78558842429117 -28.76783488224466 123
9.300894357170833 18.64275846801234 -28.66153879058912 124
9.008109908782364 18.47860560718221 -28.53713131946895 125
8.732082542493906 18.29337667171794 -28.39205651910241 126
8.481775686833684 18.08850258609212 -28.22491686086451 127
8.264580513354456 17.86633718798877 -28.03560290263093 128
8.084890997408101 17.62981554658443 -27.82532421634417 129
7.943053400491227 17.38210607699917 -27.59654495365312 130
7.834906870481181 17.12632803726688 -27.35283496553499 131
7.7520323079418 16.86538597570507 -27.09865219163306 132
7.682698650506541 16.60194003410644 -26.83907409954124 133
7.783382959805591 16.37322670242111 -26.61657336830191 134
7.884067278871179 16.14451334886454 -26.39407261545071 135
8.034738167052051 15.98094525161488 -26.24171198038609 136
8.191276986727269 15.81796311054863 -26.09158196349467 137
8.358963917866985 15.65622053875995 -25.94594515132813 138
8.541965738716488 15.49649315979696 -25.80709452270876 139
8.742929397540227 15.33970572349728 -25.67729564153152 140
8.962741518804014 15.18691927561781 -25.5586683448327 141
9.200485068401651 15.03926813664093 -25.45302403051916 142
9.453603495747732 14.89784294821243 -25.36169109910665 143
9.718258485073928 14.76352587390653 -25.28536859118044 144
9.989841701951198 14.63679551356396 -25.2240445357867 145
10.26357720102791 14.51753055899668 -25.17700168423011 146
10.53513367494565 14.40484885366561 -25.1429131253688 147
10.8011578921864 14.29701902056296 -25.12000948471094 148
11.05964672477198 14.19147379332164 -25.10628385658386 149
11.31009510438575 14.08493814994194 -25.09969420818415 150
11.55338990091102 13.97366328809539 -25.09832746982544 151
11.79146077740364 13.85373571079972 -25.10050234366129 152
12.02674134826369 13.72141417465767 -25.10480604738485 153
12.26153027523445 13.57343956434717 -25.11007745544618 154
12.49736354314722 13.40726913842309 -25.11536076241995 155
12.73451167411358 13.22120353487043 -25.11985742813349 156
12.9716967718745 13.01439953496047 -25.12289894336775 157
13.20608599212802 12.78678804150992 -25.12395101953521 158
13.43356798735202 12.53893684864576 -25.12264567893369 159
13.64926587454153 12.2719071161266 -25.11882592500033 160
13.84819535598011 11.98714669473428 -25.11258124274965 161
14.02594940442881 11.68644521920796 -25.10425372940852 162
14.17928712301851 11.37194959227284 -25.09440292295081 163
14.30652504131439 11.04621177649207 -25.0837296947113 164
14.407669376102 10.712222787901 -25.0729720991036 165
14.48427949992789 10.37338223118321 -25.06279483625193 166
14.53910449116187 10.03336550906409 -25.05369697266639 167
14.57557577125812 9.69587635446328 -25.04595833668035 168
14.59726032068114 9.364306325813313 -25.03963572820929 169
14.60737722950955 9.041355064438747 -25.03460820001545 170
14.60845826044888 8.728686247315604 -25.03065963385493 171
14.6021964966222 8.426696487342285 -25.02758026239701 172
14.58948443756228 8.134458082306958 -25.02526701871009 173
14.5706050440825 7.849862927452189 -25.02380646209918 174
14.54551464793784 7.569952296857315 -25.02353178578096 175
14.51414858212109 7.291376286443193 -25.0250532527777 176
14.47668829068902 7.010898198126983 -25.02926779005349 177
14.43374951022054 6.725848958980794 -25.03735580593091 178
14.38647686356796 6.434448704648368 -25.05077090832436 179
14.33655297345301 6.135943385564665 -25.07122260249201 180
14.28614474286109 5.830545963364964 -25.10064524972689 181
14.23781309226968 5.51921420882528 -25.14114117031609 182
14.19440643137196 5.203329699063655 -25.19488463330612 183
14.15894522310568 4.884359112847603 -25.26397771578237 184
14.13449284279824 4.56357513857845 -25.35025836705747 185
14.12400116672741 4.241892789146632 -25.45507383204427 186
14.130120723097 3.919844629823168 -25.57904575343342 187
14.15497605893898 3.597682997532668 -25.72186369787898 188
14.19992363548895 3.275568141891002 -25.88214785021879 189
14.26532706626028 2.953784024239693 -26.05741770108749 190
14.3503962392996 2.63292193872782 -26.2441915033276 191
14.45313805414046 2.313984073471466 -26.43822246983941 192
14.57045496971499 1.998380821936505 -26.63485500284876 193
14.69840422037954 1.687820817697106 -26.82946245503899 194
14.83259963331881 1.384115579994841 -27.0179105916023 195
14.96870722726336 1.088936213595972 -27.19698216147822 196
15.10296209050704 0.8035661965206984 -27.364699337238 197
15.2326237144039 0.5286919459270161 -27.52049339961962 198
15.35629271524915 0.2642643030791216 -27.6651925586659 199
15.47403392097539 0.009450995216558233 -27.80082611204103 200
15.58728428323203 -0.2373127964573927 -27.93027168364441 201
15.69856184163962 -0.4781809907460337 -28.05679723979796 202
15.8110270558018 -0.7156755307513798 -28.18356649871548 203
15.92797274855889 -0.9524112813690531 -28.31318204602625 204
16.05232913883256 -1.190796775868081 -28.44733387676244 205
16.18626408732749 -1.432745181612326 -28.58660326047561 206
16.33093914945025 -1.679432176616272 -28.73044573068981 207
16.48645241574359 -1.931135782172491 -28.87734711279155 208
16.65196554057687 -2.187186708824465 -29.02511842434367 209
16.82598222157187 -2.446045685889679 -29.17127361695347 210
17.00672231467048 -2.705507130092343 -29.3134227604289 211
17.19252349179119 -2.963008294775884 -29.4496136931751 212
17.38220144003377 -3.216003573880551 -29.57856750800318 213
17.57530941847921 -3.462348635919104 -29.69977471939178 214
17.77225654133527 -3.700632847385007 -29.81344531163116 215
17.97426657369545 -3.930403119294672 -29.92033240758342 216
18.18318415842181 -4.152238020165496 -30.02147076795423 217
18.40115871541336 -4.367656360767054 -30.11788408142126 218
18.6302551221697 -4.57887363027463 -30.21031721609896 219
18.87205334474588 -4.78844674612019 -30.29904086599348 220
19.12730271747084 -4.998868191649953 -30.38375916412798 221
19.3956914863522 -5.212179193200301 -30.46362893221393 222
19.67577652290587 -5.429665322845139 -30.53737722753671 223
19.96509485854822 -5.651680659926987 -30.60348602176047 224
20.26044925391617 -5.877620711858038 -30.66040231476591 225
20.5583291853267 -6.106035748695311 -30.7067309887458 226
20.85540285935271 -6.334850838834685 -30.74137563887841 227
21.14899862026023 -6.561643391481356 -30.76360746639974 228
21.43749168382258 -6.783924731240356 -30.77306063851341 229
21.72052555546038 -6.999378900161203 -30.76967008524808 230
21.99902518001848 -7.206027520630428 -30.75358033486794 231
22.27499763231609 -7.402309351529887 -30.72505930560795 232
22.55115729186876 -7.587081353165718 -30.6844473216256 233
22.83044806460438 -7.75956063601901 -30.6321600616027 234
23.1155568425093 -7.919232260833502 -30.5687477337484 235
23.40851422849637 -8.065745098115146 -30.49499483765845 236
23.71045968575799 -8.198810691175339 -30.41203054851477 237
24.02161124439909 -8.318111629409721 -30.32141239470538 238
24.34143342229296 -8.423219878209167 -30.22514775440618 239
24.66895054546191 -8.513524329384824 -30.12562912985622 240
25.00311848069863 -8.588170601794177 -30.02547774318216 241
25.34315322037891 -8.646022983895602 -29.92731177710223 242
25.68872536512345 -8.685665162677871 -29.83347549163264 243
26.03996253940834 -8.705458477961614 -29.745778577405 244
26.39725086877515 -8.703671398455844 -29.66529776718493 245
26.76087946320308 -8.678681015039828 -29.59228400005119 246
27.1306164700039 -8.629228099030307 -29.52619920881875 247
27.50532932780866 -8.554687672514174 -29.46588125794122 248
27.88275932676736 -8.455302708413123 -29.40980908279946 249
28.25953032919036 -8.332324419671881 -29.35641894025263 250
28.63142028521382 -8.188012904541974 -29.30441141430482 251
28.99386270112154 -8.025475641415948 -29.25299025574972 252
29.34258907575286 -7.848355071434673 -29.20198857202058 253
29.67428464541196 -7.660411958370355 -29.1518617319916 254
29.98711943861935 -7.46507903275848 -29.10355454316598 255
30.28103758128599 -7.265073426220464 -29.05827667406658 256
30.55773564795961 -7.062148430144436 -29.01723845545487 257
30.82032552082151 -6.857037488386201 -28.98140554697245 258
31.07274445311128 -6.649601836833714 -28.95132444853204 259
31.31902886574817 -6.439145181358947 -28.92705262332122 260
31.5625970601499 -6.224817939713393 -28.90820185287206 261
31.80568332417721 -6.006010211902812 -28.89407767921874 262
32.04903232371 -5.782633821343701 -28.88387660456055 263
32.29190561632663 -5.555219614091886 -28.87689130669338 264
32.53238575624998 -5.324802330800363 -28.87267451135731 265
32.76790137765908 -5.092620557323631 -28.87112396626617 266
32.99585344295222 -4.859709417841833 -28.87247093721255 267
33.21420721238792 -4.626496347566251 -28.87717765590025 268
33.42192775115971 -4.392515291170064 -28.88576997535582 269
33.61917647581081 -4.156330554388855 -28.89864545254766 270
33.80724055714192 -3.91571241771873 -28.91590156806848 271
33.98822468346486 -3.668044453178547 -28.93722286502686 272
34.1645823281163 -3.410881861744519 -28.96185170488965 273
34.33859089413717 -3.142536087181373 -28.98864873561723 274
34.51187898091936 -2.862545256807229 -29.01623004583653 275
34.68509423948504 -2.571908007333008 -29.04315297634131 276
34.85776499749401 -2.27300683319158 -29.0681143137356 277
35.02836548007504 -1.969214871246159 -29.0901243555591 278
35.1945536814264 -1.664252173631025 -29.1086273935097 279
35.35352252414502 -1.361417700034764 -29.12355131387555 280
35.50239203076334 -1.062857388120871 -29.13528364775994 281
35.63857371222691 -0.7690271898377361 -29.14458475865776 282
35.76005460877781 -0.4784738979065324 -29.15245876188836 283
35.86557242342593 -0.1879937556779305 -29.16000767381998 284
35.95467764014924 0.1068483917600842 -29.16829386124964 285
2
1635 2983
35.95467764014924 0.1068483917600842 -29.16829386124964 1 0 0.04765079610060655 0.07644077012205182 -0.01491668046828936 -0.004621992612316981 0.003366272628162773 0.002485730298261968
36.02769705622769 0.4109307133405506 -29.17823093308766 0.9997933363004208 0.02032940454794312 0.0530420847683671 0.08597316051162872 -0.01943771437731226 -0.001841817071050529 0.001359807012900001 0.0009884438572071998
35.71453186976635 0.1256855052879073 -29.05418093200853 0.9843968034304322 -0.007132871277155243 0.04194059194425788 0.06942844808142254 -0.01188917922532859 -0.003055997928749999 0.00212442423330644 0.001625437307872445
35.86557242342593 -0.1879937556779305 -29.16000767381998 0.9997995770567385 -0.02002013279593676 0.03233942631595403 0.06540112317547629 -0.00653977709653952 -0.0005625731098755963 0.0003071234484093495 0.0002894482208483186
35.76005460877781 -0.4784738979065324 -29.15245876188836 0.9991957339360684 -0.04009844490702324 0.03015908382877762 0.05954575234533442 -0.00502448430112844 -0.0006257402854258823 0.0003441386334010458 0.000322468937437859
35.35463763032976 -0.2619105679088793 -28.94167278519442 0.9689848744204765 -0.04172943442145684 0.03630258030835452 0.05089187582999984 -0.00848935730244519 -0.01057496101147846 0.008512509560910668 0.005809533801154993
35.63857371222691 -0.7690271898377361 -29.14458475865776 0.9981656470910641 -0.06054205948988724 0.02464722541634777 0.0397551754611526 -0.004155354912182805 -0.008187096356122914 0.005535668036216435 0.004399683075483412
34.99903271093294 -0.8785989409165271 -28.89119531799035 0.9600657337752354 -0.08856154970348921 0.03672732092470993 0.005984296252044845 -0.01405712746531013 0.001301727055172832 -0.01517763080722447 -0.00306026191688477
35.50239203076334 -1.062857388120871 -29.13528364775994 0.9966700070220508 -0.0815407695736648 0.0197156653481619 0.008471905787206611 -0.006922209432823671 0.0040088476367616 -0.01242299174307084 -0.003786264697525809
35.35352252414502 -1.361417700034764 -29.12355131387555 0.9946669473264935 -0.1031390512666988 0.02118144651297942 -0.001547625835381794 -0.009154387237139527 -0.0001730778951182103 -0.001389095563829131 -0.0001656298730162752
34.8032197484447 -1.626891023915695 -28.93889431024395 0.9655868184956086 -0.1365530292820246 0.039568684853388 -0.00115339310947904 -0.01617734946280718 -0.0005516218468946348 -0.006569497965922377 -0.0008808449965272315
35.1945536814264 -1.664252173631025 -29.1086273935097 0.9921266745010531 -0.125238419598307 0.02461083954795355 -0.002040673196356622 -0.01062240706743931 -0.00135689699749433 -0.01029109836332595 -0.001166741739291279
35.02836548007504 -1.969214871246159 -29.0901243555591 0.9890432550408259 -0.1476260128102346 0.03113125838692983 -0.001076143242793357 -0.01306013157219933 -0.001592458156912821 -0.01806854900158011 -0.002307088506078654
34.6243713895038 -2.20831580159858 -28.96264038607425 0.9683097873262588 -0.1744205624750573 0.05069226191627816 0.004356796767209087 -0.01940182207688412 0.0004941114570955369 -0.02214324733778924 -0.003681406866573091
34.85776499749401 -2.27300683319158 -29.0681143137356 0.9854402117004992 -0.170022319604442 0.0416289618044824 0.003972874653724702 -0.01640880739003363 0.0007808972188909048 -0.02639954822295616 -0.004410689563599123
34.68509423948504 -2.571908007333008 -29.04315297634131 0.98136778641577 -0.1921386681160553 0.05239229915906098 0.00960892254425904 -0.01904793148467901 0.004154198556945563 -0.03649864731083501 -0.006985780137094663
34.23807440234985 -2.770086738639037 -28.90130702279476 0.9566189463854211 -0.2179734795370777 0.08279893475194083 0.01276380514810618 -0.02763517224744717 0.002587238462345981 -0.02727631536527006 -0.00484632354196659
34.51187898091936 -2.862545256807229 -29.01623004583653 0.9768919845009625 -0.213733597306955 0.05381460496373665 0.008161364892421856 -0.01910463017802634 0.003285261392994402 -0.03555421400686178 -0.005934470798448026
34.33859089413717 -3.142536087181373 -28.98864873561723 0.9720781121927229 -0.2346575031739498 0.1059572097320098 0.01151222591146394 -0.03758703700787255 0.0009694683510975856 -0.01802711150873289 -0.002788461851673483
34.1645823281163 -3.410881861744519 -28.96185170488965 0.9669733864910204 -0.2548773623099704 0.1123232818001971 0.01763516637074109 -0.03460285283904231 0.002764443012480843 -0.02589700198088656 -0.004224698686113315
33.73250296132591 -3.289664666327509 -28.81263749909125 0.9364037327693447 -0.2629136549405199 0.08999971319757809 0.02404833271997326 -0.02254696869269842 0.005205904077032132 -0.02402704741645162 -0.004846795956114378
33.98822468346486 -3.668044453178547 -28.93722286502686 0.9615936235822112 -0.274477144924732 0.1111599010802567 0.03132664003780626 -0.02987526829235161 0.005759099849298096 -0.02506829162961317 -0.004857676164250515
33.80724055714192 -3.91571241771873 -28.91590156806848 0.9559179491312791 -0.2936339124294906 0.0994846863194046 0.04282059345131697 -0.02055752886065181 0.01210929372451944 -0.03161698097614093 -0.00725615426908238
33.14445459168508 -3.756390433913602 -28.73243372728963 0.9106253880581333 -0.307452338282848 0.06226369118344664 0.02801888869005752 -0.009901137957275685 0.00841943993414912 -0.0204721095742969 -0.004987341013581188
33.61917647581081 -4.156330554388855 -28.89864545254766 0.9498933421895761 -0.3125742127302198 0.05848260436132453 0.03694555605144305 -0.008099647608903873 0.03934997203031061 -0.06602926589101535 -0.01706235935281702
33.0015593780486 -4.484675856083213 -28.81487011891252 0.9198034463823652 -0.3502981578570146 0.03800369435012568 0.0308207210968588 -0.002624643690749132 0.0173888972225602 -0.02200605737785297 -0.006629555780725651
33.42192775115971 -4.392515291170064 -28.88576997535582 0.9434481294166874 -0.3315201760076648 0.03850762729808348 0.03486940385764091 -0.003245264674966722 0.04115330700216715 -0.0467312062135294 -0.01379643837267361
33.21420721238792 -4.626496347566251 -28.87717765590025 0.9365109188585674 -0.3506384161193433 0.0350311486147945 0.04579259785066477 -2.491116387368517e-06 -0.003871466886743978 0.002961720986662305 0.001190719683748413
32.99585344295222 -4.859709417841833 -28.87247093721255 0.9290298128004693 -0.3700048741948213 0.02971377955686186 0.03028097399901227 -0.0005273625906901416 0.008566149788120642 -0.008455117137244826 -0.002837697938110361
32.76790137765908 -5.092620557323631 -28.87112396626617 0.9209866435325053 -0.3895941509246899 0.03570542822419543 0.03099822313980935 -0.0009837473574219652 0.009833496465272009 -0.01143968645986271 -0.003558587753470414
32.40541884094517 -4.834668843435821 -28.76488591280467 0.8916544730376298 -0.3882749735203803 0.04593723488955968 0.02675147070110975 -0.002855110840231956 0.004365279837639072 -0.007718221223413524 -0.002082190147848116
32.53238575624998 -5.324802330800363 -28.87267451135731 0.9124022521267382 -0.4092946741823741 0.04228124219946205 0.02036967059330445 -0.002862597167573105 0.005799370833775684 -0.01247046858866111 -0.003079278694069384
31.90793229857043 -5.363572800207329 -28.78891453008665 0.8740910038803403 -0.431789368318815 0.05059181310955507 0.01540145660739787 -0.003720205238674335 0.002912123733632461 -0.01010848484918088 -0.002246051105057455
32.29190561632663 -5.555219614091886 -28.87689130669338 0.9033309262010496 -0.428944329451683 0.03563573006496087 0.0104719455973697 -0.003235197050132863 0.003441232285077214 -0.01253712574938517 -0.002675964974915112
32.04903232371 -5.782633821343701 -28.88387660456055 0.8938446707987754 -0.4483767439159049 0.05579070326172153 0.01238813625337239 -0.005177443836803238 0.0009187758690254644 -0.004533279798592122 -0.0009463619695805402
31.80568332417721 -6.006010211902812 -28.89407767921874 0.8840106908036047 -0.4674666817484784 0.06573550012192404 0.01794472739210569 -0.003968004245789762 0.004067310589906031 -0.0156205978660778 -0.003261255237701322
31.20927784311753 -5.797924017946023 -28.79674164204456 0.8410003346647256 -0.4766466602366736 0.05687049766708063 0.01932631497434268 -0.001041929450344848 0.005424284224936468 -0.01615408672356664 -0.003567635775564374
31.5625970601499 -6.224817939713393 -28.90820185287206 0.8738676477107763 -0.486163896525065 0.05352286941063913 0.02107685032276266 -0.0006262932499353481 0.0132641981191916 -0.03389678302731308 -0.007184299878638828
31.00506077906195 -6.400251193203736 -28.89923667660154 0.8425175979633036 -0.5127484736087259 0.05250445030686569 0.02333676502882007 0.001559837464809598 0.00693489841673769 -0.01537865478652007 -0.003349692650859293
31.31902886574817 -6.439145181358947 -28.92705262332122 0.8634071228924912 -0.5045078197000623 0.04722815313572915 0.02310412837578875 0.0009781415541137441 0.01341980601764497 -0.02718899727980437 -0.005740038410526352
31.07274445311128 -6.649601836833714 -28.95132444853204 0.8525657582818472 -0.5226199649891865 0.05302215946780367 0.0286502131967259 0.002707155593990736 0.0003299364172718116 -0.0005979478283565645 -0.0001339444872292817
30.82032552082151 -6.857037488386201 -28.98140554697245 0.8412308544183158 -0.5406761041276289 0.05532341759098449 0.02555414157584395 0.003217667520093581 0.0007494842909286591 -0.001579651168022564 -0.0003410553793952352
30.43512601128595 -6.711491899888168 -28.94072219620139 0.8139820487949001 -0.5463776783946949 0.05080845818326245 0.02092025639628372 0.003403419559713988 0.001658379195148047 -0.003889148595674248 -0.0008514096346568334
30.55773564795961 -7.062148430144436 -29.01723845545487 0.8292586380930839 -0.5588650205085336 0.0484831162059749 0.02243505266953223 0.003880865166973553 0.0005463462920213952 -0.001137286349451021 -0.0002508439671616447
30.28103758128599 -7.265073426220464 -29.05827667406658 0.816501189955035 -0.5773437509855041 0.04105924343666196 0.01491755033827736 0.003157434565863365 0.0004097052995623506 -0.001078306112579572 -0.0002332602314251754
29.83152757097201 -7.060479735688618 -29.0151444983164 0.7848439994709303 -0.5828806468264169 0.04138674676352192 0.008343134860240185 0.002357770693334427 0.0002147583361835337 -0.001003305890415787 -0.0002194583750802234
29.98711943861935 -7.46507903275848 -29.10355454316598 0.8028361791415546 -0.5961996892496587 0.03710140701228645 0.00624318524736336 0.001734311360376852 0.0004447617494381425 -0.002490571892700635 -0.0005490277081433271
29.67428464541196 -7.660411958370355 -29.1518617319916 0.7881932813827893 -0.6154277790147527 0.03458144794678043 1.776557993823065e-05 0.0008392719574049578 1.568717188298429e-05 -0.002677711381569296 -0.0005896944583173272
29.16005535270059 -7.411050053632328 -29.11227788502594 0.7526143003488439 -0.6218372697931964 0.04100205182685539 -0.00252464171056081 0.001112115007791422 -0.0005042769029788276 -0.009082378561963799 -0.002026196950698566
29.34258907575286 -7.848355071434673 -29.20198857202058 0.7725719532495594 -0.6349272218547261 0.03884923667348784 -0.005728428563532053 -2.834847827654593e-05 -0.001474122821847541 -0.00998623602307184 -0.0022261059091708
28.99386270112154 -8.025475641415948 -29.25299025574972 0.7560466947971969 -0.6545176814160442 0.04115089377647423 -0.007141919156333609 0.0005235077653170603 -0.003083739026257617 -0.01805697670862129 -0.003940439652557105
28.34550625745993 -7.803057419997815 -29.2439381276191 0.7142537648404931 -0.6677552046469786 0.04997267868824744 -0.008970649935843884 0.001879455964468533 -0.002902534146621734 -0.01694405278533062 -0.003698814908298689
28.63142028521382 -8.188012904541974 -29.30441141430482 0.7387580193394898 -0.6739707626162975 0.03534842585410765 -0.007359630693684616 0.0005592896231724859 -0.003748785367753541 -0.01829958608631409 -0.003870148377299491
28.25953032919036 -8.332324419671881 -29.35641894025263 0.7208901190071011 -0.6930493750938151 0.05526043541797025 -0.01433946871091728 0.0009153394488586589 -0.002259190833800276 -0.008829718008742543 -0.001933267430681029
27.88275932676736 -8.455302708413123 -29.40980908279946 0.7026393087309004 -0.7115462049833184 0.06369868225521806 -0.01611383667994455 0.002885020402844398 -0.00335908742624473 -0.01379901323532879 -0.002906600930223058
27.47697507919507 -8.025490935021644 -29.37260106766168 0.6706537419590326 -0.7091181311347687 0.06621107104436574 -0.008896237677788174 0.00649381542741644 -0.002520522212452577 -0.02202787321095066 -0.004477909892608318
27.50532932780866 -8.554687672514174 -29.46588125794122 0.684179969389197 -0.7293132176826344 0.07349727333497101 -0.01521112487591243 0.005505444089051393 -0.003017267203205888 -0.01574045103028081 -0.003209378495234818
27.1306164700039 -8.629228099030307 -29.52619920881875 0.6656360662535604 -0.7462765086095675 0.07724383275748081 -0.01052399639722276 0.009444073095915063 -0.002234367220108314 -0.01972379588859434 -0.003704129420325137
26.69726715409574 -8.169026290866469 -29.51770314205936 0.6314701388031051 -0.7452894199729898 0.073266724898785 -0.00205282933871933 0.01293109796297261 0.0001001420092995106 -0.02965057263899049 -0.005274466457883689
26.76087946320308 -8.678681015039828 -29.59228400005119 0.6470656266817204 -0.7624343084928644 0.08456992919385502 -0.008836909140110606 0.01312844520213309 -0.001628170424383291 -0.02131699672912443 -0.003860480426231198
26.39725086877515 -8.703671398455844 -29.66529776718493 0.6284625642511382 -0.7778398327000771 0.08218933086529132 0.0004594495465043607 0.01742535190766734 0.001053597119981694 -0.02781042969888841 -0.004236181476895601
25.87410519964371 -8.277820846530256 -29.71530705710473 0.5901261385128038 -0.7835876674628457 0.06826740161267016 0.009686893871273033 0.01876819648845355 0.007764296672588769 -0.04337609489108584 -0.005853984504846368
26.03996253940834 -8.705458477961614 -29.745778577405 0.6097752471104199 -0.7925743801129496 0.07929700156531276 0.005316466010286766 0.02005367847206017 0.003114205073306974 -0.03037808373173097 -0.004260718305341274
25.68872536512345 -8.685665162677871 -29.83347549163264 0.5909357529702471 -0.806718622483383 0.06916872668139847 0.009842206679072181 0.02060896484530719 0.007615909735810434 -0.04303368912724546 -0.005009291692624245
25.34315322037891 -8.646022983895602 -29.92731177710223 0.5718902173409499 -0.8203301648176304 0.07348559814517423 0.01524543728913906 0.02446421223434398 0.0128099046042273 -0.05267839793686003 -0.00565063319682486
25.15082575530814 -8.223412178248225 -29.90455941100595 0.550384345816184 -0.8132636284473593 0.06531832177395891 0.02019849955404688 0.02399794898817582 0.02063827981130013 -0.05947319935324328 -0.006116706516611115
25.00311848069863 -8.588170601794177 -30.02547774318216 0.5526209134188389 -0.8334327363693654 0.0720708724806894 0.024525884242571 0.02880903650960493 0.02439007669722402 -0.06596172278198589 -0.004861132027155113
24.66895054546191 -8.513524329384824 -30.12562912985622 0.5331542542472577 -0.8460180501490795 0.06906878032348644 0.02948261648443625 0.03039139843379227 0.03022433127006572 -0.06595586853543407 -0.00470548008180312
24.57018123383173 -7.711472255819325 -29.96189930633988 0.505253948481546 -0.820451795185176 0.06568772688324145 0.02702040516767304 0.02804428161153252 0.02912632041659031 -0.06275142165581997 -0.007761758552642096
24.34143342229296 -8.423219878209167 -30.22514775440618 0.51355363355424 -0.858057495429786 0.08556618130801942 0.03959924459350794 0.04271285939067519 0.02273024335769427 -0.04535164891066151 -0.003489560018082737
23.86324824354321 -7.950066642537422 -30.27659118294633 0.4748541542922447 -0.863730807085323 0.05882072724149986 0.02598395096183156 0.03043750695816229 0.03031127946039977 -0.06054494621333714 -0.006890662509753477
24.02161124439909 -8.318111629409721 -30.32141239470538 0.4938999759855543 -0.8695187253426282 0.06222987728896846 0.0309901686310273 0.03407024140509644 0.01881859408012623 -0.03481829146625127 -0.002701890934063286
23.71045968575799 -8.198810691175339 -30.41203054851477 0.4742655111253172 -0.8803818631463516 0.03788591458149268 0.01473013068419047 0.0196964772284339 0.02995634410022894 -0.06683193710373203 -0.00763996143037554
23.40851422849637 -8.065745098115146 -30.49499483765845 0.4546876452839509 -0.8906509671168253 0.05283175243154806 0.01945734362212245 0.02814663815675743 0.03402995223986418 -0.07591773327515654 -0.01139406371945538
23.22755372256169 -7.610992933090269 -30.40899011317673 0.4314441985648706 -0.8830760109894857 0.05619990013152717 0.02254771753161272 0.03097427263201412 0.0374057657631348 -0.07517219240334265 -0.01314765142436142
23.1155568425093 -7.919232260833502 -30.5687477337484 0.4351498959398328 -0.9003580221576042 0.05600519141784852 0.02149140652543695 0.03182413046150986 0.03531957750709128 -0.07450889708665989 -0.01183940288601233
22.83044806460438 -7.75956063601901 -30.6321600616027 0.4155753220211537 -0.9095587676049386 0.05135516246060089 0.0202538226065159 0.03011352084440094 0.03587989189674455 -0.07151444196186321 -0.0130896967565933
22.59055730571103 -7.343735569444245 -30.56248856945426 0.3900382031828796 -0.9068574216055549 0.04231887208467441 0.01343083330044186 0.02386915184567702 0.03939595320243028 -0.08604993032879625 -0.02142807745216974
22.55115729186876 -7.587081353165718 -30.6844473216256 0.3958347476333757 -0.9183217587349337 0.04109217167807958 0.01472689748144453 0.02454313933114759 0.0305363473958139 -0.06281724424394539 -0.01343355913497156
22.27499763231609 -7.402309351529887 -30.72505930560795 0.3757680187340073 -0.9267137616851918 0.01726623215850158 0.004223695566497349 0.009348500972557969 0.0351275551965024 -0.08929943860639664 -0.02453301132706572
21.99902518001848 -7.206027520630428 -30.75358033486794 0.3552131994264583 -0.9347853138305177 0.03091643732060146 0.006784415703500322 0.01677070576969567 0.05027477287801531 -0.1280419382209751 -0.04088242543474511
22.22806794089072 -6.88581166257311 -30.49143341730684 0.3563259483333171 -0.9082179234445686 0.05242495468193136 0.01707421203590397 0.03023904503456898 0.05454367516207613 -0.10705473958504 -0.03411398654471676
21.72052555546038 -6.999378900161203 -30.76967008524808 0.3340373404358322 -0.9425598417047886 0.05727324007346974 0.01458559570638548 0.03363115883434639 0.04964492286348501 -0.1059782572847458 -0.0385823627891613
21.5981384821552 -6.462351034932263 -30.49990522343495 0.3091458601230764 -0.9250883666443773 0.0547345324681749 0.015348588981174 0.03266832315384532 0.04914541145945189 -0.09252105206182212 -0.03887201412224921
21.43749168382258 -6.783924731240356 -30.77306063851341 0.3121632306951348 -0.9500284824161727 0.05323180481869168 0.01386389234359882 0.03321666869581254 0.03807858846180984 -0.07595725202900022 -0.02932048462907609
21.14899862026023 -6.561643391481356 -30.76360746639974 0.2895880300749837 -0.9571513844932215 0.03051930812113443 0.006652181076961987 0.01785748049317746 0.04898744403658196 -0.1035684122489923 -0.04514114221171942
20.85540285935271 -6.334850838834685 -30.74137563887841 0.266390962163673 -0.9638650607203856 0.04533556953410824 0.009063448406123414 0.02710372132422297 0.05560212772331976 -0.1114966005777088 -0.05571967121359898
21.07316033346515 -5.870217501599942 -30.29001828163418 0.2604336537694739 -0.9253115955646555 0.06688863853107312 0.02037610613038932 0.04262409177967863 0.04465601369954469 -0.07024206595943583 -0.03649861153222096
20.5583291853267 -6.106035748695311 -30.7067309887458 0.2427283786606747 -0.9700942913927284 0.07136841585164068 0.01612023200517707 0.04664309983176085 0.04015185781525931 -0.06866212457525567 -0.03770600826269074
20.3525241916119 -5.573053340238328 -30.34571611409379 0.2115572025465244 -0.9516579755696979 0.06545744911718285 0.0209003723155485 0.04809792579252962 0.02927717154008936 -0.04023611201447429 -0.02235978427399966
20.26044925391617 -5.877620711858038 -30.66040231476591 0.2188160677553553 -0.9757661238698974 0.06945483149027018 0.01952149355309725 0.05201947205854583 0.03622643190861816 -0.05292244323140854 -0.02850808611978405
19.96509485854822 -5.651680659926987 -30.60348602176047 0.1949008231480791 -0.9808229550414288 0.05315406742801566 0.02094355252148973 0.04577116431070274 0.03045027620772943 -0.03616337730239947 -0.0188146064411722
19.69813031969931 -5.234013045625593 -30.33493081091359 0.1642536529788843 -0.9713310604385084 0.04349435442819187 0.0208006804397062 0.041122896566371 0.01600255213117771 -0.01676853913663059 -0.008443560136064175
19.67577652290587 -5.429665322845139 -30.53737722753671 0.1712254201357734 -0.9852318790514891 0.04695032204101625 0.0216174741737654 0.04496486651841133 0.0204635768303124 -0.02179355012606118 -0.01088961345162593
19.3956914863522 -5.212179193200301 -30.46362893221393 0.1479926395805026 -0.9889884623341142 0.02885654284952638 0.0213032289114228 0.0354163679445709 -0.01577401603127941 0.01300657728065223 0.005028789982943095
19.12730271747084 -4.998868191649953 -30.38375916412798 0.1253344275271402 -0.9921145504811649 0.02320313775258918 0.01889814652699304 0.03017973391522349 -0.007372704007224537 0.005739871158904144 0.002074138249777268
19.30549745181069 -4.770521873052992 -30.07073958775824 0.1247116418916972 -0.9665263530705825 0.03308534685469276 0.01812162160229607 0.03302343653732434 -0.0001814810922018749 0.0001758023072419934 8.534974823810017e-05
18.87205334474588 -4.78844674612019 -30.29904086599348 0.103291627842625 -0.994651114520876 0.0170584393669677 0.01631542606415329 0.02440662333201454 -0.003722414418741718 0.002662523894130533 0.0008218412129052215
18.6302551221697 -4.57887363027463 -30.21031721609896 0.08180830804702564 -0.9966480826924231 0.01830891892366383 0.01046143530142317 0.01924576819933832 -0.01250426811806713 0.01180677233827134 0.005477767639413413
18.96340557276978 -4.346048195771639 -29.81794714876909 0.08878314452677329 -0.9613620349436873 0.03682816127351449 0.01489158649807528 0.03150493999131787 0.01347660511184373 -0.01542268879470845 -0.008463760995343492
18.40115871541336 -4.367656360767054 -30.11788408142126 0.06074268102005351 -0.9981534584934804 0.03635251204282537 -0.01597127882640393 0.002734534799043113 -0.005678070331890764 -0.01608592604228947 -0.01846774445873593
18.48031320480023 -3.968109310601411 -29.69092128769093 0.04697250333675221 -0.9690455076654181 0.04291347805827003 0.005661311311311329 0.02660174483923578 0.01374845867405913 -0.02513770863679947 -0.016829038399692
18.18318415842181 -4.152238020165496 -30.02147076795423 0.0398939087267919 -0.9992039211524835 0.04040719371102124 -0.01673503705135194 0.004923758584605273 -0.004610633576257284 -0.0164829387758984 -0.01818525939988525
17.97426657369545 -3.930403119294672 -29.92033240758342 0.01904062163530412 -0.9998187109310073 0.04055453292252883 -0.01171073558099373 0.01043069784431116 -0.0006848368755304763 -0.01705519849701402 -0.01648553939834563
18.00908515612572 -3.524276477431117 -29.51869860862898 0.002202520627594038 -0.9738212618862148 0.0421954564152404 0.01317840600568626 0.03416897959732235 0.01454821210915105 -0.01959884793880681 -0.01040671623152357
17.77225654133527 -3.700632847385007 -29.81344531163116 -0.002016450766000009 -0.9999979669610874 0.0402748886038889 -0.003508606294873075 0.01872801959397963 0.004376988211706063 -0.01574334852766143 -0.01236222138874499
17.57530941847921 -3.462348635919104 -29.69977471939178 -0.02341671838838382 -0.9997257910546867 0.03445747225029314 0.00765142405730048 0.02617401530699771 0.006769189257586382 -0.01035110566973694 -0.005885549093340492
17.52710792250186 -3.066344907676822 -29.3584627147658 -0.04461131005680049 -0.9801998728468038 0.04154168394004379 0.02930732549755697 0.04899854916745938 -0.004938083263463357 0.004544901648805138 0.001468153311614253
17.38220144003377 -3.216003573880551 -29.57856750800318 -0.04521418610116953 -0.9989773157460629 0.03622586301952409 0.01370425624148521 0.03298727285363804 0.001873113562498741 -0.002307957128915587 -0.001098190796396047
17.19252349179119 -2.963008294775884 -29.4496136931751 -0.06736791303705031 -0.9977282016125595 0.04443111727746329 0.03239186680527281 0.05505051882171132 -0.001950880469767008 0.001755062105040051 0.0005418670276605438
17.00672231467048 -2.705507130092343 -29.3134227604289 -0.08974879937438604 -0.9959644336073734 0.04157682669730617 0.04741748185822373 0.06495718107274936 -0.01157769544874456 0.008294418279042724 0.001355714757033379
17.44223037468162 -2.541576512741589 -28.9425980228514 -0.07358535777903089 -0.9560414219434573 0.04787534885729448 0.05538067954643189 0.06950222493313273 -0.006199355341846071 0.004431671037639556 0.0007390748445810615
16.82598222157187 -2.446045685889679 -29.17127361695347 -0.1121606338056699 -0.9936900886213521 0.02847736434425671 0.04413050848364495 0.05268997223217627 -0.03621851474895028 0.02174025624103086 0.001366470221601248
16.89140258598705 -1.978242877665387 -28.73504154093541 -0.1308550116235246 -0.962181185382228 0.04366598399666672 0.06296719300160029 0.07036061305943704 -0.02270205133212425 0.01404507257025792 0.00151972261550369
16.65196554057687 -2.187186708824465 -29.02511842434367 -0.1343718496649046 -0.990930979441874 0.0256084597919818 0.03870624863584068 0.04524737987131624 -0.03658162404975474 0.02160667319172432 0.002220808898483982
16.48645241574359 -1.931135782172491 -28.87734711279155 -0.1561533607328654 -0.9877328221395865 0.03715340919558274 0.05752077104009724 0.06662489447249782 -0.01435460367999262 0.008381155203441749 0.0007689611407285459
16.33093914945025 -1.679432176616272 -28.73044573068981 -0.1773169676883952 -0.9841537953845387 0.04722167505772441 0.06859274739884237 0.07647907059955417 -0.01941694293002752 0.01171764993721562 0.00147955207245035
16.54404984980224 -1.461916236893952 -28.46831029496409 -0.1754262680536777 -0.9571092398249542 0.05336341467603403 0.08298907297100372 0.08359793638497737 -0.01754153337953746 0.01017404215656669 0.001097416955627803
16.18626408732749 -1.432745181612326 -28.58660326047561 -0.1977484005968407 -0.9802528092596273 0.05342700803008228 0.08731907216068954 0.09148152526298818 -0.01663166322308464 0.009265156191148647 0.0008696309152005958
16.05232913883256 -1.190796775868081 -28.44733387676244 -0.2174293768639158 -0.9760760554775276 0.04731386706505137 0.09632834520522744 0.08882550490188404 -0.01755091065539596 0.00854910040229801 7.746377440676356e-05
16.54513805063347 -0.9899698918797153 -28.1339816594696 -0.1974575315202036 -0.9314099643384587 0.05909018173452963 0.07926192187454999 0.07164348252354634 -0.01573126661043064 0.01011490561110306 0.001784342973095581
15.92797274855889 -0.9524112813690531 -28.31318204602625 -0.2364444655817277 -0.9716450044619027 0.02974412432807926 0.05849931915418869 0.05102026568468485 -0.02016374175346652 0.009855766602727224 0.0004546665000848947
16.03867775874702 -0.5486774872710498 -27.99819015908075 -0.2489728297859912 -0.9420284725358176 0.04115722583494198 0.04884452299973305 0.04470057287934386 -0.003139810017880643 0.002183639251410645 0.000504849286987729
15.8110270558018 -0.7156755307513798 -28.18356649871548 -0.2549712354485621 -0.9669486382915249 0.01773045396408219 0.04144213731233144 0.03405083034679495 -0.001958385690834067 0.0008514700631274544 -1.655383826109298e-05
15.69856184163962 -0.4781809907460337 -28.05679723979796 -0.2732557495898118 -0.9619414198983793 0.03435809082870227 0.04718330839355656 0.04261042803836672 -0.008621141458497001 0.005409205763227146 0.0009617771863422864
15.58728428323203 -0.2373127964573927 -27.93027168364441 -0.2915785683203566 -0.9565468825396125 0.044354040424093 0.03999961326730255 0.03920005392518525 -0.006530918954772428 0.005562052689214135 0.00171409679470762
16.03584352216791 -0.01960878172143055 -27.66128611179137 -0.2737943049953858 -0.913262138951444 0.06919664870241699 0.04340381916534262 0.04492623915236009 0.01096240121280806 -0.01239192104250826 -0.004912601850978729
15.47403392097539 0.009450995216558233 -27.80082611204103 -0.3102172811952584 -0.9506656817450718 0.04042194831736649 0.02271321244810436 0.02627076773242046 0.01827573231947151 -0.02183993639867995 -0.009237856863387428
15.57305526298393 0.4405876787362351 -27.48886647113386 -0.3239916962704418 -0.9186884323335429 0.06497646619858735 0.04220481894129315 0.04398718811215508 0.02173384411124595 -0.02337337761125379 -0.009678254860138671
15.35629271524915 0.2642643030791216 -27.6651925586659 -0.3294101610766295 -0.9441869231139927 0.04224434986799441 0.01996086059421785 0.02477146444879189 0.02005888487542478 -0.0269443744515161 -0.01249589619758006
15.2326237144039 0.5286919459270161 -27.52049339961962 -0.3493241006251818 -0.9370019598284774 0.07012787983817988 0.04533484791613242 0.04991856587790443 0.02430004442204107 -0.02556431755575496 -0.01092090963019368
15.10296209050704 0.8035661965206984 -27.364699337238 -0.3700302120559917 -0.9290197210855095 0.07445178543061637 0.06118649649874916 0.05827417993137936 -0.03913949229313628 0.03437268360773964 0.01391458443188903
15.61237602206588 1.020036469346705 -27.11410668642408 -0.348264129048738 -0.8824265470827873 0.08230935787207341 0.06079997159388877 0.05236084256896585 0.03339974634649754 -0.03293535235797397 -0.01425957166536012
14.96870722726336 1.088936213595972 -27.19698216147822 -0.3914913053218907 -0.920181806958474 0.04583660889484672 0.04555465389057448 0.03903749147644472 -0.0604231857775834 0.04456741903504478 0.0189392442436064
15.11390710592755 1.664870243330704 -26.78701488770955 -0.4094730217211529 -0.8760610348567652 0.05968290109245947 0.05813935221293551 0.04496607819411992 -0.03155052765809968 0.02375446789639333 0.01116302924633594
14.83259963331881 1.384115579994841 -27.0179105916023 -0.4135648184133307 -0.9104746789289359 0.03399329608881575 0.03663464892970193 0.02973890842364293 -0.04873833640200212 0.03282797382481588 0.01527074893182514
14.69840422037954 1.687820817697106 -26.82946245503899 -0.4360220508633169 -0.8999359817014471 0.05330556545594113 0.05403951107371298 0.04438229984314674 -0.02107462784590335 0.01486685123825098 0.007210027040275283
14.57045496971499 1.998380821936505 -26.63485500284876 -0.458580916064222 -0.8886526562283483 0.06312401587280206 0.06850620594259207 0.05199037106013885 -0.02571583787266743 0.01724931810127826 0.008493911677037266
14.80419494558712 2.300601582748368 -26.41782583316372 -0.4590639091821698 -0.8575820824394196 0.06452993277119867 0.08092185577932856 0.05414318917331565 -0.02276127184906985 0.01368350525247837 0.006676531418449848
14.45313805414046 2.313984073471466 -26.43822246983941 -0.4809463164619177 -0.8767500445860912 0.07151495840061979 0.08733664071815388 0.06218690806698616 -0.02528895237252941 0.01521536123257332 0.007713518077371107
14.3503962392996 2.63292193872782 -26.2441915033276 -0.5028506751597054 -0.8643732981133952 0.05876686622831144 0.09169332329765698 0.05721429627073665 -0.02475464073757013 0.0120634471935739 0.006093146641190339
14.87806917979906 2.954972762786619 -26.04498519881993 -0.4866150095561456 -0.8182240178793572 0.05363287236596673 0.09451278286744935 0.05031378606496291 -0.01153051839432708 0.005199234881070046 0.00252456978294042
14.26532706626028 2.953784024239693 -26.05741770108749 -0.5240872302985354 -0.85166459069167 0.05758975372013062 0.107776923049364 0.06229255331342941 -0.0243270093572491 0.009990540491236844 0.005205064596634518
14.19992363548895 3.275568141891002 -25.88214785021879 -0.5445301914189874 -0.8387412417624407 0.04178514558842789 0.1100512933023564 0.05471418499834679 -0.03295324188212646 0.009815870986889604 0.005422848072543172
14.60341920114731 3.774904498780389 -25.65486343709648 -0.5456730288881836 -0.7935666194174776 0.03125850014464126 0.1138714160123144 0.04693140218646681 -0.01389908356166399 0.003119614223000792 0.001688200497879977
14.15497605893898 3.597682997532668 -25.72186369787898 -0.5641383242898702 -0.8256802959181097 0.02556980445362353 0.1032213621049219 0.04722373680354084 -0.03000571613258454 0.005732721824669204 0.003716371269395094
14.130120723097 3.919844629823168 -25.57904575343342 -0.5829417700320511 -0.81251393388169 0.02714550769937841 0.1272988394072082 0.05158856340369267 -0.01023474967266811 0.001749529683917735 0.001068344883693547
14.12400116672741 4.241892789146632 -25.45507383204427 -0.6010156740265443 -0.7992372361035357 0.02612797137679525 0.1491955093897104 0.05200797186513459 -0.01943083720144583 0.002716244538409655 0.001969637865462886
14.71532452116486 4.536481510025144 -25.38655719584957 -0.5785482555164511 -0.7541960686154904 0.01970506930671351 0.1315152950745325 0.03783660956220225 -0.003293554516383309 0.0004153967797585833 0.0002713956156914726
14.13449284279824 4.56357513857845 -25.35025836705747 -0.6184478408501871 -0.7858258510304569 0.01288900542349156 0.133196403586705 0.03716595553811611 -0.03659243904138649 0.00268139215494452 0.003080463073297943
14.43422561235555 5.0976462869671 -25.23040551527 -0.6288222832596098 -0.7482848766382403 0.001650169736982761 0.1165023019134053 0.02534263469870817 -0.01362117208993488 7.933247452565419e-06 0.0008504642327607274
14.15894522310568 4.884359112847603 -25.26397771578237 -0.6353095461545079 -0.7722575869261197 0.003664340614093946 0.116716722002438 0.02878832231131529 -0.02699339456295272 0.0003538709422697461 0.002001170300674582
14.19440643137196 5.203329699063655 -25.19488463330612 -0.6516373750572885 -0.7585306397426849 -0.014046871629595 0.123187209486237 0.02557677162940548 -0.001552601465366306 -0.0001884026156181547 5.472148800742007e-05
14.23781309226968 5.51921420882528 -25.14114117031609 -0.6674297665506629 -0.7446727514298666 -0.01166453708444514 0.1221086772090799 0.0208841020115846 -0.002470390298982889 -0.0002541249787996827 0.0001060570260692414
14.58961952723119 5.730387629513285 -25.12724247125907 -0.6536950666158793 -0.7150648380226283 -0.01211899645949475 0.1093397421787033 0.0157111494087299 -0.005346691523052696 -0.0006202070088018999 0.0001920126098643062
14.28614474286109 5.830545963364964 -25.10064524972689 -0.6826570374216474 -0.7307389200382716 -0.02206223288781016 0.1137724795878269 0.01480347972026421 -0.0002128373909192809 -4.193552344668424e-05 5.09612611853591e-06
14.33655297345301 6.135943385564665 -25.07122260249201 -0.6972801816135884 -0.7167986804737585 -0.01747530408884045 0.09927023584502039 0.01024958588161849 -0.006314847041226564 -0.00112884410651516 0.0001665187633710721
14.65499302676574 6.301268982239019 -25.06852911761624 -0.6811060830619886 -0.6893971843808563 -0.02148865882153873 0.08644878244599476 0.007797576945785478 -0.01312881418823685 -0.003290329087776804 0.0002980842226639073
14.38647686356796 6.434448704648368 -25.05077090832436 -0.711272441113458 -0.7029164349426625 -0.0235883405556748 0.08591637568425781 0.006235946609482303 -0.01340706684510508 -0.003697947332547622 0.0002347315941575759
14.43374951022054 6.725848958980794 -25.03735580593091 -0.7246379766684896 -0.6891297430598954 -0.0275819286027907 0.07002537949761692 0.004246664981423284 -0.007948732951632674 -0.003138196948323471 0.0001205763798821121
15.0210691314586 6.798659638627367 -25.05215311405666 -0.6767970902481386 -0.6442573103545349 -0.04031177598750042 0.06686632336933251 0.005200245427624011 -0.01378405656897047 -0.008318014477266466 0.0001029269152326201
14.47668829068902 7.010898198126983 -25.02926779005349 -0.7374232290623267 -0.6754309596393189 -0.05054647675894076 0.07476325147296985 0.003113820470413953 -0.003867229213041667 -0.002615203640445422 1.487429528452653e-05
14.71584547433004 7.357059746847334 -25.02540930379854 -0.733713300246597 -0.6434511850147688 -0.04421806882965252 0.04950717833939466 0.001328201595328715 -0.003436263574401032 -0.003069124429215276 -9.402087330541882e-07
14.51414858212109 7.291376286443193 -25.0250532527777 -0.7497183224757141 -0.6617570830328915 0.05920563718938149 -0.05717724405603414 -0.0009390962329264041 -0.009856885860578028 -0.01020559572472591 -5.896157040562018e-05
14.54551464793784 7.569952296857315 -25.02353178578096 -0.7616479306896567 -0.6479910722194894 0.03881826526188828 -0.03142040392470956 -0.0003776009953936253 -0.005439983560024095 -0.006721057854265176 2.020050031602292e-05
14.5706050440825 7.849862927452189 -25.02380646209918 -0.773353343667687 -0.6339752407137113 0.03187346081674906 -0.03131342729248683 -0.0001956884990580821 -0.01278342936222009 -0.01301268234988546 9.989224230221604e-05
15.14104464861382 7.626263112153939 -25.02634040543542 -0.7060182919613786 -0.5990138566452076 0.04965100429302927 -0.03894189347512292 -0.001720872617478488 -0.001776664604257696 -0.00226447808929059 -1.750121598896617e-05
14.58948443756228 8.134458082306958 -25.02526701871009 -0.7849696336165264 -0.6195342398124065 0.04526572941341708 -0.03908889803033802 0.0003910350509472849 -0.02051145725832999 -0.02375480557021272 -0.000212509169994664
15.30112125239427 8.379537360024049 -25.01213022027432 -0.721366999381567 -0.5489921749782154 0.07377707296854216 -0.03669396222127155 -0.0006633709732046305 -0.004271337079577872 -0.008585169002635737 -0.000155087200774151
14.6021964966222 8.426696487342285 -25.02758026239701 -0.7966031133761243 -0.6045026714245898 0.08269575903733876 -0.05762128196560078 0.003026685685345005 -0.01155466654963694 -0.01660080195858473 -0.0003428072396674237
14.92385939792887 8.953600713741215 -25.01470569278857 -0.7814352117718038 -0.5489635579353705 0.0695492839042567 -0.03815603984174981 0.003341979730551804 -0.008972157667680884 -0.01639096623002042 -0.0004210736651928216
14.60845826044888 8.728686247315604 -25.03065963385493 -0.8083141593839396 -0.5887514074203434 0.07922619494843297 -0.04721722630590211 0.00524364549053172 -0.005179802675990479 -0.008713688637007036 -0.0002021783761329346
14.60737722950955 9.041355064438747 -25.03460820001545 -0.8201090571400015 -0.5722072477668715 0.04171079021326113 -0.02438293744808274 0.00279057290396959 -0.01199048256738919 -0.02056214523407816 -0.0004418440797698812
14.59726032068114 9.364306325813313 -25.03963572820929 -0.8319424629268403 -0.5548619092884491 0.05195030725414757 -0.03105199388882027 0.004090443058244704 -0.01749120119272985 -0.0293979113910416 -0.001024458375927969
15.03165326568663 9.569429102871696 -25.00592262245944 -0.7873639796144646 -0.5026679854614668 0.07438354488252913 -0.03334938083804685 0.004715398554860346 -0.007685575733326807 -0.01722756644229127 -0.0006040436785136921
14.57557577125812 9.69587635446328 -25.04595833668035 -0.8437297466224738 -0.5367682131650271 0.07612796900876703 -0.03720020991483897 0.007657338667456755 -0.01073236290913885 -0.02214890227216578 -0.0009025097713685732
14.83430242778117 10.24906032481049 -25.0206168460608 -0.8225097056393947 -0.4738601266529016 0.06764380489150805 -0.02085681756031388 0.006992624729668918 -0.006628675865467004 -0.02175314124893648 -0.0007597206579052128
14.53910449116187 10.03336550906409 -25.05369697266639 -0.8553661576380466 -0.5180238762523635 0.06950204474436811 -0.02537407826222299 0.008466275645105034 -0.00571904053368353 -0.01584419622553744 -0.0005370559798045892
14.48427949992789 10.37338223118321 -25.06279483625193 -0.8667478533045225 -0.4987465877497328 0.04056571226233265 -0.013578241533659 0.004883709677941623 -0.01212176387225802 -0.03666015390863789 -0.001239311809622386
14.407669376102 10.712222787901 -25.0729720991036 -0.8777889989682748 -0.4790474645484246 0.03865570416645502 -0.01247683365753186 0.005044036728681261 -0.01243743500473867 -0.03931544569456463 -0.001933861407997722
14.67891858369745 10.93531025109845 -25.03238722374636 -0.8440245626278504 -0.4329019633395765 0.05683232541414451 -0.003923623025968985 0.007196492908830638 -0.001800371920026367 -0.02733058878844581 -0.0006830555828349769
14.30652504131439 11.04621177649207 -25.0837296947113 -0.8884299856382532 -0.4590121573758296 0.04086724756805288 -0.0005356150088933543 0.005834251168111343 -0.0003008863625108954 -0.02881701205717197 -0.00053793136638551
14.17928712301851 11.37194959227284 -25.09440292295081 -0.8986347087642395 -0.4386976865726679 0.04552360943812394 0.003595282747958226 0.006432336271262645 0.004257321359622173 -0.05263147772881367 -0.0007125857164136546
14.92994412085179 11.51486825485754 -24.98831008413809 -0.8130995285212196 -0.35855669054 0.07946438552635153 0.008558848318184157 0.008526242545299699 0.003143108858970341 -0.02845731897448779 -0.0007275581761516785
14.02594940442881 11.68644521920796 -25.10425372940852 -0.9083792155203485 -0.4181473434217137 0.04386406346949837 0.00326202641142679 0.006515132017203505 0.00467808346250618 -0.05765820190641778 -0.00262729479858119
14.33508701315505 12.1899291883464 -25.02356593149423 -0.8619687161674269 -0.3358536430098178 0.05863387784433378 0.0250787624844351 0.009424434629885608 0.01033706203537267 -0.02405149028884097 -0.0003098775062368772
13.84819535598011 11.98714669473428 -25.11258124274965 -0.9176379765301905 -0.3974173423865366 0.03845687591391798 0.009905624352329022 0.006583362961221004 0.01253649490846561 -0.04762244904607403 -0.001577360714145047
13.64926587454153 12.2719071161266 -25.11882592500033 -0.9263750406724305 -0.3766022889191636 0.03874245011863445 0.02078109861414204 0.007642951673626384 0.02454215038472837 -0.04552501569250333 -0.0006232142726383073
13.94489541290441 12.732838451756 -25.0299765279102 -0.8818144246591013 -0.2993675924822097 0.06468171876511145 0.05116074528568099 0.01240707582744191 0.02467165418405458 -0.03126555176855419 0.0003033698589836419
13.43356798735202 12.53893684864576 -25.12264567893369 -0.9345444668927173 -0.3558463705030685 0.04399367722194564 0.03258488772636792 0.009954499565538103 0.03010615095436753 -0.04048626441022086 -0.0005263857997104993
13.37981292054113 13.07096790942054 -25.06368099626826 -0.915205314785112 -0.2881602198747728 0.05646608489169691 0.05686770469155916 0.01352044765954653 -0.02698181459425323 0.02677280357081585 7.762658510141631e-05
13.20608599212802 12.78678804150992 -25.12395101953521 -0.942099457333066 -0.3353335839022725 0.04442347299221848 0.03597928340815179 0.0106421795541173 0.02943183184396751 -0.03611943118455492 -0.0007435446715995006
12.9716967718745 13.01439953496047 -25.12289894336775 -0.9490057130700836 -0.3152588722944089 0.04842886204098537 0.05929435242663569 0.01467912846382367 -0.02942827144690222 0.02407832149680598 -0.0001724068750397952
12.73451167411358 13.22120353487043 -25.11985742813349 -0.9552534494146275 -0.2957885180013851 0.04476520349440966 0.06327163346457164 0.01398570425779829 -0.03536550555628425 0.02510500109937557 -0.0003782701736074009
13.21008835113346 13.68822029493382 -25.00653379524052 -0.9024017745520568 -0.217170615842728 0.0629280707438296 0.0773975987835743 0.01360771978226335 -0.01930316283482269 0.01566116698146338 0.0001891630616082901
12.49736354314722 13.40726913842309 -25.11536076241995 -0.9608639100561519 -0.2770208410058773 0.03378915860223237 0.05287754459355498 0.0109865144668396 -0.03825292596771266 0.0244080027370301 0.0001728418381741677
12.53145852911007 14.0565730864988 -25.01386002536919 -0.9282903508781642 -0.1897048863990602 0.03876072318353407 0.08896870297249597 0.01356237852643842 -0.002565862287721035 0.00112520930383759 -4.820205189795053e-05
12.26153027523445 13.57343956434717 -25.11007745544618 -0.9658886485745163 -0.2589577543826295 0.03840044509119567 0.07463108908253469 0.01504485679792741 -0.02204606528176226 0.01133179455383215 5.812953416207251e-05
11.99733051012487 13.94784999938643 -25.06883956092452 -0.9601527550125778 -0.2105444658180951 0.01658866155413196 0.1217840978243201 0.01954535234519755 -0.003504206231062454 0.0005082020618557839 -0.00019241599568885
12.02674134826369 13.72141417465767 -25.10480604738485 -0.9704020327039443 -0.2414951240171382 0.04123338430941109 0.0987492100424391 0.02004258369801278 -0.01454627412031331 0.00610218041387734 -0.0001393724669434033
11.79146077740364 13.85373571079972 -25.10050234366129 -0.9744889018088074 -0.2244356929088257 0.01492641520638544 0.1595852187197591 0.02813961729966987 -0.01238680900015657 0.001287172119016296 -0.0007293272579404662
11.55338990091102 13.97366328809539 -25.09832746982544 -0.9782301944449762 -0.2075227377328665 -0.0249566382400813 0.1742588853456653 0.02184245416001147 -0.01798616305777419 -0.00237730994159749 -0.001584381679939371
11.81106823622193 14.46698092120506 -25.02258717678016 -0.9455430489551602 -0.1462048306086562 -0.03205568986245908 0.1372446148748229 0.008442765289071409 -0.01337546431832787 -0.003041867650186108 -0.001336029300652487
11.31009510438575 14.08493814994194 -25.09969420818415 -0.9816898226167191 -0.1904864619093829 -0.05316424812481235 0.1334170701905056 0.008435538618836494 -0.0368479892290991 -0.01444299241141001 -0.003799865238081246
11.05646717564564 14.49508227991534 -25.08710152073192 -0.9720742241205053 -0.1374023531187104 -0.07432230213927553 0.14934440512471 -0.001571259868215702 -0.005972066859817544 -0.002978891610745369 -0.0006510940724300737
11.05964672477198 14.19147379332164 -25.10628385658386 -0.9849057793576501 -0.1730913221045463 -0.05815138260601388 0.1114417355234128 0.003261833541651015 -0.02057288856639933 -0.01067524023862379 -0.002046277018351858
10.8011578921864 14.29701902056296 -25.12000948471094 -0.9878872237885814 -0.1551735579127095 -0.08297390052233519 0.165392191936302 0.000822381944695777 -0.01625568454875282 -0.00814584103051994 -0.001871453377893729
10.53513367494565 14.40484885366561 -25.1429131253688 -0.990617612401812 -0.136662891815347 -0.0974786947234704 0.1776017216964268 -0.01071339975064255 -0.001794901214727126 -0.0009970112922784869 -0.0001966037429099606
10.54524243367553 14.84363161215232 -25.14982006348271 -0.9742832307889686 -0.09105007474550833 -0.1109097300699665 0.1815688361310758 -0.02704625230655111 -0.0005462547005303499 -0.0003430330078482236 -6.282358771980784e-05
10.26357720102791 14.51753055899668 -25.17700168423011 -0.9930625753787332 -0.1175870799967302 -0.1194212856230644 0.201713245299927 -0.02268729180999508 -0.004976792897071296 -0.003010613860562105 -0.0005706139903940265
9.989841701951198 14.63679551356396 -25.2240445357867 -0.9951804359540273 -0.09806069495140568 -0.1432011328914874 0.2072494935835881 -0.04557354513611044 -0.04192904729809595 -0.02981268687010797 -0.003826280828648894
10.00965059812869 15.23909256800088 -25.30158008974649 -0.9759273001078007 -0.04194116069755772 -0.1155738639549072 0.1712750732469593 -0.05757136425264829 -0.02814808806684763 -0.01993400994438322 -0.002796802101034952
9.718258485073928 14.76352587390653 -25.28536859118044 -0.9969329006925279 -0.07826104725074121 -0.1173585808358679 0.1412336875601687 -0.05066551690327473 -0.1505614036638592 -0.1260520887096994 -0.002627598781628019
9.3202208227427 15.23859358161717 -25.47816275709553 -0.9914361045507943 -0.02491688817816693 -0.1022459453106087 0.1252696279975707 -0.06220860930745975 -0.05813173037969809 -0.04795265844082947 -0.001017189740585148
9.453603495747732 14.89784294821243 -25.36169109910665 -0.9982935242680271 -0.0583955426768338 -0.09843262061756834 0.09860405735092892 -0.04449245828209329 -0.1229318672195603 -0.1182478783796663 0.009906965887640772
9.200485068401651 15.03926813664093 -25.45302403051916 -0.9992521872069974 -0.03866608801045004 -0.111813768921184 0.1131527284090517 -0.05773810404935191 -0.01364083971678606 -0.01331820824233845 0.0003159455985516246
8.962741518804014 15.18691927561781 -25.5586683448327 -0.9998149526498428 -0.01923695552297364 -0.09444741261778969 0.1279889409493472 -0.06798167129114689 -0.01800418797015255 -0.01352606556379099 -0.000452148881779584
8.742929397540227 15.33970572349728 -25.67729564153152 -0.9999999774837023 -0.0002122088470196634 -0.1017344581860447 0.1267632709693987 -0.07797880487828276 -0.02284143728264383 -0.0183468051370441 -2.487579634768e-05
8.942419374752561 15.72402460741695 -25.75838817351486 -0.986919770785821 0.02653145647828919 -0.08818377448564442 0.1557978236705683 -0.09611265818636923 -0.01794927648405951 -0.01125388991787051 -0.001773924585989358
8.541965738716488 15.49649315979696 -25.80709452270876 -0.9998312026786639 0.01837297336134896 -0.08573923728958419 0.1598226715316192 -0.09699910049406373 -0.002303902625673083 -0.001386513194527133 -0.0002480578564742256
8.358963917866985 15.65622053875995 -25.94594515132813 -0.9993319647933538 0.03654619189812708 -0.06540417788572382 0.1839571710622439 -0.1154022147128926 -0.06317281617761457 -0.02848352545404561 -0.009601051941155068
8.635558918619186 16.23489216122474 -26.14339934435131 -0.9819497398135961 0.07820913795878827 -0.05946660271840307 0.1531956825095095 -0.1177721749815152 -0.07599963752582642 -0.03839666770651922 -0.01157118363581203
8.191276986727269 15.81796311054863 -26.09158196349467 -0.9985202790654355 0.05438062426163437 -0.03538357331382777 0.1403772476705391 -0.09838401292966928 -0.3366168180583978 -0.1197173055280077 -0.04975279867489397
8.077772960697182 16.35538813795475 -26.4859480717362 -0.9895252494117021 0.103027233219332 -0.04282215535143687 0.1280047818463817 -0.1131188831356549 -0.1853418824447484 -0.07607226820577297 -0.01592019973272708
8.034738167052051 15.98094525161488 -26.24171198038609 -0.9974064917541632 0.07197423293549177 -0.03967076517113816 0.1150461350070852 -0.08877899154156289 -0.3886364416605464 -0.1388308178046588 -0.006245216177939751
7.884067278871179 16.14451334886454 -26.39407261545071 -0.9959928040900026 0.08943340651531638 -0.08986207822330201 0.107768173281612 -0.1092743495680503 -0.08714859197644416 -0.05821658990879459 0.01425273219414071
7.783382959805591 16.37322670242111 -26.61657336830191 -0.993813148375342 0.1110649634956535 -0.04531609864783634 0.1177413221085709 -0.1119672164814696 -0.05741261794055166 -0.02482311402848331 -0.002866824919185026
7.682698650506541 16.60194003410644 -26.83907409954124 -0.9911637421533679 0.1326440207492672 -0.03978966208215474 0.1640742604690127 -0.1683405149752966 -0.08468815061376604 -0.02937567500398636 -0.008613964718983659
8.004999299581124 16.85180900293751 -26.94627688678226 -0.9832238619267338 0.1495728790591143 -0.04436557477033173 0.1206925984195223 -0.1458606938206064 -0.1284559457182472 -0.05881699863442043 -0.009596516342440253
7.7520323079418 16.86538597570507 -27.09865219163306 -0.987624578890746 0.156836510962456 -0.06430867868770074 0.1152663302098568 -0.1658539804752105 -0.1358478809005278 -0.06889965835753713 0.004789676734768613
7.834906870481181 17.12632803726688 -27.35283496553499 -0.9835267276143422 0.180762761840551 -0.03563384936207337 0.07173898623084284 -0.105723146501629 -0.09147573371710974 -0.04838687330252413 -0.002001385023471938
8.29067753450772 17.31873379380342 -27.26546241552252 -0.972119601632782 0.1886355577085748 0.00128971901009837 0.09882068954386093 -0.116199440203922 -0.03941295664133945 -0.01353029401036754 -0.01194415929047966
7.943053400491227 17.38210607699917 -27.59654495365312 -0.9789039483879667 0.2043209725663253 -0.005536307441567511 0.07053788126133025 -0.09523107481180516 -0.04651475609299242 -0.01771131125166922 -0.01041465069791933
8.084890997408101 17.62981554658443 -27.82532421634417 -0.9737711811445 0.2275295294515535 0.02525124589114217 0.07881419857228771 -0.08984118813704992 -0.007259533917678688 -0.001495035703532226 -0.003351940497067523
8.492412320080962 17.79537281439863 -27.74632695189786 -0.9632409127198077 0.2366705829613109 0.0516044157430152 0.08519208296740231 -0.08696047329925018 -0.006937310237555103 -0.0004936633909585776 -0.004600389568038734
8.264580513354456 17.86633718798877 -28.03560290263093 -0.9681188124677534 0.2504914468520369 0.0450991650733724 0.07513240180354651 -0.08105079746547446 -0.01111114617954216 -0.001032124687364932 -0.007139342739650336
8.481775686833684 18.08850258609212 -28.22491686086451 -0.9619269506409257 0.2733066805452257 0.06748337329644268 0.07258285643422839 -0.06835625295110256 -0.009743955380480786 0.0007836099203966522 -0.008787467218280134
9.062429365862737 18.15660984356678 -27.89359731086219 -0.9468190376646707 0.2703289477727164 0.07667661696047867 0.07692448716780219 -0.07665372655676182 -0.0129749087854149 0.001182044693952042 -0.01179256338536076
8.732082542493906 18.29337667171794 -28.39205651910241 -0.9551924306945483 0.2959855069827584 0.07564999161667879 0.06704791580357088 -0.06484125404294915 -0.006648073708639963 0.0009578028436429103 -0.006765878334464299
9.008109908782364 18.47860560718221 -28.53713131946895 -0.9479522050273461 0.3184126520472958 0.07585380628017459 0.06244594175888145 -0.06632062992971069 -0.005704144337575407 0.0008440764901867647 -0.005729316935515627
9.609088660074946 18.5882803202233 -28.32552516206808 -0.9309353349729035 0.3264906508542284 0.08292451465209001 0.05763566392236071 -0.06382205114664802 0.01024574703683884 -0.002059909988029694 0.01145214400612293
9.300894357170833 18.64275846801234 -28.66153879058912 -0.9402899222750506 0.3403745908083907 0.08037906880349042 0.05842900932501926 -0.06726604963423718 -0.009698594876751914 0.001556460953091457 -0.01023728250875188
9.601429860866308 18.78558842429117 -28.76783488224466 -0.9323225532269641 0.3616277875721866 0.07989132313738978 0.05158286632474563 -0.06384181206544721 0.01069651865321969 -0.002066336163742813 0.01171601277993767
10.11328219630359 18.88683519461339 -28.67175696809784 -0.9170454043276063 0.3751865232161397 0.07543980755391809 0.04089939156619197 -0.0529632679321457 0.008989855193417032 -0.00227978989732075 0.01104446437820295
9.902032852465107 18.90815412522017 -28.85951178165741 -0.9241727059305974 0.3819748808664225 0.07582942938488819 0.04257326851281173 -0.05556622059733849 0.01780559389265153 -0.004004715262135555 0.0212304200984846
10.19732420427797 19.01277013558046 -28.94069961792712 -0.9159365338976404 0.4013231439520731 0.06725301553819707 0.03330130581021227 -0.04535770232628342 7.556274344743577e-05 -2.116319151487721e-05 9.650092976790426e-05
10.48469684930139 19.10278984086842 -29.01581800867812 -0.9076571757204362 0.419712343591657 0.07156594952388391 0.03250308197954032 -0.04609619923666042 0.0004045660980585708 -0.0001213147962092824 0.0005425621331123163
10.66583138543503 19.01081640055797 -28.66254764770964 -0.8997623985402831 0.3954937375060448 0.06857201399113115 0.03233456718880087 -0.04810583721915304 0.01692016741651313 -0.00458051160370612 0.02103988112705217
10.76423905186029 19.18225606189656 -29.08920982897721 -0.8993108820022266 0.437309887279464 0.05858634615542493 0.02905884428317413 -0.05221010710064499 0.01419325597351894 -0.002533698894052121 0.01451643538009634
11.17832936248599 19.19587564932896 -28.91764923139737 -0.8839855436237881 0.4360256926377934 0.0160498969732882 0.02026841217714002 -0.05016675470719117 -0.02728871697602176 -0.00130885097540194 -0.009259307877447435
11.03818218865869 19.25547789386683 -29.16479320836265 -0.8908089714696321 0.4543780104155741 0.02080478503043893 0.02067092826963485 -0.05105676441952948 -0.02550268554563275 -0.0006933132920186237 -0.01067261754634499
11.31001778886016 19.32660088269505 -29.24576632401993 -0.8820150107292432 0.4712213077188817 -0.00435585713627518 0.01449232246975493 -0.04542548935195942 -0.01352259457657353 -0.00234233872503637 0.0005493955553750278
11.58347172936875 19.39923316516813 -29.33439482576832 -0.8727735053108506 0.4881254023582572 -0.01119886871996787 0.01123296678754119 -0.03860558378959546 -0.003745379439007385 -0.0008685500302672256 0.0008337555307031987
11.77401359827904 19.24770056693464 -28.79601690391907 -0.8611376202586698 0.4419497980941781 -0.03661689113824118 0.01365708297401287 -0.05316171052028733 -0.01593988767707046 -0.005819022544999013 0.009484236928568516
11.86153013721421 19.47617385946501 -29.43190300050465 -0.8629439623265581 0.5052996317870616 -0.02296930068265316 0.009466501105605575 -0.03888355736263712 -0.01340288288960961 -0.004478146612301798 0.006827113701908672
12.37318744540651 19.48978153316573 -29.22622160133172 -0.8397132072521017 0.4972269767062771 -0.05860610451762624 0.01403699024316819 -0.0633829822935269 -0.01475426680389951 -0.006694520220103422 0.01215971794777326
12.14568671458131 19.55926803750965 -29.53847893256329 -0.8524330204956265 0.5228364424642782 -0.03129581859191138 0.009912896096322232 -0.04398080618667926 -0.02474086611828758 -0.009506097746306565 0.01546248824356582
12.43553116904916 19.64939019496215 -29.65339140353761 -0.84121807013909 0.5406959945028859 -0.0457327496426458 0.01030185140537012 -0.05202965296881568 -0.02842158520781307 -0.01295766225892506 0.02241624272033215
12.90401636394459 19.72148329030304 -29.62016912168288 -0.8194089470305921 0.5463256588652744 0.1061205860255476 -0.02030139833479348 0.09958586316287711 -0.02741839180443921 -0.01476906439486035 0.02620676332929305
12.72873553710732 19.74653976754206 -29.77520343340377 -0.8293576991603235 0.558718002970635 -0.05273182356996019 0.01388738174368449 -0.06376513217278017 -0.03414139926539823 -0.01553060470346794 0.02485149410454261
13.02142942533609 19.85002092477541 -29.90205554253813 -0.8169864204553433 0.5766569073474841 -0.1288822698318319 0.02453988040651836 -0.1355067825158379 -0.02782787121562379 -0.01447081821592943 0.02384682890744922
13.3088943724966 19.95867400371846 -30.03198171694912 -0.8042934049331467 0.5942323777623069 0.1836832349129419 -0.02727496670044638 0.146607680073892 -0.03451273330016261 -0.02258070432513829 0.03903971836152094
13.44007478063838 19.81902229537776 -29.66467551506777 -0.7938427812754231 0.5590220361562129 0.1513693320735318 -0.02783193723057915 0.1037084294732073 -0.03493405840633829 -0.02472956369465648 0.04435197260685732
13.58646110061273 20.07112661714741 -30.16321509307174 -0.7914876290172996 0.6111851872489824 0.1434508571500957 -0.02080303404576854 0.08896610104768141 -0.05484265545420679 -0.04665429841105147 0.07752025652299306
14.06100759028378 20.02572610163853 -29.94287080720579 -0.7637564873762738 0.5937057935181397 0.1379976531338248 -0.02754843135638184 0.07491823285969594 -0.04191078358210379 -0.03905506780371892 0.06283762631770483
13.85046284409619 20.18603499990806 -30.29443890427007 -0.7787549938051245 0.6273281913190103 0.1212056636612557 -0.01502891442097248 0.06346475664796238 -0.05122700906898398 -0.05564316126586113 0.08465717993079024
14.09908768623393 20.30229016970954 -30.42494341768241 -0.7662157129128425 0.6425834430527013 0.1195893312326504 -0.01129884822139423 0.05057785890802106 -0.03792646959171316 -0.05173541442375749 0.07811818500321829
14.52753885603941 20.36649512063652 -30.4291007627923 -0.7413188556825987 0.6455818541300365 0.1477686328171911 -0.02462562770258672 0.06419544215803426 -0.03020289777797607 -0.0387804201857454 0.0546463830483301
14.33298323336971 20.41916642501903 -30.55466114440151 -0.7538914277688165 0.6569990221733175 0.09504151686751393 -0.01061398552158599 0.03793805391789622 -0.03331146020933193 -0.04978361090030505 0.06952304901476328
14.55549964919923 20.53639293047211 -30.68407045155992 -0.7416897912314215 0.6707430607789324 0.1861559375120319 -0.02726392149018756 0.08529994988790979 -0.01835990594532407 -0.02385721577226377 0.03244274175695976
14.77250731912087 20.65413416680565 -30.813979391222 -0.7294093918763841 0.6840774364372236 0.178642214590815 -0.03116107585701764 0.07317731562591025 -0.02289030752086764 -0.03190040541769384 0.04229622593598259
15.07502543064752 20.52477506268004 -30.59680103863274 -0.7101467250802844 0.6649917516603671 0.1199419454320356 -0.02666244501411634 0.04619419936950465 -0.02131196959199666 -0.02916088881647249 0.03850480197725266
14.99178890481723 20.77287370612091 -30.94522381981946 -0.7167618947627057 0.6973179950468622 0.1453679173043141 -0.02094088385245479 0.04805947240828954 -0.01752417187721125 -0.03084834635152283 0.03956474415972829
15.22207521107214 20.8932086355988 -31.07833275484466 -0.7034055936588473 0.7107886963151878 0.0996641455508379 -0.01620851357478611 0.02924742125886694 -0.01493039415509508 -0.02796322602063324 0.03538030373672052
15.7482307823481 20.69733034755566 -30.79759534355475 -0.6713474092372916 0.6891546895084397 0.06509307842923946 -0.02421067821352957 0.03185305287391951 -0.02203930288054721 -0.02268013505680206 0.0277996781889194
15.47185755245787 21.01557773235789 -31.21322447387887 -0.6889871596048753 0.7247735466334339 0.03795195405595356 -0.009465312430439441 0.01421425108914367 -0.01469735760226083 -0.02108074068601664 0.02520411672482158
16.09968616391635 21.09373704630993 -31.27076735563248 -0.6525103379119229 0.7367149474127176 0.03569076817182085 -0.01558506194133551 0.02072431482887927 -0.009561345848702652 -0.008611035755301246 0.009990595789574779
15.7481566289752 21.13996280811233 -31.34899630986206 -0.6731909274912148 0.7394687114026652 0.021243897852114 -0.007861400047258741 0.01093894640048085 -0.00576518937357651 -0.005940461583938642 0.006927061016617434
16.05544706667734 21.2656156608887 -31.48385799283383 -0.6557921412571346 0.7549414993662638 0.03089507337183359 -0.01389544378205219 0.01894712211306784 -0.00534061346779663 -0.004621788048606402 0.005318847281123647
16.3949229858833 21.39086833301466 -31.61523424552798 -0.6367048630727307 0.7711075912864138 0.03581497749813183 -0.0168835354289659 0.02219925960831786 -0.008820705878502715 -0.007495104198099027 0.008530443295183722
16.82700018046874 21.28814504950536 -31.47208949324738 -0.6111361789214552 0.7650878445587653 0.04732994908484092 -0.02463045479875967 0.03020340268272777 -0.009229552593812895 -0.007457287589454293 0.008381766521703601
16.76424095353179 21.51307778833213 -31.74003050442397 -0.6160128153059922 0.7877361305531098 0.04171076895672248 -0.01966666682657259 0.02532899316743079 -0.01039591247619589 -0.009045256671367323 0.01009639239830239
17.1578010475635 21.62873820439569 -31.85502316944251 -0.5939734905867352 0.8044846129542872 0.04520009405627369 -0.0215504208282854 0.02633107421075895 -0.0110892045164999 -0.009909332272704879 0.01092560084135886
17.61775942596762 21.47892721655079 -31.67261594592806 -0.5663200996410772 0.7965483725978805 0.05712504179003124 -0.03055257683379907 0.03393732112663803 -0.01072668753028708 -0.009068106014288244 0.009892014353312519
17.56753475045416 21.73376666831157 -31.95730886073707 -0.5709907269123854 0.8209565090673597 0.05394066361096166 -0.02542640154634541 0.03000991383248938 -0.01318432850657682 -0.0123242946720885 0.01325591822829523
17.98407809600543 21.82393589434012 -32.04473219072892 -0.5475572717711836 0.8367682081260607 0.05454017695184294 -0.02470391862717531 0.02687888889673892 -0.01250844759155089 -0.01282150855866953 0.01359696981259431
18.51308874664499 21.64415324492301 -31.85728784935436 -0.5154297204602816 0.830591280235265 0.0578842520778313 -0.03319149362877665 0.03215393450308546 -0.005280677869949305 -0.004557607141379326 0.004801723426898081
18.39813786253483 21.89539671949132 -32.11621237604478 -0.5241759150327409 0.8516100105679762 0.04918545740695952 -0.02271939926268816 0.02331037589782994 -0.008503841434724385 -0.008931532624928965 0.009238215457938403
18.80182163348154 21.94521122579944 -32.17190610265453 -0.5012742247255387 0.865288478847263 0.06163684044696519 -0.02900549423793436 0.02818465949674879 -0.001138945450395633 -0.001200993043995318 0.001254781956493271
19.1897065799652 21.97180951231366 -32.21317441619515 -0.4791318761637522 0.8777429266270407 0.07270935008171131 -0.0325953802287583 0.02859768877060229 -0.0008308552112712016 -0.0009698541672561954 0.001007010647132239
19.25449496970329 21.61695994533158 -31.86719681048648 -0.4719148049896664 0.8470105840898515 0.05871369178814545 -0.03202569369655686 0.02646030340004428 -0.007457729956876816 -0.007324808530802059 0.007682783551663696
19.55946908074893 21.97529094190587 -32.24235886483275 -0.4578390042696647 0.8890351208863246 0.067238881096822 -0.01697602777809093 0.0101274129838436 -0.001981482157635402 -0.004906809108892966 0.004930628931398942
19.96509981184319 21.59792113799453 -31.92398031947834 -0.430022578238564 0.8676374170842734 0.04566457813912584 -0.000928334523729828 -0.004935095750397537 0.002020588911319998 -0.02489976488762912 0.02338042815008615
19.91197680323372 21.95751370221728 -32.26240869058324 -0.4372974842765242 0.8993169131320856 0.06638417170555205 -0.002978167389070854 -0.005353793675756905 0.0002515332088857148 -0.007813547649143087 0.007465337469191209
20.25084266543229 21.92195024155949 -32.27642893055841 -0.4172640578238555 0.9087852915008968 0.06575510375307683 0.02022815656798977 -0.03001348984482821 0.0008527819653121077 -0.001219618935362407 0.001046333631724138
20.75160600317978 21.63380920259541 -32.07975631259599 -0.3841286994468645 0.9003405389162802 0.04242280110876478 0.03294854604368378 -0.04031649843621125 -0.006714035543052622 0.00455550389146326 -0.003341832003918009
20.58153627468907 21.87332313100143 -32.28723237088074 -0.3974187968706668 0.9176373466102345 0.06501230250142527 0.02986262144782635 -0.04229573436344015 0.003727196018238477 -0.003770964287312478 0.003066567302036398
20.91022531162908 21.81707020872159 -32.29697441775739 -0.3774348594915128 0.9260361368978115 0.04001526295293891 0.02131913346430224 -0.02968096011978592 0.02617613439882197 -0.02354228500185278 0.0183802607075207
21.24256257103686 21.75871203756809 -32.30692981069642 -0.357033295426494 0.9340916582203791 0.03703095515277711 0.03020555322280687 -0.03928652089830277 -0.03874590199672009 0.0243478635657663 -0.01780145083875975
21.56083429182922 21.49531834161957 -32.08689370415219 -0.3339674148846581 0.9172605688093421 0.02453311526741994 0.05231381096429137 -0.05952480984254451 -0.03636091146578609 0.01099987470661527 -0.005318808527457646
21.58263651052564 21.70320657697174 -32.31743905489967 -0.336021488747245 0.9418543194677641 0.02719449633349735 0.037495488579239 -0.04612750444946823 -0.04985170618197886 0.02058066959726611 -0.01266077118450661
21.93226531921691 21.65437298943441 -32.32801704880534 -0.3143200691586399 0.9493170672247014 0.01897480315357403 0.04973509691474028 -0.05897396357515215 -0.05335644557336582 0.01332861091857492 -0.005926823885754267
22.29074568579889 21.61445226627761 -32.33758514718933 -0.2919782176705936 0.9564249685186513 0.01190805602777284 0.05289936664463171 -0.0609367289236785 -0.0572700287469852 0.009789628643911349 -0.00269311397216198
22.17759702533951 21.28060565340893 -31.95368956452344 -0.29316314189723 0.9149319558612951 0.01494570514713427 0.062802739077638 -0.0672754593055003 -0.05394425325350682 0.009380858045935985 -0.003226902135891086
22.65507997888548 21.58385075951391 -32.3447669826048 -0.2691714614979313 0.9630922719631113 0.006871790506452798 0.04083020952787065 -0.04616891666055311 -0.06965484916809365 0.008648871556060573 -0.002718675301631172
22.85885094297454 21.15024574446702 -31.88000949384562 -0.2489032869837838 0.9207415975686263 0.01028293619824893 0.06093485829302963 -0.06432770792052803 -0.03301181763459071 0.003768453550473585 -0.001707323873227958
23.02061868501538 21.5610877105375 -32.34818193306612 -0.2461765194614679 0.9692250106481144 0.001807439391980822 0.04107025713305309 -0.04635343991660344 -0.03770947131412006 0.001824544248571339 0.000146200962598229
23.54567982090939 21.34104064183246 -32.123779663487 -0.2093466018311743 0.9569968224592276 -0.02546597546923128 0.05341988520464611 -0.05742351817409402 -0.001902870018748901 -0.0003673734550991674 0.0005021181971565666
23.38198204417085 21.54294529678272 -32.3466789339456 -0.2233234450108257 0.9747443967053604 -0.007081506626040015 0.04349673124620683 -0.0493077811837729 -0.0200038216056605 -0.0009681067270506897 0.002018904820547866
23.73407955608212 21.52480058991257 -32.33947369931513 -0.2009315162092119 0.9796052908155751 -0.03410726906366154 0.05585162765058885 -0.06199475174960468 -0.007558718645497641 -0.001898936173961703 0.002447764854532676
24.07303522251013 21.50110462917579 -32.32617925268019 -0.1792393328969104 0.9838054998538434 -0.06399617742445268 0.06654639423230713 -0.06867363983849525 -0.004180286788612922 -0.001792089559146353 0.002158983811769692
24.17654567946033 21.20272195989364 -32.01650893608674 -0.1673309240438555 0.9585933655362973 -0.09146787623339415 0.07831657916035885 -0.07042153070565119 -0.004737132662611499 -0.002691700826593466 0.003159412483562396
24.3968495483972 21.46596379800977 -32.30674580410364 -0.1583417775011037 0.9873843636081093 -0.1022015188561509 0.08488773443194851 -0.08093629015636052 -0.002756688986579419 -0.001569008313822772 0.001835372489771318
24.70568290810498 21.41377128388952 -32.28134581419208 -0.1381488273843272 0.9904114808968721 0.1324300295531316 -0.09435685657448192 0.07518213470841514 -0.006926120973398352 -0.005143395179193101 0.005744872843020771
24.74701020548488 20.97131314542676 -31.87576932262317 -0.1274753154985973 0.9559561431438773 0.107536619780495 -0.08406067384056863 0.05560752273800058 -0.004015576806753778 -0.002949711141342365 0.003306510361148205
25.00171662509562 21.33983070910962 -32.25024868656261 -0.1183842793447218 0.9929678556751123 0.1136247015723355 -0.07128868054627092 0.0438847503511217 -0.01499732672457028 -0.01454911075070303 0.01519616403391207
25.3505911951734 20.993656278643 -32.01894222815264 -0.08988748964561179 0.9795590102743645 0.0927198180422746 -0.06141344720700349 0.02933057733666248 -0.0002924311036804787 -0.0002943163625320655 0.0003081826936743068
25.28862723780064 21.24090938230017 -32.21372613372486 -0.09863956983356446 0.9951232261700304 0.1016665741504366 -0.05699134804145492 0.02809473079610043 -0.01003829787065423 -0.01200739334902709 0.01196814533751129
25.57077987212791 21.11565722974395 -32.17201530232174 -0.07847800206214813 0.9969158455919607 0.09652195307777151 -0.0542542003282953 0.02092469037186358 -0.006163486771339106 -0.007899538210752616 0.007948918210761994
25.85229814236287 20.9648316927513 -32.12534670305503 -0.0575539651566857 0.9983423967230597 0.07491738543841109 -0.05547160250203315 0.02308621938829335 -0.006855915023982733 -0.006416406502229975 0.00683086627347535
25.80706856612275 20.59813060002259 -31.82977565415905 -0.05311729541635399 0.9698974976456131 -0.05366030468861283 0.05645973347581735 -0.02691871334660913 -0.01213735943460974 -0.007256382206889195 0.008975206090493725
26.1361904609211 20.79128174671285 -32.07402321609255 -0.03570165802693726 0.9993624925992209 -0.04523665772180807 0.04921705977179327 -0.02386992026923578 -0.01000974232503126 -0.005671927948478488 0.007274916238541898
26.42370181573692 20.59966655716358 -32.01852003906269 -0.01297009074327985 0.999915884835375 -0.02058880715804554 0.04367587961818346 -0.02535341762344302 -0.00286630079197744 -0.0005982031571023024 0.001297129470850929
26.29117110808123 19.96492323876976 -31.52727261555844 -0.00939897719229576 0.9458508948574396 -0.003412670836375789 0.05621170073278765 -0.03698956884436924 -0.002274217396394513 0.0002170835283647668 0.0005397140420508286
26.71401915600856 20.39591687491578 -31.95956823309873 0.01039217962021058 0.9999459998433622 -0.001789902700033615 0.02772358463376244 -0.01900582610167854 -0.01233372135610325 0.001157263346007335 0.002849634063975451
27.08492035942351 19.84171217035858 -31.68132442249057 0.04606593864923946 0.9767773297481391 0.003462371888005474 0.04340606201424525 -0.03043834126397218 -0.0138660792346962 0.002648135756288743 0.002199056162096718
27.00439234995694 20.18648670117293 -31.8981876161496 0.03398883147139582 0.9994222127485508 0.00534305157305535 0.02738866453967835 -0.02064168936250799 -0.01065488304005058 0.002893881215892154 0.001081788988281266
27.29065449381458 19.97748170940249 -31.83564712287278 0.05735082960775447 0.9983540866562836 0.00739520052150763 0.04226650522170038 -0.03164035875804885 -0.01132954605672767 0.002914851776316482 0.001245761251268337
27.56804853140941 19.77378272666521 -31.77334944955123 0.08002263553276208 0.9967930466262244 0.001802861061153538 0.05250583427644442 -0.03598637930748843 -0.02540985916873328 0.003895500951667437 0.004410726635514789
27.70344454389913 19.38936840956886 -31.55468168277839 0.09654166159390186 0.973290234923473 -0.002559531227424396 0.06797287061021454 -0.04256292261467018 -0.01673366484298397 0.001536951057498872 0.003460789439062252
27.8322065355587 19.5782986661357 -31.71265688688544 0.1016470726744549 0.9948205228164094 -0.001449916282065749 0.05002329670937551 -0.03257847463266932 -0.02510281086812446 0.00246779266773413 0.004906432877563475
28.08009529015855 19.3914776537512 -31.65469183857347 0.1220362970796965 0.9925256380542902 -0.00206101413089045 0.09427878015572022 -0.06051486671660382 -0.008399850180544443 0.0008677350104571347 0.001637964579315154
28.31074396611873 19.21117553610696 -31.60015444852962 0.1412179519392569 0.9899785300955175 -0.02423271347294632 0.101291048294931 -0.05499003448932072 -0.01368625942028877 -0.001052439056835561 0.004092606047711676
28.00287616380725 18.73574320269412 -31.24488027666376 0.1295559963280185 0.9385421111591231 -0.02275202556704046 0.05394843090388982 -0.0241632221976392 -0.003102222034143168 -0.000749091199068822 0.001248572727387862
28.52560787584697 19.03292943100907 -31.54919889886564 0.1594481603449271 0.9872063027364737 -0.04770413679787342 0.0726611986760628 -0.0278528153334302 -0.03464047788487636 -0.01601700763298024 0.01754505302597995
28.72783638217054 18.55810297124309 -31.34845285348672 0.1834223682236411 0.963227961805022 0.05665915475524896 -0.04864234837198225 0.008949347904796717 -0.01564513993575221 -0.01590572236930822 0.01259853984790973
28.72848855004536 18.85061883049008 -31.50139929865329 0.1771848193252298 0.9841775956608064 0.06033354129613731 -0.05965241903369292 0.01561997407208256 -0.02876085971631455 -0.02388363581311116 0.01988017805931305
28.92501371215587 18.65742813980003 -31.45581799689572 0.1950176347745843 0.9807997359945234 0.07888918280090976 -0.05605296777511282 0.005534037819001392 -0.004624151326387643 -0.006072396641245389 0.004412630855753614
29.12176422872103 18.44696693521621 -31.41116811176392 0.2135619764922164 0.9769295175173786 0.07715783729689799 -0.04244551318749223 -0.003254627626356114 -0.006020247280392603 -0.01151801511583616 0.007490504335400208
29.18874855759209 18.06713523194326 -31.24751039457223 0.2265638999845174 0.9536880469034072 0.05563297185221443 -0.02702184381742738 -0.005568858072492049 -0.009876138906712821 -0.02337616627557498 0.01476571233683627
29.32520294177198 18.21436873656612 -31.36604234913052 0.2333407331640334 0.9723950340507047 0.06815453026810045 -0.02782252817490409 -0.01011436756173623 -0.0008706351021174523 -0.002721382221996657 0.001619281386253975
29.54059802930963 17.95718432529164 -31.31916633209731 0.2546849476745632 0.9670240831685657 0.03801462210556426 -0.01692484418263819 -0.005373010727855457 -0.0142049915013858 -0.0393508176683918 0.02345222817176438
29.77113539215817 17.67591422813981 -31.26962983581309 0.277673273673661 0.9606755711931849 0.03544299008492803 -0.01334757496637621 -0.006609524513145577 -0.01362136447246194 -0.05081199440634847 0.02956869563014217
29.26770068708291 17.47972788568837 -30.9818469045155 0.2437786082808582 0.9142943426964846 0.04482462282628773 -0.007484028305698872 -0.01226871408054979 -0.0001251057861834808 -0.004637440625507187 0.002371798465363614
30.017379014278 17.37408287431658 -31.21705417231784 0.3021166705363318 0.9532709569603186 0.03722139461275335 -0.006362209272932176 -0.01144715881937247 -0.0003360161879356847 -0.02540388827581054 0.01302662650029015
29.86865244661895 16.82999027616378 -30.87537858980973 0.2998369931047005 0.8994487122568293 0.04539771772211428 0.00969404273393339 -0.02262235308742841 0.002888279105883585 -0.007308823059194361 0.002664145336609049
30.27717311713226 17.05783365558784 -31.16166710084778 0.3275873625679317 0.9448208930192997 0.0353851453267955 0.00125085579433262 -0.01523279689318889 0.004080451457003297 -0.01861437687877437 0.007950179305708436
30.54599912876267 16.73510624697056 -31.10427545044248 0.3534860304698054 0.9354398036553182 0.02775368899915177 0.007803834406192972 -0.01568506726812238 0.004939849466346414 -0.01047407259615681 0.003529542892383136
30.44579652965878 16.06047089413621 -30.69856963965115 0.3548077518506373 0.8701532215906437 0.03567172654310702 0.03843235627424887 -0.03436051020665109 -0.01086512497846237 0.00950248512738394 -0.0006511798878262728
30.81771952752855 16.41452886691919 -31.04614548865007 0.3791354002571314 0.9253412064054343 0.02206890266598447 0.01396284270706113 -0.01680898374937709 0.006497769304745666 -0.008201796203252712 0.001718024626690179
31.08557485039791 16.10420587262912 -30.98881779315839 0.4038834726055455 0.9148104396846843 0.01832197076083955 0.02761685753116105 -0.02263914149999587 -0.008044303135072374 0.005572191821535541 0.0002870665762446422
31.21858211097197 15.58747548467075 -30.76146386748243 0.4197474885178483 0.8756057765467253 0.02508160633871994 0.0736376750155269 -0.04848613531172023 -0.00930632917625591 0.004183335148780358 0.001539272800970872
31.34326169065971 15.81059585304534 -30.93389367471963 0.4271982206811336 0.904157995179423 0.02034000573518303 0.03912400233938467 -0.02961707140585824 -0.01408854671214817 0.008248066264581241 0.001220115331802892
31.5859134563852 15.53765556237235 -30.88283215791699 0.4487384910863919 0.8936631169615921 0.03477461395280949 0.09281417935353191 -0.06473617030878991 -0.0122081349503643 0.0058067486834861 0.001767411220674405
31.81083120422373 15.28637481912335 -30.83679029575267 0.4683919285782046 0.8835207984211746 0.03033466641350757 0.1099097181132457 -0.06668244565392843 -0.02113115346766712 0.008156803128478033 0.003831674718530558
31.42839145812787 14.96163085964899 -30.54174289744876 0.4426354756172349 0.83224257666502 0.02824245777082519 0.09919801879486116 -0.05353135197170676 -0.01242705496592246 0.004810135811587441 0.002357223625130759
32.01786137305189 15.05475716464522 -30.79652720625668 0.486277682728638 0.8738043346654135 0.01450537892078328 0.1238408290962802 -0.06489397591041268 -0.01990216859497035 0.00482475328713529 0.004758730623545115
32.20938013124267 14.8382248294229 -30.76237709651079 0.5027172620612727 0.8644508976371175 0.003532164306295678 0.09163262468050502 -0.04097124392187829 -0.00655941814302759 0.001056935798274995 0.001798355422655531
31.84330174339959 14.23262029064083 -30.38783807223486 0.4816518141017807 0.7915382737923032 0.0356355984324678 0.04429367974390236 -0.02873683831632588 -0.01359881951468142 0.01100689386992393 0.0001020905861822646
32.38990768609221 14.63035838756687 -30.73428192469724 0.5181801670352314 0.8552714858402212 0.04465518870598513 -0.03722250027950079 0.0001389453616508616 -0.01782356029198444 -0.02132732121322541 0.01481322158816848
32.45371234675271 14.15916014302334 -30.56484301461884 0.5272744333275523 0.8163552719002327 0.06551652297849395 -0.02584298669104078 -0.01344265876134263 -0.00605054425668008 -0.02071321284675767 0.01033133880491415
32.56542869012301 14.4238335446925 -30.71186379875415 0.5332125296839608 0.8459813225999917 0.08051087211420734 -0.03771562203421451 -0.01418032640626434 -0.006877969620775444 -0.01840401439347124 0.009898750861668523
32.74253084241991 14.21139681707139 -30.69451255292814 0.5483587599705269 0.8362431885304574 0.07423124994301071 -0.02682208517399666 -0.01818404830587239 -0.003952642991342958 -0.01624635658931277 0.007828373967409064
32.83945908473101 13.77209325990984 -30.56350100420446 0.5592744791655206 0.8017699661733892 0.05693835415148664 -0.01006269064165421 -0.01886654693283136 -0.0005268873406552235 -0.01155363320062246 0.004572142374116023
32.92748845070566 13.98672998160874 -30.68146576233912 0.5640881416471266 0.8257145805016955 0.06053713491157318 -0.01277559940446027 -0.01972643713653256 -0.001445619270576745 -0.01897254134747617 0.007850983837290286
33.12541295514568 13.74508693481489 -30.67186555536271 0.5807376348616829 0.81409078084404 0.04106327225481355 -0.005445408233017063 -0.01497726773669774 1.902175779443278e-05 -0.006640439070581409 0.002466471044939403
33.3395731111459 13.48363594722903 -30.66478661117299 0.5984779419101488 0.8011392844237466 0.04063992885048468 -0.002529099978246832 -0.01616477589938338 0.000616639884153991 -0.008407607697544854 0.002865729890206827
32.97331685252334 13.10171232164596 -30.36616472943824 0.5750058628634364 0.7493611693602799 0.05977350780134248 0.008626780077398075 -0.02703695320273092 0.001093301681468039 -0.004118317143187091 0.001103033321823593
33.57095706702479 13.20149607508134 -30.65923987699389 0.6173049341622576 0.7867239784441115 0.04885711649159939 -0.000929471875384986 -0.02102460146748708 0.001201718954285711 -0.009759174561091622 0.003224004094728218
33.62334425396233 12.71420739970977 -30.49191672613494 0.6245289194627144 0.7453827925005339 0.0454203475648204 0.008232545415412724 -0.02335842354867741 0.001289192469164142 -0.004158234350784226 0.001041282466513078
33.8181145769917 12.89950679518519 -30.65416405205223 0.6370549847849194 0.7708183614579286 0.04402681753944659 0.004419071353617545 -0.02198513272994341 0.0004629514954686095 -0.00192224903834332 0.0005407165609037996
34.07728426737059 12.57980759935823 -30.64842031446958 0.6574400955538228 0.7535068153362519 0.02855643592872758 0.01061192923897829 -0.01739164178767438 0.002490193564366086 -0.005225424058601599 0.0009003878304642179
34.01915326750692 12.12255285013972 -30.44140157543809 0.6570086689333674 0.7111525656379026 0.03345050777833505 0.01730422627521401 -0.02178946177425326 0.006467532012956285 -0.01093029721931841 0.001248396763968673
34.34278021596583 12.24532363647251 -30.64080429923255 0.6780964847503423 0.734972895669785 0.02179831787560295 0.01626407465703906 -0.0165601102775471 0.005797515450551851 -0.007530066799792469 0.000235899158282138
34.60758614960776 11.89925376043532 -30.63008385959365 0.6986388379226735 0.7154745097807863 0.0156055487446185 0.01898823984456265 -0.0145976040937161 -0.009520998211269416 0.008682209914059864 0.001115216061560796
34.48002710463883 11.42095423913652 -30.38780438688853 0.6950142233496049 0.6712333941329359 0.02521039839013679 0.01860188929054808 -0.01841902159157098 0.01116298771181611 -0.01480313858589996 0.000328846040025591
34.8640863284946 11.54464181404629 -30.61506342439537 0.7187120838250364 0.6953078027491667 0.009291411782327339 0.0225297205337962 -0.01285619809447933 -0.01339537135561099 0.007506949897539445 0.003474399793962466
35.10484917403905 11.18408501985373 -30.59466775543097 0.738033316191004 0.6747642730554942 -0.006370376766985289 0.0248890897343434 -0.006071664284180923 -0.01554084890637797 -0.002005502192173966 0.008084428995336075
34.92669442186581 10.70052638680818 -30.3353878107022 0.7332491166369156 0.6315849094882021 0.02736694019805457 -0.01453450814089456 -0.007800746263350178 -0.008312000411865609 -0.02184975769095096 0.01155036451592945
35.32337343413563 10.81960204772231 -30.56803202428798 0.7564180071286762 0.6540885249654528 -0.01620445100801607 0.0289985238963358 -0.002401576911123448 -0.01235624262101218 -0.006231119425066995 0.008133348782690852
35.51471165648098 10.45265276046544 -30.53458243720685 0.7737868386008815 0.6334460737963837 -0.02308079393223122 0.03399282691725156 -0.0001612622801821838 -0.007753030092725989 -0.005237981666268259 0.005533133615586905
35.2735683317048 9.916184197585071 -30.23883466324202 0.7684400375436704 0.5874255891285384 0.03779834943785974 -0.03240347654175929 -0.008278355290350828 -0.008901325411043451 -0.01252516720847692 0.008383736991292185
35.67589948606139 10.08427758691926 -30.49409293802126 0.7901523363680345 0.6129105035257074 -0.0315194069605249 0.03958965075614585 0.003254449866039894 -0.005487097770015624 -0.004718021079356513 0.004251022358928517
35.80614231693794 9.715307961551469 -30.44670791610042 0.8055885974196439 0.5924753258216339 -0.03659830153129538 0.04508343330909256 0.005305759136402206 -0.00364091769976194 -0.003292756913892065 0.002864318283828795
35.66309229587569 9.301897012418531 -30.24959257120019 0.8060077668951869 0.5603870435078099 0.03918894531586465 -0.04373292306501432 -0.008130191804064489 -0.003912136562483656 -0.00410755932133302 0.003237693599837723
35.90674286998909 9.346592847245741 -30.39292724825617 0.8201924233101635 0.5720877456689676 0.04072236691118058 -0.04515239416095692 -0.009171864361660497 -0.004501946748668658 -0.004826539643559231 0.003772394765258541
35.98078833167045 8.979188609083304 -30.33355687664049 0.8340477057821289 0.5516923277331008 -0.03236873775366987 0.04326059587646167 0.006203486337233045 -0.002589806486500626 -0.002225870339336288 0.002009146075543229
35.7171117638319 8.673674956760486 -30.10753410350223 0.8247348872060648 0.5223600694694082 0.03706707810875716 -0.04030404040238833 -0.009909774433347476 -0.0004606069537860831 -0.0005193093940157967 0.0003892028915762302
36.03264988039868 8.614468521994475 -30.2696336392032 0.8472036767894283 0.531268227955026 -0.03063548765985707 0.03912597087248855 0.00746540068945707 -0.003177122440359727 -0.002967635691016105 0.002515462072635772
36.06737380757886 8.254123572789064 -30.20233630826911 0.8596712046048698 0.510847746371864 0.03068561317200922 -0.03499386975954965 -0.009126820663487174 -0.005721185745457926 -0.006266506512328304 0.004791506449162821
35.76522330311041 7.892792718364277 -29.93963166522979 0.8483081410636183 0.4757942884848246 0.03274332662411988 -0.0287425213714402 -0.01202966182187197 -0.003658446480986846 -0.005630227298363758 0.003494464018019297
36.09005673561383 7.900044657993515 -30.13289539862475 0.8714337981583662 0.4905131348162696 0.02738638400343178 -0.02808933588272452 -0.009644957956685934 -0.002762984236888516 -0.00353454165359969 0.002448406773636018
36.10529560961114 7.554096214112898 -30.06251233825731 0.8824658409764723 0.4703764869864216 0.01808293825541677 -0.01840208549773057 -0.006444122509821015 -0.01261558559601371 -0.01631053278313472 0.01117622504699119
36.11678549844357 7.217811600246465 -29.99229517081615 0.892750754288971 0.4505508747261217 0.02207819491914044 -0.02085209036165001 -0.008491065978576656 -0.01359375299401859 -0.01961357367266542 0.01282035524483762
35.61517227687886 7.181332281092278 -29.67580521130704 0.8550683291362765 0.4246307612127088 0.0443371494499161 -0.02461719445205305 -0.02033035992496606 -0.001386423131284162 -0.003991928600384663 0.001810102386658859
36.12710841484847 6.892057228450925 -29.92321381091082 0.9022944253666147 0.4311203659679397 0.03354927685200948 -0.02472476239044962 -0.01513756952394901 -0.003908065562545188 -0.007958159275147489 0.004336946134310146
35.88742226150907 6.491330560239319 -29.67530493032406 0.8926353189422799 0.3942963033627709 0.03332512688533559 -0.01462299921307528 -0.01751039884132822 -0.002099703010841282 -0.008882413366637296 0.003421661319976814
36.13771960188794 6.576724879992407 -29.85607435528935 0.9111320631001069 0.4121145030097128 0.03337104629021469 -0.01673398696793515 -0.01750370586859104 -0.0005514463811590029 -0.001948243593557324 0.0008112305073751752
36.14910301490348 6.270515075480667 -29.79150937582251 0.9193285885311806 0.3934907194703163 0.02602517440979294 -0.002117427115495842 -0.01617566445574386 0.0004232026631129895 -0.00934629475562255 0.001904343475191085
36.16104086416572 5.97086901112753 -29.72998019603555 0.9269734996980878 0.3751268196989908 0.020777835308044 0.01180587018558368 -0.0159166997123547 0.009711561720965425 -0.01946900961659014 -0.001763140013971394
35.69978782441466 5.932668559172646 -29.42799564620223 0.8894257274183277 0.3497150168269079 0.03671636815167836 -0.01315951610189355 -0.0197345714102108 -0.005324873178296625 -0.0296676548031091 0.00987616974598971
36.17292778469765 5.674089204508753 -29.6717874663697 0.9341712861361937 0.3568248984567219 -0.004708213304285223 0.03998453426533934 -0.00552463024502835 -0.02003801473725853 -0.0005877527535232842 0.01282298078289964
35.93654624513472 5.275142183169285 -29.43916271493982 0.9218477625963717 0.319533569228539 -0.007095532471669327 0.04356322840379533 -0.003808660574262541 -0.02162111210817668 -0.002295339938673468 0.01402616063646689
36.18406187361101 5.375662086879368 -29.61708746805142 0.9410283938125424 0.3383275957390806 -0.002732600782980701 0.04622400751064808 -0.007395110439164508 -0.01995562016824822 0.00083255037189436 0.01257784568671932
36.19385951813129 5.070761716059369 -29.56591287875493 0.9476379847569676 0.3193465982999557 -0.001237555410133934 0.04641358509196328 -0.007464957562148152 -0.01446273820110564 0.001058327384982213 0.008977841801001496
36.20196443623398 4.754877840575511 -29.51819780770021 0.954064513719845 0.2996012410864072 -0.006771506970610876 0.05029246789093869 -0.003850403682522724 -0.01204964005364438 -0.001026342031460976 0.007785403927983114
35.71861413521215 4.681604379309233 -29.19920317372808 0.9144445957804926 0.2713389935651119 -0.0257262632311332 0.04558868331790845 0.008823843734274396 -0.02498378436327139 -0.01763686932634677 0.01828026903652218
36.20824822981987 4.424480608302923 -29.47380704836983 0.9603311145855269 0.278862242619756 -0.01879624719231953 0.05192498230571133 0.004928151554414794 -0.01203017612824629 -0.005148765260160408 0.008365688494197944
35.91205781100808 3.874637142639023 -29.21340217347995 0.9438789006226491 0.229679262185093 -0.01330162167067642 0.04197417012854349 0.003801557569065318 -0.02614160248905103 -0.009900553812010847 0.0178457967990877
36.21272252073216 4.077614895467751 -29.43256894212395 0.9664131898098148 0.2569932811604593 -0.0205268650730031 0.04064885157283611 0.008494423689536642 -0.01303379355097652 -0.008561314705274801 0.009472648416619144
36.21539799863066 3.714316202582131 -29.39430999349474 0.972240814319451 0.2339824757785317 -0.008313813288640374 0.03301041400442367 0.002022636596039092 -0.01734400494676721 -0.005091570854395103 0.01180639323866972
36.21613064877953 3.336758636886803 -29.35888782607872 0.9777106379090328 0.2099569206278087 0.01353849080818997 0.03248251871464326 -0.01161564120261024 -0.01745516507815019 0.01094716577505241 0.01026847533545233
35.88571368554662 3.049848343072915 -29.12173749035884 0.9540340417023414 0.1766826930777616 0.03791184424023367 0.03739358466597273 -0.0263862176241456 0.01276613416212321 -0.01773505230949216 -0.006791026009811104
36.21449077527847 2.949084480414581 -29.3262177490896 0.9827053941410731 0.1851758848393563 0.03117301749292126 0.03444400720261393 -0.02268658032124252 0.009008880195795141 -0.01141634724527953 -0.004954063821754543
36.20967938607971 2.556917429879294 -29.29628754890523 0.9871167452243682 0.160001660296541 0.03726139527276516 0.03902431787745111 -0.02553164843586436 0.004081929816054142 -0.00536060713529738 -0.002236269101688562
35.84157104968432 2.257655780756679 -29.05397871875001 0.9615125023653615 0.1255082400530009 0.04871502868593372 0.04895546730734106 -0.03057255430887093 0.007298043051402632 -0.009748123942875768 -0.003980681010935107
36.200503154492 2.166619361744804 -29.26915563092108 0.9908658865335003 0.1348510100228416 0.04337056696811969 0.04619057851895843 -0.02869933381012936 0.002628552509995275 -0.003367947901381211 -0.00144831408274259
36.18540728583796 1.784401866636675 -29.24492937168069 0.9939167383334164 0.110134087641671 0.04556891531607136 0.0548856805449962 -0.02813947681622838 -0.001651708297676291 0.001843633122197868 0.0009212148190513964
35.8269976516679 1.486764363822693 -29.03309928702266 0.9707695379253478 0.07761354238903813 0.05782931794226315 0.07013238715701477 -0.03158212327441066 -0.003321504362073993 0.003575729661340048 0.001858460391245684
36.16255805392088 1.41543840350888 -29.2237235742286 0.9962786559560209 0.08619071693903288 0.0554154570014403 0.06932257255833656 -0.03232687080642405 -0.0009318323659589617 0.0009878991315770572 0.000521108056563624
36.12996384317941 1.063130911173861 -29.20560279321955 0.9979986513069924 0.0632352116263106 0.0573046494854489 0.07878466441977236 -0.02921234511548261 -0.003913268307961825 0.00364999471423364 0.002167410377847927
35.77566127240458 0.7864079556877526 -29.02893702901522 0.9773362325108937 0.03367284734056517 0.05913641455843033 0.08016430989570629 -0.02512985852527648 -0.0002742389999654579 0.0002498684836762829 0.0001517327829248945
36.0856240702041 0.7286639381368127 -29.19051541882245 0.9991459475702662 0.04132039997283612 0.06206691272515719 0.08652348081384068 -0.02853091435914346 -0.005177604086538911 0.004651492082548755 0.002842719443708223
35.38012315052136 1.201191707677098 -28.80337210033716 0.9432616449299401 0.04351286671831689 0.07642219412215301 0.07309970744495153 -0.03386296538485927 0.01077045238360821 -0.01408166927895909 -0.006091147052265651
35.19263677666534 0.515933283590722 -28.77335591760693 0.9428688617078917 -0.003126020730461223 0.06247365875783301 0.05779698921147888 -0.02191267314404873 0.01531782301456775 -0.01994086631196463 -0.008924588337059596
34.78433315222503 1.288042642772179 -28.52096324095755 0.9007532600743297 0.0262796011604491 0.105452374189581 0.04306083706958899 -0.04181894276351779 0.01385815182255755 -0.04294542335552466 -0.009275482372232458
34.47974957452525 0.5564412140218575 -28.46961420237064 0.8948872754745846 -0.02658544776680635 0.09612672042265015 0.01890032542420472 -0.03387651799663285 0.005736358461177772 -0.04140527327768094 -0.00682348207119556
34.07313976923423 1.127614904096711 -28.26777399041695 0.8566543598922756 -0.009148860751004774 0.1099384142276352 0.007820013993654836 -0.03442282464679311 0.001808600877309668 -0.04705416290326861 -0.004913295224216773
33.78825173737427 0.4551482900706558 -28.25394189368405 0.8523268019728999 -0.05724830663891276 0.1018384103009715 -0.001733411986835406 -0.02888755557240667 -0.001663524604727463 -0.03535725664781932 -0.003742857663260676
33.35684014019242 0.9851741043406514 -28.08554929715867 0.8135543082824154 -0.04337471423951509 0.09713432236836474 0.001985469369068835 -0.02237145432165131 -9.295660699922893e-05 -0.04242585741357928 -0.004168907217239507
33.61402832737335 1.733715319973782 -28.0919030269414 0.8146303152823456 0.008211391894586698 0.1019484715519889 0.01643887994557153 -0.02587036926031566 0.007397890834684256 -0.05347508931324841 -0.004826638102387671
32.96542471660963 1.408809632648568 -27.96323973000418 0.7796944239414867 -0.03411803588682845 0.09301188155042205 0.005425930742014454 -0.01735731179482656 0.002093300383833121 -0.04933263399796015 -0.004204202177510595
32.57867999970799 0.8497087436802495 -27.95210892193466 0.7673125390008461 -0.07955254992882813 0.07650853224386568 -0.01334137127179253 -0.0133847440757259 -0.005492433171851477 -0.0293301934315699 -0.002160145925707103
32.32286381138141 1.469697550418183 -27.86017797290058 0.7377801172747691 -0.05462305770359041 0.07216099452102483 -0.007213612125834662 -0.00994675350377216 -0.004338023070043086 -0.04010394335209721 -0.002386886024870313
31.73569718180223 0.8773055063959498 -27.84487062179776 0.713809921747822 -0.1095374807678782 0.04808086572268023 -0.02121614826611265 -0.006880907660503641 -0.007639400109153298 -0.01707967553307933 -0.000718516022457249
31.99939702683016 0.03088529655173122 -27.95982588082078 0.7492476593750074 -0.1460339102812085 0.05660722637072278 -0.01702720959577849 -0.009292280250572811 -0.004883534602836179 -0.01568084194592018 -0.001016151692149533
33.01312748821409 0.291052574202749 -28.0916885382878 0.8068606806101396 -0.09448337392191106 0.08377226831600361 -0.01174282718463965 -0.01817561823341729 -0.003092341777286357 -0.01945124562549033 -0.001685767647186568
32.74599980621582 -0.3277044867221273 -28.11388278330538 0.8038854289897512 -0.1381636610837139 0.07640457968039184 -0.01672874794362303 -0.01635502777248323 -0.003906663735036879 -0.01657415131552191 -0.001297594916163576
33.52392823013653 -0.2914484441362442 -28.2835763994178 0.8519887475711317 -0.1081052657940358 0.09308112320409642 -0.01517389113693245 -0.02651402329023595 -0.003369104311206564 -0.01785422500489732 -0.001609787637773535
32.95107436314363 -0.907833641550079 -28.23233624468393 0.8299728944459479 -0.1622924982642458 0.0835825919869914 -0.01304779045975264 -0.01979196946044506 -0.003384612849168162 -0.01876212423737081 -0.001924540620023459
33.65323025202606 -1.03099338002467 -28.42707885539715 0.8770728869528739 -0.1440204355395448 0.09253835785948174 -0.01070040745237172 -0.02861023601727102 -0.001896895968851374 -0.01273512792925033 -0.001372396234795711
34.24202911463996 -0.589343890186794 -28.54875579943392 0.9044975963831487 -0.09901201323683521 0.08048668584608548 -0.005936945328212059 -0.02901046437387648 -0.001741679187727627 -0.01492554578402621 -0.001777628777298967
34.2662396717346 -1.288436535000998 -28.67185203816753 0.9224213822140024 -0.1365895450612311 0.07064499611474313 -0.003832755287300802 -0.02627072678087148 -0.0004774559658091691 -0.004703748479294351 -0.000597682665057974
34.75527674744377 -0.1016825300242337 -28.66450974421398 0.9267443148549764 -0.05374164751548548 0.06803946724189665 0.02150855525962985 -0.02416257122976271 0.007723746410574906 -0.0333668276336825 -0.007952492443100943
34.17456239589097 0.01355453612028956 -28.42891562701158 0.8865717793726787 -0.06797928172980212 0.09608522850526609 -0.001698730252564684 -0.03233081633079774 -0.002090308839749786 -0.03547353411752521 -0.004348415935578742
33.72662538171426 -1.602188056692784 -28.53838410058891 0.8952022250881726 -0.1724925635605595 0.09129214046855143 -0.001289083488482514 -0.02830397526300027 -0.0006134357199580282 -0.01031346187586584 -0.001508867433098361
34.11751682948926 -2.03363032315978 -28.7435405074635 0.9308620296314079 -0.1822999613455941 0.07750157937780938 0.006441027937451358 -0.02603558859457624 0.0002648680653765194 -0.01050558278282046 -0.001810562439896193
33.4113419969696 -2.135697111634283 -28.5379204497792 0.8880479676122127 -0.2122430276250873 0.08776784373060961 0.003128109736964103 -0.02354714687134868 -4.662489943564829e-07 -5.380906935476871e-05 -8.886101734748209e-06
33.14368852700083 -1.549023539739455 -28.37161798164355 0.8570535289092923 -0.1900845991217208 0.0891648897215733 -0.007191049854927144 -0.02249467518462031 -0.001721470910570119 -0.01517659222737515 -0.001971983689511333
32.68051325039021 -2.160130580591723 -28.36917879344279 0.8426786214189824 -0.2391685445784698 0.07380945719351677 -0.005589558530627194 -0.01594863585698203 -0.0007414599917104119 -0.007005389397114582 -0.0009762418299262679
32.39323757550536 -1.493905972932899 -28.21066946343485 0.8088777518722149 -0.2138769283237922 0.06946245536594391 -0.01126673740199449 -0.01381531336398627 -0.003039944678738318 -0.01639908065609627 -0.00191076998978893
32.18852907407951 -0.7969203135510572 -28.08018567002664 0.7798694075889754 -0.1838982611389538 0.06326926104673745 -0.0134835144574073 -0.0113859708907201 -0.004917018503983752 -0.02138402273688608 -0.001999333020288163
31.59294439118873 -1.393284740676275 -28.07900781638853 0.7568416243238931 -0.23765324798152 0.05499765199659964 -0.01051119876136434 -0.00818435511482646 -0.003533082063751168 -0.01700784036913489 -0.001898552418373553
31.41155815008219 -0.7242884084006436 -27.97152566726499 0.7299222011164295 -0.2087120228571805 0.05007903277606526 -0.0112528817980833 -0.006856299654188536 -0.005805916909606118 -0.02441333809730756 -0.002338622305668195
30.72860829512487 -1.29063842223706 -27.98171601242747 0.7009182352865407 -0.2644869273886603 0.04436632284079559 -0.002741458569357596 -0.003778375894512941 -0.001224013904715221 -0.01690683507238379 -0.002105562916561469
30.78156486920421 -0.6612834712104778 -27.90489167192816 0.689309160440285 -0.2291034969033084 0.04191973573210428 -0.007831596706155698 -0.004142470025058522 -0.006014334739843529 -0.03052927281263823 -0.003144590164580525
31.16884797452821 -0.2550182932336655 -27.89317871757709 0.7039500856964778 -0.1926542874902879 0.0456125647621352 -0.01524203442412249 -0.005895073903358948 -0.009804328389613023 -0.02857845658830917 -0.00196888872021648
30.5518223668584 -0.2258833450045419 -27.84245781664705 0.6648421854180993 -0.2146197577187552 0.03370240975311576 -0.001893637009510294 -0.002440599202359714 -0.001996784848858141 -0.03163870076422633 -0.003025587510612267
31.09629289623432 0.2941300586424695 -27.83676839683913 0.6868621315959769 -0.1657191032473983 0.03881199090963616 -0.01427877333462203 -0.004641060565107044 -0.005855970959036545 -0.0156342503159594 -0.0008713471962198348
30.29789516578751 0.3102398116642417 -27.77790963709932 0.636513752275497 -0.1955871671630523 0.004108167280695417 0.02441918988396824 0.001817795126507695 -0.02194535389100286 0.003568786296987992 0.001654924987408025
29.92643966120547 -0.2270152940819257 -27.80650806261087 0.6258392783650338 -0.2389460114672356 0.008560106322916875 0.03137614553072998 0.002779704133315507 -0.01543795050110116 0.004103760413785007 0.001219667118724224
29.52203257258087 0.1713439750126584 -27.74847665687562 0.5910747080181356 -0.2335556571522441 0.005788337083098133 0.03091199327640229 0.002549627090470834 -0.008331008303616223 0.001514649739314321 0.0005498222665074483
29.89593227637601 0.8373868046835655 -27.71385130577824 0.5990146249270092 -0.1827381033101813 -0.004749984992662647 0.02558203629939695 0.002118414490361539 -0.01219973960448056 -0.002306589799922062 0.0004997529796774739
29.09082582631305 0.68509925879947 -27.68403955476042 0.5516921139589133 -0.223123659532929 -0.0011790188051311 0.03293420827345821 0.002564580508224929 -0.006395174494632894 -0.0002515092234887413 0.0002898041825645077
29.44963738685377 1.343670251317705 -27.65808684495701 0.559004154594435 -0.1727993061863119 -0.006896068346176356 0.02862377108510137 0.001971710697524022 -0.007130004233614398 -0.001734705369808141 0.0002458844000600501
28.6853705495113 1.218143264856236 -27.62977256036752 0.5132852004811789 -0.2106263602088418 -0.008924785009416954 0.03340653253762153 0.00227003731754934 -0.006795904663648784 -0.001828579065482373 0.0001914056556392223
29.05338500353847 1.841787718023816 -27.61566048371057 0.5221617753859196 -0.1613230896168596 -0.01041692733820503 0.02757121488377038 0.001571101042165205 -0.007405212067922433 -0.002808996556005091 0.0001959718755045754
28.32941488855874 1.777545530068668 -27.59032285105563 0.4772348003830182 -0.1946070096594692 -0.01524714313916358 0.02906195031549078 0.001558243586943575 -0.007368716910376679 -0.003871778913655583 0.0001088179910738658
27.92371235439665 1.120935898929043 -27.60370756337905 0.46697072241174 -0.247401600532358 -0.0140986455913903 0.04019918202500575 0.00263747841287923 -0.009689730213255412 -0.003409782265711508 0.0001737969910427413
28.30516626078214 0.5548662316315625 -27.6570813370936 0.5050090714066701 -0.2621366504126107 -0.002873029175135418 0.04168890757795203 0.003448276937570844 -0.007389186683924805 -0.0005326804660091154 0.0002834800714367671
27.52095948330966 0.4469958783326913 -27.63254160865786 0.4578100568789714 -0.3005312493940299 -0.007448798862086269 0.05206579325056456 0.004551200610183069 -0.009384595258357579 -0.001363127268754604 0.0002347380744323719
27.92747312056121 -0.1233845996626064 -27.70481058218114 0.4977511520095917 -0.3138578641813767 0.005437072443811473 0.04765911502914901 0.00508662527913014 -0.005887601495312128 0.0006384016204522397 0.000311731157567701
28.7305306640913 0.004712917286886942 -27.7269972982581 0.5452603355911461 -0.2741982002801575 0.005908995203373409 0.03797496356561056 0.003591930244884518 -0.003641016506037733 0.0005456263293619992 0.0002212206355488875
28.3572484460231 -0.6687152089016974 -27.78944397045902 0.5383387959947056 -0.3249378179074566 0.01455343130376411 0.04168832415600114 0.0049508075693633 -3.882681172205286e-05 1.317394685976476e-05 3.204238867097125e-06
29.23285261383225 -0.5640369362229105 -27.81231953193894 0.5905672073328357 -0.2842080773171212 0.01071710962386047 0.03283525113903305 0.003404358173558528 -0.005903663005971154 0.001877933872123849 0.0004722691390484706
28.72281536984937 -1.200035435819596 -27.87579552198124 0.5743551662953416 -0.3378978164661027 0.02055580758443049 0.03728677141834666 0.004746943865315109 -0.0005981616548077444 0.0003215158734957483 6.475892846609249e-05
29.37220025137619 -1.185120157739337 -27.89561743039811 0.6143485045752487 -0.3112980603290111 0.01826042470349588 0.02836848335783169 0.003127902651379079 -0.006907317822887784 0.004352439071383775 0.0008499182812669596
30.05836986453939 -0.8163416167805764 -27.88017340459889 0.6480644352252501 -0.2651262860050061 0.01638903553192058 0.02347232174978238 0.001976954885185954 -0.01873559566312648 0.01286579574352368 0.002563662840101643
29.85696257192945 -1.551261975184632 -27.96516678210217 0.6532875011843854 -0.3114581543449692 0.03007928581468438 0.01876120939044799 0.001233385000704626 0.006240367545866937 -0.009897901262215293 -0.001629013562888853
30.36470810182876 -2.009808634376821 -28.05208164865849 0.6957051803685134 -0.3158195478364555 0.04925924777686402 0.005360588560198078 -0.002180279898405735 0.001556130081612143 -0.01520104686720434 -0.002216578100701673
31.05594342105548 -1.888052106784329 -28.08816954467475 0.7353901837682779 -0.2835807945585351 0.05452906446966526 -0.008068527434921955 -0.006488065268630406 -0.002279566840492416 -0.01398897429015601 -0.001762039049892874
30.83254350068416 -2.569820066267264 -28.168306715985 0.7380778905966195 -0.3272719080461288 0.06158302621726729 0.0004063245033285075 -0.005469492171466655 -9.92722994972771e-05 -0.01484718947294518 -0.002220730029448214
31.77161951627365 -2.190304521943952 -28.21983635882057 0.7869175955976326 -0.2732200785301639 0.05978880151092705 -0.008908855939644229 -0.009844905927741199 -0.001733893792848523 -0.01019030934483964 -0.001308639613483645
31.55391465337123 -3.108740935284805 -28.33205516223575 0.795679516901597 -0.3288901862386902 0.06152247876545464 -0.001509982861743143 -0.008577532168101931 -0.0006632797424514525 -0.01450738973607764 -0.002203513041980525
32.2864821078164 -2.746264702786201 -28.38771415626653 0.8322749307622167 -0.2840476761191039 0.06341344034509845 -0.0035821483046269 -0.01202664711474727 -0.0004077889037911179 -0.004836931174375072 -0.0007094822386202344
32.36599061860089 -3.416698835936074 -28.5141791309521 0.8536345221060927 -0.316328040375131 0.05690254422715838 0.007984358006857305 -0.009314631909921369 0.0005217450965834676 -0.004748026536844018 -0.0008826242778118659
33.05130048799829 -2.872872061982687 -28.56939169998309 0.8832235656325272 -0.2640420735194582 0.07325248958366452 0.009446927802349212 -0.01583109071722427 0.0007317523735526315 -0.008209399298929795 -0.001512903929613734
32.41108816939688 -4.157342627166237 -28.64740401153939 0.8748158055388576 -0.3531881911820117 0.04952849806391662 0.02365169229063599 -0.004948479049530163 0.0009003222501484532 -0.001990448947891831 -0.0005023517706142578
31.73956432539224 -3.872258319573687 -28.48432235574609 0.8259223607137954 -0.3615949028205712 0.0598818539151745 0.0141375660487576 -0.006450505073707714 0.003835952274143432 -0.01794586829076177 -0.003721718575955121
31.79822433503432 -4.586838227056987 -28.62512053138687 0.8474644500844263 -0.3960621193351543 0.05727248073798805 0.02136189872440247 -0.004013495707142717 0.0007500286727188637 -0.002105244588917133 -0.0005023099896995998
31.15681550722461 -4.28492846524612 -28.48607457663052 0.8001107645856321 -0.4029215736053339 0.06802377600061765 0.01559491979110017 -0.004049902498657735 0.004212420861428649 -0.01947395152127485 -0.00423465475961144
31.15204120628938 -3.694574019679052 -28.37458851201845 0.7851718238802941 -0.3731889806258811 0.07054505446579501 0.01018031347092352 -0.005898845009500004 0.003721114403265475 -0.02891798557666523 -0.005405793814708626
30.73483271500928 -3.2939106680767 -28.27026919205777 0.7497033478737828 -0.3678895496032903 0.07037010010643571 0.01008674734091841 -0.003969223125815044 0.003166855710039333 -0.02370713603931182 -0.004100534928701443
30.58418833790669 -3.929082695744418 -28.3695658318212 0.7560892307674619 -0.4054170034603672 0.0716384253889976 0.009965752815556311 -0.002596297462260153 0.003727660447846626 -0.02822681539292423 -0.005491566476837006
30.0540784769457 -3.507704740042266 -28.27108939414436 0.7133121152410694 -0.4038072689784027 0.0627879398368982 0.01437456548816037 0.0007977638347997408 0.005164216692702985 -0.02233060521029406 -0.004083639641713205
30.25199002694111 -2.971838647563695 -28.18729970692057 0.7122117807849013 -0.3693846480419294 0.06457253810391331 0.01459067334704131 -0.0006875838075193397 0.004202751344279263 -0.01874979397308633 -0.003184772302566752
29.54507896876906 -2.954578718912261 -28.17053726376829 0.6685855065874171 -0.3953498298457094 0.04537983292911284 0.02467795920880824 0.003907668421810908 0.004655836142663411 -0.008331867204121881 -0.001450375694936095
29.31873228554317 -3.726522034999581 -28.30893945848819 0.674011845437263 -0.4425413115956744 0.0469137488290134 0.01763792300047512 0.003962098435347497 0.004312523257050073 -0.0110214428858243 -0.001999261768853015
29.91535198351502 -4.187294532026462 -28.39426235395617 0.7216669838386917 -0.4427532575674887 0.0614471919803851 0.004448576746488765 -0.0001224280560276683 0.001551858115291764 -0.02155156077710113 -0.004218384279360428
29.2264300175755 -4.455465564433599 -28.45174581032436 0.6865723452404371 -0.481699529041889 0.05392724406228782 0.01012181870806129 0.003418926589228102 0.003157908761788644 -0.01577488705185055 -0.003108218140137903
29.81549958904422 -4.901186506944342 -28.5377766810848 0.7332034193046491 -0.4813593481077257 0.06236626426815429 0.004956055375590443 0.0004364239806831155 0.001275527935754264 -0.01575888114898274 -0.003317931083187544
30.50756493176273 -4.626213747427574 -28.50352402714481 0.7686480830787921 -0.4429269660877458 0.06581822752027382 0.006186460184230637 -0.002428680909078803 0.001294625913734571 -0.01501052417814624 -0.003150692707347491
30.41368551952741 -5.457002220899062 -28.67469899552763 0.7832848192021654 -0.4870228238146382 0.06038855048280289 0.01320382259647297 0.0001165956859888661 0.0001505301844548 -0.0006871166899060203 -0.0001520876727908272
31.16562766665568 -5.017613166537052 -28.63579662149636 0.818955936642352 -0.4394051650128664 0.0604597811095381 0.01516925488371151 -0.002664929001776479 0.000662674021325705 -0.00275031985009986 -0.000621095924305363
30.59810489142126 -6.116121812207615 -28.82040325495153 0.8104167304182479 -0.512551733824261 0.05791962931356933 0.02043587608720665 0.0017466502476833 0.003432088477833961 -0.009546717637289386 -0.002112474284541631
29.91241813508925 -6.218434673991622 -28.82791330289472 0.7707229242451049 -0.5409314700681895 0.05475444645608996 0.01331217463480524 0.00280980963992011 0.0007643673242349365 -0.003004327637782384 -0.0006613884182305019
29.67760681238527 -5.539222175071377 -28.67479404960018 0.7403764625584461 -0.5170404003489566 0.06053981448487981 0.009056087538861557 0.00212909740057268 0.00124515636844682 -0.007911797351947884 -0.001752670469871561
29.0816753861693 -5.971954626884763 -28.78786295695406 0.714978306027003 -0.5591439857116884 0.05603311816461876 0.004859957489254592 0.003428157346905295 0.0002896488858692454 -0.002882840407142638 -0.0006474173138950418
29.31640537997047 -6.686121002749019 -28.94190998256378 0.7456532260924692 -0.5835957399523231 0.04859329638366148 0.004090572932446906 0.002553759423113795 0.0003488768430848019 -0.003639110023850578 -0.000809407047879327
28.56350929648031 -6.773281406521924 -29.00227028601058 0.7033325573491948 -0.6148197120353582 0.05150257496958591 -0.002278188188496732 0.003208186138956609 -0.0002943633539845834 -0.009814104154629515 -0.002243605934038747
28.38931271712801 -6.024824509445871 -28.84187975109096 0.675271809099961 -0.5875488560716366 0.05461972083440345 0.001040127000244219 0.004740174573405441 6.669317557527624e-06 -0.0001718298654507257 -3.914441921306904e-05
28.52665208737224 -5.421147111341929 -28.69312632726545 0.6685835065627238 -0.5544133323752652 0.05472353608359409 0.007381408214743664 0.005616049974496864 0.00153078591474515 -0.009756144208157664 -0.002093274684676967
27.89605069536518 -5.623480982200995 -28.79805065643056 0.6363943040072784 -0.5884878563042906 0.04345314656577854 0.00774979367098712 0.006500338478385559 0.0002476136909641637 -0.001181125325809321 -0.0002470819690236225
28.04724794690547 -5.032404799806708 -28.64626076628112 0.6304206922746163 -0.5550764787588812 0.04355294704679033 0.01735395991363093 0.008011444030345481 0.0001606470083631126 -0.0003714125625498942 -6.879807491214005e-05
27.36747958895769 -5.033382599607389 -28.72115990516365 0.5902415923734035 -0.5827513247378281 0.03134941774995546 0.01850423638686862 0.008079135367100303 0.0106078573051518 -0.01673395740236282 -0.00283459127609941
27.85932539654986 -4.373874959222459 -28.51632302315424 0.6024219244181845 -0.5315553211690397 0.03717501196692833 0.02448638986057945 0.008621007735981987 0.008852169688054601 -0.01267885719152524 -0.002159848880623986
27.15068558198502 -4.37700786059783 -28.58229460101343 0.5602076992321975 -0.5609572073631507 0.03096660141109894 0.02509722506084206 0.00929957288790177 0.02178849531422258 -0.02529598700724955 -0.004285849594006678
27.27201179315469 -3.727997814486663 -28.41005762409591 0.5503472288367317 -0.5246689098874686 0.03058143844310902 0.02815140049481666 0.009025879815166196 0.02312540036249723 -0.02374636965592922 -0.00428927107038173
26.48112878119232 -4.081417617256541 -28.56605907990401 0.5124020224671233 -0.575237751444418 0.02528466776662674 0.02553295893859082 0.009329254886116006 -0.03486740924435001 0.03226339575007901 0.006198876590475817
26.54916928445954 -3.324391875345027 -28.3477457418047 0.4958913756807615 -0.5354192608498198 0.02604318158638063 0.03122532032223908 0.009927216258351404 -0.03181195400733224 0.02484434798770647 0.00530982395723347
25.82703059290346 -3.532007634831826 -28.44558663296415 0.4580101926239277 -0.5768132465190116 0.02294269951216979 0.0309122358356166 0.01076566847540976 -0.04059869683372797 0.02778884357453734 0.006727721184446597
25.94819516477737 -2.846148389107235 -28.23161217429072 0.4461954576016758 -0.5375016297190576 0.02282227836211247 0.03837081314011015 0.01173745017312806 -0.03305148029183785 0.01822806986478224 0.004675991804371483
25.23515774697204 -3.063305043934582 -28.31168008328373 0.4088391916086891 -0.5795225799354833 0.02069078588347975 0.03871821887850667 0.01301899190404222 -0.03696211523930071 0.01792466976498084 0.005435438124009069
25.33614166311553 -2.407283895498502 -28.10262130806808 0.3962614942812002 -0.5421224359141201 0.01806090281783414 0.04975583329272084 0.01474590070149792 -0.02357832622047066 0.007811056817798511 0.002522749770380509
24.66999291153107 -2.636652260452685 -28.16735304128476 0.3618181270489084 -0.5831537484643075 0.01512548085292535 0.05311096092807048 0.01721962289690938 -0.02431509322735362 0.006155998276959691 0.002370928407142078
24.79019798042071 -2.077858741423166 -27.99538817305062 0.3529988887106565 -0.549594809113237 0.008146070499675133 0.06645481128105495 0.01889406772968389 -0.01336219400791356 0.001444338624087486 0.0006809610250795545
24.17117155399399 -2.175637373652163 -28.00820640296208 0.3173710087174328 -0.5823084941757901 0.006195684529773791 0.07482914789200976 0.02224928111632761 -0.01525072245409492 0.001027768598536792 0.0007902105522472001
24.51148962228381 -1.422975685604341 -27.81748670443965 0.316798251688409 -0.5289134018312317 -0.007506806123323429 0.09255362065550639 0.02134091847963831 -0.005976226339230693 -0.0004922775572784772 3.278667769315368e-05
23.67558637979621 -1.709224626251871 -27.85744898163442 0.2725565550820625 -0.5814436205598938 -0.008599298555525641 0.1052240484244024 0.02696268277986657 -0.006021941039311661 -0.0005138002811704477 8.454933079729371e-05
23.82606989290128 -1.141327091456227 -27.735956953961 0.2654164408136879 -0.5459449069042236 -0.0221778423821458 0.1188478251139091 0.02227892053609504 -0.005093667422994031 -0.0009424753358015218 -4.288400639395921e-05
23.21019972705527 -1.242009467081981 -27.73994692489397 0.2293815943116952 -0.5796821471559952 -0.01911492145412853 0.126539636931016 0.02340874199125715 -0.008505243571568543 -0.001282503432383938 -1.236905948329674e-05
23.55341427443035 -0.6323556083467112 -27.65862323453743 0.2334477486670234 -0.5329644514075865 -0.02656031588928888 0.1187299290790483 0.01322874012505932 -0.009546450719763575 -0.002116634732770969 -0.0001699976724194834
22.82830833626116 -0.69103547778343 -27.65635354976926 0.1887891639824507 -0.5702913313072092 -0.0154194145335994 0.1188783927197689 0.01218126695816475 -0.02112931090385433 -0.002755987026289705 0.0001498780391476459
23.26798570522754 0.05180243239957072 -27.61531880644453 0.195441998444682 -0.5117498752465901 -0.01650226408381046 0.09639261344178578 0.002707357887480911 -0.02360153974766817 -0.004032008174138617 -0.0003039998444650498
22.42581654402867 -0.1171277245031837 -27.61393561945366 0.1457741116552589 -0.5609548913735364 -0.005702222229607558 0.09386840466308485 0.003098837404201775 -0.03197877929313641 -0.001963854429689842 0.0006433948879596438
22.75305960297717 0.6000277383073707 -27.61929513523127 0.1459587500546836 -0.5084131089424759 -0.003758661270862703 0.05882959883595026 -0.001329321467807598 -0.04290868158617934 -0.002736829161923616 0.0002050955994152978
21.92672285029818 0.4528338351311376 -27.59856223219435 0.09597284454725287 -0.5566558309422102 0.006631346382856158 0.05598353478431473 -0.001029344499688654 -0.05159587210642519 0.00615027830263723 0.002102521970351464
22.40238961856841 1.07811868223578 -27.63598203806885 0.1087799043452735 -0.5007451804936758 0.002530530377604394 0.02358023277006813 -0.001033301776027902 -0.06036940467160795 0.006520262410872958 0.0009510222412382764
21.80713317483018 1.224367386299508 -27.61729336216396 0.0647111818300813 -0.522776713308993 0.004350751602985614 0.01645080938692286 -0.0007961448326690367 -0.0768927188222556 0.02054890758755788 0.004402518253878948
22.49448561055979 1.798972698806602 -27.6714616815849 0.09383129726985068 -0.4582195794263018 0.001599283027932101 0.008118532434068322 -0.0004120878168338268 -0.07220628515125548 0.01427602161122594 0.001024194626796764
21.65055062638855 2.000548311445486 -27.6312626110929 0.03085869814053697 -0.4897930094300254 0.005817885503298037 0.01378214433366207 -0.0009422415165725261 -0.09912608792196761 0.04244508249080966 0.008787580548126004
22.28528716996087 2.430567907686237 -27.69523378314847 0.06146283054887196 -0.4347381092180802 0.01714922665690446 0.03878095814314231 -0.00187270411279027 -0.09268981383908104 0.04116139234111639 0.003588184132089232
21.82547407750267 2.775618492319433 -27.66191052263032 0.01999146932013081 -0.4392696968989185 0.01854965324619171 0.03893137061453653 -0.001446127505507335 -0.1137581573032215 0.05468779651603812 0.01306696835914298
21.24358291103886 2.503066526759799 -27.58768237149459 -0.01221132483100133 -0.4838585329460285 0.01546997516204133 0.02698110101830934 -0.002145175824849468 -0.1170758458934182 0.06875807898658637 0.02051498362327011
21.26175801015414 3.128438090691957 -27.56431983735819 -0.02991437430934361 -0.4492723979459969 0.01035624418012821 0.02457512788538575 -0.0005903811389269732 -0.1234305338808519 0.05266114145239748 0.0268937074416434
20.65973274322331 2.646622137152785 -27.45863082634356 -0.05795001445758429 -0.5070299975178217 0.006417085998742362 0.01002861986840395 -0.0009517253585494646 -0.1079447585398332 0.07198196356508584 0.03066951095686641
20.54786703980239 3.462188838503848 -27.35807602079723 -0.09204341088769726 -0.469329744989615 0.001772598488493464 0.003789233540752078 -0.0001591059975864597 -0.1058435196677588 0.05105564958602248 0.03672845125255792
19.95983225627619 2.764794482394704 -27.24862357633781 -0.1129108904535056 -0.5389133677494928 0.008417409286110126 0.01149573264365258 -0.001368368632644993 -0.08669577995958812 0.06765242941092753 0.0350493110986466
19.71446284924342 3.453767682262479 -27.06971504731028 -0.1549388528968616 -0.5161518606608713 0.01075076965195381 0.01704928283744723 -0.001560785210972862 -0.07464024447616692 0.05037328822200755 0.03612820189737682
19.2635612922449 2.813944431345027 -26.99835384131015 -0.1671812689292624 -0.5754251838542287 0.02902600126588957 0.03390407231794942 -0.00498319227970226 -0.06425036040404795 0.0599676414263203 0.03375671653655659
19.00857469583269 3.426605310818161 -26.78214420068977 -0.2093927632664498 -0.5581058206492279 0.02919991954276822 0.03520558628174233 -0.005457024897303364 -0.04297318133771139 0.03967327025222892 0.02600451785658708
18.68279525054956 2.857403877790573 -26.76510534657514 -0.2136282098512535 -0.6063803776006353 0.05720667403318243 0.05563609694190219 -0.009929590964029988 0.04127958003213068 -0.04710469145571951 -0.0261092024901313
18.33113259915769 3.31171277918651 -26.51606670131826 -0.2588153796488911 -0.6034027849873113 0.06446948242979293 0.0567460027944766 -0.01273189195804071 0.01627901528828423 -0.02115778600093678 -0.01186941374697159
18.04394249549102 2.533351355796929 -26.61089152922838 -0.2498561352310606 -0.6594834398749396 0.1098228038810766 0.08869479185026875 -0.01105115866737269 0.02742129669207005 -0.03634779023357081 -0.01921753244144327
17.63852662278142 3.179043497890932 -26.27788163275372 -0.3075788472249358 -0.6501341446063051 0.1189861721406914 0.08178089917301612 -0.01785710961227872 0.003409210526639025 -0.005574738690585151 -0.002814466242037831
17.295751068721 2.596994831678334 -26.3596411805424 -0.3083855934699571 -0.6987187921913427 0.1751013854275119 0.1099355277293793 -0.004485273021700576 0.0004146613053382624 -0.0006746377308220378 -0.000347556527466486
17.06560074511286 3.082299768031536 -26.12636958204149 -0.3465024155955079 -0.6875541396504162 0.1832875945529425 0.1047166510649131 -0.01013045789993058 0.01240540235873655 -0.02275709269159153 -0.01078827609991881
17.139421282478 3.74116278441325 -25.95082989941893 -0.3692916022317687 -0.6509762685955772 0.1421132821297088 0.06946903606034624 -0.02342026842300029 0.0127241607515511 -0.03023646144283073 -0.0124774651717203
16.56242117035298 3.281956317314804 -25.95473971499836 -0.391320615063654 -0.7062231965512593 0.1825770382817618 0.1058000636118889 0.008658596873602232 0.01980326220296984 -0.03290843713303614 -0.01546511764516573
16.48918292890369 3.822258334877438 -25.75324621655506 -0.421107831833165 -0.6843408560161643 0.1714286174401238 0.09311942483500867 -0.004824442603943597 0.02593806424386317 -0.04879210527912725 -0.02009896181657999
16.07075083994417 3.530787515175094 -25.7934162925368 -0.437065435085753 -0.7220678440234246 0.1549666182547431 0.1073866661325384 0.02653865347073317 0.0329715375387399 -0.04281297081877768 -0.01929055926459205
15.93420530093906 4.141303143196346 -25.57907176030643 -0.4750042167204958 -0.7012550124972918 0.1255957942765182 0.0888945030850942 0.01295481632010971 0.04159438207527116 -0.05560822424939956 -0.02167641633435474
15.43858409151446 3.565504482067792 -25.75430727880488 -0.4809646165122661 -0.756482868647511 0.07055194184174828 0.1062098848860383 0.04175797937457452 -0.02652617023708739 0.01490599996570652 0.006904267967474191
15.91471316461866 2.915823935145255 -26.05531102253588 -0.4181580836429206 -0.7612858356789469 0.1207653917294461 0.08815642152006939 0.03655258948521807 0.01499468699925567 -0.01708731493072737 -0.008329990184944314
15.48924368213791 2.267894007304572 -26.39009969621108 -0.4147355447091625 -0.8196511946660929 0.08415435438491413 0.07734347142668915 0.04698721097249641 -0.009435038996573802 0.007927673384256423 0.003848831027311928
16.2858305464196 2.207521585853457 -26.39565745839068 -0.3604859753570329 -0.7761825468709042 0.1519894092927678 0.0809720774210147 0.03686728638331801 0.0001824237890838901 -0.000279608528305044 -0.0001379542961051309
16.67307655773816 2.697880928340581 -26.19920574939217 -0.3570532263963044 -0.728873638750272 0.1934103708879139 0.1035069726295564 0.01746156637620939 0.01023991573540689 -0.01768812363447012 -0.008570924745252539
16.89787335263689 2.205333167793706 -26.43365962208695 -0.3192553200181227 -0.7410026837881255 0.1984267589003941 0.09953128922142948 0.01636697751721436 0.003219565005408942 -0.005931964537531716 -0.002959115145429542
17.43746693382142 1.987234330635625 -26.61886541495282 -0.2715141297931442 -0.7215286562580735 0.1697689641414233 0.1044860794392191 0.004884730239570417 0.02404922678978522 -0.0381965391358081 -0.01879442539385534
16.78445109040898 1.625077293006775 -26.68882449818609 -0.30052929033826 -0.7775636575288389 0.1809326007059018 0.08982155564006356 0.03352504211818449 0.01682189244791012 -0.02878141386155942 -0.01367447596973866
17.44409199607878 1.418566403110689 -26.825344393582 -0.246586273732366 -0.7500320948728005 0.1740924158364663 0.1062151345691665 0.01705539453940735 0.02803569981142752 -0.04286916614540175 -0.01919911369267853
18.14321671331142 1.646755126095463 -26.88534530287136 -0.2065943570527485 -0.6988074690465537 0.1260978910258883 0.09950608252957417 -0.001251732251700635 0.04571823444479273 -0.05826676485323843 -0.02630320282745609
18.76394442876023 2.255798068174438 -26.92095891245609 -0.1846211553446749 -0.632685827061275 0.07038421991817891 0.0653768168437638 -0.009761517518911788 0.05603878714145793 -0.06500996947543865 -0.03133719206152062
18.98764710859664 1.577333404107566 -27.1088185374337 -0.1429368887675936 -0.6548231347849207 0.08099953860170135 0.07714444684931955 -0.007560965922032295 0.0667500567188212 -0.07287822447771029 -0.02849193093224282
19.4568614599353 2.172396656724946 -27.15892295748519 -0.129935878256009 -0.5979519993452063 0.03520271965064672 0.03797439937421505 -0.005706429042930416 -0.07640537520521076 0.07577226983476447 0.0328978826569654
19.63737737235012 1.597956169034284 -27.27111160783512 -0.09692676988786257 -0.6176839477464927 0.04353072164698709 0.04933799123645025 -0.005776515424700535 -0.08130574662656116 0.07486458269404289 0.02672377529155526
20.12915601926695 2.068211404366901 -27.35853357113419 -0.07747118163665892 -0.5662966717350685 0.01359003122442007 0.01745589916493655 -0.002237911180369547 -0.09405064142534469 0.07691743246332045 0.02882678813361832
20.23428790443123 1.285610230686418 -27.41764760576489 -0.04442248227275738 -0.6013616951190728 0.02808338465260918 0.03950527551501406 -0.003468994114629024 -0.08104251632563782 0.05910462373252016 0.01700674132810134
20.8310724926689 1.965930803972448 -27.51669386704085 -0.02455208528724017 -0.5340759082178701 0.002145539082558484 0.003479235934542834 -0.0003471177046168455 -0.1051023952203029 0.06679272122170225 0.01983862860692026
21.07512038736775 1.299017662059764 -27.54985245872053 0.01298563634744084 -0.5563152136791529 0.00966052223684578 0.02105066109939963 -0.001384549303281336 -0.08414699017337367 0.03928260680193564 0.01012674169259915
20.63053330960001 0.6138348563704419 -27.49376748759774 0.004563705410027761 -0.6146883136251248 0.02841028866998759 0.05537243706622863 -0.002011184166277458 -0.06256958205235834 0.03240531913190057 0.008324253171320224
21.30155309662763 0.7098685460422809 -27.56454456567224 0.04658915731864693 -0.5750674535340262 0.01328239533884155 0.04114701418802706 -0.001548100901534729 -0.06774948892896107 0.0220796751284045 0.00557922924015844
21.0764690411163 -0.03354602693409614 -27.55020594749187 0.05506245081753703 -0.6241175905201618 0.02392041400557067 0.08152558452169392 0.001450743390054259 -0.04017758821819376 0.01172809178745821 0.003394815142145929
21.74308302349442 -0.2892896348555603 -27.59649522330347 0.1066628263602152 -0.6032186776473217 0.00716192663218394 0.096328005261809 0.00416608497590244 -0.03047981067393389 0.002206301318134555 0.001383928282912895
21.24131792814848 -0.9100333715493649 -27.62295521707845 0.09382442495972508 -0.6587606382538302 0.02516219985652919 0.1245987239747836 0.01427405603199444 -0.006228947709910077 0.001208345354627145 0.0004326547304693897
22.07251992249013 -0.8200581298533276 -27.64656919623853 0.144253139370184 -0.6132525499586408 -0.003154943990988929 0.1208145864355591 0.01288803142306451 -0.0152719061410285 -0.0004523527581173094 0.0005019232706684609
21.75054997902537 -1.512693256324932 -27.73668858446409 0.1453649860238717 -0.6627910360810099 0.007621565775098448 0.1438935332214822 0.02869632087404326 -0.007508535333943782 0.0003266921021822584 0.000356070560703379
22.49506115846838 -1.370976783490146 -27.74031052647577 0.1879944271202884 -0.6199584134541 -0.009253555802212101 0.1334107011570191 0.0250793288627838 -0.008386046661420263 -0.000617344712401986 0.0001897833957902823
22.22044872176508 -2.041918599688996 -27.8855870236754 0.1916035605903098 -0.6659884378168645 0.01103378910648244 0.1387600102438117 0.03962599168962266 -0.005019039087975086 0.0003144862692029646 0.0002962929223255826
22.95246738363123 -1.884626372391752 -27.87447017593497 0.2324791431121922 -0.6237246832599402 -0.003990349357449995 0.118575416934343 0.03165758598344447 -0.003054775921130213 -0.000126201860923766 8.765087598090938e-05
22.72744588897038 -2.54641931084546 -28.07163904356367 0.2391170096400695 -0.6670590093677168 0.02480180411000973 0.105791177356375 0.03694067481990611 -0.001415422547266904 0.0002798467658720016 0.0001488796275662041
23.45732508785215 -2.363603239117689 -28.03934371765232 0.2786330970978834 -0.6242197670281896 0.01016995813508557 0.08683955265465937 0.02777382626123963 -0.005676535962727472 0.0005395274056426624 0.0003916570385366423
23.29097693639308 -3.016654640162033 -28.26888340257877 0.2886470786037663 -0.6644729505986195 0.03197886648173595 0.07452158001341394 0.02845835393886475 -0.008287204284324346 0.003029895934889499 0.001378251428573579
23.9946194854182 -2.820801006298682 -28.21604318945609 0.325761640012743 -0.6226788452316976 0.01850179204863875 0.06126151894068615 0.02130397930040296 -0.01902744243147961 0.00497202564246139 0.002227186731004657
23.88002067981237 -3.454940124299075 -28.45500522372295 0.338165842119275 -0.659523252017339 0.0316444861751577 0.05365851823474779 0.02127709976087276 -0.0258197385466242 0.01311334303042735 0.005330134494020674
24.55435435975841 -3.259450765489355 -28.38403321081711 0.3731570646806609 -0.6194913428742495 0.02099055213657119 0.04230156668294238 0.01537415377930345 -0.03515867200040337 0.01543127170425702 0.005543912848821768
24.46366684719026 -3.883258400259903 -28.62039351674849 0.3863440743415983 -0.6544104445598857 0.02924750250807411 0.04011394305978545 0.0162502213330749 -0.04426298182407756 0.02833443381185868 0.009721455733827569
25.11937031826218 -3.693727654156676 -28.53034531795446 0.4200570248799276 -0.6158708332713199 0.02122287033346195 0.03075160431055375 0.01153242722115901 -0.04612449490742476 0.02872706357613989 0.008280206819248407
24.99809241731812 -4.242926597627312 -28.73145627357551 0.4287987776496259 -0.6480082277598456 0.02647892689836883 0.03142682777390143 0.01285220127192345 -0.05104339175224927 0.03868445003852349 0.01056976054838178
25.6512684759591 -4.192648618532147 -28.66832700129769 0.4660974723362822 -0.6166397536875792 0.02205774592868516 0.02477391060910962 0.009704838339408897 -0.04558584257734112 0.03723521442009611 0.008558520714791943
25.31977247607492 -4.881973505808569 -28.92376904250908 0.4661433593375476 -0.663983021341927 0.03053325488171096 0.02904666538834983 0.01299880207215402 -0.04853751132333933 0.04644097407341897 0.010235771696597
26.14947591972259 -4.750252726594624 -28.79153246399297 0.5110236877401602 -0.6213011273432986 0.02290589899115503 0.02089975332731637 0.008620841625688509 0.03716446737706393 -0.03792037459683943 -0.006815930879722183
25.98489443270181 -5.419485159572289 -29.00572582440657 0.5197767476398385 -0.6593134677242987 0.02865430588002862 0.02140277948768527 0.01025554843974469 0.0341448917163695 -0.04223933540610345 -0.007250610780592153
26.65736568244125 -5.269567382535913 -28.87050308686557 0.5547792442675822 -0.6234516821663839 0.02557590440612601 0.01704461878356025 0.007879204411394228 0.02136925650471461 -0.02977369807838324 -0.004956938039990953
26.46691255701587 -5.853887380582803 -29.04967514346935 0.5592974136046821 -0.6579158111436295 0.03017016148939872 0.01570018882159153 0.008747601007060091 0.0193333647960206 -0.03396906987662135 -0.005712414961802127
27.16065401503579 -5.90881192124548 -28.9588321945278 0.6007609376495909 -0.63120142725998 0.03465706386605433 0.01022086026034813 0.007270161968803313 0.005989876447947487 -0.01786769813803753 -0.003434350550987306
26.55592946475356 -6.593987710439723 -29.21613012042291 0.5838662141359998 -0.6864004469170144 0.04006573259910385 0.01096355825385856 0.009562850016277687 0.00976148587477331 -0.03084153789801396 -0.005538943448341539
27.27353501508775 -6.672112242006719 -29.11780740662978 0.626578879280797 -0.6601677127965144 0.04710406048909692 0.002048804626087715 0.007177808353853813 0.001407034838019027 -0.01853065001372026 -0.003944292080826022
27.00457316459249 -7.349826091726523 -29.30553320029767 0.6282397223896702 -0.6997688374884216 0.0568671286150627 0.0005800493123773048 0.009148725656186487 0.001181947360365494 -0.02768209369669784 -0.005591704797663454
27.75813759282603 -7.164463645060904 -29.16366841776357 0.6661830856114863 -0.6623178462102431 0.05510882316359476 -0.004494448168674476 0.005312058055245679 -0.001186755450146986 -0.01974835510142054 -0.00439702690302205
27.84763734228441 -6.357354306751354 -28.97321900084421 0.6517794824018617 -0.6235635080287764 0.04851894788228953 -0.0001378426446276415 0.00542409832398087 0.0002240674678383273 -0.009971556740202813 -0.002257706777206961
26.22954655235445 -7.464918205313756 -29.47317751887226 0.5882889755746562 -0.7364890096509706 0.05528627049068034 0.009113701025378975 0.01348376766224679 0.008291568271593171 -0.04022087927816261 -0.006811806598639036
25.76587547585512 -6.822631594954983 -29.42534964734152 0.5456521282352559 -0.7301496786506884 0.04118542410187276 0.01685233438335809 0.01295329303255725 0.02198336112483149 -0.04801135354748653 -0.007433682438042479
25.92240928945185 -6.111673156677266 -29.20893203834101 0.5351129108892615 -0.6928695729208436 0.03377754128700864 0.01826904199335969 0.0109717498585529 0.02692798353118797 -0.0452694003508481 -0.007522273159772901
25.35698499460521 -6.323514880690286 -29.37572887991107 0.5090561502646452 -0.7272320504731472 0.03764603151374708 0.02102895768945065 0.01356716694335693 0.03487118942654027 -0.05632888380696056 -0.009451065379983947
25.3303592593624 -5.692844836482564 -29.18880439378643 0.4898085795396939 -0.7006981915852868 0.03594293709722324 0.02530975373367847 0.0139051046067319 0.04265937625257477 -0.05483696488229949 -0.01045610261064198
24.67611231175171 -6.123577552085278 -29.44762127081944 0.4651951610173928 -0.7497714443286696 0.04887102166773576 0.02997041718517358 0.02010342421772639 0.04703232919463722 -0.06739893289002483 -0.01385554219962322
24.6457762397277 -5.334409420970255 -29.16682275872829 0.4403085244951733 -0.7155424062102355 0.04302184165357355 0.03479820290902261 0.01906600654670193 0.05472357070937402 -0.05950446667269661 -0.01487780295324732
24.12003221351926 -5.657763788967864 -29.37489486366348 0.4200827887600879 -0.7550482540242315 0.05604886754324042 0.03935156384079946 0.02578286316611535 0.05772930750076553 -0.06987599807099201 -0.01884711202601456
23.93514587725141 -5.097940317953169 -29.16175118954229 0.3924048835218077 -0.7375095167610927 0.05404855444750552 0.04551106891991785 0.02664520599045411 0.05714282417727801 -0.05697933721151299 -0.01858857841680348
23.38493295030916 -5.569378391491849 -29.46141194680177 0.3759446063572643 -0.7863016748498872 0.07026028401846011 0.04739036057509294 0.03607180794998936 0.05838034862064122 -0.0687324335418544 -0.02341343876086824
23.24720066995737 -4.878486504636157 -29.12829639643701 0.3458282532890627 -0.7592772821136605 0.06789314508978289 0.05792986103766792 0.03665005589312013 -0.04248855925996682 0.0397734012863384 0.01584211251063255
22.65317634517813 -5.166635080373046 -29.36394964251018 0.3215092562948219 -0.802543242510996 0.08412096919220013 0.06002526260894059 0.04928425563318838 0.04066804621233523 -0.04213652634526766 -0.01809461037352175
22.55771527273409 -4.570090592085519 -29.02967244998333 0.2958198604286731 -0.7768832262596923 0.07962711431978005 0.06971804305548092 0.04741858138769196 -0.02266836869490087 0.01990085257517385 0.008806005507019031
22.06672827937616 -4.862047324187913 -29.26955346887481 0.2778705467718984 -0.816184874301919 0.0897999601200886 0.06818602464911468 0.05917809823478126 0.02331564563254047 -0.02197949501296888 -0.01005523457151465
21.70243914988288 -4.289486799429648 -28.96096823937901 0.2368323713092481 -0.8045179305254709 0.08956469337792329 0.07736659893542588 0.06007764449847716 -0.01282501962828134 0.01084875221892947 0.005148968327294841
21.37595189779076 -4.914888588236519 -29.448481283147 0.2411958952204741 -0.8549557024534591 0.09388192294013395 0.05834010395812945 0.06560701079199169 0.02221851684466555 -0.02283644013970257 -0.01148713811791443
22.00689848455199 -5.344310006035833 -29.60341742262028 0.2915823626176686 -0.8446950228596856 0.08740033986773689 0.04965867612047162 0.05423059850271407 0.03725140718107075 -0.04319904903585769 -0.02047880890227365
21.43474681281108 -5.458113306313784 -29.84127000876233 0.2644566952957718 -0.8817332386241726 0.08372671089255905 0.03701476076830845 0.05386477570345721 0.03482529710570372 -0.0450592834089329 -0.02316818311124185
21.86260448669456 -5.879316873856409 -30.01348008230271 0.3026589946546038 -0.8806096786735246 0.07841141292076426 0.03176713965690849 0.04666405981581193 0.05139809507007371 -0.07564945203183962 -0.03486688802127944
22.59355322109475 -5.762953608328766 -29.73314404157596 0.3383409429196006 -0.8355672416399228 0.07993882148415372 0.04293571946334968 0.04504506276282746 0.05682746891697023 -0.07440715732896845 -0.02992550076143912
22.41913909495034 -6.361738719449621 -30.1322799555424 0.3489471288611617 -0.8738074388409686 0.071072121492618 0.02904854201235856 0.04031908801575845 0.05784721158770723 -0.09460688427069469 -0.03380860194660948
23.1670059681109 -6.247600828453505 -29.84689145750799 0.385545215720548 -0.8289964018750722 0.07104718114852088 0.03642965107320843 0.03692591014397285 0.05933926076939054 -0.08847124047452566 -0.02688927056178168
23.01191702395554 -6.920034490096223 -30.20874649023645 0.398558538752404 -0.8666879906979824 0.06515542032517778 0.02726806731444233 0.03518437412216456 0.05117601437205011 -0.09237388349101659 -0.02317896720337051
23.63246196586452 -6.689223942593758 -29.91308854655252 0.4246085644014714 -0.8249105445112294 0.06452060666239474 0.03137987779632998 0.03159249105432416 0.05216962178229807 -0.0870975099151399 -0.02003344491422108
23.7688189297429 -7.284611633727353 -30.09272497661474 0.4500080601467648 -0.8426920395889991 0.06421137813631868 0.02839460081179594 0.03155149713727746 0.04198727291829169 -0.07951699797680407 -0.01388863549196754
24.27099347501028 -6.812702331111343 -29.77746908471364 0.463012226206923 -0.7985687665869952 0.06053012119711176 0.02963581179420073 0.02649517741811173 0.0434623917005006 -0.07607250717396058 -0.01420308782570832
25.02442424808455 -6.891619510270356 -29.61070456822277 0.5065574519849172 -0.7663603045198535 0.05013400434334356 0.02402167896152427 0.0188139011733133 0.03342956134720082 -0.06209272299340089 -0.00980053602300446
23.88881604607741 -6.181299649246697 -29.63670403269414 0.4230892810205129 -0.7899154073130705 0.06270611676550164 0.03670363507392205 0.02962986636570267 0.05609866335485829 -0.0796280642476835 -0.02008412442984726
25.44195081815838 -7.56711139852467 -29.67994278943434 0.5480701305236659 -0.7748501059077262 0.05526105667913993 0.0177812914758357 0.01828041103880032 0.02063212262423099 -0.05621710018979301 -0.007688024796014047
20.82141408321921 -5.261671675672691 -29.8877295551834 0.2241262963366301 -0.9053289495462918 0.08156098268489448 0.03199550262614801 0.05516334955347862 0.02577383854782959 -0.03348633000227279 -0.01868500822263827
20.58148588557154 -4.724096086172192 -29.5103520224295 0.1903211301619418 -0.8874741793677754 0.09361613878549647 0.04577990141998089 0.06808043462188854 0.005112273549808429 -0.005706495236048013 -0.003192525458974383
20.98051371140032 -4.419697608546876 -29.1595460910468 0.200559472729788 -0.8482498692047723 0.1061359755485964 0.07251197226355942 0.0759528548248362 0.0005523937361825102 -0.0005232861534073946 -0.0002723312650009746
20.4227621209874 -4.271856174677495 -29.18163399572151 0.1639027906748336 -0.8700766523479507 0.1044691714966935 0.06297363865592269 0.07876107891519188 0.01188017459027601 -0.01203981618772795 -0.00613146708049156
20.8090625213532 -3.849413952322594 -28.79372291691497 0.1694346061307459 -0.8263627106996879 0.1066582516171476 0.07929974739651019 0.07108688817890092 0.01209103360815138 -0.01124764941289789 -0.005594178586654191
19.95494184092004 -3.883975142870586 -29.01310055799327 0.1227602274211749 -0.874413005048393 0.09688638175528384 0.06365651489303702 0.07867769099252073 0.01689361976291062 -0.01617208742117654 -0.007718871285356817
20.14295819174292 -3.330254511866055 -28.56003707860446 0.1115397935802471 -0.8336178174559888 0.1058915784622494 0.08994755830344937 0.08128168711848388 -0.03293219746914226 0.02809856704353215 0.01180886997888371
19.37741928997966 -3.415438597039495 -28.8250414965821 0.07175287348017623 -0.8812599643912391 0.08936552334133899 0.07064525792713933 0.08338492297656866 -0.02941320658420306 0.02548773375622477 0.00992912201394157
19.53834640876402 -2.836616713598968 -28.37529358110599 0.05765692936065428 -0.8409547954596578 0.1024713676256575 0.1072080695853964 0.090792762106819 -0.0355019106508064 0.02681655044263501 0.008403519334724793
18.78765164530133 -2.942082502483878 -28.67191557954131 0.01920111562847915 -0.8905112018569977 0.08585137981698038 0.07827152179224117 0.08849058716162402 -0.0288858479348511 0.0236913101519424 0.007068943981617229
18.90378640938781 -2.348289320879525 -28.23832377895193 0.001422446225732836 -0.8522284598117632 0.1069548823647365 0.1126376630172578 0.09552260891017141 -0.02505291322322376 0.01960241435955468 0.004936645356610019
18.17020425141871 -2.466915359120389 -28.56060982213227 -0.03590705993180611 -0.9034749692338804 0.08131286518634911 0.08298618111832075 0.09082583722011674 -0.01350854039669388 0.01060312314314339 0.002405762867171988
18.20938874000581 -1.805850990603284 -28.1186650679722 -0.06173030493143461 -0.8664028669325681 0.1045270993361123 0.1141172934608141 0.09589026803373611 -0.008543157012935761 0.006623440177830795 0.001430200979240435
17.59667771493879 -2.066654305221375 -28.49837885960025 -0.08633585716095074 -0.9191326724249782 0.07380539047399935 0.08475585953219988 0.09019225091945757 -0.004558640580564678 0.003332937535949198 0.0005983469965826755
17.28334661228542 -1.487553033986485 -28.21865295785929 -0.1305219037815422 -0.908869215310494 0.07948710951367116 0.09805268309320278 0.09115824033684447 -0.01331689741141952 0.009303860318107671 0.001604388314962658
17.89814686336159 -1.208096917946164 -27.87071081644715 -0.1056396381440929 -0.8551294365160426 0.1139536902981405 0.1289176604664893 0.09255426718601936 -0.0041977484096867 0.003249519487601773 0.0006420932718922849
17.31534084591054 -0.8312270939430642 -27.81964677551969 -0.1575820579465357 -0.872613648984118 0.1094233286408033 0.1077724892101556 0.08366137969643699 -0.02597446140797979 0.02195198157952213 0.005694292046356752
16.67107463308405 -0.4169235724021192 -27.74054458091454 -0.2160022478889956 -0.8924392557648704 0.09722516495431727 0.07364044371109632 0.06619605193032449 0.01692798104967421 -0.01701001154046102 -0.005939945677448886
17.37336067660501 -0.1916770541915742 -27.49011107538111 -0.1818216631186031 -0.8363398314478282 0.1431777687467128 0.1093750973696509 0.06903680237333058 0.03756686573942988 -0.0402863023417222 -0.01408555640846848
16.71700810834112 0.1447598063978903 -27.41283770192324 -0.2385415274067927 -0.8595454793600019 0.1333837936190987 0.07979222342348777 0.06511026891701144 0.0141649012040373 -0.01768713725147503 -0.007342501566872495
16.17932511812073 0.5301238141851599 -27.29375657456978 -0.2900864252008667 -0.8731501699223336 0.1117315383210061 0.06937100722507603 0.0613756204148676 0.01298914774186308 -0.01530450251433636 -0.006347939158014357
16.7338449724442 0.6158648697345948 -27.15870655138985 -0.2587139678179934 -0.8333323769687128 0.1610927187918011 0.09428689010060863 0.06368199915415527 0.006471134812108579 -0.008580179411760109 -0.003665938105140007
16.39044673306652 1.05379950519493 -26.97746629188446 -0.3004900060924987 -0.8313326513377189 0.1466166484543835 0.08374347776429275 0.05723463156913221 0.01726873353032602 -0.02328732677064695 -0.01016381316193319
15.94696384268967 1.626756285769851 -26.71413661042102 -0.3552852308891714 -0.8273878865617339 0.1160288618314264 0.07229661755792915 0.04882757528996628 0.01813167821328672 -0.02192213297064373 -0.01062723101991225
17.07263265316752 0.9950570678735176 -26.96800228082871 -0.2533820414569422 -0.7932260799534375 0.1827310043873257 0.1067765810025223 0.04459285079567504 0.01616502004186317 -0.02340401165342052 -0.01020006557059121
17.29791012452569 0.4355060324518183 -27.21041412299611 -0.2140170439279143 -0.80874220442328 0.1682043740706806 0.1146538849407682 0.0563734820582989 0.02621302612012934 -0.03193315673740273 -0.01326661304858972
17.77002255799405 0.925595739325221 -27.03878206038483 -0.2032695058927291 -0.7564030084763537 0.1586734931063895 0.119137687034776 0.02500585699404254 0.03862290755646142 -0.04728219327929393 -0.019808979584287
18.10759583232783 0.2248999935839349 -27.28935197992201 -0.1515973033894783 -0.7721280348445565 0.1549935193477094 0.1308517931600151 0.03914309492940202 0.05472234251092099 -0.05901480292036704 -0.01940101233622835
18.54059979410235 0.9343348921995469 -27.139042449296 -0.1503589894225315 -0.7123293650696204 0.124829225215893 0.1092855399794027 0.006278720662399452 0.06225129049666796 -0.06964838544909352 -0.02535850174770129
18.84752247868358 0.3958419999526308 -27.2862315912095 -0.108731691440126 -0.7218958157948817 0.127515096247454 0.1156750670924826 0.01047568148935189 0.05609910042627177 -0.06034506005504398 -0.01652048316478893
18.7874243413572 -0.1956362846685513 -27.40473225156611 -0.09022156108718876 -0.7540545372300174 0.147750184179428 0.1392113211064274 0.03163609830123531 0.03224911001916676 -0.03247814336865183 -0.007696483213640806
19.41844516749886 0.165984092023943 -27.37678085835954 -0.06185030250986254 -0.7017417308000929 0.101830814933736 0.108357817350217 0.005436119291175078 -0.03817582642882415 0.03545541214093767 0.00838915423465127
19.37626109503276 0.9215866553223782 -27.28307687482621 -0.09172495459207514 -0.6665258865612254 0.0791525325588258 0.08166076690009519 -0.004010288849928025 -0.06565529093999233 0.06457732208585738 0.01911360876162878
19.96022236610494 0.5659690225265317 -27.40560276228727 -0.03925069619880159 -0.652656778992577 0.05576747416820359 0.07335214221783436 -0.00271457706642626 -0.05543710477854038 0.04254126258205471 0.01064822756567385
20.14070223759201 -0.115450975667116 -27.47630025009915 -0.003932388633330142 -0.6767730021413771 0.06419864782556067 0.1014062369592425 0.004061451882908162 -0.03122647538108248 0.01959137631974073 0.004434312385215094
19.39527091180307 -0.5001816768699774 -27.47741273606498 -0.03921881471406988 -0.7351489730552978 0.1219234446435637 0.1449837246701338 0.0244997749103653 -0.01007780063428687 0.008162385491018437 0.001849287074995386
19.93951661496382 -0.8889386458521047 -27.56274735864916 0.009763343521438407 -0.7245488540967491 0.1008695277477608 0.1569446232513322 0.02806781885145134 -0.001303026517828417 0.0008063514860488212 0.0001739764438384608
20.57320569618213 -0.6590270517269605 -27.55466177225491 0.04260835428702978 -0.6805673694083948 0.05358309569663484 0.123499572077664 0.01127323310763539 -0.008808747792806965 0.003737330008941957 0.0009262044909796828
20.48609798256044 -1.293548258170951 -27.65056960508587 0.05846779136583458 -0.7153498147633981 0.08045272525742435 0.1614250349593302 0.03312599048821601 -0.01337647804792489 0.006348920922262431 0.001548612757396093
21.03054604146625 -1.701704925300621 -27.75097621236967 0.1063226663868105 -0.7072621907821888 0.05596826509917265 0.1642179997736393 0.0390098212844647 -0.03393468029415424 0.01079902623024911 0.003226641178549777
20.36681547222439 -1.965878392810215 -27.83463414956379 0.07438754793047994 -0.7533845083533222 0.1036535527818936 0.1743804222510225 0.06615911332347467 -0.0338659180706059 0.01838687585895606 0.004595157564922696
20.88401987217283 -2.271784094601019 -27.91998576546445 0.116542271908403 -0.7418241445579551 0.08408424051974547 0.1721482916250161 0.06703914385031047 -0.05684285898635182 0.02473619390600909 0.007775980937014457
21.49772198416846 -2.178551453684623 -27.8963789740747 0.151092853099575 -0.7072775782395411 0.03967692627063126 0.1624542198457166 0.05188546806883795 -0.03468820599085382 0.007386647537468283 0.003398433803294244
21.19012597791805 -2.763003696539061 -28.12542603122282 0.1521809013674351 -0.7509369936425502 0.08314542137799473 0.1399366032135708 0.06701847366387083 -0.04232594662215201 0.02095128175476349 0.008764112837531205
21.96152974864552 -2.708239926692201 -28.109486120669 0.1972777425832712 -0.7111367767028262 0.04835746903417258 0.1266443777306397 0.05123873823734246 -0.01088237220547334 0.00349004538510488 0.001644251084130305
21.63942483450315 -3.435949968849886 -28.46395797803097 0.2028307236225335 -0.7633215923167102 0.081706977986509 0.09582105746087054 0.05587701617628411 -0.004016569005869361 0.002682491455696317 0.001273198755009511
22.54099164744921 -3.22211051656352 -28.34155193683864 0.2496173422566652 -0.7095097834257117 0.05373158630106121 0.08921896022634725 0.03990195943381039 -0.004974149275518095 0.002494318146370589 0.001120958975790744
22.46767789388623 -3.917080691934379 -28.68215047832845 0.2684544278639916 -0.7480547322818837 0.06944354264233635 0.07443415215237016 0.04231100087703214 -0.01365691608260315 0.01014913631277137 0.004560097228279644
23.19154615587544 -3.665015655183442 -28.54180436686029 0.3032572342383252 -0.7014525302909019 0.05021923660681536 0.06702677331742125 0.03060561873149128 -0.01651505869410764 0.01033663433742299 0.004461350536096748
23.17079122955594 -4.283259006072395 -28.83406355787642 0.3220259857117904 -0.733300408802078 0.06026932980489214 0.06277951233114004 0.03401776679452652 -0.0253204110144441 0.01979411943868901 0.008330324519871639
23.81059087735387 -4.075041670505168 -28.71386270949561 0.3532336424249939 -0.6934079213147208 0.0444921818908444 0.05533069985468864 0.02531113876427682 -0.03580627451954219 0.02448541873159487 0.009414982325452074
23.7242444992432 -4.582198553163618 -28.9452583647622 0.3640489284676316 -0.7223370991621433 0.05227740490272948 0.0542678697593012 0.02867739483632369 -0.04499058171972106 0.03619374233657376 0.01352401654201395
24.42069105958425 -4.5820578940801 -28.89637056480862 0.4048054477452367 -0.6903160948531998 0.04135642399601554 0.04420785436325939 0.02085118965184905 -0.05279699712787585 0.04313330881354098 0.01326849783258298
20.82634275913894 -3.225464094737921 -28.38814180203477 0.1471060476317026 -0.7923952239092703 0.1048420189608017 0.1033692764841501 0.07078372240749135 -0.03327140263336915 0.02576427860728962 0.01165530942579031
20.36910857747201 -2.673680180832967 -28.14039251949682 0.1000126072151558 -0.7879096748576777 0.1024465519497824 0.1379457938431645 0.08183087508083461 -0.04856799297318774 0.03033836379239342 0.009661069091574138
19.66907902466954 -2.202740971121761 -28.00048595998992 0.04088692000860152 -0.8017194250129765 0.1158099178003552 0.1495623636179128 0.08789192822217948 -0.03151256366582014 0.02122892973565195 0.005397748224104551
19.79458711504737 -1.551655322917179 -27.72935691902024 0.02437299574001086 -0.7635810497063307 0.1222556638005268 0.1763308179377525 0.06410572199398593 -0.01707562377199571 0.01093510134634078 0.002486460638191636
19.06464481789397 -1.728190551797709 -27.8788812116444 -0.01362706106527853 -0.8120031472369429 0.1315751896194723 0.1511657584994232 0.08975419045651659 -0.01672754600129283 0.01280041814854312 0.002963038462065913
19.26233152950661 -1.124850084201313 -27.6275130229455 -0.02456439113509489 -0.771991538979336 0.1421961300527959 0.1779431035402663 0.0629545684148437 -0.009164767715305925 0.006778817915889801 0.001540009027186914
18.56321789441668 -1.223169862825129 -27.74086336486051 -0.06422506482583173 -0.816058811337004 0.1398668492649069 0.1569838537185073 0.08924712113320146 -0.009883741557703553 0.007828496498531559 0.001719497945869365
18.82635964586503 -0.7492665336452617 -27.53997042571401 -0.0664086935357323 -0.7782524856481027 0.155985599579652 0.1697121788211423 0.05938468186563357 -0.001815384649140801 0.001552043671094429 0.0003329671776581
18.12475064858824 -0.6134050904352426 -27.5716113544463 -0.1162604735843855 -0.8122315963886165 0.1476476825307191 0.1440584365040334 0.07275835106193683 -0.02663950458627194 0.02438615755137945 0.005775685960489072
18.09627656301575 -3.013970192570024 -29.02115663644225 -0.01610408338682227 -0.9385811400331516 0.06091318058790234 0.05094865400821827 0.07100976998501633 -0.01670984529712431 0.01424190899124788 0.00411554256026584
18.65586306850713 -3.477635896559981 -29.1586873768357 0.03475612950977214 -0.9288656231707917 0.06359486007145662 0.04292684750330072 0.06495261476003414 -0.02588484094475623 0.0241535865439928 0.009380769563673343
19.20050398046226 -3.930592320850808 -29.32346772865668 0.08353153337511923 -0.9215426115280957 0.06618677052341865 0.03924445655606631 0.06187909767354235 -0.02028480734625662 0.01975455086814366 0.009168350815360236
19.78693306706243 -4.426942182676635 -29.53623167528594 0.1356570751058081 -0.9160191762013419 0.06989245757260741 0.03636290326972046 0.05982366843365666 0.006685617814026241 -0.006931048928563054 -0.003597927096449426
20.09045393267971 -5.002633451253526 -29.9398021148787 0.1751673510355383 -0.9328702671331398 0.06672433183834608 0.02517355901025376 0.05051242679489602 0.01222619536955937 -0.0150590496250531 -0.008645295233141351
26.76578491354138 -4.695695173801493 -28.70578093838175 0.5458371578340507 -0.5922531887912048 0.02542876131176252 0.02058703788892154 0.008339905738043309 0.02550637543162263 -0.02948879220066561 -0.004977112661591938
15.23224068009463 4.138356981230904 -25.52762729582044 -0.5232006969373102 -0.7417307109129435 0.04998767262807623 0.1213516989161626 0.03882926314592752 -0.03223431574674118 0.01156313470910747 0.005359678869242964
15.46901880122476 4.716687249638912 -25.37322260059099 -0.5356159113541206 -0.7025527664981975 0.0450449696060786 0.1031478973597134 0.02233035797011568 -0.06099489316620068 0.02432430328637345 0.01068108135065856
15.0260019357496 5.250975249532461 -25.2296532053729 -0.594777790327684 -0.7066415574739651 0.007086056508030621 0.1082014860442928 0.02060588079389981 -0.02725571468382846 0.00141886098975376 0.00192239619509312
15.78775300483576 5.475599753950355 -25.24780873853647 -0.5488367600668385 -0.6501427897099247 0.0854951034381904 -0.04769725797732187 -0.0173131044701814 -0.04102276897601592 -0.07074859720437972 -0.007666550199771675
15.14505802959897 5.97708264677861 -25.12484961970207 -0.6238776097303406 -0.6696797084857782 -0.02521361861890202 0.08740865213085688 0.012001839529414 -0.03375020383092248 -0.009863086710558789 0.0009293864902366312
15.75874647029321 6.326981043534175 -25.12768350145864 -0.5912201995532111 -0.6142533073844421 0.08618227578047205 -0.04915349896981677 -0.01282723485061292 -0.02867778754271134 -0.04956782364200545 -0.002735197949126572
15.79482094152772 7.07663706737105 -25.07129432271464 -0.6216869816459378 -0.5771523027122529 0.09840853130221935 -0.04125392014413008 -0.00977614882509951 -0.01247875965556416 -0.02957234452212928 -0.000822539727115046
15.94522626806338 7.810877600791079 -25.04632679852768 -0.6378465949133968 -0.5298257231933072 0.1130077910574697 -0.03364715424369134 -0.009425929114789943 -0.002986496000500646 -0.009964946305974642 -0.0002339536616984196
16.51377496974711 7.272317633325942 -25.13979552904734 -0.5663395732336239 -0.5175163254527507 0.147687164852022 -0.03156305363647272 -0.02691928174102151 -0.005524105419036866 -0.02500824569276389 -0.0009845310057461183
16.67438257438889 7.999832390320224 -25.11563174559788 -0.5777782669492606 -0.4673379937517951 0.1686808073891532 -0.01909474023421467 -0.03028958621427495 -0.002446222383470555 -0.02025472716428137 -0.0008541553785965778
17.18756232916522 7.516683409089281 -25.26593355048784 -0.5157213125165708 -0.4584823790193298 0.1642819093628884 -0.01143291466338367 -0.04667236013379192 -0.003016539430797346 -0.03493664608061693 -0.00205978793058064
17.07312859320139 6.607697140990304 -25.33155186936641 -0.4928698919824855 -0.5141389170474381 0.150660235771786 -0.02435652803256417 -0.0454030703488093 -0.007583925640984021 -0.04169172375219521 -0.002800039421858527
17.64045959711998 7.155502640393863 -25.44596232771434 -0.4637257874266171 -0.4478637543954525 0.1458486002370937 -0.009408679998922757 -0.05564300359845889 -0.004528028866201969 -0.04861517350437469 -0.003648294452953731
17.87069908861375 6.597233889030375 -25.61390678717254 -0.4240424538701988 -0.4627512871240361 0.1186671352981287 -0.006885899891133448 -0.05134146270232676 -0.004364307443554176 -0.04317910353718283 -0.004296193873941773
18.18670375584301 7.260589411165332 -25.67331231516127 -0.4185647391876153 -0.405653902912261 0.1027526244004807 0.0001940577624058187 -0.04911190179122185 -0.002005431156568081 -0.05052273494676703 -0.004395424233496841
18.50206666480645 6.684180128818036 -25.90634906190602 -0.3711274977652911 -0.4167160145040116 0.06302457978070522 0.01485571070781505 -0.03062798342531431 0.005671589991718889 -0.04226687174981292 -0.008830318325805005
18.78525340946337 7.368180843052166 -25.97635368085382 -0.367567804801004 -0.3594858767492178 0.02489369205304797 0.03835587446522443 -0.00959735005641562 -0.02876873860611618 0.02318369303822854 0.01803317573933952
19.10801434732819 6.782872691722378 -26.22596576961745 -0.3198500881993217 -0.3715691490954891 0.008748663905036289 0.04168143332132349 0.0006295093628453959 -0.00482100511289306 0.0009700125941889947 0.002773331509700009
19.39832243625072 7.483719843468579 -26.30872878370246 -0.3153086581208997 -0.3121499640746734 0.006951969193455413 0.04362332339685061 0.000248597995590391 -0.0260181908412524 0.004062787251684265 0.0146637506724402
19.74336803786345 6.867628705921693 -26.56005608000802 -0.2661807455037646 -0.3260843451678735 0.005909986384826726 0.04141002791429854 0.00179991367912183 -0.0628648678372192 0.00753917051043218 0.03296449846594456
20.07798573395968 7.644205463462474 -26.65604247420109 -0.2597499434517976 -0.2589915414090853 0.005341867635768475 0.04105802314282322 0.0002292960794404815 -0.08323814795020039 0.01059792480411415 0.04150671370608845
20.48037057539136 6.922877393928045 -26.89993406051404 -0.2052610583319773 -0.2778554758672301 0.005342190524939844 0.04243065462716947 0.00196265639510578 -0.1085844542346839 0.0115411283284239 0.04605045115511672
20.6662137364687 7.623835071576754 -26.92278285306692 -0.2094564739680502 -0.2243542692371149 0.005150989404786289 0.04458844902233432 0.0004781554373225635 -0.1122334613734496 0.01247461631204386 0.04577920731583276
21.19245137895621 7.324071961321882 -27.12701895519293 -0.1589280839480094 -0.2122777001100025 0.0074326076513412 0.04917584472562316 0.0006735867681555278 -0.1240371431194212 0.01820182189480347 0.03983072863957324
21.10121867913837 8.143993205132688 -27.06123674078649 -0.1875713037381828 -0.1663752429845066 0.008699097053620647 0.05169967834176123 -0.001764315120619303 -0.1113399482267607 0.02007784115684308 0.03936990236284492
21.75457747188568 7.84429644514764 -27.26277676898205 -0.1284885570315522 -0.1484046256361314 0.01342000520029219 0.06057311364171774 -0.002310250250062232 -0.1090908034302655 0.02524527362557306 0.02821585189661812
21.78208071790079 8.551162437563095 -27.27344921524368 -0.1434303680520019 -0.1015278256759973 0.01534595329299656 0.06197551304567889 -0.006092558590447752 -0.09940792949228187 0.02728498692600866 0.0271629099310495
22.48807020800186 8.211080996017628 -27.42896232410778 -0.08120475849607238 -0.08510907682293355 0.0212423147777159 0.07213030472540077 -0.00712835258712185 -0.09173306046845171 0.02870069451429419 0.01705405192389124
22.40603697136351 9.017091513649033 -27.46108657911702 -0.1056264378920275 -0.03651879375647885 0.01985774789154124 0.06070128802775864 -0.009926469810244913 -0.08545012810257273 0.03096247087047346 0.01839674775522224
23.18191217650785 8.854173936375229 -27.60809887297959 -0.04340829955829596 -0.006280443605077801 0.02697071407718938 0.06785198066922862 -0.01286150512732741 -0.07468883230740732 0.03152442299607007 0.009686533386438391
22.91011093616087 9.450092721638384 -27.62615673934044 -0.07638272859595546 0.01967340571965036 0.02225282593470548 0.05713148454974913 -0.01262808475871113 -0.07336122522112408 0.03146207349139034 0.01306456153299344
22.3580513616015 9.794568701023882 -27.52679448616053 -0.1255462792526571 0.01346114513452433 0.01641353752858728 0.05007212859171029 -0.01066254173454152 -0.0780286889398147 0.02963334313325883 0.01904590470139259
21.73355896121738 9.282033166229827 -27.29159398164211 -0.1636516956708132 -0.05604773281802259 0.01483136788177682 0.05634354794167979 -0.008228957663113819 -0.0922889713023848 0.02837724541819301 0.02796259408257646
21.63166964563485 10.00239743277406 -27.31342152108404 -0.1866356968480885 -0.01305230823291091 0.01151807622389696 0.04701606532246914 -0.008682926726543553 -0.0850928769621933 0.02609149266915054 0.02840206862259787
21.00838605658806 9.527606227139339 -27.03976776857405 -0.2273232872018173 -0.0817779723109625 0.009708121698305268 0.05192019341885915 -0.00631501989824968 -0.09231316490250291 0.02178396265535481 0.0371875495326778
21.24091702239231 8.845493531493492 -27.10969281330188 -0.1931674143537789 -0.1131217552034831 0.01155257899796153 0.05475184664467697 -0.005162885439801009 -0.103735791098899 0.0253390835728155 0.03659691823738493
20.60411571069466 8.7528405481603 -26.85363278149294 -0.2434929107030634 -0.1571378021454585 0.007786196539385658 0.05072523231518881 -0.002925250894554668 -0.09673714824993783 0.01733456378733068 0.04310239730062525
20.51302845750834 8.09592528623862 -26.83508124590761 -0.2346469425967372 -0.2042561090936256 0.005612320873454347 0.03945924229358997 -0.0007480231550500381 -0.1070072588071552 0.01611108166432011 0.04701993855703625
20.13935822132821 8.325627246483725 -26.64928861486807 -0.2725387292236071 -0.2130746897718533 0.004880272249591541 0.0407637041612273 -0.0005477311740461726 -0.0834180643543132 0.01055103618490365 0.04198492644291656
19.62798526520585 8.194441087043922 -26.38332789879829 -0.3144735118009896 -0.2542447260278384 0.004744418270463049 0.04096903446962084 -0.0003313748660568826 -0.03885143195688304 0.004673600698074412 0.02156308525082945
19.88277309213885 8.947476056120198 -26.49326722416154 -0.3106553028361317 -0.1902775977378978 0.005092284551284172 0.04639520994112275 -0.001956811078293285 -0.05348542387358526 0.007078600101214921 0.02864361342621876
19.22224389115261 8.72316980721466 -26.12804901697743 -0.3651453260998055 -0.24858320751521 0.007647565738099209 0.04019043736637534 -0.002885500750532183 -0.004095301621203347 0.0009475455678828313 0.00234385051919923
19.03572058947176 8.042031967951706 -26.05790522281501 -0.3643665361906713 -0.3030425586958034 0.007589744963660825 0.04226767140770847 -0.001285288918522436 -0.02035668169848491 0.004008587946340708 0.01161735350840264
18.70189505851592 8.522905677700406 -25.84433450156481 -0.4081649122221888 -0.296586822703991 0.05816215970977648 0.01200741563043811 -0.03032276277549752 0.004662313437494523 -0.03258408920523135 -0.003960077257700379
18.43813634174039 7.955040215911704 -25.73986598538765 -0.4168022846530605 -0.348720776408204 0.07910004152925801 -0.001512433486483102 -0.04003215803615527 -0.001666472143967347 -0.03831927658832384 -0.001845083111394353
18.0367377876192 8.723686508632458 -25.50727969377053 -0.4745722671786319 -0.3299306290059165 0.1194368772876354 0.01625394468452415 -0.0523700059852694 0.001650793136852495 -0.01744272110263588 -0.001648795813783014
17.81548354145912 7.812700161153362 -25.46017394526151 -0.4692055624959791 -0.3993142375344982 0.1375345824829478 0.0005584109956534781 -0.05556013143517652 -0.0007838205441937876 -0.03821506549656397 -0.002324367144646197
17.31786881035814 8.275308835258826 -25.25232433280582 -0.5280653703142477 -0.4066915804120242 0.1725389405354568 -0.0007581082338726998 -0.05316423807233223 -0.0003741291247027273 -0.01776407422922133 -0.0009608856199512322
17.2811023786316 9.003662839163018 -25.200761329826 -0.5515642525270978 -0.3655374929397416 0.1858890923474788 0.002008496366372069 -0.05438094833997797 -1.272559096114858e-05 -0.002488882103292273 -0.0001354235157523032
16.81719316420099 8.609822275703596 -25.10362210449938 -0.5836390167718971 -0.4222394902824457 0.1893577334362574 -0.01006810058102018 -0.03689314705222894 -0.0004361550566512676 -0.007190319686161747 -0.0002763784593882862
16.17503459595964 8.537161461376774 -25.03048606556649 -0.6412500279390533 -0.4730254073984587 0.1394157649736004 -0.02147615260699322 -0.01150996365983156 -0.0004092623041612385 -0.002615762229425447 -7.65517957126701e-05
16.55864788765297 9.247694876894773 -25.03777565818803 -0.6246752413810376 -0.4018877797318481 0.182072997330855 -0.01213132180585361 -0.02486792738779937 -0.0002578329124014394 -0.00356429392020536 -0.0001489796297472199
15.67294304731134 9.197451179484579 -24.99042595286777 -0.7096653122212414 -0.4723201835115879 0.1130770916269971 -0.03226795511597449 -0.001502657853898547 -0.00216798376283669 -0.007586295729392799 -0.0002362803366377918
16.10801696544807 9.743351792217691 -24.97046737750144 -0.6789562992789008 -0.4032143623379437 0.1595733018989834 -0.02015380160519025 -0.007214328675062346 -0.001975668752887358 -0.01543470764178537 -0.0005816134666459284
15.53036736222198 9.974678628016338 -24.97022690032757 -0.7416170669498084 -0.4330041272550498 0.1096267414049632 -0.02473203096446615 0.003844490304021937 -0.0002515563394249193 -0.001119867550814421 -3.103068612334499e-05
16.12123279384016 10.39751798178885 -24.95593708142091 -0.6886374828536412 -0.356632261830178 0.1685788004297413 -0.003306613598743316 -0.006461567118118535 -0.0002701494871638836 -0.01317734263275304 -0.0003047397174772968
15.33703342279735 10.70135533519264 -24.96913385361932 -0.7706831864000615 -0.3949516084639045 0.1046432680858991 -0.007076189540547572 0.006832444794585737 -0.0008743804885409731 -0.01322694002182966 -0.0003071086305902409
15.84474698251832 11.13310397772168 -24.93480824524746 -0.7220356417629068 -0.3209786447847768 0.1547193213910241 0.0144338277303416 0.001934857441016146 0.000372566269238341 -0.003982511778180265 -8.285437781253903e-05
15.75573983237842 11.80910783140368 -24.91908588363411 -0.7313434974552738 -0.2710711881107676 0.1701227588243997 0.05218589164448026 0.00161144084153016 0.005386677110597336 -0.01754802428542153 -0.0003953462025598345
15.17392994558518 12.26274327847626 -24.92893834506667 -0.7814609132504803 -0.2693753326372124 0.1253751572091811 0.0630820930506498 0.009922974725375911 0.005859717183915485 -0.01164450856101495 -1.037900050752167e-05
15.79349276451685 12.36554051329415 -24.90978682645771 -0.7257184178056038 -0.219714822528756 0.1976183738923345 0.0993079817149583 -0.009333658452842009 0.01808552709151924 -0.03600076612777938 -0.000121171085906409
15.45497040827632 12.84405513089368 -24.91453687667875 -0.7504376352124573 -0.1965329660759928 0.1735110104668528 0.1149328001845934 -0.006337477444333666 0.01768682935463888 -0.02667710721046831 0.0004394494148371992
14.69437147417892 12.82815502023723 -24.94543371858034 -0.8146404824947842 -0.2431989832059465 0.1105438076793982 0.09030851505667939 0.01067337383045578 0.004659895171666661 -0.00572162483006368 0.0001488644993457732
15.06207049551942 13.45374210152391 -24.93575107007232 -0.7737446813631402 -0.1594903332579448 0.1519349474726156 0.1306742761954006 -0.009708540322996237 0.004442290338698165 -0.00515154254983521 0.0001818043928300944
14.12715378884658 13.44947102132905 -24.96160477555555 -0.8452482388337204 -0.2066630150077854 0.1078059977714238 0.09941661987319626 0.01039670339939141 0.02265441884601387 -0.024569874907375 3.575040644454028e-05
14.65991416841311 14.21102359480632 -24.95857645433664 -0.7901459949092192 -0.1032506471042175 0.1522642040783601 0.148366790499263 -0.01964315113406495 0.000410721041681442 -0.0004228711966508053 -1.027990521606157e-05
13.8777731790585 14.1082003415001 -24.93414550177695 -0.8449582058874332 -0.144735801983297 0.1114462250756645 0.1271748025240702 0.005357842878282272 -0.005436570617729329 0.004759869105942216 0.0001026269577280797
14.05574854950748 14.70923255847793 -24.94190706295667 -0.8193397920926034 -0.07585522789544991 0.1294137179815084 0.1755202911975048 -0.0184663913889382 -0.02528414263958466 0.01862850948911653 -0.0001317796643086393
13.29369403844183 14.44307469102077 -24.93639675303258 -0.8717467738081042 -0.1269131878140794 0.09165059096442421 0.1394809945632031 0.007409316424432634 -0.004638542405113901 0.003048523304781627 -1.159484261329126e-05
13.41629213081346 15.23341500167372 -24.9511353019157 -0.8442105905970252 -0.0411635870100355 0.1182117543609676 0.2175568906470499 -0.02620544857709425 -0.03727973985964529 0.02032647124758246 0.0005823381147872384
12.63175979835669 14.81339612789401 -24.93916962131511 -0.8956942121052206 -0.09996101975750761 0.05738934306119751 0.1436266699751941 0.007430380339525918 -0.05689707114100465 0.02279528983801147 -0.00117437267888908
12.63812866080379 15.47796348959424 -24.93834790990406 -0.8767103088804333 -0.03126121071743097 0.06280144291774566 0.2650547077044311 -0.02031827057212103 -0.1237216528801131 0.02890864549000542 -0.005292071496611333
12.07240851282985 15.15441991532923 -24.9616912066119 -0.9105917867801626 -0.06940063699131632 -0.0261677847622856 0.1930787073245475 -0.005528265978422267 -0.07627176764415416 -0.01053254588177493 -0.006828026127114421
11.95390792027143 15.80761008182427 -25.03444159445424 -0.8975917180898346 -0.005021809622246117 0.02450057391301652 0.267634307061088 -0.04630148115392425 -0.1028237693267332 0.007361921930005907 -0.01185574353884583
11.31555222599709 15.16508042886389 -25.05539080145348 -0.9395514912651436 -0.06823282996699173 -0.06921188330656582 0.1875902189030017 -0.01837841370446339 -0.03638396982752786 -0.01381879427111629 -0.00403013935548708
11.12171570385731 15.90140276979685 -25.16963578831694 -0.9253624712327322 0.004402617591446616 -0.05274884621608036 0.226526048927666 -0.05840166116269735 -0.09179685411860497 -0.02459725198538595 -0.01249519536220856
11.59247224626592 16.35435187434568 -25.20207313732774 -0.8986789631372639 0.04506982094026188 0.04210621696745771 0.2711977907651583 -0.08689602167240185 -0.1388804137402463 0.01433197817525105 -0.02256637274428119
10.96352895773284 16.55543862115642 -25.40624371544094 -0.9157722883119916 0.06548331901672101 0.004083416287145709 0.2403280689637064 -0.1016241485974839 -0.1256033058481504 -0.009231852962645434 -0.026879083544487
10.28601272417473 16.01208660685456 -25.41018654510779 -0.9481152450927544 0.02354276418346015 -0.07735744175131792 0.1920283135930942 -0.08239577257156329 -0.04476265391329241 -0.02085999822557325 -0.006589972654340333
10.65107357848593 15.43927803798095 -25.18428744923115 -0.9525905379370454 -0.0345647475017397 -0.09977401792486416 0.1940291382473263 -0.04975611823587232 -0.02536616878877695 -0.01384203626130722 -0.003112658170376793
9.596437508475814 15.72095428603386 -25.53025640706343 -0.9728592275952453 0.01030683954913772 -0.09753692335025643 0.1662566570204662 -0.0838632655482339 -0.01275432970739578 -0.00817517384905052 -0.001373175667526117
9.475262052956957 16.3595803387617 -25.83181858230746 -0.9612140700196342 0.06908634486159931 -0.07647222077310277 0.1686497570473145 -0.1131229677833318 -0.0184173350690357 -0.01012308951540425 -0.002641745347965226
10.25416401553868 16.78591441103792 -25.72487843869944 -0.9325060746341008 0.09333588985929442 -0.02253722094996369 0.212281627610123 -0.1171293717563084 -0.1062156972153854 -0.024611019097797 -0.02416695754687276
9.68171322238695 17.081654235571 -26.14068338635992 -0.9427648728371848 0.1294321046617037 -0.02551892358101474 0.2134522951053275 -0.1652401956644919 -0.08786568104618399 -0.0286647129689129 -0.02345864549573086
9.03117646288389 16.86999866979856 -26.34412974909226 -0.9621124901617518 0.1243429443791015 -0.04593500971498944 0.1709193399331823 -0.1499333275421884 -0.01557459013504153 -0.007189919847301537 -0.003424704925385395
8.453436894613031 16.81857484359302 -26.65214131375176 -0.9752931123872809 0.1348574498737979 -0.03897456913791629 0.1420951295922679 -0.1433616326173128 -0.09575313362277083 -0.04522262985619066 -0.01879148747250262
8.768276795176515 17.2277639457425 -26.80906588039979 -0.9627077728632942 0.1652002982643435 0.003389833515160523 0.1592193592929097 -0.1573843366684874 -0.01277596171557215 -0.004198092945654031 -0.00452221655176617
8.883213937155562 17.64999339942819 -27.23024861840884 -0.9550456103422104 0.2086991762602707 0.05175421735661508 0.1237749111026619 -0.1288011317326586 -0.02459664350140435 -0.003663608752948744 -0.01340394186372095
9.278875132244098 17.41016555314801 -26.65570166537496 -0.9481020003449286 0.1709079531363163 0.02566857803348878 0.1829570913999513 -0.1736795801156109 -0.06274318648552751 -0.01453154931977134 -0.02458077324122963
9.524357449813829 17.89744327024222 -27.11004854684318 -0.9361164001458733 0.2225627573034643 0.07063593145226736 0.1225152428535152 -0.1324268610952665 -0.05967526138719335 -0.003858817703051859 -0.03540053446850398
9.907398137343106 17.61547759091419 -26.49357936254176 -0.9288541599150403 0.1792686950841396 0.03749293166106853 0.1918027748735061 -0.1915230530776117 -0.1170504368237241 -0.01926221607386511 -0.04220437379219793
10.2382434835798 18.07856554437282 -26.93409938236592 -0.9141296047201888 0.2317593715477654 0.05806096489198144 0.1147132951116169 -0.1459448790081309 -0.1067506167968828 -0.006390637964708485 -0.04749145704832943
10.58563922042691 17.75063816623898 -26.33638249254646 -0.9074927782323351 0.1852718292806575 0.01180987102182949 0.1841321403845253 -0.1988335736696859 -0.1413857146226816 -0.02060366595066191 -0.0274779759999816
10.96542515869481 18.20350813678255 -26.79899255118999 -0.890325411274879 0.2405482713022553 -0.01035748595743071 0.1076002607988624 -0.1696839622153619 -0.1321336317928559 -0.02527220060164764 -0.007960228664305336
11.302790663589 17.85163693395596 -26.24662926317291 -0.8832638667713976 0.1940535738073109 -0.001844277008725211 0.1711862632140735 -0.185221214756402 -0.1582045308540014 -0.016393304665083 -0.01357585086418019
11.58736234118621 18.24990015199477 -26.69572138291823 -0.8687914801038151 0.2453619206488628 -0.08799269664078599 0.1042089785572878 -0.1677608633422144 -0.136042960460877 -0.04446857737589236 0.04373345354538809
12.03713715305711 17.98868583280606 -26.33184111472066 -0.8553079652754592 0.2156191582919412 -0.05689897086464189 0.1359170990478681 -0.157673510566243 -0.1414231315335146 -0.02523692300034443 0.02928013247774441
12.19099132758938 18.44260497462 -26.95784127823574 -0.8443998677360487 0.2802997215037306 -0.1121042433802805 0.0846678312223883 -0.135827217856401 -0.07395780624425591 -0.02847133773692325 0.04329307178410369
12.87501532403828 18.14712862001457 -26.59966908703038 -0.8195745747454153 0.2517147331635908 -0.07684766672884383 0.1089817634424146 -0.1239655524812325 -0.07981810593241649 -0.01853016059444961 0.0331897494329364
12.5560286983715 17.58725050036803 -25.95028437400171 -0.8403197555638858 0.1770056401568392 -0.002941113698690052 0.1532718491334696 -0.1410616731916696 -0.1216605709904225 0.005089507837428445 0.008066654985767795
13.37558978678075 17.62739425318841 -26.12450541610441 -0.8040012067966792 0.2002899405492862 -0.01254905507192964 0.1232895477420076 -0.1147604233739083 -0.08684909959676099 0.003865092385713201 0.01364930156190977
13.04302765811175 17.00134349885781 -25.55630425533623 -0.8284133422307727 0.1243946331055888 0.04543826349656023 0.1795636542407575 -0.128046022739191 -0.09052753850565147 0.02135480004190415 -0.002177874886265012
13.91424456814077 17.13926365610229 -25.81986428110221 -0.785153565563306 0.1605258362266531 0.02643432043531911 0.1384918488870311 -0.1155172128203865 -0.08879235990079849 0.02091219631877085 0.004752564793117709
13.77332409000423 16.55215397742689 -25.38939433365559 -0.8013147995001516 0.09536650620803554 0.03420131796015574 0.2177589119040512 -0.1279022125884635 -0.07996201740823297 0.01606972320578303 0.005977371636533108
14.46616914970282 16.68951532872572 -25.63629372734411 -0.7632166520188303 0.1299652201636757 0.05320296323740202 0.1679876848346088 -0.127896556513123 -0.1007714925776643 0.03577128880030057 0.005064983700781585
14.6348641213838 17.18969700939115 -26.07771436064452 -0.74693145897408 0.1901100831077821 0.01804771349125264 0.1116180299569997 -0.1017558559015067 -0.1066793142693061 0.02937468141269122 0.0133007221897223
14.15489025817101 17.64686792865678 -26.34082082329052 -0.7660658707183731 0.2256712651316174 -0.008871782548458154 0.1024331541056112 -0.09940985361456253 -0.09587970183650156 0.01042602808316035 0.01929984540863649
14.83677968735782 17.62720224294926 -26.57253321514596 -0.730140248312637 0.2492197678174259 -0.05986306255201718 0.0931873219984337 -0.07093416642819451 -0.08118359216316447 -0.01448197971667581 0.0494875985098351
14.43015093562287 18.06302554779996 -26.89576684572468 -0.746837593654979 0.2877668453804588 -0.06710049101964091 0.08392996482363328 -0.07511667727898576 -0.06588639783099474 -0.01473666711462765 0.04238954395707337
13.71300695914822 18.09410337316129 -26.69831420802842 -0.7823451971540111 0.2666246455968341 -0.05762394353149073 0.09734906490433576 -0.09938461897718574 -0.08376569630113703 -0.01234940681730215 0.03647150419298987
14.04102237799622 18.47255861719588 -27.2903690871516 -0.7625051506721228 0.3296327482259486 -0.09554707754855551 0.07733084775029114 -0.07779108962949685 -0.04462075012905395 -0.01675574110397078 0.03814892711665661
13.41239516903592 18.45636169336665 -27.08635054165275 -0.7927244204877385 0.3065795540667188 -0.1034416799229245 0.08768794498911188 -0.1027282872057752 -0.06686172547546602 -0.02363357672738727 0.0471526349899874
12.88916822393845 18.64335231045564 -27.30165713515542 -0.81428404803135 0.3230583419964742 -0.1185658115280383 0.07303619426244458 -0.1098785012661123 -0.05069797349308208 -0.02219126126447997 0.03995577889036098
13.57359848885556 18.79733128424017 -27.66055182555622 -0.7825481467880341 0.3645980011483496 0.1278636113877707 -0.06456805127655632 0.08079843875254236 -0.02732938249042276 -0.01519304119396015 0.03110763670895338
13.023391636524 19.02125467604789 -27.99653349189088 -0.8067329231821417 0.391471903892145 0.1370590770331478 -0.04778419511475612 0.0900090367588308 -0.01851028484812309 -0.01123624612029826 0.02222096416045058
12.31433462449705 18.84436095773319 -27.67184070420693 -0.8370202345220511 0.3497884026018575 0.1189940278517735 -0.04643700592787067 0.1050601056188971 -0.03651241217439594 -0.01866457277959222 0.03310516483797269
12.49792116523776 19.22036753497542 -28.48295461606395 -0.830171057265314 0.4288812378371696 0.106569043905601 -0.02716790937565884 0.08745852044782303 -0.008644168768058501 -0.004633432646030105 0.009093683710549017
11.83598034164921 18.98636543376444 -28.07955208642228 -0.8560026591272971 0.3775470189026232 -0.07933961050887579 0.02337576322716876 -0.07942068331525555 -0.03607065491708168 -0.01772450244885493 0.03081700933801195
11.13009627981669 18.91372191826952 -28.18731744139565 -0.8822905292405724 0.3684086549564989 0.02973668295819978 0.03193915925832626 -0.06432239777896544 -0.05996788036748362 0.0003161893339113204 -0.0275665566878383
11.51381456035122 18.61679267645624 -27.37519315633901 -0.8683907636055131 0.3059380598538786 -0.09299809021835204 0.03991595735342131 -0.1046295344898702 -0.07376089514621402 -0.03669083023510869 0.05156357421230928
10.66533219568081 18.50363431686797 -27.47905727873393 -0.8979196033191876 0.2925929933167068 0.07305767658267354 0.05956800790084569 -0.08329185059375903 -0.07318147624966448 0.01037506164680784 -0.05676962194781729
10.33760920274376 18.7245792973368 -28.14298917827739 -0.9085396733535637 0.3389133721711209 0.08233248849819878 0.04623892555570883 -0.05674253048903984 0.02642546733418987 -0.007371059702536608 0.03233631966508528
9.891616110859857 18.3452332360616 -27.62531089867719 -0.9226005308549041 0.2795965680934982 0.08887498526284782 0.07346872544829089 -0.08074848739012332 -0.03990554623339933 0.006128237564833954 -0.03834587037286472
13.19668286917377 19.3221013742244 -28.60691716863602 -0.7994807489316921 0.4523472393640335 0.1456561128543924 -0.04078125751240912 0.09316825492006119 -0.004526455563240981 -0.002878756596201422 0.005816429735101752
13.02319546708235 19.53385130940971 -29.11450284272732 -0.8097260108304791 0.4986533837762245 0.1307719364658412 -0.02812463372465212 0.09714349276526185 -0.01710675326360806 -0.01022759829242201 0.02006759011412898
13.75241048773668 19.58351745275945 -29.13346943270522 -0.7746770257157117 0.5102177476114808 0.1500826802348424 -0.04462383644241928 0.09031783505869627 -0.0258818000405686 -0.01799056498535276 0.03411952786484532
13.72076144277809 19.17990544054844 -28.36426894592376 -0.774450370630263 0.4345480499200929 0.1382595674629292 -0.05426086309693246 0.07805876957488637 -0.005863494315588006 -0.003803297054151423 0.007741782382855915
14.42273209931448 19.37641514385813 -28.82509573782348 -0.7394577831818672 0.4850736171110002 0.1267176992635154 -0.05582909023304047 0.06905705659719029 -0.02480220154622244 -0.01697894585434065 0.03178471433045012
14.39640201108734 18.87632915798643 -28.02274086281406 -0.7415490869278735 0.4044264189897118 0.111826535255299 -0.06161763539611165 0.05995000631111892 -0.003012701080762896 -0.001824207080942836 0.003744730161595182
15.12159349527071 19.11834590055359 -28.61210455993033 -0.7020623221804162 0.4659846375770216 0.1089037261252717 -0.06083617773492731 0.05090716164710767 -0.0274085204430994 -0.01929990735235508 0.03556979708338511
15.15151383011547 19.662077577896 -29.38661308699653 -0.7008593566898915 0.5453862334058427 0.1158809581229292 -0.05521403639574125 0.05933853789248946 -0.03659891255000619 -0.02806307926899461 0.04536075993806816
14.43088021277548 19.75680446501009 -29.45341711610758 -0.7407407909234384 0.5479000008670483 0.1397944015979725 -0.04842710420006813 0.07461666836375289 -0.03506299028964047 -0.02787771911133229 0.04759757592227699
14.7893381899563 20.09193477770008 -29.98898569076582 -0.7234842697596829 0.6036531830708606 0.1361410257817549 -0.0416885847624134 0.06544317340321716 -0.03511196610903458 -0.03460200152842854 0.05100105077525244
15.51734241606341 20.18132795026449 -30.12965909442752 -0.682276787371965 0.6224469989790059 0.1009334327533834 -0.0437417976408125 0.05202960436288079 -0.03374730305359917 -0.02958762493454545 0.04059256776351963
16.01799986496547 19.76557592542248 -29.67131895975127 -0.6517431628305849 0.5788017363828402 0.09638894810028251 -0.05940509069138691 0.05229027969974312 -0.04390879671179335 -0.03151598137462737 0.04513483211723381
15.81590106150039 19.27173870325165 -29.02967268066465 -0.6627272570022955 0.5103984056415493 0.09651654775832626 -0.06097804748298447 0.04622244569628385 -0.0418443740189824 -0.02946370348029839 0.04850533933894425
16.53058196989197 19.31564345958113 -29.29132055889631 -0.6207787764391796 0.5394072550662807 0.08428195832031826 -0.06069113900311005 0.04016583169887184 -0.04925957145886616 -0.03468670032417435 0.05095170972637147
16.33471893141155 18.91070896843896 -28.78476196865217 -0.632523780808918 0.4835430699988576 0.0806367710872237 -0.05958608730685182 0.03604507547662142 -0.0446857834153573 -0.03005774081912791 0.05027854971749428
17.06447338504789 18.75333045565346 -28.90223660315008 -0.5881278114301797 0.4944412019378308 0.0690996301972973 -0.05608767151942429 0.02771480185094869 -0.04917567424444901 -0.03462699744209154 0.05253053060194887
16.5077708151159 18.3690853381109 -28.26488228444984 -0.6235423661895523 0.4245671173787218 0.06827356690358118 -0.05883364699065259 0.03086871179027745 -0.03580128831791113 -0.02080716056821354 0.03952612346601057
17.31365109478885 18.06591962506568 -28.35526457294908 -0.5733967490119536 0.4279194564174371 0.05475743099218028 -0.05054788284937999 0.02078992391636545 -0.03992918061256095 -0.02526206569801197 0.04374597127862685
16.9231043738495 17.80556318555356 -27.89346857316172 -0.6001049706777581 0.3776281425043664 -0.05202677832452753 0.05501871666481973 -0.0264059154365789 -0.024994430874102 -0.01156319935159814 0.02515297480087203
17.51349264205489 17.44484100584292 -27.87800629615961 -0.5627719239799455 0.3677307691117343 -0.04594428966552857 0.05303987327037826 -0.02236323732235724 -0.02422127034990071 -0.01100837321965642 0.02365249417670446
16.93061302190895 17.23951906064824 -27.3487584974279 -0.6036154450459258 0.3119537174490987 -0.04437228415195879 0.06367083241257418 -0.03303150440493218 -0.007918577848198268 -0.002080479391450589 0.006626992491934747
17.68594361066347 16.81826252461719 -27.4284442969032 -0.5544434399423946 0.3078444279010432 -0.04116255984930659 0.06783333906713356 -0.03167742205777516 -0.0102897929350232 -0.002414741912999631 0.008199979471403529
17.27399896230417 16.50574502133844 -26.91622858889862 -0.5860306873275877 0.2494982559145227 -0.03929030865098105 0.0869522236584582 -0.04484459757011132 -0.001395717454298779 -0.0001294002681991804 0.000971946028479719
17.91986995969247 16.17321672490374 -27.0673699299938 -0.5414552396375811 0.2530945428651192 -0.03546745110822405 0.09119548857196609 -0.04305254826485223 -0.003427957110252613 -0.0002477624888485359 0.00229919212632151
17.5458909703241 15.8188576014797 -26.5887095656273 -0.5712991921411626 0.1942472322120867 -0.02384713978580207 0.1053917015082726 -0.05289802329863248 -0.01181011752655915 0.0007897285525931559 0.006897580224694285
18.23938051914859 15.45195048022835 -26.80455533841382 -0.5204045355788696 0.2012697723800432 -0.02729543650702144 0.09834175721286885 -0.03921340989855073 -0.004719153123672041 -0.0001134882575008274 0.003000267257879871
18.42651135487179 15.93759916423922 -27.21797274872702 -0.5048138099676495 0.2599039924508361 -0.03538523448933761 0.09340066083407801 -0.03977844605850047 -0.003045181589824046 -0.0002704196710224762 0.002073914313323844
18.29366569734098 16.45572632754183 -27.50805847394501 -0.5126155785292295 0.3048767650427848 -0.04038841794277348 0.07482318798455556 -0.03194679684252506 -0.008671989610518287 -0.001823495711356312 0.006692632736830543
18.83075177596348 16.07024079214348 -27.56436700155233 -0.473859728259814 0.2981471922450429 -0.03823057566164301 0.08256017035267199 -0.03206813949650495 -0.0191887252922698 -0.003364301085662833 0.01421469254355344
18.72068649002011 16.66545158488807 -27.92748893972074 -0.4806820587716677 0.3520368948052398 -0.04062960777163355 0.06211263678059147 -0.02291072804014745 -0.03429441825680545 -0.01178202804164238 0.02887537807972772
18.14156520788075 17.03936788065584 -27.88527989402086 -0.5210771324430511 0.3581146631919005 -0.04188805806409418 0.05436198282230916 -0.02069646633433613 -0.02422321835010162 -0.01013595903219453 0.02240250767752003
18.54618164288568 17.17318042337815 -28.22405861046719 -0.4921326006044685 0.3950192579406297 -0.03982561386280582 0.04709942226427621 -0.0158148420388496 -0.04143828594456968 -0.02170142396406242 0.03972095596037972
18.0658028863023 17.65420642228094 -28.36492779710896 -0.5244665981359702 0.4204065987540033 0.04412132061002778 -0.04438238728007412 0.01503066851994577 -0.04135184965612821 -0.02638872431176041 0.04346470906447737
18.66900556715774 17.50259740125034 -28.54730103707294 -0.4833322839282707 0.4356987458290975 0.03797881194370261 -0.04067984471339924 0.01262543411510448 -0.05298924286254191 -0.03340463993460846 0.05176637242808733
18.46008663035665 18.00913826624792 -28.84326676896679 -0.4978802535614185 0.4771226172393808 0.0406023772805977 -0.03911241725075879 0.01275120880604016 -0.05347475153719907 -0.03818941322309777 0.05313392499973776
19.14955542576772 17.67896823540952 -28.89887143733113 -0.4507694363897949 0.4771533175082558 -0.03240813156576525 0.03593188798865266 -0.01137392259584769 -0.063221158958638 -0.03969317013991044 0.05474180861026863
18.82117697627904 18.36058296805045 -29.25151199925996 -0.4749613220283324 0.5283548731600487 0.03803374060109013 -0.03816416090364531 0.01338771302498026 -0.06260098351768281 -0.04347186662315107 0.05392125261050595
18.25753981550654 18.53069155832216 -29.1663288215693 -0.5122174808133876 0.5207926030510444 0.04943757542691313 -0.04481735749374987 0.01623724712422654 -0.05330638838955933 -0.04019741234239104 0.05135087192388048
18.45956864420316 19.04667788147091 -29.62433909777538 -0.5012121185196646 0.5797735996789284 -0.05325931875210761 0.0521899045255407 -0.0229872603601001 -0.05335448218582234 -0.03583414986243178 0.04226003874738805
17.7642618362618 18.89584536952196 -29.28326843829869 -0.5445389674068006 0.5378497600596419 0.06455656137263922 -0.05482134940322903 0.02439200261789162 -0.05057174149708667 -0.03780664302975381 0.04887366425199566
17.80858378277311 19.34753135447021 -29.6756624414792 -0.5431596279672308 0.585918817885961 0.06933337636953057 -0.05976925308257221 0.03102934170586031 -0.0487596998692412 -0.03465070691587659 0.04220610814012363
18.11490784449717 19.59437833260217 -29.9520588828903 -0.5253764148282388 0.6207807339633479 -0.06482168131009125 0.06305343369585233 -0.03512995908907199 -0.04143172018211357 -0.02585470691854249 0.03004403479900863
17.53081597316834 19.82165192928881 -30.01524768918582 -0.5620893813568041 0.6252728933290219 0.08099738709025009 -0.06713122868337179 0.0436884238827801 -0.03672651066169715 -0.02502710057460635 0.02963373986797282
18.17958327939276 20.05158811003316 -30.3340411022606 -0.5239356577325999 0.6672900624666497 -0.06605160674589319 0.07096900915369318 -0.04710451438781946 -0.0247508475955314 -0.01289862167889365 0.01527307650568165
17.63069975891035 20.35697174844124 -30.51681201697693 -0.5586948070823249 0.6825420379684242 -0.08024139472561363 0.06890177996254233 -0.05423280324202841 -0.01611658293780813 -0.009861751870536634 0.01131648742132941
17.06622240190459 20.18675020262185 -30.28230578280162 -0.5914913945278765 0.6513538311197243 0.08734674054756991 -0.06548837285302436 0.05395024029668535 -0.02986076288846208 -0.02023184948345964 0.02378653735432523
17.08271462604564 20.5923918776178 -30.69622597835308 -0.5924317631989116 0.6948758724763386 -0.08120454225522741 0.05980300958686346 -0.05709833804388714 -0.01550614263710824 -0.01003353690640673 0.01154383006174406
17.66299785261501 20.76512287787732 -30.91376550211343 -0.5590785953511757 0.7247675578164996 -0.07743979620482978 0.06312000988379396 -0.05679927694447187 -0.009057473814050084 -0.005486979737540314 0.006251324490838566
17.28472782388544 21.0283109444825 -31.17262242402652 -0.5829226943355771 0.7445560949854423 0.07119281874386851 -0.04678066190178299 0.04942187891928836 -0.008848124099785413 -0.00615463939679016 0.006920109028415874
16.55656289727892 20.84165889707 -30.95828729667339 -0.6246164711136422 0.713640223809613 0.06460968160931981 -0.03835032874276977 0.0441586782360628 -0.01561079971060285 -0.0113165312021378 0.01301252958857466
16.3817323009748 20.3040704468971 -30.34001167590525 -0.6324088695335808 0.6505983382836161 0.08404758385824472 -0.05265199410078146 0.05287760705769309 -0.03407433811926921 -0.02424248947140948 0.03002122195364359
18.03252761123581 21.13713937600122 -31.31817393608699 -0.5396868794962226 0.7704935024513363 -0.06899453049346568 0.0528155440574075 -0.04959702771608063 -0.01009843711167988 -0.006470243355451333 0.007157838293625257
18.34684499497457 20.64003156669423 -30.86982365948877 -0.5175848422525811 0.7293518093914758 -0.06425019230910481 0.06739969518392096 -0.05298130812207381 -0.01393382066357523 -0.006966906739915448 0.008034593362801982
18.81623582977318 21.18219813525007 -31.41718688270372 -0.4937746958539632 0.793971224143864 -0.05515463988192441 0.05291153517359828 -0.0452048298998604 -0.00202488185617815 -0.001090169742971541 0.001194542154016245
19.30806243767361 20.71262043393773 -31.0542038703015 -0.4603557146634737 0.7638329668616146 -0.0434672212996712 0.06666207656158335 -0.04984752548131257 -0.005685775033050033 -0.001947108264586621 0.002354110064263036
19.46884590581259 21.24697702679163 -31.53591247547923 -0.4556857934120783 0.8185153304094849 -0.04014608743339129 0.04982803014333151 -0.04114323540518987 -0.01564846862611974 -0.006405359475728908 0.00751176570300556
20.01472777290248 21.04545646256948 -31.42283157500507 -0.4209982357395597 0.8168983087596379 -0.01511726284428679 0.05917523884157722 -0.04924438377136844 -0.01439569728448977 -0.001237009375160892 0.002932785495347626
20.10487359188772 20.49039235651365 -30.98496855034984 -0.4097830316956823 0.7686598351139737 -0.02446237880897603 0.07662034516210865 -0.05472388736158444 -0.009464887342778337 -0.001337706922365731 0.002357984778992603
19.58726388694452 20.10199546095545 -30.62192331695897 -0.4380109355068243 0.7165506636851792 -0.04050132764988869 0.07404561381658308 -0.04650622665019951 -0.0247115268427992 -0.007522276457938354 0.009544056779787089
20.20796063684122 19.95702674881995 -30.62179410891256 -0.3981498226555906 0.7243855491522166 -0.02852211027968985 0.0774272692436654 -0.04693534996281272 -0.02990965754800786 -0.005782934483536551 0.008635915702299497
19.86558741735801 19.46486215628503 -30.24867659281671 -0.4151509394862621 0.6693966167923285 -0.03581542587066509 0.06326325216406284 -0.03252697345952429 -0.04501373285075121 -0.01578972191534752 0.01885440874817597
20.7385994274688 19.47272170225939 -30.40953617372038 -0.3598738779555821 0.7009560553790829 -0.02463635374759593 0.0729009467022122 -0.03820680008028963 -0.04882033390365333 -0.009591155304196014 0.0131796097402592
20.78952694603636 20.18865098907083 -30.86388787247897 -0.3642745071417625 0.764518598440001 -0.01318046051990174 0.08731252293723329 -0.05842419519063275 -0.02838887254048451 -0.001203795050662157 0.004605489726880345
21.46847766764806 19.8142625592317 -30.69998286698477 -0.3173049661216034 0.7546636434703258 -0.01284382129300222 0.1013207166110447 -0.06038400146664698 -0.04862132810853119 -0.002293899721887808 0.006492847046835866
21.46053180664815 19.19398126083518 -30.35701468279864 -0.3106666624054642 0.7028432842028874 -0.02443194223507179 0.07845517513972261 -0.03719199458937504 -0.05801881833250642 -0.01181425714111868 0.01319162390486304
21.0583949867462 18.66768769901274 -30.03802127202773 -0.331066123849872 0.6451865922793143 -0.02556868234069363 0.04733849184306144 -0.01906073951334546 -0.06739179046881036 -0.02626139055876359 0.02517975022837282
21.97261578690426 18.61360635532653 -30.14871360323043 -0.2707643614297584 0.6743606255024565 -0.03051725204150547 0.06424306644807128 -0.02401936467052464 -0.06565872908499182 -0.02419690936796796 0.01870325606066437
21.58838901607555 17.97519856956677 -29.8151569349123 -0.2889923095759849 0.608863154450425 -0.02452735411347742 0.03503826480606673 -0.01074884591482034 -0.07661680899734383 -0.04311977110699149 0.03427025094767291
22.23648431424584 17.93143900658217 -29.91177323823159 -0.2452998033757279 0.6308103426161037 -0.02578096195462299 0.0372057614273612 -0.01060449952611847 -0.07516492643415068 -0.04382102971028019 0.02899046117751209
22.08155469184754 17.37040468517342 -29.65718741752412 -0.2493285272613571 0.5801559923730891 -0.02170523328699131 0.02801769955620025 -0.007096551004283028 -0.07795361942255873 -0.05086464298318089 0.03760858053929918
22.83149802491806 17.50109449554676 -29.84316606446311 -0.2001912134331219 0.6209291512367037 -0.0239455510378319 0.02964096567292593 -0.006762576731886238 -0.06627185671308056 -0.0473836296296499 0.02697486405200212
22.58820500017121 16.89656882366224 -29.57606465571818 -0.2093839515981356 0.5639213555856539 -0.02066820811194251 0.02708314692603702 -0.006027786548796473 -0.07403078115174982 -0.04873349540450204 0.0348763469928332
21.90793990248556 16.65336518827856 -29.30454655155589 -0.2537262847302842 0.5143384844174714 -0.02089426015439888 0.0298557847491285 -0.007177542879181752 -0.07642054550799438 -0.04358900272969239 0.04115153068816144
22.68230876464341 16.28477132520476 -29.3605234681986 -0.1957477908789412 0.5196527428868335 -0.01809250109564749 0.02529597088087915 -0.005177568146912275 -0.07097950015949521 -0.04363600779726767 0.03483903962022265
22.11324265305094 15.9544761502604 -29.06208123377533 -0.2322756197101565 0.4664706357634026 -0.01577768055833294 0.02545878261426072 -0.005926144044220872 -0.07209564273108615 -0.03563862787265884 0.03884244784814112
22.6951408252968 15.63808909054617 -29.11147503231473 -0.1874347593456376 0.4686960721823172 -0.01708812528668289 0.02723034665191084 -0.005669149598662654 -0.06671599219704293 -0.03484266990323856 0.03373932019544197
22.18570715982057 15.44278333894927 -28.86447257335907 -0.2219708456842155 0.4278519132413942 -0.01747909894642453 0.03572315881331006 -0.009195149631769737 -0.06434521826571309 -0.02310758526730985 0.03254112336200003
22.57925698027596 15.06269446211244 -28.8426851654685 -0.1894113587126663 0.4165909289600968 -0.01929888932946588 0.04504058481809262 -0.01113642444497678 -0.05894097988337207 -0.01846125197366373 0.02747649067107102
21.88238844000738 14.97458676599823 -28.54716447621949 -0.2396636648477223 0.3734382133057413 -0.01770202391771394 0.05791183010172569 -0.0172096914980909 -0.0541802699675546 -0.009016130055368715 0.02539033561064978
22.39440224833354 14.4958975436257 -28.55848875590883 -0.1966784669723776 0.3615205964166998 -0.01514159343323387 0.06057340977563225 -0.01639298447303841 -0.05008540735145 -0.006741256557470977 0.02135254747364032
21.86245589494036 14.39351185506676 -28.30826519808043 -0.2353730185972633 0.3248157165424868 -0.01307613262472568 0.07013219832914583 -0.02042135457729842 -0.04882935498857774 -0.002864551899189498 0.02142863727457275
22.16268410589962 13.92482775238394 -28.2698899313519 -0.2074408538897446 0.3038299423731817 -0.008443368343067767 0.06637537542613518 -0.01801830971134501 -0.04634243763942699 -0.0007727389158633811 0.01886944117984825
21.55007336100872 13.97819226922775 -28.02800244164253 -0.2546963641133748 0.2742399437302866 -0.008793868489500206 0.07418833061721808 -0.02072181413608305 -0.04803263618868434 0.0002472549174715271 0.02126918582113677
21.81326465940973 13.27157119493528 -27.93331921807121 -0.2260135412969436 0.2338355368209305 -0.002183557732380441 0.06489453682537015 -0.01647685104941792 -0.04926701851417541 0.003434450492887825 0.02005568007032823
22.55683866180572 13.39253102642544 -28.26458124310906 -0.170816702176809 0.2840063445485654 -0.003159706461088813 0.05696528682413656 -0.01466639482852 -0.04182947612181686 0.001663820935432563 0.01547407562870622
22.82986671806929 14.00240380572809 -28.55004337191875 -0.1583417927502606 0.3455409033054392 -0.01035860430878937 0.05548240658505744 -0.01404690028893477 -0.04537937522957507 -0.004003148566013295 0.01765248348908946
23.26691234642317 13.46636966264815 -28.54332784568954 -0.1185333715933661 0.3274137690759037 -0.005641114301830187 0.04658018420561788 -0.01112682249233008 -0.04315495092977558 -0.001591693922661166 0.01521554018543204
23.54881790116464 14.10812301570146 -28.82814918498992 -0.1066477404337183 0.3908052351927528 -0.01127298360813291 0.04259538072984726 -0.009691254535565677 -0.0519652300151814 -0.009365862228634451 0.01928137559242316
23.06334978492764 14.60913410024777 -28.83680497110818 -0.148744496969161 0.4050004163399607 -0.01629696818004017 0.04611672999759439 -0.01076679593041707 -0.05326399474564068 -0.01361114197454773 0.02232235752081182
23.77264490280416 14.75401954592688 -29.10273676029481 -0.09918190946987479 0.451447587702183 -0.01353791835092106 0.03075644629734391 -0.006205849201924754 -0.06048443072250498 -0.02180045260256339 0.02390145652406075
23.25003542645792 15.22858814498341 -29.11743251487828 -0.1429116524304015 0.462868732987626 -0.01704420582506429 0.03105022590515838 -0.006302864661980538 -0.0619096115912953 -0.02831172956305377 0.02794198721663688
24.02523802615396 15.43536899183525 -29.38705886166359 -0.09049984439166064 0.5154267937544138 -0.01182692376376552 0.01983198574234225 -0.003610330675908177 -0.06839400541824964 -0.0359213615137895 0.02672850972824968
23.34310437463866 15.89515854174546 -29.3819041387013 -0.1446756858164371 0.5192457495726058 -0.01498043188065491 0.02103623897113382 -0.003711678376923335 -0.0659322822429193 -0.04156152937074111 0.03055108431066547
23.95053515990421 16.10020702193263 -29.58309228807603 -0.1049303194712801 0.5623120399464139 -0.01055845327407204 0.01471310891380278 -0.002520398434719875 -0.0644953670454663 -0.04194736109720587 0.02531156423328302
23.42619170627711 16.73419989247419 -29.68084892840204 -0.1498549991309543 0.5871008733058928 -0.01871584593893919 0.02315725290631692 -0.00421772712408819 -0.06030057684478743 -0.04411338465412239 0.02537658272290247
24.34932025994738 16.56471592058146 -29.78378944601134 -0.08403965507984021 0.6140548332771172 -0.007529083936718416 0.01171957241083171 -0.00213369265223044 -0.04563949837015657 -0.02671493963416038 0.01431131354985499
24.12401255003576 17.24803121886193 -29.94185634909643 -0.1094429138270669 0.6543977494735805 -0.01540646159818129 0.0194945920667205 -0.003549714606244989 -0.0254349084829039 -0.01850608808152761 0.008759381061292423
23.50888526215756 17.46999491701745 -29.92711462488537 -0.1541616541681566 0.6456576610834005 -0.02300453513234928 0.02591213072050255 -0.005041193573611978 -0.03997929519453523 -0.03250927477647399 0.01533774137086307
23.89744504717055 17.97384360368203 -30.12346991626924 -0.1352014661496386 0.6979384432035065 -0.02662936191087414 0.03509490055122801 -0.007558715927424282 -0.00187505376369643 -0.001293622537197273 0.0005995636065129482
23.25860630957501 17.94045185457356 -30.04318322820756 -0.1773314895051304 0.6706836847147245 -0.02983171757665442 0.03911241800921213 -0.009308011422829424 -0.03596040647149276 -0.02455711606856732 0.01206192127669252
22.71760054821354 18.23860865503 -30.08633588979455 -0.2171411050665026 0.6726475778053479 -0.03272635085869355 0.05319558920414042 -0.01573052477622828 -0.05264643720819644 -0.02774736035046713 0.01569487326996273
23.34428767172912 18.55397431432591 -30.25189936831049 -0.1799998165490685 0.7192053349065279 -0.03710773196036162 0.07588474507359733 -0.02322794832697617 -0.0005592207955053077 -0.0002341309010216021 0.0001284853748761439
22.6812322561987 18.92139889277041 -30.34125038421323 -0.2282701086769631 0.7232712869867725 -0.03703171888453405 0.09797574401944169 -0.03844024352713432 -0.03581923389199938 -0.01079246098483723 0.006999133737739057
22.10048295607405 19.37755975910693 -30.5139024595485 -0.2716428363227752 0.7395628771719356 -0.02389032700245438 0.1065175882299281 -0.05307486884068349 -0.05255920602248557 -0.007786457452253335 0.008031333086796658
22.79085986004566 19.56668227811461 -30.64287449045606 -0.2296181845599235 0.7769110127550374 -0.02945977760347223 0.1365679587424888 -0.07036470311341309 -0.008538092567363906 -0.001327421839167393 0.0009983274869203307
22.27525941968776 20.11430657788773 -30.95453420899554 -0.2699115070701706 0.8061723641411154 -0.002270313966285 0.1298030565655801 -0.08787824660707667 -0.0454869772171945 0.0005119413192639511 0.001931322872676584
23.05194437566571 20.10356147420833 -30.95951850150016 -0.2202903978184434 0.8280059657703012 -0.01271404209389085 0.1708453760275093 -0.1132620683542311 -0.03984078022146013 -0.001721100470128902 0.001876138259494045
22.87928182790477 20.59132995596261 -31.33660546682884 -0.2385313084740255 0.8660455251701115 0.01861180682683988 0.1208010794596348 -0.1051338260986603 -0.007592083683733106 0.0007662275207044182 -0.0004636118091653016
23.37670064335815 20.44827532650409 -31.21886209550856 -0.2048139421548904 0.8665417001054219 -0.01300828989445114 0.1576145143151683 -0.1298502814517902 -0.09460971898839832 -0.002354624053506618 0.006619837209706217
23.55521586199857 20.86527639620365 -31.62353679521268 -0.2004130693106075 0.9104559681936478 -0.03872036658665268 0.08413450655701646 -0.07949101263757197 -0.04987577552735849 -0.01018392252910827 0.01351585518617103
22.19649870227701 20.7848226973655 -31.47347068129296 -0.2843044574141011 0.8648207590888042 0.01841782671218031 0.09956449642024441 -0.08950900168961198 -0.0503196555743759 0.00731286048225811 -0.002219636254763149
23.87821410911977 20.44741348759787 -31.27014998289587 -0.1732311497667191 0.882386428303085 -0.05385561262414053 0.1442314285847076 -0.1101630689871437 -0.09546744062479698 -0.0156331017768442 0.02620363543393763
23.55353110749864 20.14890699580281 -31.00364260470148 -0.1890892783891283 0.8466265247293444 -0.0158027641316183 0.1867087457811021 -0.124188543211407 -0.1167541340750331 -0.002395606778698769 0.01125512280761779
24.01489239240142 19.9966843558535 -30.9640503383514 -0.157565617603329 0.8503596328493896 0.01547847889750566 0.160818689068469 -0.1049496959496066 -0.09637829323269663 0.01301868357699674 0.005734730747184901
23.48631131272289 19.66012319046754 -30.72014171348886 -0.1862581145412929 0.8065068945000733 -0.01307747490298075 0.153248360657543 -0.07920267325326662 -0.07687396330969977 -0.00298722924092816 0.00691301592869105
24.1183417331276 19.4800003079629 -30.68843216929249 -0.1430411333290923 0.8149320597656097 0.03062120123222664 0.1536305384988064 -0.07932247074905309 -0.08892593552678407 0.01884178061560706 0.002164001374408352
23.7329712952213 19.06750454407397 -30.46779780434955 -0.1618471606448076 0.7707627678018336 -0.0180329802451651 0.1208508500853177 -0.04737007384510319 -0.06154088412467659 -0.00605081573074102 0.007990684670628844
24.33471617999496 18.92797450683513 -30.48186756995331 -0.1205662953387829 0.7831616499862072 0.03545639131869113 0.1148499876290676 -0.04941581768234947 -0.06784240683529279 0.0215277183720198 0.001356069111014134
23.95409070008722 18.57448919363522 -30.31049648100834 -0.1402151560578918 0.7432528548345485 -0.01402526125412351 0.08075924530863696 -0.02546017434260373 -0.0508370911240881 -0.006457772719664408 0.00752071178396479
24.48123355441802 18.33663468118607 -30.2999567362019 -0.1018065499986327 0.7469217990898815 0.03590374139209191 0.06771278695147268 -0.02669547916649271 -0.03321591673712045 0.0172206258624379 -0.0009933934607863106
24.61607863422523 17.72306848127384 -30.13614017184521 -0.08332317385133928 0.7088198318002001 0.01209511690830031 0.03331986705930229 -0.01111268796063055 -0.01445290350029798 0.005348085513473782 0.0003048714084515516
25.04302990049679 18.09180856374763 -30.30228891578075 -0.06044929669522522 0.7526512445277455 0.04297217634793539 0.07328500226307993 -0.03004457830545709 -0.005461267037162111 0.003130419436579529 -0.0001753971933438479
25.05200284438385 18.71628643983531 -30.52410461832526 -0.06996836616782233 0.7972699745427475 0.05765791162448938 0.1044854838963715 -0.05144914566055766 -0.02281382548096415 0.01233643566605022 -0.000513498969420118
24.69954986474303 19.34268287816824 -30.71690260636761 -0.1033123771473793 0.8272859132208039 0.04461406379545804 0.1471471853223192 -0.0791571739890517 -0.07201666874990548 0.02331695482463833 0.00275487372526348
25.22819747610117 19.2817445317518 -30.80194841098474 -0.06775550675684983 0.8449984982321767 0.04467498100383536 0.1334765185650019 -0.07702221113650078 -0.04166207908042026 0.01531884474927606 0.002381825597657089
25.74372696423808 18.93797046493358 -30.76857728232569 -0.0276971610310923 0.8433264184907515 0.05205872026159432 0.1080948068311191 -0.06339931196707184 -0.0009844276605894806 0.0004812692570004641 1.221879457020377e-05
25.65193555931467 19.57856583594561 -31.08100601227413 -0.04484675441555763 0.8859891233220273 0.01537776803260882 0.1074913081965946 -0.06813257359493718 -0.02526337145855717 0.005939636350959577 0.003668803369317381
25.01187635971475 19.766329739702 -31.01915034764157 -0.08992369126343443 0.8715835944792484 0.005818980290733234 0.1330484231497105 -0.0835883998910998 -0.06466830485905083 0.009251338119778754 0.01022357598141339
25.42345052315805 20.16033519797313 -31.39592314504121 -0.06989449126394531 0.9196448642533585 -0.03560748758939503 0.08452406149309881 -0.0493884452832808 -0.03627511575410856 -0.006652575428664075 0.01476788822193023
24.61272779358508 20.33655155374684 -31.32342996941556 -0.1249786051840788 0.8998922896719241 -0.05548124216110829 0.11131776675063 -0.0723590653694732 -0.05581589522416867 -0.01346318579632244 0.02208490967947074
24.48491310147341 19.80142805355571 -30.91911443413304 -0.1245075546156041 0.8526415202176975 0.02562652105081123 0.1506776403677547 -0.09601170029359941 -0.08529164516991393 0.01806126208696927 0.005579530528933981
25.18593908600807 20.62765409298925 -31.6788647112616 -0.09351453678850394 0.9451758023983103 -0.08187503426537568 0.07813977987177084 -0.04170761067141271 -0.01900622850214442 -0.0122808625778015 0.01430222690298148
24.19169191641536 20.78087163727403 -31.60823979866458 -0.1590145260924582 0.9215238801706026 -0.09421010497563986 0.09892768417520828 -0.0751491775609303 -0.0261960265318191 -0.01302575862344069 0.01569308291243646
26.22911888389212 19.27957523810412 -31.07257514562954 -0.001184593465608798 0.8909767033942949 0.02752518756143081 0.09015724849996189 -0.05900759964736608 -0.00856550130551355 0.003045336554740778 0.000657409126479741
27.00144505413703 19.19267770340463 -31.24166485038035 0.05254156950621534 0.9225865889980144 0.01320825150491916 0.06663305332526728 -0.04332508130939667 -0.007180477347184857 0.001947130279577589 0.0008055769076138833
26.45766346431665 18.67004403635162 -30.81186086550791 0.02503100264566209 0.8569865602885456 0.04770100503278939 0.08569049943636729 -0.05346396158324297 -0.01364063362131437 0.007310444124045491 -0.0004533207830456465
27.22214680683303 18.41703823761446 -30.86237640959698 0.08169672283346323 0.8749710109461298 0.03859856971396258 0.06498908683817281 -0.04330558695013444 -0.009884749800861785 0.005549536095130073 -0.0004821068727159669
26.68891723783636 18.09876153627443 -30.58711597316259 0.05082122704172288 0.825814763292486 0.05883424733941309 0.09149022244297114 -0.05254925433155833 -0.0009272351822179378 0.0005549805950711335 -7.189228478845663e-05
27.25752935684245 17.76872574379408 -30.55259574667251 0.09568164371227299 0.8284515194782286 0.06499008355883013 0.08875637131849501 -0.05300216343317782 -0.01407685166117236 0.009498465204892788 -0.001354783585657015
27.90275348426109 17.97615083208358 -30.8058995885015 0.1368092468987522 0.8760811505086598 0.04694620670666934 0.04619987464985472 -0.03580626795240014 -0.02467662277574362 0.02158603006515082 -0.004502059546359268
28.59578618178918 18.05684139726938 -31.048672480896 0.1841870121905906 0.9191727710002296 0.04889844073603224 -0.02577952955496385 -0.001671408213332874 -0.002561559482263905 -0.005079818223376817 0.003409735241589741
28.48208888047742 17.45842486959194 -30.7062537260297 0.1870918964652065 0.8675408985375177 0.07066741532569937 0.03401400836877976 -0.03766430847275487 0.01654965482159133 -0.0257194986681861 0.007824332897205069
27.83701048137894 17.35070837351715 -30.48864529533919 0.1433616897366933 0.8258398337966166 0.08391154685118495 0.08431247934470328 -0.05536094521272069 -0.01700133747952811 0.0150074332517586 -0.002913509149284854
28.31084901698992 16.98999802857358 -30.43491763140963 0.1830411560837923 0.8227375375893861 0.1025515767484326 0.08102071339294439 -0.06023367097399799 0.02144855225861618 -0.02336699552440747 0.005086394385413905
27.81860771288334 16.68536874314218 -30.22146521292762 0.153628979715307 0.7759624787581297 0.08751662462691705 0.09843376151387812 -0.04879908054938899 -0.01666166610106794 0.01369852702439058 -0.002249534917052635
28.43349132787573 16.56831862203332 -30.28579997865335 0.1989581887837277 0.7973156089448815 0.1134342133377363 0.1018577903472568 -0.06578199423783129 -0.01740339217385975 0.01742460443847589 -0.003029832056339775
28.97035633519884 16.82097188516207 -30.5499797016946 0.233344100044069 0.8455260227160019 0.08431248210893694 0.05369167946133301 -0.05166550290006598 0.008441013253447011 -0.01087277781500335 0.002475637909931868
28.85639239680724 16.10136464897009 -30.20426487524516 0.2369495413691629 0.7838285554754347 0.1142117116100308 0.1081669216748517 -0.06686058767549755 -0.005348907585255792 0.005147122815184343 -0.0008100356583449755
29.57009319051161 16.24157944191502 -30.46180674847462 0.286512215270243 0.8331699248365472 0.09264291617299729 0.0620233964765192 -0.06064932278313723 0.008729249895703194 -0.0106671057637707 0.00242530385414889
29.40804482523156 15.80252498649964 -30.20439038812185 0.2812640117579663 0.7888407414143767 0.1286675424528323 0.1241767950368364 -0.08386221811922258 -0.03212075287468148 0.03026745113829583 -0.004464266104912127
29.06585694996092 15.44312567831816 -30.00935658999456 0.2625242066322265 0.7444078083133908 0.1033516106419179 0.116156183351394 -0.05393735481409707 -0.02923798308405031 0.0247265608743962 -0.002774509532359717
29.67689643096508 15.39711233235983 -30.11831908055636 0.3069018174843106 0.7713228547654579 0.1241091120054394 0.1344154754780309 -0.07972494946451766 -0.0473426106059858 0.04197181065945046 -0.002934946681507926
29.86788961848017 15.79331367502656 -30.3383441635109 0.3149694193655057 0.8131221872977628 0.09771339981652266 0.1004316375821188 -0.07918955171828412 -0.04058022221648765 0.03681125717454586 -0.003387020544591647
30.23340479085487 15.44290603316965 -30.30879316095615 0.3469300361997941 0.805044071404602 0.07763385776627413 0.119118413888791 -0.07822408251138739 -0.03525096423850922 0.02414248708415482 0.001778818242559103
30.0232087124099 15.03704597582786 -30.0854739316676 0.3373703723362211 0.7612971732678298 0.1096823665856496 0.1224046070867954 -0.07037153519045583 -0.04109076644427745 0.03641073318229474 -0.0007118079685209273
30.59103013840042 14.95795353367506 -30.23815568066996 0.3801105973796105 0.7853397257923569 0.0695205029660578 0.1200527544705837 -0.06730596367901007 -0.0146962375639784 0.009355550490767342 0.001507589718686912
30.78682954828492 15.40021085731354 -30.49507479338716 0.3889087416764138 0.8331180956014463 0.03743734970757583 0.1016618059594604 -0.06176844792948544 -0.006012349796063602 0.002807972527973468 0.000977475044666089
30.91234352867618 14.36395793730796 -30.14200583463813 0.4119671845226514 0.7547188742406024 0.07008311584321321 0.0835905517513453 -0.04824947231858766 -0.01281121447174428 0.01089369576654014 0.0002644632408956992
30.15294699201311 14.53843155404928 -29.9749898909122 0.3543411631307651 0.729678712886402 0.1026090892212677 0.09310500205398883 -0.05165865899112877 0.01690110055432981 -0.01822842074062761 0.000717196012116798
30.2770714430061 13.80025867156034 -29.82264960080148 0.3745401813292024 0.6797213881512869 0.08667854609156599 0.07157930910229683 -0.0347896158920014 0.009236389472245093 -0.01085121402650345 0.0006862509699875786
31.18026476268501 13.68426147852237 -29.99663737861027 0.4404121562572405 0.7132593855861367 0.07642526658627256 0.06861503611164176 -0.04074890186812791 0.01078108770886902 -0.01145268582561269 0.0009355111179183959
31.81433009497442 13.55076369668435 -30.1191236458978 0.4872258051375257 0.7321924122099275 0.08147181220537339 0.04636575031021984 -0.04020558690928324 0.01106127291479105 -0.01702480921375468 0.002781053708641247
31.50917826887468 13.06952239513915 -29.88320401455203 0.471754362849913 0.6791083558631207 0.09475561849878265 0.06653850943840994 -0.04173933929498219 0.002593963943108939 -0.003425618353032901 0.0004278246608303481
32.19364637018676 13.079396796293 -30.07275695481933 0.5196946128224048 0.7108350612291336 0.09451793578204182 0.03850101235219739 -0.04304962987484121 0.006828211002374441 -0.01384904327601005 0.00260597415399482
32.350896366219 13.65656299555878 -30.33453056792605 0.5246238016769196 0.7671045710316671 0.06890615734230907 0.01067560658218714 -0.02830800103297187 0.00643738501940289 -0.02391820218787875 0.006649503371493846
32.59654387893939 12.5020648978942 -30.00359072441456 0.5546250188187112 0.681358214063727 0.09966024072058186 0.03887795986857798 -0.04692293735468506 0.006411444876556083 -0.01341138444647453 0.002505360493176265
31.92535712242025 12.53984366058691 -29.82078066420898 0.5076799354795816 0.6552196436205303 0.1158415939060924 0.06199659393440694 -0.04668533994773293 0.005407697441912594 -0.009020316639810354 0.001439582173551677
32.29041898370863 12.09546294621472 -29.77487550093428 0.5385901399828593 0.6355007293688285 0.1277171501132897 0.06190089707605179 -0.05215428898293151 0.00997080915031023 -0.01818413628385657 0.002834454909846611
31.74608681951052 11.9757363400649 -29.62699386651718 0.5033111262006451 0.6041094571335487 0.1073346527646692 0.05933578856795999 -0.03411012723727108 0.005764119642243163 -0.00959849886416379 0.001441075865194713
32.2806774868497 11.59481207734657 -29.63302541852611 0.5450037656965656 0.5966278342569044 0.1257647985741859 0.05625963194710309 -0.04349815538428861 0.007486701823179934 -0.01492560790239447 0.002341578365838418
31.69735592061988 11.35499216991537 -29.47234012768013 0.5094585763569798 0.5558545027480064 0.08722579439984576 0.03278381849885427 -0.02009980669725991 0.001102366488648922 -0.002653023812245867 0.0004566482502349188
31.06126500990694 11.7530539954587 -29.48313842323348 0.4602293808419253 0.5600384621903564 0.05813342512539426 0.03494227182617608 -0.01427608910074878 0.004417045639532388 -0.006942038433636477 0.000995188380028591
31.07703424927389 11.04398635844848 -29.33538075847814 0.4726794246926536 0.5090309449767232 0.04451460969382438 0.01068346344219997 -0.006580928722503673 0.005810412741863574 -0.02164737508478086 0.004160402912830518
31.71865216684381 10.70390819836993 -29.3278653679712 0.5213592150065959 0.5092850086392787 0.0738679391038525 0.007483143953018259 -0.01135424072358648 0.002686474136749769 -0.01997977765980468 0.004309645774749221
32.2908393493589 11.00231260109387 -29.48466616471678 0.5547197299946417 0.5528828072351766 0.1118466745617616 0.03268594724382406 -0.0295191036073361 0.002228473749092179 -0.006563442466752459 0.00117601958513974
32.36261963971323 10.32861329974739 -29.33668438754353 0.570489621533295 0.5068209857479324 0.09671578113309962 0.008364726451949824 -0.02016967940912626 0.003272731848234313 -0.02456626677546675 0.005505031258380408
32.91257262543532 10.69640549732344 -29.54872137482726 0.6009247797807716 0.5544052921646995 0.1173846910946331 0.03364118588606575 -0.04010911048788657 0.001654704782829982 -0.004788481255935922 0.0008264162764825738
32.7446900501966 11.26103440803971 -29.65375016119771 0.5810203541178565 0.589724541723883 0.1276313651124043 0.05360662298999818 -0.05011196279668787 0.008587659590656545 -0.01790152005470621 0.002722197905299665
32.89263023025525 11.80338045073899 -29.86895013968929 0.5835329384758053 0.6377198182433595 0.1062594962525479 0.04755378658310064 -0.05094870856970073 0.00933531621908382 -0.01795004501691756 0.002715935158930228
33.31635022301688 11.13716514338398 -29.80011726172701 0.6210974637456018 0.6030772703811549 0.09856489365007223 0.0450852377615161 -0.04874206449333976 0.009175269614333582 -0.01760726348255664 0.002267688380780555
33.68938823795121 11.61757359340507 -30.10894877164159 0.6399166044720411 0.6558356431366656 0.06155868209286705 0.02887999584526304 -0.03567187038606849 0.008212599383567684 -0.01508599117565573 0.001958782406929678
33.30019857747826 12.32172305662223 -30.2040125213711 0.6055102970514811 0.6973410843509734 0.06653126098898832 0.02403006074619159 -0.03570256651829752 0.005694300356510238 -0.0124205795268783 0.002251426451196084
34.09259215330003 10.82989821669073 -30.00472691051824 0.6771432537755331 0.6102243469211917 0.06145224498238644 0.02761130825125294 -0.03497947370609875 0.00796440012811174 -0.01537012260708403 0.001859406896547556
33.52001745367383 10.53003346270258 -29.68753802902408 0.6438037595696943 0.5656021944056646 0.09450827067036192 0.03327099454817593 -0.04211630051313524 0.001887971671306608 -0.004510683440146673 0.0006732313436530346
33.19712188761848 9.834318542746477 -29.39815570773983 0.6341670014320711 0.5032252456719012 0.09549088161964106 0.008666915117134884 -0.02857618096365287 0.002626882192915225 -0.01618036177727484 0.003870687778920647
34.03524780172784 10.08115225598273 -29.74051386070335 0.6851470913629238 0.5527160922328567 0.08267978945084904 0.01779522321068665 -0.03659146779736457 0.001924183344330668 -0.006403524700978319 0.001233591465502419
34.06487504901499 9.345340240950986 -29.52629369922239 0.7001808666421943 0.5018018910927068 0.09118160908356851 -0.001843711926933571 -0.03278807881549539 0.0004206666338518079 -0.005282198336908353 0.001466871935596088
33.50597970248401 8.903797899931014 -29.20668266596761 0.6712389455380092 0.4496908175268306 0.09216844971767058 -0.008350790837248235 -0.02519763458649557 -1.780247940556e-06 -0.0002115480258340335 6.359766102162334e-05
34.22591821393712 8.598373684891696 -29.35882019911458 0.7251678088051015 0.4568263627757418 0.1005487122476001 -0.01948420617982019 -0.03286675915126945 -0.001259040651651583 -0.01447318279082108 0.004728289779603506
33.73871710523308 8.018956409173184 -29.01885959260412 0.7035413317793192 0.3986214345168569 0.0986626527500421 -0.01810741636715556 -0.02750468485240094 -0.0006310510497700239 -0.006781803041527865 0.002201070876719861
34.52074432975185 7.921318661578372 -29.28776080696556 0.7590401085410056 0.4237386455760468 0.1052992697426451 -0.02991799210561622 -0.03787956548486152 -0.0007368388181213793 -0.004601241576958472 0.001585850284720639
34.77266483333079 8.375955784459498 -29.52470497469956 0.7668595501788492 0.4639710391137594 0.1008663036398533 -0.03055424001934934 -0.0388643595547699 -0.003247579544895417 -0.01968030785735893 0.007043612929544249
34.70530640342139 8.946029859679127 -29.66279214676801 0.7504793308390135 0.4993217563421474 0.09202029466297512 -0.02432898106139503 -0.03423666991046988 -0.002342121711119275 -0.01799175341685571 0.006490067483995415
35.22874002290155 8.493907317947084 -29.791402493925 0.7958106891918246 0.4907786961997516 0.06751406971711729 -0.03793904534986046 -0.02532089456414528 -0.004582448906176536 -0.01198020539339905 0.005731937330507905
35.21947665682899 9.166880843630739 -29.9790269773464 0.7802064708024385 0.5345523409388078 0.05972840313892876 -0.03682542789088381 -0.01933911293414043 -0.004951550138839259 -0.01106966069808618 0.005786036274764993
34.66302152165431 9.62701317427881 -29.85495863332325 0.734344128454359 0.5443518104651657 0.07420661942099679 -0.008959038286419327 -0.03004849618566253 8.181529832280281e-05 -0.01558552985570975 0.004848914717616113
34.61043764513131 10.24094620530885 -30.02870141465984 0.7200344555989466 0.5859822301872636 0.05813383670773642 0.007735070365472214 -0.02850243306862112 0.005461545335229467 -0.02253552996718211 0.005023664973654651
35.14464631579202 7.864857546382434 -29.57884281226641 0.8043028474191704 0.4466774416285366 0.07756016691348336 -0.03000060652581238 -0.0335832507588178 -0.001378517473420323 -0.006183151865790158 0.00233986463810824
34.93131722950547 7.279487268022708 -29.31213465475471 0.8017628558326227 0.3996412090443347 0.0898414590288881 -0.03070857261400844 -0.03849750581699581 -0.0007121541289512507 -0.003814410709888643 0.001380716520143318
34.27325172991921 7.321447504179645 -29.01359993744178 0.7538219926223908 0.3740032027353234 0.111095889152086 -0.02485105045781738 -0.03916966808757082 -0.001611457435064279 -0.0149039713823771 0.004885235377494386
34.6905067077783 6.718161288816487 -29.03888232380059 0.7955628373885943 0.3526826952325469 0.1052148565021662 -0.02354945486517526 -0.04602176566796357 -0.002839508333171584 -0.03096599458971626 0.009353700882321642
34.14572462071509 6.763224907231026 -28.8043028150724 0.7555899923785696 0.332164813223996 0.1202375294551549 -0.01283859084816794 -0.04423246438355164 -0.0004306666300005707 -0.04375362190015604 0.01152892033483736
34.40600166686561 6.194088458043563 -28.77740862825525 0.7850930584126007 0.3067775512737594 0.1197932354945591 -0.009761606656118063 -0.05048616843142109 0.000461908548137474 -0.03995396750692019 0.008821196943135174
33.74978730029302 6.368237153292075 -28.56752070797305 0.7356591406179375 0.2907116159264815 0.1090615800169384 -0.005084287552920253 -0.03489020060641893 0.001092029508164118 -0.04453199632748217 0.00990283610339693
34.04219691445294 5.650525957237083 -28.51436312633621 0.7695410669857363 0.257276449161167 0.1197112124337663 -0.005174833265929622 -0.04345145887162486 0.0008892490477013817 -0.03250785682581817 0.006321440699465155
33.21286351265265 5.771966909536774 -28.282153031842 0.7103598668424546 0.2317510996559237 0.08857817448419346 0.01114663209598156 -0.02580321357928177 0.00685242218266389 -0.04015687130341985 0.006176020544914428
33.70305506210258 5.019900554061645 -28.27547382256192 0.75763928864441 0.2043342493745963 0.1206487058414268 0.006241290897791144 -0.03900748528590377 0.004527456282615835 -0.04537832609362374 0.006742613775750131
32.9410830001672 4.930681324603272 -28.06301486096673 0.7080322052435196 0.1691765832470878 0.08443724098160577 0.03785863456721139 -0.02450676138729576 0.01717069327890821 -0.03690745565791314 0.00214553399459694
32.31617820939745 5.559524318565082 -28.04141831593243 0.6545103950283738 0.1836096518463644 0.05368782214648322 0.04612080716478822 -0.01817020159332665 0.03144287395411539 -0.03649639474622596 0.0002672639759782158
32.09933942976046 4.652208713997481 -27.87256291617945 0.6579690475869182 0.1200344709707288 0.05747190967728066 0.05879791127541754 -0.01577256115340602 -0.02258301044894655 0.02230727088320443 0.0008706384011357629
31.64972618771012 5.233249488629703 -27.87685213761329 0.6169098244946052 0.1376932490651125 0.04400088779961892 0.06446037151726969 -0.01538544583650839 -0.0268117025260787 0.01861148443200858 0.001297621571747489
31.26530868190782 4.687555171849488 -27.76712851535057 0.6027393888281597 0.08989009288459771 0.04715184083301762 0.06297674405605662 -0.01107268087057234 -0.01512858358034557 0.0114247126052496 0.0005554785437460045
31.56579582993791 4.163289825036494 -27.75307700920005 0.6329994721483616 0.07042559258126165 0.04754835126079968 0.06921016334069931 -0.01042174504421926 -0.02711885282284075 0.01886599816268317 0.001560398430903401
30.88135673995939 3.991079468903209 -27.68516026286936 0.5922063311384896 0.03382397028446858 0.03336118480306142 0.0620606986834982 -0.005243528590595254 -0.01589526893443099 0.008610933047098191 0.0007848754388801936
31.44138122117595 3.691036646205443 -27.71482404835769 0.6346746431260621 0.03802837110356836 0.04116007356140645 0.07097475728384435 -0.006164014217158613 -0.03085056114850476 0.01809052051415031 0.002297031747215661
32.10184977628732 3.796522347587543 -27.7949059278982 0.6752131569453761 0.06949233591160366 0.0488337911665853 0.07317851440407488 -0.0105198731394859 -0.03774847068141671 0.0256725680297381 0.003353600825003416
31.60751949594404 3.11666510788522 -27.72464233593744 0.6573973106874291 0.01131427525537922 0.03496230202117163 0.05225273525337897 -0.00323468413139048 -0.03231448640127401 0.02180304561555628 0.002930714920392373
32.38879958351558 3.153633325203899 -27.80707150962196 0.706732838978538 0.04311440675904395 0.08029465871085777 0.02778417262579273 -0.01133042145719139 0.02225949374259036 -0.0652585279493668 -0.002280211094545123
32.74689183041676 3.606699682360107 -27.87220033494684 0.7207340873902985 0.08281146733819261 0.09216052207073658 0.03342460263302182 -0.01771418808205526 0.02965526138027406 -0.0822470345394558 -0.0009049286482263092
32.78889224199651 4.185789135392159 -27.93003970002557 0.7122055148411385 0.1184862560827204 0.07648681406195251 0.06184011946850376 -0.02082687696064383 0.04233127908310155 -0.05306048007626217 -0.002087771240045977
33.3066741774355 3.741169228654864 -27.99735094369752 0.7547588045669401 0.1119462208986962 0.1196741838654858 0.001910828318121859 -0.0292930698056524 0.002791514361700338 -0.09464391020921324 0.005230723179110336
33.45810822583054 4.367268433208917 -28.09813932268152 0.7530147075976595 0.1549242717645908 0.1226801306687581 0.01687097635469699 -0.03491455483469342 0.01342023725476678 -0.08225967214058984 0.007406523657994614
33.82859352801906 3.899564745204855 -28.15235144112884 0.7866142552869397 0.1413855747859736 0.1360889356131785 0.01356613105713468 -0.04537583980213604 0.01103381023626417 -0.0967470523862687 0.004167334413466614
34.09158168285342 4.389877265291768 -28.30324574380309 0.7958189304882627 0.1812830033354199 0.1346100316671502 -0.0007145439762651649 -0.05078321271669483 0.003386198106238954 -0.08129989590230181 0.01011965485655653
34.3991888710693 4.963508250652316 -28.52342371652186 0.8074373966288793 0.2292463508033651 0.1234486535139302 -0.01278676357547485 -0.05129548839566397 -0.001155892355325851 -0.04663116007590851 0.008842264270303398
34.71197048454125 4.29110167740094 -28.5619114194789 0.8421338483521882 0.2011169587171528 0.1113274730891628 0.001622761587453278 -0.054694233056661 0.004477760940145036 -0.06967721286309113 0.007046964267866836
35.04976782412105 4.843770231086031 -28.82587453067538 0.8580759352951858 0.2502357016120639 0.0878290216147397 -0.01644421012470252 -0.04528589011769756 -0.003506526097801349 -0.04535417156006668 0.009668326482954445
34.72576579206297 5.530047092039662 -28.78507402063552 0.8210869759597218 0.2787503738896541 0.1076591503855943 -0.01194120680874688 -0.05066884782808838 -0.0004377305334921141 -0.03466064057726553 0.007238455099029532
35.36747796928153 5.397422130246182 -29.11159898126999 0.8729965065135092 0.299755682456766 0.06166124364107761 -0.0166146170192272 -0.03296135175910524 -0.004707386764695593 -0.03769557855388204 0.01019479665870922
35.03955811491191 6.073499270247543 -29.06776720783979 0.8344725365586813 0.3272810862957384 0.08379601410008139 -0.01269538943208748 -0.04300431299061775 -0.0009354997611681262 -0.03417829967269516 0.008266977160443164
35.31432721324646 6.618468880555761 -29.35519999565672 0.8445388469750168 0.3747862245369463 0.0641661534627815 -0.02294575106150614 -0.03157576142160783 -0.00303293567553306 -0.01648441745595424 0.005815711643096223
35.31836229737614 4.142697367913595 -28.87330758671014 0.8910646136186515 0.218786639442094 0.07278478140752136 -0.002489551093007918 -0.0422891009482974 0.001741913795806914 -0.05720387798847475 0.006365630524001221
34.9727148502779 3.603315384929766 -28.62178509608477 0.8734713264545222 0.170456462772054 0.1039262980312755 0.02751554119110333 -0.05618682138119235 0.01357264352583957 -0.05649656816815666 -0.002562505742608568
34.35793729807524 3.74854285778926 -28.34245353411502 0.8261720267093142 0.1535975408202901 0.124519092326713 0.0305101029096416 -0.05428937327048191 0.01729740388241022 -0.07384862099483508 -0.001828571399169772
34.59726411552316 3.04298377283943 -28.41080133902254 0.8559962028227678 0.1214609533736566 0.1237041570636908 0.03216959032969459 -0.05507784231479371 0.009547240241799291 -0.04126620578901096 -0.002659574561033239
35.27833621769278 2.836900183475084 -28.74553157802085 0.9094864641193494 0.1371752994447357 0.08623828585745601 0.03166327604120887 -0.04904154943988123 0.0114049027447647 -0.03837736711774445 -0.004722809706254922
35.48392426896927 3.50874965231123 -28.90287720874282 0.9144838539928725 0.1870284776424675 0.06487006349266107 0.02716269419689458 -0.0412470618241538 0.01576873596931172 -0.04614481573675096 -0.005588243256788242
34.82159407087983 2.432761848172659 -28.49250322192348 0.8825165155134738 0.09425750060339345 0.1223116048120044 0.03010613207688923 -0.05734930290367556 0.01101088800495937 -0.05299772188650983 -0.004338274747917347
34.20023645145115 2.376992077017829 -28.24648209570934 0.8407541863590798 0.06700602672697729 0.1255196677408518 0.03277975422945216 -0.04309171474656839 0.011730296963717 -0.0505927270541281 -0.004317168215256693
34.68985074050681 1.951151192729297 -28.4353733898026 0.8817626639704683 0.06090472672422665 0.1310677999414161 0.04428894312340771 -0.05511464716170267 0.01763574133396208 -0.06411691573157599 -0.009583525329593567
35.24763914037194 1.925077620152934 -28.71313385883854 0.9219404031086073 0.08122988625398313 0.08441556261060264 0.05922174458923186 -0.04330375021251928 0.01829483049325296 -0.03339450460662409 -0.01000634844366408
34.29365377984158 1.702502371721335 -28.29351958251266 0.8596513341733077 0.03163448830091459 0.1251278130811099 0.02129774418109551 -0.04224904705867186 0.008506852072987101 -0.06299995950153138 -0.006563774666929213
33.39804198801904 2.511628285241706 -28.00775079199526 0.7850281099756304 0.04442315433575794 0.105336264859854 0.02353327412172324 -0.02589435341790361 0.008510089049654826 -0.04137649788026931 -0.002985340913917008
32.87080077072323 1.974498222539951 -27.9125615553817 0.7618911474195608 -0.005844963133356395 0.09518693047230868 0.01389268898854971 -0.016861261985343 0.005739891260283059 -0.04315474951823615 -0.003153552988540625
32.67159837863824 2.592940121427615 -27.85365491493472 0.7363705707120922 0.02172708432259271 0.09889767875322741 0.007787144200105179 -0.01641621367584683 0.003699268737015782 -0.05086507940187532 -0.001842362524889506
32.15415329994703 2.099773502941716 -27.80142493027789 0.7136690902505634 -0.02566119507588865 0.07073155267307783 -0.0004101851556292262 -0.008383669582339328 -0.0004874922163194908 -0.04266272169085429 -0.002025540972626174
31.55889909405512 1.582718958647279 -27.7731463666045 0.6871562726421644 -0.07715927910581549 0.03997414737905482 -0.023521970576305 -0.005063478132366601 -0.0149719223957867 -0.02537524816006842 -0.0003187516104918944
31.38086431833122 2.307354514116295 -27.72270695281251 0.6601505302350232 -0.04337056603951444 -0.01674593848067284 0.03671241183136954 0.002609599358806821 -0.03286654716399102 -0.01513318234275867 0.001990514593249663
30.9044540106481 1.714652767998686 -27.71556353313868 0.6428850013555523 -0.0949463137964319 -0.01810939643314222 0.03087121987867678 0.00290596673897784 -0.01836492182701524 -0.01083215413920166 0.0006277299521223603
30.81700716852804 1.017900916359587 -27.75687625117864 0.6529462835341163 -0.1368823043294116 0.02553110500788288 -0.02076441050056618 -0.003348252358101934 -0.01061152900307123 -0.01301294592544446 -0.0002144134244452477
30.22683004849424 1.508120920620346 -27.6882027898603 0.6045741064669867 -0.1328660184827769 -0.01048928037142245 0.02845406064119158 0.002211141299326365 -0.01191977445139884 -0.004425223681267311 0.000400574487503909
30.52986269836379 2.158605543428957 -27.67318950303659 0.6092540418101129 -0.08473805251414587 -0.006207446236626185 0.03075548857273483 0.001531301690321472 -0.01724723683461381 -0.003523005640755198 0.0008427237773321789
29.7782983442474 1.984703197513966 -27.64233508785513 0.565227305465732 -0.1241768793698793 -0.00639667640477284 0.02794621853707737 0.001458974026997083 -0.009526275061178232 -0.002199519875889929 0.0003644781944096766
30.06807207211522 2.621569961810175 -27.63486430251993 0.5694560764744224 -0.0768826376940597 -0.0005819231714437825 0.02978268465381493 0.0007485754146033985 -0.01400815460835655 -0.0002909931708101587 0.0006878239344205167
29.36172216777527 2.443616111586026 -27.60790785993968 0.5280986021998317 -0.1152330612475668 -0.006680771515839573 0.02416338512973475 0.0009496063836963983 -0.01071688287010444 -0.002977300409249994 0.0003628983801691125
29.62784972708042 2.987025376625329 -27.60696742277152 0.5329769224068658 -0.07376292525424601 0.005706911553776498 0.02698064215014371 0.0001428218322603966 -0.01218875805692143 0.002575109946063714 0.0005744515940726917
28.91444006020841 2.939435173026959 -27.5806524466084 0.4879288904757723 -0.1054691652311423 -0.009422764988988417 0.01664876627241847 0.0005942096746476939 -0.01396850557983642 -0.007918143096094701 0.0003456160359461357
29.50260892254972 3.591988901732502 -27.59685109776953 0.5113873268924232 -0.04415619824010037 0.01655904510301843 0.03397463560404997 -0.0008130513177931467 -0.01130429849716965 0.005522358398194747 0.00053099425776432
28.83908570691019 3.548291326155304 -27.56917860457735 0.4691736971704455 -0.07379243250411816 0.0153918153939106 0.02407226800489261 -0.0003428177185308081 -0.01761599167589676 0.01127302346006617 0.0006567633115668686
29.06688139399274 4.011559077796223 -27.57775325910581 0.4736423680679469 -0.03762398955351887 0.02157998749324382 0.03839385156151456 -0.001369964664702499 -0.01660135577045357 0.009351646121761654 0.000575681386368205
28.46420558969872 3.939138354704107 -27.55860513985783 0.4357874203080888 -0.06678889731695277 0.02145580142159024 0.02554374870850617 -0.0006620577546595476 -0.01354865534644936 0.01138748363484536 0.0002745406219511731
28.89487494444475 4.641163212364404 -27.585915527141 0.448395978485331 -0.007819932030356544 0.02878178182040957 0.04608837027328314 -0.002911357398996905 -0.009328612357099652 0.005840474641565005 0.0002348980936470713
28.00928174276465 4.45738476602569 -27.55179603794895 0.3940048303196707 -0.05575512431721164 0.03124260337459225 0.02876431125000323 -0.000948735971519298 0.004377367444803725 -0.004756248788119765 -5.256006156554382e-05
28.30626319178803 5.211141247713531 -27.57723259794308 0.3968160032566629 0.001444451004602168 0.03732781393048293 0.05999751224807911 -0.004407570117005284 -0.006810914287034607 0.004248699736117933 0.0001531168501770951
27.53316287439318 4.994872301625342 -27.54531871917295 0.3500926830041951 -0.04443362034101411 0.04013323898152597 0.04118069729046672 -0.00129229764190676 -0.01074541947801475 0.01047481381509479 8.639575116994336e-05
27.77889083352015 5.692823985909557 -27.57366844672354 0.3509035632880451 0.007940669980711548 0.04053691359169963 0.07776254666539373 -0.006436312365468191 -0.02330212403148272 0.01217768463830839 0.0003684690022730587
27.08369913999977 5.478741643090445 -27.5457117944853 0.3088909066924523 -0.03511918461658638 0.03653869355392753 0.06398605777335495 -0.002100267729798664 -0.0204863085366247 0.01169457317888181 -0.0001206106291529908
27.3075372200277 6.066663971960113 -27.57850882449782 0.310855143985887 0.01026278042216182 0.04249255016958409 0.08528273179910195 -0.008195573729387902 -0.02120912883497346 0.01055130929206905 -0.0001690535201235362
26.57518662460101 5.989999548096256 -27.56385629110761 0.2627556346531947 -0.02669173699399561 0.03829172130819312 0.07472059303992121 -0.004183394850698476 -0.005297770143456591 0.002710037284405833 -8.728433486110298e-05
27.16027250474727 6.735623008280487 -27.64627353249032 0.286197274028861 0.04526163670787339 0.04603541341909158 0.09160256507166134 -0.0141950637976426 -0.01079148686122338 0.005403311591587382 -0.0001291545722092982
26.37800258562649 6.653157879197476 -27.60450128033343 0.2342987426847698 0.005276978657908833 0.04189547474128477 0.08738587645444992 -0.009288451869733403 -0.001149275361895311 0.0005492853224689259 -1.611221866168397e-05
26.59986648708015 7.368229756048361 -27.70645301078525 0.2340237654691633 0.06048361124719608 0.04677546705508403 0.1039899346977341 -0.0202931642809259 -0.001871823935966249 0.0008378074614375155 -2.128281423076812e-05
25.79284432358016 6.969397427767312 -27.61846510379964 0.1866167385636061 -0.00157465282296404 0.03960428960438717 0.08961046825271489 -0.009857978272326968 -0.008584301861249212 0.003785311555705077 -7.827527652552315e-05
25.89536457212855 7.707370299058606 -27.7179177614328 0.1775975405528048 0.05029058176757347 0.0476199020555895 0.1013939728613369 -0.02002223084507102 -0.01103885389233827 0.005156780080299183 -0.000139980488041535
25.06212948458242 7.338608553167403 -27.62693892455246 0.1268881247554304 -0.01232632455420934 0.03685938927141619 0.08951372265789267 -0.01034568001166892 -0.02334472954917951 0.009639850590252248 0.0002345363772595115
25.35391933066763 8.111139787286524 -27.74821292928134 0.1306742750954405 0.05146711667104495 0.04425707323789374 0.09829238922409662 -0.02095411812116036 -0.01890386285819169 0.008531061753452314 9.109423551081348e-05
24.60738399922122 7.945077495621811 -27.6646567767377 0.08085274111462934 0.004929985573783781 0.0361843388835375 0.09141179028050392 -0.01450321727814179 -0.03155529570279631 0.01264499160646273 0.0009717711096921545
24.94772083491502 8.579365992919916 -27.79898716539581 0.09173300372946733 0.06332057565963575 0.04235314669669084 0.08786577657410256 -0.02214574288276623 -0.02841812481644201 0.0137815201252481 0.0003308518038747154
24.27123053192818 8.47988102068552 -27.70804562943013 0.04489550766435742 0.02373426371726912 0.0361412143174859 0.08498340886559407 -0.01702244645057992 -0.04207601237900695 0.01829182286706139 0.001986981171702749
23.76908506105828 7.861265670225328 -27.58514817043249 0.02199114416407723 -0.04172002419171837 0.0296575959751904 0.08331330082510599 -0.009631154745114567 -0.05108767226885712 0.0185977898792804 0.003561952885171757
24.20462947878632 7.287490076663754 -27.5785159616471 0.0668114667947424 -0.05686795663253004 0.02983613060948077 0.08352736903576367 -0.006269813556314644 -0.03626130076206505 0.01305837883694792 0.001409152351431506
23.50632230021812 7.170454611206834 -27.52979237538881 0.01910656728075045 -0.09885678563021721 0.02291361069574721 0.07414784211461918 -0.003219417537802001 -0.05810252788040424 0.01813296135495431 0.004094296925604939
23.7869807345352 6.634597908910915 -27.54341211422175 0.05245039444581582 -0.1182264373392327 0.02098860414971006 0.07075441181447333 -0.0006146130035440688 -0.04751455438587186 0.01411508781178317 0.002343852910886486
24.48056497350011 6.778389771958141 -27.5697309809971 0.0985468541124621 -0.07538534033209997 0.02935919791219728 0.07775060989176985 -0.003152720053650145 -0.03280511343230687 0.01241888905876185 0.000775324375201778
24.27975603303358 6.08466726544425 -27.56700203071489 0.1010952657228509 -0.1277415404263607 0.02311972346497718 0.06093746396001311 0.001127380121450034 -0.03898822447012934 0.01477761719567003 0.000786294566463207
25.05590797027868 6.547453620992946 -27.57553089464776 0.1446571340900744 -0.06223444791084792 0.03248845607638268 0.0787667833463019 -0.003372761136358149 -0.02225685360167807 0.009179953287676065 -4.571594732571652e-06
24.97390074108856 5.93499274291556 -27.56691961313966 0.1534671117874036 -0.1036070231513907 0.02753635941118973 0.06111024931680038 0.0006354762339506302 -0.02143413345557379 0.009658876829660622 -6.037783742513645e-05
25.71859504106153 6.166425732559003 -27.56736885379656 0.1997730209244714 -0.05476977320813704 0.0344761162813363 0.07275728096010482 -0.002468522520123985 -0.007320326077518864 0.003465412379700487 -9.820891297070161e-05
25.28024867970255 5.47457681772122 -27.5702511503594 0.1858532756838822 -0.1169292493683753 0.02429107002136654 0.04365355877448956 0.001277349360058921 -0.01318383910712852 0.007340878930822308 -0.0001612174146036142
25.93100457219439 5.565442093414758 -27.55464132936993 0.2284787854358642 -0.08143998268456583 0.03088323807569715 0.05526310931814941 0.0002013849309842457 -0.002753819193092292 0.001539114474708259 -4.666541438451756e-05
25.66001119529201 4.957683221665691 -27.57075093292843 0.2244156147899744 -0.1300664983215878 0.02088983903186015 0.02451139472833235 0.001221448077770866 -0.006146799703861929 0.005242562559078805 -7.930251032215886e-05
26.39222630552778 5.216608180903128 -27.54781770551071 0.2681400853859612 -0.08142471345513305 0.02928605952651845 0.04336926653414443 0.0003916254832381816 -0.006618558235534224 0.004470329558666933 -0.0001108805774007661
26.19713708486481 4.405460779911705 -27.5645317563781 0.2741804424212346 -0.1380101779780663 0.02346586349447876 0.009488801420673784 0.0008949605050546373 0.002364643511448325 -0.005846419731299978 -1.439840134182125e-05
26.86956616928696 4.869460640725864 -27.54147390088836 0.3084841692678676 -0.08080087803038727 0.03450553852727392 0.02734928695151362 0.0004105397685297981 0.008872244219030479 -0.01119413749643213 2.463547323887799e-05
27.11164407331115 4.221779006515105 -27.54662590027472 0.3398278060133305 -0.108152499935134 0.03195642615021884 0.01045346331648131 0.0002988159130418002 0.0002381124855597372 -0.0007278447127560291 -2.429774697642081e-06
26.39544851778222 3.624076466867404 -27.56602114895069 0.3064267343460648 -0.1741752528094289 0.02661094047329994 -6.114653970880232e-05 0.0008597060693806507 -2.57112214167092e-05 -0.01175610048864117 -4.02987532220678e-05
27.0301353166029 3.458697257158753 -27.55122497783981 0.3525478862219058 -0.1556288208662129 0.02916555224747956 -0.002338385934135386 0.0003663169371928507 -0.0002417349661612288 -0.00301758248487315 -1.621178684276451e-05
27.71648775297156 3.706713346724571 -27.54775524434775 0.3919640669217784 -0.1118030670932151 0.02577179175946325 0.004634815389288368 -0.0001547442547758246 0.001462925165035939 -0.008135800341773858 -3.702829067679148e-05
27.42674740855009 2.88925305301621 -27.55227757513431 0.3922553322380868 -0.170759473465311 0.0279879368942176 -0.01099951549108672 -0.0001298871616665223 -0.001144993410610648 -0.00291323452677129 -1.412775560529243e-05
28.24224759039556 3.249474603905928 -27.55782944595437 0.4370797514239059 -0.1157299058101662 0.02211803003710584 -0.00929263786233776 -0.0005201156546364109 -0.005087187363641656 -0.01210671028610798 -2.939446300865578e-05
28.0908595797076 2.458950900214762 -27.5659001707424 0.445726898493602 -0.1667174628109451 0.02093771380335799 -0.0191313617253014 -0.0008338609215223231 -0.00562241353398452 -0.006154312801400342 2.386359047997264e-05
28.74617657721018 2.29194970958034 -27.588360398223 0.4919780886278223 -0.1488407054811398 -0.01313592837577844 0.02299025316655167 0.001073784009196672 -0.008038957203891476 -0.004600319325029449 0.0001521161441608769
27.50730112984273 1.739530597536064 -27.56799843783859 0.4252133967378572 -0.2312205994165885 -0.02399991014791594 0.03165383245849354 0.0013553427680151 -0.00748723317571745 -0.005676778368802384 -8.352747879623105e-07
27.48702430760231 2.318760602548802 -27.55524381418452 0.4098957285339125 -0.2000823056560403 0.02908220908483416 -0.02158312572707539 -0.0006170806131105725 -0.004479084099329005 -0.006034623377541236 -2.532118476803275e-05
26.93139045287604 2.181615657149505 -27.55550350944125 0.3770777247527124 -0.2316150439035797 0.03079494539028356 -0.02368655251035853 -8.850540662063263e-05 -0.002309589044536471 -0.003002601714329861 -2.695119340244021e-05
26.48929104686423 2.831245762963673 -27.56296433538376 0.332100561499912 -0.2148612583535902 0.02962885316040721 -0.01052050266884806 0.0007282061593017915 -0.002531885517526748 -0.007132947251510708 -3.477913251037961e-05
26.10337810654355 1.984048796308614 -27.56390766934217 0.3279672576536797 -0.2788755474672209 0.03357320728099564 -0.02735733332954287 0.0008045770583876061 -0.001775282753001267 -0.002179086373772622 -1.498480741977233e-05
26.58381684156875 1.317761274663517 -27.56500605812134 0.3760067551722839 -0.2939290791578914 -0.02998509267493216 0.04642428444848412 0.001361706480899072 -0.00460756113078479 -0.002975309849196552 -2.314503967051993e-05
25.68488612643088 1.229358003735659 -27.56387764576359 0.3200617547587981 -0.3384177342495202 -0.03599527792601127 0.05081740963789471 -0.0002923630791730555 -0.00481813732558553 -0.003413114821103517 -5.288590163650506e-05
25.99826035543992 0.6905098570276946 -27.57265882550244 0.354238883318035 -0.3531836609982574 -0.03282840329126538 0.07159140865450433 0.003373417159133538 -0.009085363985140923 -0.004164545863915063 -3.328617330088445e-05
26.65452215425241 0.4000634830723646 -27.60843646628812 0.4037503706483339 -0.3399200977411426 -0.01520467088660513 0.06639206949275994 0.005498016346300589 -0.00599027156926964 -0.001378038698444576 7.470572527282803e-05
27.23238409699365 1.002889609105655 -27.58646359575113 0.4255970736566713 -0.282954399771193 -0.01896387052172732 0.04864698630257356 0.002870880756863813 -0.009045328614001084 -0.003529402310552547 5.585226587557216e-05
27.12804069153399 -0.2496130441448283 -27.68856087913756 0.4503913278520405 -0.3539416109613027 0.003608717017527785 0.06031202101544859 0.007156383738013132 -0.003997945591239017 0.0002197189869395301 0.0001642950092543313
26.32702967945043 -0.4356115488310408 -27.68441972561058 0.4044794021896767 -0.3979042044572379 0.001773524875322002 0.07740475209590743 0.01058082606653778 -0.001210280516582778 2.151393967365928e-05 4.547673614567467e-05
26.81378851341176 -0.9567205239848668 -27.78073665880929 0.44881307850893 -0.4041045381828961 0.01551267304439471 0.06584052288676781 0.01076312442325883 -0.003966788533647475 0.0008920652647445387 0.0002602822348471548
27.57767801975233 -0.7968228525953025 -27.77914203750184 0.4926621050470587 -0.3637009691942475 0.01491884271853145 0.05335559949226984 0.007481196845372895 -0.0001906790873467922 5.136928944044472e-05 1.388442015361535e-05
27.28894147093898 -1.445741705751193 -27.88222697004291 0.4912913990656401 -0.4093370856266769 0.02392025980623665 0.05459551255339238 0.009985486952906941 -0.008297554926890244 0.003484597028933694 0.0008248279538007437
28.01140144523575 -1.299191198386421 -27.87194082315754 0.5325542752349467 -0.3718836662128162 0.0234111988854562 0.04607494678822507 0.007050803848518758 -0.006665983140323647 0.003280468564237029 0.0006965507242951308
27.79531181514956 -1.971860615346909 -27.9922072859354 0.5363508327656255 -0.4153179990412099 0.02849445074858916 0.04352685691750076 0.008541596321054555 -0.01218821111629866 0.007676497575092858 0.001540996471084154
28.38990786510618 -1.675708658221511 -27.94196002389676 0.5655851845069874 -0.3759093872597969 0.02718573120060095 0.0419233860931235 0.006671924452771409 -0.003862004867888967 0.00242952206095983 0.0004702743372878629
28.43893277451699 -2.104209433364483 -28.01802017247187 0.5794458734872616 -0.3958742323749881 0.03059311751277322 0.03831693488918017 0.006820824608750686 -0.005892065699016213 0.004550445388934854 0.0008646371922289501
29.03309087897308 -1.777586439449566 -27.97170028518637 0.607927426210978 -0.355411757930614 0.02756479663523162 0.03389422728871434 0.004689980597718951 -3.856028999698579e-05 3.056887718283146e-05 5.713900134218007e-06
28.88858981507881 -2.482724224309303 -28.08818591922435 0.6166435214368933 -0.3971487632951419 0.03367747469630773 0.03265627018647524 0.005779863800538175 0.005096287883362238 -0.005093201240701441 -0.0009178677196684702
29.62703135910991 -2.220695767535432 -28.0528662195684 0.6554690189835776 -0.354900163028498 0.03803277684969405 0.02644294319784499 0.003071018743932557 0.00351498178992031 -0.004957461523960556 -0.000844880731617991
30.11840533906357 -2.544155502832268 -28.11586735652492 0.6935588803483206 -0.3526358241506453 0.05612540775307132 0.01514852133085973 -0.0001222392479999998 0.004379449822401659 -0.01624726748142434 -0.002647848374618411
28.60064153050942 -3.235699952186202 -28.23420662642565 0.6180650054754323 -0.4463512654917719 0.03629419895425013 0.02731477185100588 0.006356102465948416 0.006714058398834358 -0.008570340501919184 -0.001507917135341576
28.13697469285188 -2.593513086576525 -28.11524205223025 0.5733668555616487 -0.4328758336011418 0.03258931240867501 0.03505139008743546 0.007667139604959958 -0.01146416778536739 0.01023991942954499 0.001915438589955275
27.75079152628032 -3.158404527433422 -28.24874004763841 0.5644014699622211 -0.4768745571440967 0.03228424877546304 0.03023153026552772 0.008160926153716016 0.01764126303436243 -0.01793530548385031 -0.003348050630967826
27.40014512162841 -2.593364081924651 -28.13018378568446 0.5282122571716809 -0.4631474849383667 0.02961257655597573 0.03761318217652183 0.009275811954077378 -0.01980030225258516 0.01484943954911214 0.002997397041227449
27.1227172497719 -3.094967810054294 -28.26015588450983 0.5245293157153568 -0.4997919837546706 0.02877785284556378 0.03209140476379144 0.009194759576050182 -0.02478848305737373 0.02101808247989805 0.004226268794445566
28.01179518767705 -3.703858914911168 -28.35627249827409 0.5943389969335227 -0.4930302008114716 0.03539240328327965 0.02707907785536404 0.007887241001820727 0.01270669244665392 -0.0158112152001992 -0.002734448721611376
26.67591153594132 -2.667299994616354 -28.16492735696825 0.4858029841062578 -0.4973029388693652 0.02657567318221245 0.03806456472163378 0.01053486548432046 -0.02522032327079479 0.01657356099460297 0.00373822368268427
26.97319612696997 -2.056214843874692 -28.009489570859 0.4877356667807292 -0.4538387016773854 0.02711832265003872 0.04675850891165235 0.010766453176302 -0.01718140053045132 0.009463064988093425 0.002178243308449402
26.11480763928864 -2.073006863799716 -28.01350859092325 0.4350761605084053 -0.4912835677551085 0.0218014431423413 0.05144210548795498 0.01318588824500844 -0.02008312895421296 0.007967228525002179 0.002122737828934033
26.62648090209454 -1.556135356926626 -27.89288715508075 0.4529003330552839 -0.4429507537973761 0.02204892660179681 0.05995215564008185 0.01262312861445346 -0.01034601574225933 0.003610765691748629 0.0009225411026229037
25.99566711747791 -1.219388736015618 -27.80929795273668 0.4044112516404026 -0.4527753054060822 0.01504127627621892 0.07321219034497584 0.01463849006210668 -0.005593461383405503 0.001074383771120575 0.0003740009270152463
25.32209048090808 -1.727887681773579 -27.91033146332346 0.3761946601668029 -0.5082665437606626 0.01156734037436429 0.06720360079853249 0.01703305908747801 -0.007301161902535397 0.001142116183480793 0.0004521034510144213
25.25395042817275 -1.13980454581054 -27.76803892850351 0.3555576488722189 -0.4812023261492977 -3.904331487689473e-05 0.08726954147196012 0.01806450044721366 -0.009585030441694309 -5.065079631361081e-05 0.0002239774312974621
25.58569985939891 -0.6087655770931208 -27.68120190325178 0.362057446375071 -0.439226467603706 -0.005208183020685312 0.09644069245826324 0.01500625051564742 -0.01715584665334832 -0.0009898156973721451 0.000407011865409685
24.9096953725826 -0.6968636313498964 -27.68009081670655 0.3216051782078502 -0.4738731712337697 -0.01711058699945365 0.1088194500586883 0.01731398618931181 -0.01334241697812982 -0.00207076326742659 -0.0001708021764513873
25.24606949896203 -0.1852400562848278 -27.61678041068479 0.3290904248802364 -0.4324207510988442 -0.02385780489809436 0.1075498894876937 0.01117032980607487 -0.02394613133145196 -0.005293398064576 -0.0001788445413060324
24.6813067228992 -0.1194258629854694 -27.60919990246954 0.2912362916356084 -0.4545651847445634 -0.02343602130218426 0.110807401953609 0.009164256500249801 -0.009857759741864411 -0.002070116130257716 -0.0001792264507205444
24.23835040251805 -0.6839861356527033 -27.67164338200017 0.2785900579038053 -0.5037760323931043 -0.02520132821179504 0.114509862217014 0.01637328332099563 -0.004034677019759004 -0.0008775768979280106 -7.255784399939169e-05
24.00797736245605 -0.07628148906956866 -27.61006750606144 0.2468366154492931 -0.4834136784415314 -0.02733111458062376 0.1107192159736963 0.00676673264200265 -0.001269991625558449 -0.0003116282591899911 -3.0598238878502e-05
24.47571859390887 0.4731777025230306 -27.58351183838635 0.2618285615987257 -0.43333245581366 -0.02754290981556198 0.08872534012146213 0.001128445565060487 -0.008010055647496767 -0.002484514590321539 -0.0001602542995620203
23.87460440081282 0.4563102178594889 -27.59557689509791 0.2233384488807618 -0.462209484254864 -0.02156293490719445 0.08760043978648313 -0.000207867772584226 -0.00321944038042994 -0.0007926625372992907 -8.179963960720105e-05
24.16777699872049 1.005373956402622 -27.59724140402199 0.2271985494066912 -0.4197815966216832 -0.02013855889521671 0.05334319345835991 -0.002141427947643679 -0.001587830199162315 -0.0006008306630421563 -3.437627356056908e-05
23.47698310602271 0.8216606898755101 -27.61509532597617 0.1870891202974026 -0.4620376816234787 -0.007841288868314275 0.05502616035161974 -0.001744366767408618 -0.0232764015692005 -0.003333937315926648 -0.000537032031879032
23.77702342638004 1.499589708733783 -27.63517054383023 0.1877881986599342 -0.4120407923017278 -0.003541247079271611 0.01612265519624424 -0.0009085529325809837 -0.01915013041768719 -0.004235544577066496 -0.0005204775177123686
23.03991875559383 1.303552967695044 -27.64692636101578 0.1445081133190645 -0.4577739162610329 2.398575834448209e-05 0.01878530498906772 -0.0008741340667024102 -0.0453573352011729 3.019870161632069e-05 -0.0005956045885645748
23.34467698203724 2.005923274389795 -27.6778610788655 0.1448699592243149 -0.4056630156628005 0.0009128089814498991 0.01615581622035966 -0.000759709598470192 -0.0422567670083876 0.002332650439528525 -0.001166873035055807
22.93774229618694 2.533441479249143 -27.7092421527292 0.1026984537925326 -0.3969438561622848 0.01751241799532976 0.0377791700287471 -0.001034406996343822 -0.06475709298890465 0.02998947736775276 -0.001039934994972446
23.70308993786099 2.701507840387459 -27.69471082741951 0.1496498278375612 -0.3506787398710231 0.02982582367492962 0.01329739580100848 0.0007972848820051362 0.01837280605423683 -0.04131562269798826 0.001763628064031819
23.27864855697104 3.217240900893203 -27.71362291537849 0.106787959507928 -0.3428421804011384 0.0262463923792825 0.03132263181302691 0.0005643926581223166 -0.05426355737314597 0.04547681288180936 -0.000409018813789592
22.52473972852693 3.038206161268065 -27.70878859868864 0.06038021750385351 -0.3898381648717585 0.0203403961552496 0.04266234123312892 -0.0003029866255217743 -0.09137977957954992 0.04359809651792794 0.004277263173142494
22.83272685541897 3.721395405828166 -27.69975587305076 0.0623443052370631 -0.3367756129984401 0.0147199835745476 0.03786437131656396 0.001081133850567107 -0.08133601042005126 0.03152078223648366 0.003468705202088149
22.00219111906735 3.554179931651158 -27.65378850694918 0.009544452377694993 -0.3877893036647114 0.009841430524242719 0.03589636694835919 0.0005226407137371675 -0.1186369726243672 0.03231718633438459 0.01432713543895859
22.43927199075651 4.230689833569 -27.65523525673522 0.0208260954504508 -0.3278686081301488 0.01469139365022872 0.04168174999366649 0.00193545957512207 -0.1015391043951979 0.0353526812035111 0.009397940553645236
21.84935474976333 4.164563516203154 -27.60410243623097 -0.01876894712188895 -0.3616670795085468 0.01245487123487695 0.05153109835643938 0.002225583188167658 -0.1321403207983189 0.03103561779518061 0.0208894493673626
21.31609143827132 3.840385727957649 -27.53013612545423 -0.04741481400064066 -0.4074748670329896 0.008370524468133045 0.03004777997351793 0.0003444229650663406 -0.1326653350305541 0.03660291480027807 0.03089835381938772
21.44825221025268 4.489775925244711 -27.50240421349127 -0.05714476369884358 -0.3643588578534602 0.009201125200987956 0.04766095664582431 0.003236394892836065 -0.1390767140290534 0.02471101885328049 0.03148919197362362
20.82839612271874 4.267023055056077 -27.36576533542738 -0.09620402974799722 -0.4099633023350415 0.00866206050952858 0.02980092436792716 0.000578633409843956 -0.1241259647217663 0.03527913350859265 0.04119331404386482
20.12999477360965 4.160537233522795 -27.13182904456697 -0.1463666486409101 -0.4546014864520728 0.0005700854296408966 0.001267350493135277 -4.792804286331541e-05 -0.0875079673741803 0.04085370380956468 0.03941209319417056
20.50990293255851 4.841901518783826 -27.18433670022466 -0.1386719371319326 -0.3956754932529447 0.002088557324938957 0.01109003804239473 0.0008053639772327338 -0.1102831576277038 0.0176463908736747 0.04300360030966523
19.8204298967065 4.838294613282009 -26.89753182518506 -0.1936633077720187 -0.4354530928529424 0.003116473018967712 0.009161273597390952 6.527814529812181e-05 -0.06881990827841634 0.02316471218615157 0.03457698078059911
19.39663419182949 4.129232901479321 -26.82338074798873 -0.2036641988494359 -0.4985105290340253 0.01339477706361042 0.02199737326435412 -0.002104966336792282 -0.05140114226656212 0.03408300788342623 0.02908825848561314
19.05712287952638 4.889156958514125 -26.51668393381379 -0.2589387445915957 -0.4782774610632258 0.01916064021851947 0.03010163465956963 -0.003829780226013401 -0.02482970905067797 0.01781724841719777 0.01581688166628322
18.66836072178673 4.045391542448732 -26.49878399491569 -0.2600025234570738 -0.5458811308621146 0.03790420106891988 0.03819933521449759 -0.00924904366671302 0.01609333708813149 -0.01874919680175307 -0.01148245944135028
18.27872616726255 4.669939468650251 -26.17261617304086 -0.3163220410408614 -0.5370876539622697 0.05999295634611604 0.0387491222586813 -0.01946073990912708 0.002334279919628382 -0.004696845080218457 -0.002156047052759363
17.93543357050078 3.901220872638878 -26.20171285385471 -0.3138567555464999 -0.5966383355019811 0.08184994621911539 0.04701217220119784 -0.0219197699110958 0.002080104163167167 -0.004552268632041147 -0.001996171635364204
17.53560149155581 4.536282425683684 -25.87949980096056 -0.3718685039287359 -0.5886219222374957 0.1083177774120766 0.03437711008839244 -0.032780458573962 0.005340566378797156 -0.02459932930735987 -0.008150452527194974
16.7143004936329 4.493070156747939 -25.62518769952532 -0.4340566578731129 -0.6394275786960844 0.144614712929882 0.0301508515162906 -0.02860982047523567 0.007674135051157462 -0.05119759378004897 -0.01516466036621517
17.21110732220809 5.205581799292183 -25.59811317345563 -0.4258727281225811 -0.5753382648361118 0.1354593419404412 0.00839641272584642 -0.04395475403067948 -0.0005413232931130708 -0.06022137638338201 -0.01317197288128232
16.54354366896278 5.288433584000419 -25.39413290879647 -0.4822466287491664 -0.6121623312803292 0.1456141233641234 -0.01309428893899446 -0.03369027028144207 -0.009548228178937712 -0.07335176304930956 -0.01275940183362396
16.09681909124742 4.811333690651247 -25.41540495191616 -0.4947125458535513 -0.6611368682115669 0.1302621973064979 0.01876303364261616 -0.01522164363243895 0.009231523134170876 -0.0808817615144672 -0.02069873214977213
16.42139406821453 6.016125223031983 -25.24912681658308 -0.5232516886997283 -0.5854464981571065 0.1417420666976786 -0.02497422790045236 -0.02864745999184117 -0.01254342291722486 -0.06369760654175562 -0.006532242136532247
16.97125158650416 5.795329829462252 -25.4037270922587 -0.4696703193007053 -0.5613805607121809 0.1554034439689808 -0.01774996079485281 -0.04703415031323906 -0.01010192106367876 -0.06710433987176249 -0.008053168167972392
17.54876447778478 5.905879921014003 -25.58726951745328 -0.4260886681437453 -0.51945346047565 0.12421984386984 -0.01070417486413883 -0.05007966985751292 -0.007164801504585902 -0.05404073936794831 -0.006221067374497609
17.89690736717869 5.280542329539344 -25.85651749532163 -0.3723596199150774 -0.5293870740978114 0.09137206582861523 0.02694466849211208 -0.03481117615022115 0.007172011187782075 -0.03916077044256307 -0.01148632546546216
18.20564238381844 5.995427281073285 -25.86340146541602 -0.3730884211935189 -0.4729941572162893 0.07955937177617947 0.009871530292396387 -0.03682786360262506 0.001489813094775008 -0.04148637718256927 -0.00790177345977101
18.55893989555167 5.422961428058214 -26.15131139755124 -0.3212303700843363 -0.480767269705248 0.04469696972444009 0.0372401394303747 -0.01559697990186164 0.007706001524532325 -0.01187387501459717 -0.006267228969902267
18.81164981443121 6.112913678730362 -26.16099928539164 -0.3238843402987664 -0.4278576759162502 0.02240460435828995 0.03773397628250925 -0.005861078880216872 -0.01343941365162691 0.009339833665483072 0.008756803549779008
19.08397160352525 5.62511562042556 -26.39364715003055 -0.2828724281101994 -0.4371029496853848 0.01467006002119686 0.03276318785253826 -0.002033516219298443 -0.01814097744112679 0.008818227530012653 0.01120424660078746
19.39292818834027 6.184092966987235 -26.46819116508314 -0.2749713821425294 -0.3870037555427783 0.007000864526112684 0.0334611482761907 0.001341713157156011 -0.0394573620441903 0.007373291534515748 0.02199937054482626
19.60168409461641 5.535025244552018 -26.67997575429776 -0.235269603569957 -0.4101578532303911 0.00619940279799804 0.0227541742421786 0.000616901468015573 -0.06128399023935058 0.01580863636520304 0.03276321296861219
20.01990901976222 6.191968699143779 -26.78388328425915 -0.2214243268474212 -0.347988586735612 0.004744347001342699 0.02959544806642654 0.001832591989509999 -0.0871136915320279 0.01137036630321966 0.04190048642153948
20.26345395626677 5.502297316514094 -26.98913074534748 -0.179437682726746 -0.372773153034302 0.002441853046290182 0.01610103642405087 0.001321594259816602 -0.1002755552092893 0.01168405801297455 0.04292749146511025
20.67711211847027 6.153737468873522 -27.0646522209984 -0.1664042310432023 -0.3116136825372423 0.003865931535952548 0.02942119066946999 0.002062133647368908 -0.1229680388603478 0.01291453742773179 0.04627486263895007
21.00337563015457 5.476288371570313 -27.25786657025507 -0.1203656076446122 -0.3324615098298729 0.001953193280899843 0.01953228881492492 0.002015177149208157 -0.1338758749310636 0.009175413501526959 0.04082451655135214
21.31678059255627 6.181029793018967 -27.26158430136553 -0.1172225131596287 -0.2741775200046825 0.004740530860880205 0.0341303604071566 0.002250416272332954 -0.1333520021753553 0.01614704683300694 0.03601767137359215
21.66052190648535 5.724793858912069 -27.38756625471394 -0.07815594820019273 -0.2824460694075237 0.00479417633757711 0.03651892380493404 0.003057728668476277 -0.1233068490178521 0.01402557344643269 0.02582175803425493
22.00535059211739 6.301397973991054 -27.39231551441651 -0.06876705367166823 -0.229854804672787 0.008142393432189778 0.04544327866193075 0.002272076713253608 -0.1076331218646661 0.01829380125360847 0.01983248018888605
22.42789777576847 5.565394749013079 -27.51680841572847 -0.01745670783892766 -0.2514960517898519 0.006072577339994051 0.02956123270165262 0.002283842995768498 -0.09669718920219995 0.01890738426345859 0.01238069957134604
22.88244261009789 6.580803354373473 -27.48673151546365 -0.01160266871581153 -0.1670910869294059 0.01390425773482973 0.05973281071062423 0.0009554012912254416 -0.07859429648969897 0.01816259914075493 0.008260673776789773
23.37421889669101 5.924674503333185 -27.5529874486557 0.04084081842577463 -0.1820406002545481 0.01449056285138613 0.05334700873102796 0.002631846264178725 -0.06534274809988778 0.01755298642291578 0.003972070256191076
23.12833428688931 5.325437116210916 -27.5919967437074 0.03914830495514695 -0.2300747063375017 0.005860757461699295 0.01693560734779302 0.001305373575423066 -0.07836173635883641 0.02666811094299456 0.005836241503782716
23.76466095954005 5.388793217602107 -27.59943487446936 0.08238327370436224 -0.1946881392649658 0.01196262136127442 0.02630188173773887 0.001676035872525275 -0.05632342883940335 0.02548909281020244 0.002007563402089857
23.34718528476768 4.925824262567533 -27.63350208675554 0.06525748857203895 -0.2425705131159464 0.002923142533001398 0.005402166898370802 0.0003782449013955398 -0.06953293491013243 0.03736030475467572 0.003775537531906978
23.95538681617112 4.702054254856975 -27.64112720786494 0.1135142225774934 -0.2256989260893893 0.001320664624960665 0.00192592706396449 0.00013393127347182 -0.04148620376821381 0.02840099788659639 0.0006802837368283214
23.15393333240704 4.387312096421565 -27.66999861523908 0.06628000011421549 -0.2832170895263729 0.01337028794096458 0.02512482640480729 0.001417578581674078 -0.06914558092446968 0.03661570229685586 0.003197821246330297
23.61856175964043 3.918629663344427 -27.68961745303365 0.1109877223543452 -0.2870318697031632 0.01814974476737862 0.02216073623109651 0.001210679129508975 -0.04593666404655507 0.03759903983111577 0.0004264744120548609
24.43847809236269 4.104698430114709 -27.65203818749441 0.1622368824063355 -0.2369427489519157 0.006670331244146118 0.004318489876761596 0.0004260153828421278 0.02152276513113323 -0.03322766636825844 -0.0001657965362883822
24.06227032115881 3.393581398287263 -27.68574932973837 0.1552651595858648 -0.2951602358340055 0.0211306633857154 0.008813961757503602 0.0009878092778039275 0.01954740612851278 -0.04692288435199875 0.0005333512011333137
24.85696607466501 3.551801176795037 -27.64219713771283 0.2049452071814104 -0.2486396748870525 0.001955020659588465 0.0004112090356299563 0.0001077177593905774 0.007877734480681589 -0.03749490259510773 0.0001588324598030895
24.47684033638595 2.867454425019643 -27.65930052836547 0.1972237307827276 -0.3047520108897255 0.009295142148552333 5.29363466924873e-05 0.0005031270997461412 0.0001704537572654601 -0.03718677094749354 0.00076350468083943
25.23340104501147 3.017939139627572 -27.61826854076356 0.244002278418827 -0.2611418366663196 0.01013391259689025 -0.001082030020942945 0.0005560700691461253 -0.003031616865049264 -0.02828266422101959 0.000214808501487898
24.88160167446796 2.34645150662505 -27.62013150269314 0.2380567197026411 -0.3145268619103193 0.01183169807991158 -0.005240435920604627 0.0007783209078741487 -0.007823949308291271 -0.01763728927447432 0.0001843991992678996
25.64758387417416 2.523703319436767 -27.58765895051874 0.2842392804195501 -0.2696771511109163 0.02604095650710465 -0.01116250905957077 0.001283879472388227 -0.005970887954470737 -0.01392594031726186 3.053135246204371e-05
25.28860397955111 1.810788785604437 -27.5827836543584 0.2790360188739542 -0.3250035609304976 0.0299626113379051 -0.02692973756014283 0.001722434856254639 -0.003219141475023436 -0.003582926909686334 -1.938913222032181e-05
24.52093918551105 1.661281904814341 -27.60958828930804 0.2324908626445467 -0.368420791074779 -0.01738147407012773 0.02185491159536956 -0.001628318086783297 -0.006437744127375101 -0.005125336437951584 -7.141855686227225e-05
24.89637982850853 1.108281291456681 -27.57768396195158 0.2719711410910686 -0.3805956962853538 -0.03089402447876845 0.05427556970134025 -0.001481679387438695 -0.0028028910447864 -0.001596684480041954 -4.614712143059861e-05
25.254888280511 0.4628093099022017 -27.57756965394461 0.3123742805280911 -0.3983302116862292 -0.031367389607084 0.08446085465366628 0.00310212442557408 -0.01442416836169612 -0.005349434117599436 -0.0002033223646245505
24.11767656573596 2.182854970328241 -27.65465966810123 0.1915903845056156 -0.3591939626990747 0.00822034347404675 -0.006291149092535606 0.0006649331858531976 -0.0134130217700275 -0.01751432876949302 0.0001118795564863196
25.88382392217746 3.136038566890167 -27.58637637672566 0.2844048811992423 -0.2248357085644702 0.02264599808276537 -0.003716498872511669 0.001004270552311905 -0.003203001834272479 -0.01952122131686447 -1.535802888324405e-05
25.64343214359432 3.667422274852726 -27.5983662320451 0.2550249798894673 -0.2056802157361917 0.01426967470718324 0.00161719971043363 0.000697529113714438 0.002832288247773246 -0.02498618177103686 -1.173577930790281e-05
25.27801073559791 4.251952238540088 -27.60700787058489 0.2157253407454791 -0.1889805073140544 0.008646032901305547 0.004044500722563866 0.0004947856302628518 0.01049046521322748 -0.02241683569378981 -7.275721087254064e-05
24.85686543486189 4.814696307915942 -27.60603088871337 0.1728802812886422 -0.1759294491584363 0.009980550696777304 0.01198460944465979 0.0008096601547976754 -0.018717863617096 0.0155929286493086 -7.481311048977944e-05
24.51917358109434 5.398278833117588 -27.59055451864 0.1349343755269192 -0.1574852135177196 0.01659001060580256 0.03162548086184072 0.001612768236393287 -0.03025088370514858 0.01586394196717973 9.777500781722335e-05
22.75591621304867 4.854771728778663 -27.61995169346844 0.02564333629493638 -0.2762439773054592 0.005794546840041857 0.01495073665804267 0.001063638819981454 -0.09015861688554427 0.03435161676224151 0.008317064420939553
22.07884619313654 4.733062826680125 -27.57501163635915 -0.01891082024545405 -0.3177470318618382 0.008155186555969907 0.02934823420753848 0.002244265676563586 -0.1189882335615229 0.03167833210420717 0.01812090840481643
21.60409033914927 5.131224538945675 -27.45055130686977 -0.06493507653351648 -0.3198142966379907 4.76176351474827e-06 3.387470061713901e-05 3.534502411228593e-06 -0.1306261284988005 0.01551732470691874 0.02726437634515697
21.06845032377676 4.835752067645261 -27.37003583046934 -0.09563655647223157 -0.3651998121076681 0.003058726311340376 0.02537124681134866 0.002514082661871952 -0.1392016082531077 0.01282146406234609 0.03996809415217787
22.22066514173179 7.001929398312243 -27.38455086431927 -0.07143574997590139 -0.1757800449713622 0.01251752619943421 0.05439106558890817 -3.312442482942713e-05 -0.09943048350538601 0.02289365522452383 0.01770960820802524
21.58292388672996 6.791258154644841 -27.27180394598064 -0.1140350193304146 -0.2230464125077882 0.008277561273885297 0.04614664952506466 0.00143522556841045 -0.1238918396331918 0.02126994211780656 0.03064725889603568
21.7854835506098 7.300336737345247 -27.28839120045472 -0.112156672964629 -0.1807556946376378 0.01104066283339935 0.0515753485291881 -0.0003612267441688685 -0.1149215115563423 0.02479239826970589 0.02731503244324272
21.03938925987751 6.670492233678685 -27.13378539780639 -0.1527971835714219 -0.2605117761419842 0.00526699692760504 0.03744039483183254 0.00192080684085427 -0.1331126750743267 0.01646792740413815 0.04401189373694717
22.2218487515964 7.566972422481044 -27.37053734436359 -0.0857577676108992 -0.1404766581870861 0.01590471468218064 0.06057098595050443 -0.002257755557709778 -0.0996163801169806 0.0268762858758694 0.0192904101633466
22.89500179743496 7.505219426798329 -27.47489938379593 -0.03385553124678738 -0.1089114765977645 0.02065450840900063 0.07051664695192335 -0.003641400184043463 -0.07980087726013946 0.02389487664390969 0.01008916570174009
23.20301500661204 8.17757092384811 -27.54411540750548 -0.02687387932798932 -0.04988809448647959 0.02632934664883854 0.07796813401794769 -0.009630019374553588 -0.07134708136968969 0.02507497010246273 0.007946670583198447
23.68394345785567 8.475985339074924 -27.63666436826371 0.002002109942614891 -0.005801117977035436 0.03174866938804102 0.08062084568769265 -0.01392364444944452 -0.05637530152922061 0.02301433939155119 0.004711029143716908
23.9817331861855 9.017981678187249 -27.760484140841 0.01239360282237426 0.04553691660004219 0.03411626762835445 0.07073466089753974 -0.01760314497300506 -0.05456226803265353 0.02717899813762365 0.003467350764948939
24.60483603482572 8.995383473403361 -27.84343836436839 0.05836098580291882 0.07486489447441233 0.04017992545605274 0.07425538106930499 -0.02105577505369102 -0.03890285645372123 0.02128550478678617 0.0008287226099627493
24.52381133256221 9.647878649909758 -27.9803039796123 0.03949868474540855 0.1160057595119986 0.0331766376137897 0.0491169185728813 -0.01750030501075301 -0.04562047647338213 0.03109228590789066 0.0007784584010634096
23.59841491375654 9.660138538172269 -27.80844786345468 -0.02893424760475424 0.07006698360976241 0.02644318455185 0.0517951434663189 -0.01461962751599553 -0.06198010409149119 0.0335816511937613 0.006868513597402226
24.11741655611349 10.24505506225074 -28.03795278715969 -0.001681946441176922 0.1375106176020504 0.02359071834122934 0.03611387984444799 -0.01332114480415564 -0.05073782658856406 0.03444636398312965 0.003531984252076885
24.81807443374848 10.4386472398428 -28.23973921488862 0.04618677974912656 0.1866202168179759 0.02234569639822769 0.02582121250783672 -0.01159044998375636 -0.04031508225924459 0.0347957062733236 -0.0002071759417679483
24.18028386539708 11.00917541153795 -28.22914926782138 -0.01089454696582139 0.1950794149383028 0.01441679004241481 0.02330296635034949 -0.009135010626257123 -0.04332269116065253 0.02856562364382385 0.004498037899940919
25.15255697958998 11.26292529464474 -28.5381895133102 0.05596988815358772 0.2625286403501407 0.0002113160997509405 0.0002232912374760105 -0.000111236082636543 -0.02862168022193351 0.02701328100778682 -0.000147370240960876
24.49323278598309 11.82901399817746 -28.51217960303745 -0.001893235321100579 0.2702237377227831 0.00249112817261137 0.006714960290872767 -0.002345802179582945 -0.03630716363426707 0.01559440605786604 0.006083215100396725
25.2067452969581 12.11921924807353 -28.77355712614349 0.0453518030544646 0.3270996243781624 -0.002974032507850873 0.01328747080047714 -0.002581275770753692 -0.03610891685155781 -0.006049884193497389 0.01046049913704819
24.65367508770043 12.52421179934623 -28.73074803677034 -0.001590861611468031 0.3289544438086591 -6.757791410951987e-05 0.0009211497483927587 -0.0002109137872661101 -0.04331118784423887 -0.0004450537434448286 0.01193339999697695
25.20950105468005 12.75886457389245 -28.93179609117108 0.03494616043786756 0.373585116955797 -0.0001202164628308709 0.0003415997480744615 -5.296517919660275e-05 -0.04954780230843757 -0.01504069410648576 0.01545476158750639
24.75939510835243 13.1636880174273 -28.91644708857129 -0.004212758039240571 0.3809127920790369 -0.0039517029068696 0.0152172826954389 -0.002727128007951168 -0.05440416286667878 -0.01112205254304747 0.01677283600609124
25.52599125285078 13.39780237919179 -29.14973379414563 0.04718405121634981 0.435071979449528 -0.007016801765853616 0.01724325652599061 -0.002589161084370138 -0.06133440731044937 -0.02232113094148204 0.01756645850422606
24.84351046672065 13.85266269415469 -29.11262564483118 -0.008976828452317259 0.4356375480298796 -0.01065529354146109 0.03131119735005 -0.00576523281068256 -0.06455536043691268 -0.01829732205159755 0.01993766031133207
24.08191003848032 13.5265535771099 -28.82155501592487 -0.0592358371136595 0.3738511912613702 -0.007385965595337625 0.03450719213021166 -0.007190841178502368 -0.05165114911279457 -0.00747077787736255 0.01720216587459553
24.23114335800942 12.89702435422934 -28.70356170977924 -0.03854594329474923 0.3348753101172627 -0.001455562280286061 0.0139101538422698 -0.003073082365909917 -0.04562366150664912 -0.001714180266104744 0.01385044866837301
23.64321607991008 12.89668422070548 -28.51927111529818 -0.08204369648657976 0.3045099809785009 -0.0002338362622344152 0.0276469060919562 -0.006893321947331579 -0.04077658462328901 0.002788750091508907 0.0125680124460766
24.01405337643036 12.35326682389075 -28.50221866869768 -0.04590900241658439 0.2838089300294972 0.002490844910877299 0.01371877736585748 -0.00411181456052924 -0.04015553193492776 0.01018944694812145 0.009671046982646538
23.32023641366758 12.26594219732778 -28.26029215029623 -0.09631706291080298 0.2410248319539101 0.006558382039110956 0.02941660079897686 -0.008914730476103744 -0.04128217463477785 0.01248670396009027 0.01083286962939318
23.74314988289379 11.68943589657638 -28.26302858059607 -0.05512747328893037 0.2213783189024028 0.0101266065084839 0.0251218236894056 -0.008722381085066289 -0.04313883694907031 0.02025966693200988 0.00826720971623356
22.97933405347151 11.55334386076128 -27.9963659001793 -0.1103422773066674 0.1710135458875291 0.01170807728953706 0.03408528740373326 -0.01046951545299751 -0.04947402809788212 0.02069407546528209 0.0120461892969311
23.4742027602678 11.12498140995559 -28.06257725107236 -0.06553916025465394 0.1666643698747165 0.01451868008696346 0.02991226843143521 -0.01023093417622225 -0.04779907547467599 0.02608892931224645 0.008444934736068723
23.02220923088651 10.91331608129139 -27.89029440343955 -0.09587547638089697 0.1275944506927941 0.01389668985301715 0.03204727959369544 -0.009964296012516581 -0.05543399390625032 0.02759213962264513 0.01143121323402152
23.44867303306436 10.47302911817105 -27.92630146848525 -0.05567324613725511 0.1190514755463239 0.01822528266891515 0.03479841643463316 -0.01141910177528483 -0.05543344443632813 0.03175664227304944 0.00830106168461776
22.73490307743581 10.43077953585534 -27.72409319986377 -0.1089167379984287 0.0780896240278111 0.01511826271867349 0.03753704626529155 -0.01028597064800009 -0.06522756800899723 0.03018606955246104 0.01428823634903639
22.48397432633292 11.01107239625497 -27.73781554370152 -0.1387914725436385 0.1053111537902352 0.0112416558175179 0.0344251842629136 -0.009300973691058879 -0.06345337659737392 0.02533770173724002 0.017087891678373
22.10105623625669 10.48076950832539 -27.53227591230849 -0.1588019090157043 0.04673113123291104 0.01130927472125759 0.03791790173700265 -0.008839142747733508 -0.0742592330857957 0.02720165708392111 0.02167763303559394
23.00950603877999 9.955469183928543 -27.72329740710171 -0.07895642272939429 0.05967344632463428 0.01935342247122208 0.04574466885728671 -0.01213031761513367 -0.06633558325845967 0.03119833798295403 0.01181643191875036
21.86263281166302 11.08678874069685 -27.52746889134758 -0.1885821741460432 0.0758849627384089 0.00831807064144717 0.038259074308174 -0.008620331558949446 -0.06918761796437256 0.02036570040084946 0.02362616215400174
21.5620321458975 10.61362008777662 -27.35215516157018 -0.2038620971858983 0.02530923044216607 0.008804844793885689 0.03926092449981598 -0.007937576607237977 -0.07877670291242107 0.02338154030109086 0.02826608888763768
21.0536315794053 10.37080224963843 -27.11569772014589 -0.2405604835991692 -0.02164259242931702 0.008071883165285417 0.0444172393382932 -0.007455520450917617 -0.08150205944729878 0.0205314696655472 0.03407892208001423
21.18792741909328 11.17629425824664 -27.25958956204563 -0.2441858747227642 0.04287518197584426 0.006017675024532789 0.04498120680138497 -0.008434293126993574 -0.07139924412983197 0.01519087172535902 0.03007321308163846
20.50277974942972 10.88060312739723 -26.89570195798025 -0.2960554056397613 -0.02013699102159083 0.005127353691031673 0.04853872506038441 -0.007235160189886309 -0.06464767630532646 0.01159885879268782 0.03199961164030535
20.45415931710556 10.07909839046126 -26.81220614399904 -0.2852418442019171 -0.078645343918396 0.00653944392828667 0.04672901385304173 -0.005837587167743156 -0.07347395876863275 0.01476119831897063 0.03585341017851904
19.91471894779874 10.55187096184173 -26.55195496818824 -0.3411556460508142 -0.08099847764827793 0.005052050360379118 0.04884145821192432 -0.006151382008377938 -0.04752207515366998 0.008215508263250213 0.02620118314936066
19.88757148602818 9.776063873022268 -26.5011043778725 -0.3285661042909968 -0.1356237901771299 0.006348344157127484 0.04673766928968599 -0.004710464933969809 -0.04877358314123308 0.009308376217655342 0.02662588926699324
19.37276496418517 10.2308164365357 -26.2175748064819 -0.3841041976642715 -0.1395820167720786 0.009378435411884182 0.04781032496331764 -0.007417590942132882 -0.01465934993754677 0.004186687607807251 0.008450874275583078
19.32072482794429 9.46430050887302 -26.17215600174432 -0.3733440792221126 -0.1943560324959162 0.01064223189362352 0.04434483997100273 -0.006144781297590012 -0.008123242699893918 0.002593890260662486 0.004650485442365964
20.36633972871852 9.411445944823967 -26.7450181637547 -0.2788442255037522 -0.1289538182857655 0.006851281867111174 0.0491838734754592 -0.004316828222891875 -0.07809721293749786 0.01422716978900521 0.03814868033720079
18.7942689525611 9.953142239949466 -25.86928191125862 -0.4322096901934123 -0.1983373656091312 0.03545521771562907 0.0453514903495876 -0.02081868821776635 -0.01320803143862655 0.013700543009751 0.007351395642154208
18.72470751660865 9.168906588947532 -25.83583991194153 -0.4218677788570306 -0.2544665970289471 0.05016448660943999 0.03269635528210434 -0.02643231456604153 0.01026201128251148 -0.02065744852548104 -0.006077210841377237
18.2065800003522 9.631080957911047 -25.54686686304937 -0.4805132264286761 -0.2607808157196971 0.1000092464927617 0.03988677929921872 -0.04982089625314379 0.007895731231659235 -0.02550755933987394 -0.004571741497912118
17.69382393861881 9.426671324087069 -25.31477116059972 -0.5238601809678025 -0.3100342482838534 0.1752779228996368 0.03136885718673316 -0.06737978893983591 0.002806282574522388 -0.02031067980790681 -0.002155593477113049
17.699089420916 10.03177350916281 -25.2956108044907 -0.5360894652661419 -0.2700864261772353 0.1827041910397218 0.0325170755331062 -0.07677711774610654 0.007007291930665955 -0.04878996945262002 -0.00398876028910093
17.16427581056183 9.750044060992394 -25.12453943024566 -0.5796719837564673 -0.3261213575297685 0.2167968077109233 0.01010639521569579 -0.05646953984273423 0.001148515265383242 -0.03777320853560844 -0.002350940546941311
17.32894658374842 10.21994182524261 -25.14535797079446 -0.5737601295463479 -0.2832845396917315 0.240647523993754 0.02776075039226534 -0.07511571910128835 0.0058552310363457 -0.05801789654979882 -0.002683506135692519
16.88608173120204 10.42261691438689 -25.03888379851279 -0.6172826608031201 -0.299820909036096 0.2271234826468052 0.02169077302834672 -0.04419421411698591 0.003003869567441404 -0.03374813192161916 -0.001126250416779548
16.58387248302708 9.910382644570586 -25.0018696488421 -0.6366776624898562 -0.3567255819752327 0.2005415463744524 -0.004697660698118696 -0.02663296111941022 -0.000865484144095046 -0.03125554416294398 -0.001003928443665555
16.45078747714178 10.90430893544525 -24.95877732494376 -0.6633344457115873 -0.2952115523223491 0.2188137543220393 0.02414217782966658 -0.02221322126064236 0.00218586468889878 -0.02041714333042347 -0.0006580336038363939
16.93781067814801 11.10433226988611 -25.04156610159428 -0.6210942077027013 -0.2467480023712898 0.242201310141065 0.04556592156422911 -0.05839582789667246 0.006458577068448481 -0.03611654214564763 -0.001394067040175193
16.38240891831044 11.46727295594827 -24.94797228399804 -0.6737459807727209 -0.2564734958475471 0.2267244531098922 0.05142723208204555 -0.02434062937068796 0.007353738754742848 -0.0327704917381938 -0.0007404609924532789
16.88836633442775 11.75275280669867 -25.0430816226458 -0.6306066732330848 -0.2006113686791504 0.2371462516998401 0.064255513608626 -0.06278847693919826 0.01532517609787044 -0.05792188000028187 -0.001393441672905682
16.32057692271761 12.09906836247889 -24.9489338117357 -0.6808441185591774 -0.2092264589019844 0.2255851246553028 0.08917979016630163 -0.0326651124074348 0.01811223086738128 -0.04613677045927309 -0.0008760922095725989
16.82043695664419 12.3936054645026 -25.06926224454328 -0.6386817616682894 -0.1537693589314908 0.2254362813817658 0.09337472570897092 -0.07083218048337932 0.02731354716963644 -0.06652905745376642 -0.0007717958953182093
16.18925461792798 12.79852566289968 -24.97515721142109 -0.6904080013364891 -0.1576626503316774 0.2167420692379077 0.1130452716345215 -0.04520326121003004 0.02464404230386165 -0.04716935267756797 0.0002019420019913358
16.82298523558674 13.0369133637753 -25.16006819339155 -0.6384206644419311 -0.1001529585797702 0.1957198393048044 0.09106762222538109 -0.08005448283461844 0.02594816394389276 -0.05497606048761643 0.0008997793362335968
16.27149292561742 13.50003517570608 -25.07744056936096 -0.6803778002908579 -0.09158491729829066 0.2008233130930893 0.1120175332031909 -0.06777041888699768 0.02959833413337094 -0.05212903902088276 0.001544466819692828
15.73506506388085 13.32902132983596 -24.95855922067069 -0.7231369203991198 -0.1359175996029215 0.1982835051351953 0.1273333069554374 -0.03470172362631443 0.0241118123000192 -0.0372073899140608 0.001245893648901859
15.62568377541496 14.02307450577035 -25.04652261775333 -0.7243983852636974 -0.07735619720126848 0.1754077235777008 0.1418597291124016 -0.05274219198481424 0.01008153199658997 -0.01229853363967033 0.0004495817523290452
16.31918913088862 14.07226164444903 -25.20756162007405 -0.6733167090685401 -0.0383239561947803 0.1750455562721184 0.1134963960921303 -0.08093497581268026 0.03675349441903705 -0.05476363776843549 0.002694265979851855
16.03877560832379 14.67337831174127 -25.29456840204952 -0.688830770849115 0.002302716037266644 0.1466486454058769 0.1246249834292667 -0.08356427866067422 0.01806373679039119 -0.02088319288800056 0.0005559189214156463
16.73613814747411 14.41827119696594 -25.4683400002762 -0.6400069464918681 0.01525510317917281 0.1252779867778547 0.08858272329565209 -0.08372297678030838 0.04060894523928586 -0.05591732829545942 0.001601683194721292
16.52185557389624 15.21768693239765 -25.68455767773783 -0.6502837444906199 0.07713697827256422 0.08827653435827777 0.1113703888378667 -0.08844949456164093 -0.04287903930848872 0.03707614309823468 0.003888902795858514
17.23489207306153 14.77121901420237 -25.84848492003086 -0.600466792597633 0.07573129618485955 0.05684075104883302 0.08833096880909332 -0.06789234614957992 -0.0504285000603239 0.04016285587788662 0.01003397570969044
17.10918322654409 15.48936294693205 -26.12255399294679 -0.6059511257864397 0.1354730971501145 0.02471489050857801 0.1133085801151762 -0.07559204498236773 -0.04696104796891993 0.02083178628861016 0.01587181517823913
16.60267849277128 15.82759903415715 -26.02097630080096 -0.6400703569401581 0.1392325532897846 0.03358460126106607 0.1366568134393651 -0.09712113860528453 -0.05917971973331849 0.02645466688896772 0.01675930915798078
16.91771066953572 16.13964427074064 -26.41137569173112 -0.6148159328728867 0.1891230773436773 -0.01675538686902704 0.1161658993568193 -0.07172130392519098 -0.03821103965421253 0.006196619552702013 0.01896335622682453
16.30980050616395 16.33819677764946 -26.19683400763103 -0.655148736067145 0.1755579891729638 0.004137417493854592 0.1281225952985732 -0.09486460401463109 -0.06138834342947781 0.01759493903306575 0.02108605277795883
16.07329734669384 15.878512099702 -25.7847536818869 -0.6757908518347345 0.1166685348952748 0.04878808582266565 0.1587447476649518 -0.1075916848870077 -0.05993575348142767 0.02740951164999438 0.01326278445493703
15.77077396108416 16.38958042298812 -25.95069207999331 -0.6900774771585323 0.1531629285911803 0.02121947471898054 0.1468892712928562 -0.1107036188188151 -0.06559793120634731 0.02180767464238587 0.01636224554615363
15.82177687076576 16.92204652973462 -26.40102808933583 -0.680133841571158 0.2140342783130545 -0.008980496435422949 0.09480104445603957 -0.07679226434564149 -0.0594860812072434 0.01198048576528591 0.02174668396756986
15.17825426974789 16.69536154756291 -25.90306096959838 -0.7226439103003248 0.158410446704366 0.02416615263760139 0.1337571260825373 -0.108362899979808 -0.09326106867812878 0.03072261974902929 0.01712401664112941
15.39038261949549 16.02588509486202 -25.56695144594356 -0.7184176977479672 0.09907141695050987 0.06807994455287734 0.1951774471001325 -0.1267718497938018 -0.07811267858516338 0.03558204467324523 0.01283333656185055
14.86445301682751 16.30632672131642 -25.5142366762003 -0.7466368849745533 0.1047255159255623 0.0719995869632982 0.2133809153105337 -0.1448397937024587 -0.1118000559223867 0.04529922387664213 0.01116013744185384
14.8514110897249 15.8947655719376 -25.31457623538389 -0.7529609368141056 0.06432086159866286 0.1046868115137789 0.2334679148901399 -0.1187021724556236 -0.1055716164800655 0.05171521577555083 0.008608837213488946
15.13635663217375 15.52693404144691 -25.26942285357343 -0.7402225497788839 0.04090785311615591 0.1298493904231409 0.1849005829975893 -0.09666141210801929 -0.06400773173181022 0.04685779447192696 0.003648493855054654
14.42736826389493 15.3996741376981 -25.08696991196481 -0.7844650026336774 0.003576601025771184 0.1189465957937836 0.2048086109310022 -0.06635237738042066 -0.0591810396051095 0.03475962429821218 0.001200969363593659
15.19024023029202 14.87025881760696 -25.11928637310773 -0.7446363829689089 -0.0179234360872456 0.1501863985250408 0.1616943914850547 -0.06732493661945155 -0.02055634784380814 0.01935088564277006 0.000618579553226356
14.59636461236279 14.80697043977577 -24.99115469548864 -0.7840587318555371 -0.04761836426904426 0.1532036957750591 0.1774681554665467 -0.04416987415446075 -0.04518067455105963 0.03921145346614786 0.0008362713653637811
15.74202420796228 15.37856485708776 -25.42413401522298 -0.7026885337510148 0.05338513347728309 0.1093879850979846 0.1583754510454965 -0.09785890193935444 -0.03557606521086926 0.0265760599307043 0.003243459523004303
14.36109142797408 16.14246790022528 -25.30376713991722 -0.7770818967788027 0.07173879181636973 0.07287673858228966 0.2428129530697057 -0.1217713950706271 -0.08577817136353554 0.02858361298416024 0.005660098639409957
13.70630992609738 15.92049862776116 -25.10402003050363 -0.8154547635192736 0.03211519478428041 0.06610858885739183 0.279298786766721 -0.09559987056761846 -0.06491056665085658 0.01700509164966649 0.004794520125032425
13.10339735209425 15.80071433996884 -24.98842213530122 -0.8478360818921276 0.0070737102717278 0.0906663137267088 0.3237389715894279 -0.07716339295110006 -0.1307155722221826 0.03718486034154431 0.002419403274862498
13.09912746514736 16.31410542221716 -25.16507713166959 -0.8379456509782715 0.05639315259598303 0.06630432017359814 0.2755363656228101 -0.1293334985445302 -0.1185401608739147 0.02822234408858464 -0.0006451743858156502
12.62487219681324 15.99705291084869 -25.0200490382943 -0.8654939241972813 0.01829756725178959 0.08402839734909918 0.3282367018480259 -0.08978728927629587 -0.1418302059618684 0.03316630219909496 -0.01148678465132016
12.31429259515035 16.51809173852487 -25.22739234387441 -0.8679475500806556 0.06485109652247158 0.1006944471129945 0.2541221178017825 -0.1116296352111946 -0.1146375676786869 0.03772686358148936 -0.01752344725247913
12.26061378630831 17.12166742658107 -25.54724315099019 -0.8594657923424351 0.1225607236754841 0.0737512214004411 0.20711602845008 -0.1409100023160275 -0.1431944268807228 0.03715233696088992 -0.02033865129590487
11.63573819263488 16.90412318498079 -25.44564435528167 -0.8864501303798182 0.09671327095784456 0.07231296497325479 0.2424306011027014 -0.1274261227761392 -0.1536356572109 0.02779505577474748 -0.03430597843002264
11.78020169603557 17.4795493824118 -25.83199382465668 -0.8718345972361682 0.1549929910226927 0.05566943709521049 0.1876893904786308 -0.1539174582545631 -0.1635548708008686 0.02259732027057955 -0.03159960136285943
10.9536945662836 17.26157130930411 -25.80634520958643 -0.9032462063383647 0.1322326704646939 0.04500414756632819 0.2267254767529319 -0.1517774244874305 -0.1373268555894419 0.003622607740992798 -0.03530788998890565
10.25770796808481 17.3243553068533 -26.048447501286 -0.9232073757002001 0.1429549243116658 0.01734306594652487 0.2408270014657478 -0.1820467214416017 -0.1438100767917103 -0.01973408867308432 -0.0398063144998529
15.20028442324277 17.21310666448544 -26.33220770919136 -0.7146897126233436 0.2162265372023814 -0.01646808036228099 0.1014482320546728 -0.0834994387651396 -0.09137661146656956 0.01178203131057155 0.03233630868980085
15.473541769129 17.52867729182532 -26.78197643038651 -0.694455581832424 0.266933957897832 -0.06070169107639597 0.08325157929451719 -0.05295940729530701 -0.04848024562172543 -0.01149770857890727 0.03749344256259421
15.08441360427771 17.99005354206371 -27.09016557194902 -0.7119850045760757 0.3060069668196883 -0.0879071790368401 0.08037532910412472 -0.05240510189304102 -0.03769185018646384 -0.01682317833197109 0.03742413728275011
15.69710030539554 17.91164578355172 -27.31811637543817 -0.6767995361286292 0.3259493357937289 -0.07316319987232009 0.07579115082344867 -0.04513185038822227 -0.01241663703540192 -0.004768663965251903 0.01212045069371147
15.30441282281461 18.2756120785791 -27.54320957096334 -0.6966172975630313 0.3540310142870666 0.09508005636775733 -0.0759749803744502 0.0491075021749767 -0.01046292976495565 -0.005409963227383776 0.01188808381490778
14.74034993027738 18.40862171724127 -27.46565718822519 -0.7268217892728098 0.3477484614636014 0.09519557733846438 -0.07094951831844859 0.0564956427829084 -0.02167495647234436 -0.01062684451690613 0.02317684038896357
15.19019179776656 18.6491099653082 -27.98750826001917 -0.7001140513713934 0.4012233938186285 0.1005966616538202 -0.06459057584162285 0.0449527251605028 -0.01049722060292527 -0.006823622619645595 0.01368645911393439
15.80473630156883 18.32382052556257 -27.86077781880102 -0.6667345844560745 0.3849187469199636 0.08271637850702011 -0.06965570782516023 0.04195195641958258 -0.01636458325662245 -0.0083641568058826 0.01837835147373836
15.79090737340681 18.7876099537565 -28.42505058160818 -0.6649942492340425 0.4458411086701493 0.08903813723330316 -0.06204490443332947 0.0396716966019247 -0.03348224632079299 -0.02195056387984296 0.04081691339938597
16.3389576140741 17.85421790537883 -27.61842260895231 -0.6373834291460841 0.3526363641870614 -0.05753153058166463 0.06378508728384677 -0.03541270275251084 -0.01406651019952099 -0.00523406188774221 0.01342492186165144
16.14892786636276 17.38824669208689 -27.02447213681893 -0.6538622117683157 0.2857432215200801 -0.04596002087133979 0.07053816681358771 -0.04293607994276354 -0.01596499575513799 -0.00297087431504904 0.01220864854916053
16.57932744513236 16.77135373318625 -26.70711717718864 -0.6319867397048787 0.2382367922210309 -0.03524196022004015 0.08482336190963834 -0.05157684917171695 -0.02629355244831082 -0.0008676861832760224 0.01653913110199588
17.74272465222743 15.08702637796997 -26.29298599633064 -0.5600700439583164 0.1356988300782006 -0.003646540743388116 0.09791247242111417 -0.04721754911149625 -0.03142250453699996 0.006540455638713646 0.01598930142726789
17.84888183188571 14.3453924119081 -26.02273507384201 -0.5538916792890874 0.07480917172054 0.01008943441673755 0.0976639917264967 -0.0441607773828002 -0.05298788251274115 0.01664588741657864 0.02470712949595387
17.36173443713155 14.01383652393044 -25.63373106206236 -0.5933094311196789 0.01575131839024254 0.07684468551383813 0.07814808295134788 -0.06423391634317109 -0.0521809419609288 0.05808392095313125 0.008240490820356038
17.95639683508869 13.61884086824762 -25.83992658172276 -0.5452544621765634 0.01910540895492406 0.0228576307773586 0.0875437717195497 -0.03828579730671854 -0.06440880615130615 0.02934006242867735 0.02863482269661558
17.46255618522461 13.18530965183023 -25.46195680615285 -0.5857604835205393 -0.04845378706204118 0.1213160736086247 0.04612957122548685 -0.07038721987440023 0.02776834576132253 -0.06937931208229793 0.002391183518755778
16.8445628171052 13.70973764460941 -25.30612386301164 -0.6350128997185301 -0.04128893420604497 0.1583404149456235 0.08565652759418593 -0.08379342384797531 0.03567103649594167 -0.06449149343164143 0.00148041848505067
17.25655618359553 12.61792150315599 -25.24557800534227 -0.602602368576995 -0.1085066156762576 0.1897813818905048 0.06920153864954598 -0.08966533337156574 0.02850355681082951 -0.07724411609625106 0.0007141301154109445
17.74978463126887 12.4197398902881 -25.4539117923092 -0.5593542900736282 -0.09216787098769347 0.122075828549748 0.04578044507522599 -0.07189473203599105 0.02718556442201998 -0.07570023865785204 -0.002043130455971647
18.14483634472593 12.86582644299244 -25.76557182368861 -0.5269191386972935 -0.03013004152352752 0.0152738362432658 0.07328204919604581 -0.02458767393317113 -0.06210942449841722 0.02356799237007871 0.03166064425124879
18.33182408552582 12.07911806346324 -25.73940864604448 -0.5051946334559979 -0.07890322222999144 0.03454727229200023 0.0662936982093138 -0.030391616751962 -0.04183534229087596 0.03132124285683929 0.0207657284273718
18.76969719603413 12.56227358591388 -26.09578799455885 -0.4700847367529983 -0.01156007405480129 0.002037843665237616 0.07016686732050481 -0.01458402333991519 -0.01296129940502524 0.002004979228593607 0.007835287078468253
18.52844640048627 13.3340687875723 -26.11188082497593 -0.4961395834668014 0.03322882224217615 -0.003694754188427643 0.0882558048057272 -0.02082374698569046 -0.0313004197282733 0.003169590713197219 0.01898707934072849
18.31939032988507 13.9537959497737 -26.16374115634283 -0.5157194014631804 0.07083277336171803 -0.01107408545621379 0.1013104021860025 -0.02812210781604953 -0.03957950280107352 0.00235774683820005 0.0240796700302065
18.81035777722748 13.86439037194178 -26.45397140590407 -0.4743695716747736 0.09588987228982636 -0.01451099044878514 0.09493842183359877 -0.0225529637246936 -0.002797462888862173 2.79447208489753e-06 0.001811702467555102
18.40485850426593 14.59320013594519 -26.4758756628241 -0.508796151011402 0.1325137857347954 -0.02262723513097363 0.09642981961126088 -0.02817145245736729 -0.01494429454819188 -0.0006591452495179048 0.009746988001963133
19.05382475411567 14.42222402274191 -26.81767437217679 -0.4560596616437045 0.1593572574420616 -0.01981128755934989 0.09500408982903767 -0.02594851084386426 -0.00902026912290379 -0.0002754161926432255 0.005878467618745528
18.76040400046943 14.9963425302037 -26.88603272110411 -0.4805413572538359 0.19131535711868 -0.02596402011432879 0.09826739759567064 -0.03219171546832632 -0.003721796564933138 -0.0001853782257137656 0.002435911349263866
19.2610066808236 14.98574526766435 -27.20251527458564 -0.4407292689996716 0.2223853760151441 -0.02269051464380496 0.09686989292411229 -0.03319545926294799 -0.02065001870061158 -0.0003132363815627269 0.01320109396613418
18.81417043351468 15.50944842344331 -27.19736840472578 -0.4760635161061402 0.2424382145292851 -0.02988742042739988 0.09659799812801929 -0.03731560398435682 -0.001996751542731632 -0.0001039705551950521 0.001330124667723085
19.33563888511611 15.59309976167183 -27.57793905869249 -0.4355808327579297 0.2831211809152258 -0.02982631787874032 0.08692207172278128 -0.03254560842351927 -0.03837647679284594 -0.003590005167662239 0.02558189413411499
19.36653213081526 16.24625191426109 -28.00695843839507 -0.4335176639497963 0.3477802016921529 -0.0330665896856151 0.06494357262388947 -0.02404997614248005 -0.04904763018834392 -0.01184453017520621 0.03545166746982392
19.80199887818764 15.70613472719574 -27.91756085031076 -0.4001073556021796 0.3218205779685911 -0.02772285565724361 0.07588907349321401 -0.02818779110573936 -0.05294801069376529 -0.006965967112378508 0.03332042812916985
19.95569790728421 16.08397566242349 -28.22397812472734 -0.3895840408060037 0.3659459443685844 -0.02868263723096923 0.06040179857431732 -0.02137669150060628 -0.05830271042066402 -0.01400576479070553 0.03865434970548452
19.78156378912861 16.61513101052797 -28.46933175516415 -0.4037359642475924 0.4066382354840967 -0.02885839366876315 0.04696106586658979 -0.01619325833647542 -0.06258133705855162 -0.02287602116254896 0.04518636764566917
19.12412712931566 17.00232807715586 -28.40289636195746 -0.4513829587230263 0.4090328187360556 -0.03365673905267848 0.04502485048394529 -0.0150731008867414 -0.05486399327653523 -0.02543079834720523 0.04654153230295496
19.62671148753402 17.1548044100679 -28.75267809908974 -0.4162417741177888 0.4502357724858785 -0.0260216591496878 0.03363364881052813 -0.01060675278202651 -0.06589650043682223 -0.03449190112578229 0.05229194982201227
19.86844363536337 17.56437288979384 -29.11501828244263 -0.4012960738501736 0.5003324223152023 -0.02381398534361375 0.02861548309885583 -0.0087149948531138 -0.07176101390648945 -0.04332277379353948 0.05383980599366314
19.48907936417917 18.18057720162408 -29.36426568997436 -0.4301433175974456 0.5400787415591158 -0.03012567560708134 0.03317100402926542 -0.01097429132258532 -0.06693150933922926 -0.0439971410307611 0.05074838816172585
20.17097236193842 18.05256037529896 -29.5076547421439 -0.3839990600002479 0.55773461857465 -0.0232636763284155 0.02869344020030827 -0.009441747693970296 -0.07498692715260638 -0.04498395526108926 0.04805542221521758
19.80488002745842 18.72775032944701 -29.79391731386897 -0.4130639914692518 0.6024076644209668 -0.03108909992768018 0.04082938067244919 -0.01615866638284855 -0.06240421738932066 -0.03322574923645942 0.03611091242293876
19.14440801063583 18.71182468421799 -29.59820410710197 -0.4556511813449166 0.574937007686639 -0.03842468512041462 0.04098538125020053 -0.01550048854292745 -0.06084420720216833 -0.04015912956563045 0.04464261015416535
19.18353818639451 19.22998745917238 -29.9460952940603 -0.4564676605378878 0.62380827713605 -0.04408740084369932 0.05556046293664614 -0.02583897479597068 -0.04796582358303321 -0.02488576107204656 0.02833022947659004
18.66051917433271 19.64851187832359 -30.1150602334335 -0.4919946422597923 0.6440315986697381 -0.05597010177750066 0.06553203810275522 -0.03648917612339293 -0.03582198983648674 -0.01857353926875251 0.02158992385286538
19.22324790710312 19.73426686698309 -30.29400552230147 -0.457616621288065 0.6709827193198233 -0.04751310259707307 0.06993908984978696 -0.03933252282235897 -0.03458655382146244 -0.0140271483018722 0.01683768157380779
18.87299456363901 20.16346039409404 -30.54591038506844 -0.4824041635427107 0.699167528749803 -0.05371965632197622 0.07271899033678107 -0.047856813859786 -0.02438843071074403 -0.01007195596999012 0.01207175322728195
20.37649644678062 18.96526321751693 -30.06160853035707 -0.3781268504572915 0.6447814398421126 -0.02813323970050391 0.0514363846008412 -0.02267537189580241 -0.06031406511273874 -0.02205267608407668 0.02480753679256173
20.44931688252187 18.47678513463818 -29.81463235192418 -0.3690329820312975 0.6058724730482813 -0.02333297364367424 0.03378498673577037 -0.01258159189763266 -0.0708006727237107 -0.03560576815233563 0.03569101823733972
20.85998536785543 17.98001692362741 -29.65621501695367 -0.3375529873828353 0.5800099566969266 -0.02226716594014907 0.02940533279840362 -0.009407938081608535 -0.07534920721755031 -0.04390854802693007 0.04110016772975948
20.5732514004856 17.41400757566389 -29.27512629170183 -0.3522881085751878 0.5189083724334438 -0.02156429907936138 0.02761272980552949 -0.008237784126523968 -0.07637392189285509 -0.04483827665244704 0.04963020020096438
21.33509192581203 17.33244816213717 -29.45947363268123 -0.2996826896623712 0.545384926473288 -0.02250191974032815 0.02933488592019182 -0.008073573349991816 -0.07763594939579678 -0.04746810259782796 0.04390701766690606
21.00071497344691 16.66250066643114 -29.01366779027923 -0.3172996953879537 0.4726900161676627 -0.02518379584069364 0.03662439000097979 -0.01006557628973546 -0.07251992069178495 -0.03730026515710515 0.04572290801677735
21.54265097948539 16.1502101533673 -28.95602612880841 -0.2747740471439306 0.4550814260324702 -0.0201495183888026 0.0325533129308506 -0.008190568615381696 -0.07082225996304362 -0.03343381846444193 0.04134668670984511
21.0316913134865 15.91629875239501 -28.63689579045297 -0.3098493185756419 0.4089278964599574 -0.02249296463807215 0.04399547242486222 -0.01296995396420802 -0.06228622666493948 -0.02089840671734051 0.03712940066603591
21.65408846218758 15.60793572831072 -28.74039404858104 -0.2621203840668654 0.4146533316672834 -0.01761506782135131 0.03778359108417217 -0.01063829697338837 -0.06335454333485052 -0.0200127060850032 0.03382521425476199
21.16825241698548 15.24194307412268 -28.36305633662939 -0.2950247404879855 0.35767332715266 -0.01893705050054328 0.0611071822568709 -0.01994818340194635 -0.05468084101686958 -0.007802929248107301 0.02800650148386773
21.34532950946932 14.58615289576509 -28.15782107508473 -0.2763524552285467 0.3121410148092955 -0.01460378212384697 0.07409753805391099 -0.02276175649145529 -0.0495533031887948 -0.002601151413383592 0.02332538473681608
20.68419168112143 14.80280888365056 -27.93406068903864 -0.3285026200621953 0.2929790604031871 -0.01656093467927343 0.07869681371898565 -0.02586174987433527 -0.05432846551859283 -0.00218901797574377 0.02812885564003833
20.95179058131515 14.12425780529517 -27.79872741193689 -0.302390882718213 0.2518740788401725 -0.01134363184447171 0.08015860298979108 -0.02279641197954511 -0.05201911363677082 -0.0001419862419880435 0.02538576051744445
20.31182348466409 14.25245071867456 -27.51523131620166 -0.3536380354474445 0.2245770029961266 -0.01236396526203076 0.08478592557460589 -0.02513334579197999 -0.05528608953799588 0.0007916878811947182 0.02986786106822818
20.65170443632427 13.56468204220769 -27.466912736903 -0.3206217073846402 0.1891928059398378 -0.007292500845667306 0.07939602343496648 -0.01978057489684297 -0.05491437031469476 0.00192666423431554 0.02797858876925547
20.01983476750984 13.64312673658085 -27.14176463601038 -0.3724505164342773 0.1565155089780508 -0.007323773849184044 0.08336190119405062 -0.02138037398633694 -0.04948913180034387 0.002790112397864392 0.02783095766750872
20.37053074795681 12.9532131620962 -27.15393833833426 -0.3369424510184986 0.1240505934413932 -0.003343791080771463 0.07279010565160739 -0.01536729832720767 -0.05243498801072809 0.003456207842328167 0.02778037948751038
19.74001255837912 13.01625478249698 -26.80526298672377 -0.3901311713926154 0.08879549486510678 -0.003080562130345487 0.0749492335249211 -0.01616451986645119 -0.04077153038623398 0.003438544816333007 0.02371338796921943
20.10038098169003 12.29869853538217 -26.86892058035804 -0.3516343619292985 0.05720383714697711 -7.856623508274898e-05 0.06112740587710166 -0.01108669127385383 -0.04794658693445256 0.00471109637369583 0.02631480175420649
19.43464980695378 12.34663236134317 -26.47933914415716 -0.4094847164945882 0.01708369533752596 0.001284965454844766 0.0650943324970472 -0.01251519724494427 -0.02677256296764174 0.003581303920816003 0.01587835698904198
19.85043357024459 11.4661859279065 -26.59894676093567 -0.3618234048482976 -0.02050321554928927 0.002951695079346272 0.05542511839556151 -0.008470504628378206 -0.04122135071104554 0.005738806606471202 0.02318647898462935
19.01358218871397 11.62573552078351 -26.10814862657492 -0.4385885208943152 -0.06549151715276401 0.008077989292379557 0.06108046039335391 -0.01234107945149761 -0.002560658769419992 0.000642945099036223 0.001506060195870065
19.40993252478106 10.91866999308127 -26.28069088140283 -0.3926568155084877 -0.08928230072630496 0.006326136257014048 0.05294449301087169 -0.008023414569803012 -0.01983592825785444 0.00412316405651337 0.01156789853269239
18.87151343817966 10.74802979269145 -25.9427435086435 -0.4391895858674453 -0.1384544493597912 0.02389997349205069 0.05396340126627253 -0.01736450111931801 -0.009900476238125499 0.00616572509719938 0.00553441629030771
18.37547113981925 11.29402317536558 -25.67940799289391 -0.4929682603519041 -0.1343294219973838 0.05920847660429111 0.05956395164729086 -0.0394227109222867 0.02520527285751212 -0.03318934084294531 -0.01229044054938283
18.20460288614331 10.49119337820487 -25.54837742583271 -0.4969845538610786 -0.2031161678347735 0.09709234887128469 0.03967180962522177 -0.05219909402367151 0.0115767517846034 -0.03547051662520541 -0.005424721733063428
17.88856955192652 11.11657265256337 -25.39483735483132 -0.5356687885230038 -0.181273297449032 0.1468507057886638 0.04409778858138758 -0.07466307839735987 0.0125130861203267 -0.04894922077537525 -0.00429927170834688
17.49751429689679 10.68232725861406 -25.21553865462718 -0.5653570796917272 -0.2392088296898919 0.2050911724490819 0.03200788552723222 -0.07815281436445533 0.005492204854240744 -0.03904461443100747 -0.00157809820770736
17.42121712786034 11.40359452666293 -25.19912404413826 -0.5810332027362474 -0.1920610098696769 0.2069773907415158 0.04864370027755595 -0.08158601734592209 0.01200284016136788 -0.05479415553446815 -0.002219423702536017
17.8674755985118 11.72496925009063 -25.42696721843092 -0.5441302502965683 -0.1378467436990873 0.1342202602655541 0.05536104908077619 -0.07502003732728348 0.02379180494597816 -0.06581318795492944 -0.006000328612673219
17.34977376495311 12.05119019721612 -25.21458021056793 -0.5923518383782236 -0.1474971926599872 0.2024323149886892 0.06903740164153373 -0.08794446196725292 0.02434340815618617 -0.0747466999002642 -0.002642866525341541
19.11824629890167 13.14109985269608 -26.44528823290933 -0.4442247492422199 0.05746394529831415 -0.003456524216037391 0.08063596916924251 -0.01789745089706543 -0.01241529935403408 0.001165278066145896 0.007647854986117064
20.57063881668213 11.6899735808775 -27.02681337021351 -0.3035706726962973 0.04200186599478664 0.002802242218875639 0.05242930559521011 -0.009149503356475321 -0.05861801614123817 0.008237154575660736 0.02924819025015136
20.65165238858654 12.35679803406759 -27.17990533230485 -0.3063829764553105 0.09623336177697321 1.092901079647568e-05 0.05909553759478281 -0.01112052994777819 -0.05600445830896331 0.005301594857254854 0.02811813163024439
21.15652655236013 12.00814042524514 -27.3682365054153 -0.2601543988215417 0.1010966085557047 0.003206027624605133 0.05161609099625915 -0.01032431880853965 -0.06418789441065414 0.009670422740152932 0.02841458724033031
21.08994151828943 12.86391534160494 -27.50403212289403 -0.2775475935338022 0.1609468128519065 -0.001408887245975543 0.06669535263908968 -0.01468488129953269 -0.05660053286870186 0.004579069184868963 0.02622741001863014
21.83367530557783 12.35451066123991 -27.72905130563478 -0.2115846168149308 0.1659913205993635 0.004015828093272931 0.05206905460282422 -0.01221859046189613 -0.05547940067644248 0.009225237141153329 0.02107883404354186
22.34580835182806 12.82366848845751 -28.03716613743198 -0.178880554061755 0.2295325540970694 0.002047723667971352 0.05198268904416411 -0.01321189320632008 -0.04284980317217503 0.005561831487998795 0.01524190344929334
22.60474327127183 12.24726260027451 -28.00591191202509 -0.150320127597167 0.2010475635173372 0.006977152868930876 0.04163778469555576 -0.01140720286389605 -0.04474307940217859 0.01132928867858334 0.01398652937451541
22.95222634738914 12.85073240800694 -28.27058604764828 -0.1331475187548131 0.2645253538449263 0.001704378267178061 0.04224938730168581 -0.01102918409130036 -0.03882041845819055 0.004882435986294461 0.01270404503704546
22.2292583065175 11.64433267100186 -27.75277139525122 -0.1694511200507707 0.1364669905692273 0.008435547135890842 0.04087828931408719 -0.01023208189534681 -0.05644345614483928 0.01616120207134012 0.01803258232297732
21.64703270728881 11.64679637377477 -27.52620944285684 -0.2151470632155677 0.1036286033922553 0.005679289709858868 0.04461863789191452 -0.009547543920453479 -0.06626197564954878 0.01383720168424177 0.02525006817813326
21.20388028439644 13.56033974821637 -27.73866367326136 -0.2769424348803582 0.2214131021531099 -0.006458703154381575 0.07523767597428509 -0.01901395113722361 -0.05184947240810118 0.001606961434796323 0.02397105112136911
19.40191534719159 13.7377343190878 -26.79458573102628 -0.4242258549270766 0.1244565628413772 -0.009255241914905368 0.08692106166023165 -0.02183737906766157 -0.02795108468773588 0.001333669493330489 0.01715489838191776
19.66182390467493 14.34630330252894 -27.17301613366716 -0.406291607195701 0.1920820043363408 -0.01366764990869858 0.09026101256402391 -0.02724842361362808 -0.03983414587207171 0.001173950936024761 0.02386931330780884
19.92501630988637 15.03744799901092 -27.63362806623863 -0.3885081617318057 0.268501135560773 -0.02120513753490258 0.08719207537984094 -0.02988780241346148 -0.05181941294377355 -0.002096273566441405 0.03064993949558863
20.42330382384137 15.57976446041493 -28.17785466868596 -0.3528389156694053 0.3460523247610917 -0.02387145511986301 0.06627228580647143 -0.02303460130855643 -0.05691795139800928 -0.008971384516397455 0.03317444714260469
20.40084986695176 16.29346601746074 -28.5651183990975 -0.3578384912290229 0.4095547385396196 -0.02767058295446458 0.04922523753723763 -0.01573216697064003 -0.06597092809470513 -0.02329950300570054 0.04313013393124188
20.20892360664543 16.94285210111001 -28.8680833125428 -0.3746121588933192 0.4593764432141496 -0.02444669227778899 0.03432944596630167 -0.01072389821895101 -0.07167273637489793 -0.0352304560083555 0.05060839667408759
24.27221487666015 14.27516290847331 -29.08937676978189 -0.05644537185339059 0.4394354249538889 -0.01003456969809059 0.0303828820045078 -0.00637342021283426 -0.06455719035051065 -0.01675909868471409 0.02174874770792632
24.91091786761129 14.52755762822597 -29.31063024102928 -0.01450100341500188 0.4887771216214478 -0.01057511534294744 0.02452074216447288 -0.004694293417932544 -0.07526263481400251 -0.02810875323902979 0.02272196131279405
24.45255376274546 14.87235933011624 -29.31335806267636 -0.05219057376268013 0.4930163321564734 -0.006872593286671072 0.01559147062915331 -0.003059326585019634 -0.07700628578593399 -0.02886589802939708 0.0258785975325668
24.91025227386291 14.93317060697736 -29.42534143490807 -0.02067742613552036 0.5188403031602975 -0.003352241674147503 0.007370938191440084 -0.001443395456017298 -0.0800528266769671 -0.03189862805756935 0.02302460200855563
24.78699624978134 15.31750326522841 -29.50710396583073 -0.03515071601666173 0.5415544893134394 -0.004884214405401464 0.01014734904624023 -0.001926868115309108 -0.07372042507963945 -0.03138393182443788 0.02159081420766699
25.46265723979628 15.02028007012093 -29.53073283299884 0.01680936156749659 0.5501891799113846 -0.008468195204115504 0.01837731304870635 -0.003480103477114465 -0.05917466504314307 -0.02455483791076296 0.01432447969003663
25.24917569236126 15.74834576245458 -29.69041736478504 -0.009457432376882333 0.593705120191414 -0.004076410668162974 0.01040507537682167 -0.002183212545363486 -0.05248465721536678 -0.01816035528049063 0.01144604590941051
24.5769523809403 15.91612774451422 -29.63839191297178 -0.05874713187891603 0.5763049294606308 -0.005681284984571084 0.009939070798222958 -0.001884351956275857 -0.06217818119131135 -0.03190305642555209 0.01919239691737239
25.05447253984056 16.37054395687489 -29.82799029810288 -0.03257139010470058 0.6303051417116882 -0.00240664815119076 0.007444615247775259 -0.00166525388025617 -0.04009773093998806 -0.01118224683482785 0.007958909389048785
25.70672441100476 16.22369175519766 -29.86151922782651 0.01476189766310292 0.6480087980639063 -0.00125774858468706 0.01545439849484938 -0.00384410995945278 -0.02242917265880304 -0.001174155773297202 0.002618132430629252
25.85907929319054 15.66261066416265 -29.73606191571757 0.03429608381624824 0.6143260126030358 -0.004683634757496185 0.01569250453025153 -0.003425408788331929 -0.02926675800836444 -0.007653037781921319 0.004956919314873242
26.53270250951726 16.08367010905753 -29.90341077441862 0.07426569449286664 0.6742292284197514 0.01011119718344988 0.03601869034153417 -0.01024836644282517 -0.001393666360770259 0.00039959126075911 2.93820975719837e-05
26.02546992362231 16.75325946279143 -30.03106447898749 0.02815910618764772 0.6996778665868801 0.01572327995178229 0.04635395792766065 -0.01442726061101169 -0.007027325675310183 0.002403523210578136 6.378237011556086e-05
26.62917497449024 16.90703715943358 -30.1381772121653 0.06718730922686394 0.7372044435817456 0.04265165163958345 0.0737169543198094 -0.02747304077144009 -0.004921098717071844 0.002748096878471739 -0.0002661393097570147
26.15687524583367 17.30591708116697 -30.20623540949055 0.02801623170824393 0.744738303587159 0.03917110293880713 0.07735267349649591 -0.02934743295094969 -0.006226615602383257 0.003061384706662723 -0.0002418306593135936
25.61273095112792 17.25602556118829 -30.13031905788185 -0.008370429336068953 0.7176433262143274 0.02433961292485633 0.05695589361128308 -0.01985847750066436 -0.02153376331731431 0.009151030844608072 -0.0001469561168390544
25.84814952583827 18.03575784657409 -30.41862686740651 -0.005256540334878925 0.7834505982904322 0.05225856886356058 0.08902007678839961 -0.04189329952587753 -0.01496130414426974 0.008469306940660091 -0.0006664070155816328
25.21285357098523 17.63522879683911 -30.18986583219561 -0.04168974998289541 0.7275085873862309 0.03247024506003791 0.05411143330173036 -0.02063655593143762 -0.00946361752719123 0.005558600784692344 -0.0003150779942227696
24.92586942389224 17.07084402394873 -29.99662208490644 -0.05224944232741 0.675173237531257 0.001485411950926941 0.019044924115523 -0.00537939220851744 -0.01487639881828987 0.001565514210114183 0.00143464511283168
25.47239999405015 16.73230846842541 -29.96953876832875 -0.00951364577661077 0.6742870284041478 0.004134467326390025 0.02834919244457718 -0.008040675879875298 -0.02057923251785958 0.003381580605499551 0.001340797100386314
26.63984673940155 17.55289449030153 -30.35459305695037 0.05693511650332985 0.7839415269404812 0.061655835534438 0.09836467977721351 -0.04609684555246928 -0.002782487087515502 0.001654765724538102 -0.0001906001492890303
27.22799816358242 17.14792009393316 -30.2950120368539 0.1044777462036757 0.7817212444529017 0.06909375707016027 0.09792648778397438 -0.04659673156389214 -0.007865446858136019 0.005223442751386772 -0.0006854530480650592
27.15487748506266 16.55727508571211 -30.09152414710926 0.1095241317641195 0.7358736502537034 0.04785825398756051 0.075206573205939 -0.02817783930008617 -0.005465319817764758 0.003343783438046311 -0.0003579468935209206
27.53917463537926 15.91752285410192 -29.95459422360698 0.1471605423252858 0.7075531838207854 0.0405341767299744 0.06326139620769049 -0.02140932679660461 -0.009212869870616234 0.005708974958471442 -0.000573505596641037
28.19986967081173 16.18187687374244 -30.1057613103378 0.1890046471178827 0.7573063914765181 0.09731846876955973 0.09977366482490004 -0.0470763672220544 -0.01322461155254526 0.01203590592107736 -0.001829633597810421
28.3392451713658 15.58163453356782 -29.94998546486237 0.2089321703604618 0.7202093683791077 0.07005202852756395 0.08258609158474263 -0.03216708251394911 -0.01224038514897343 0.009903233486249814 -0.00123090000302544
27.71520535156221 14.89599509749089 -29.72446486048109 0.1765650954212745 0.6421563465850685 0.01389599789683218 0.05011554231546226 -0.0122021238317448 -0.006712341013779499 0.001902085192641369 0.0001679506270704157
28.65363778196095 14.89880233910678 -29.80787763792654 0.2423377525975836 0.684974086924385 0.05425291719512509 0.07517063847180164 -0.0242895161199197 -0.02612967471443839 0.01840392692361094 -0.001407032614937026
29.46148508200909 14.83331428658382 -29.90526064306506 0.3003924492574795 0.718067088721092 0.102257376026267 0.09091621187747154 -0.04250992796755314 0.0361160362140339 -0.0388535827028429 0.003780541303877991
29.00925236029749 14.26445065061549 -29.71037854408292 0.2777268542262454 0.6551724664733155 0.06149494235257463 0.05676768168264026 -0.01870227718677138 0.02639777868816996 -0.02779914363049731 0.002418793259623173
29.65992532707426 14.22208574027115 -29.79164888409058 0.3241730875744875 0.682064357250064 0.09509427100652812 0.06804338408319752 -0.03147568909246646 0.01712532319814767 -0.02298789176275138 0.002044313521274892
29.41625396583916 13.65815404179423 -29.65035530377274 0.3161899194925922 0.629631945025885 0.0669719638099836 0.04569115173170975 -0.01693579016618102 0.00497367985667556 -0.007063191275696933 0.0006124168387769814
29.90647346330567 13.05178325116689 -29.60479705726836 0.3602293446607047 0.6071608956105943 0.06408665221907549 0.04919542335181826 -0.01772812560618979 0.009410602739070659 -0.01188782526753309 0.001030420730750579
30.73428266352462 13.06373034804326 -29.73151414466764 0.4177642633038541 0.6445066460378791 0.07650119725343583 0.06664766897535433 -0.02939546005230744 0.01173077984469533 -0.01297518327975242 0.001110817202863007
30.33675814215166 12.29478213637998 -29.51537730117836 0.4021133777466987 0.57014573237169 0.04916563123155052 0.0363771062708551 -0.01258832983739485 0.01151257172702135 -0.01499564271583202 0.001630459929874069
29.57997080153354 12.49862192038114 -29.47392542828871 0.3465372234488611 0.5527845797820683 0.0342879988864342 0.02162858883973898 -0.006839135404648445 0.008512975495477965 -0.01306857277652851 0.001350771180399493
29.13033374570134 12.98423392370983 -29.50920660654389 0.3073122663390569 0.5682442167599244 0.03245588380641066 0.02127891315332151 -0.006478532937951682 0.0024476085021629 -0.003628195997226008 0.0003450209550509219
28.97473532148647 12.29702693206151 -29.3917403442334 0.3080015598729058 0.5124253708216214 0.0009718593081169876 6.062167468700273e-05 -9.167885674592578e-05 0.001635086148190146 -0.02127941111257505 0.003262258772740657
29.58976771568122 11.86468164039653 -29.37141138502746 0.3577252784447985 0.5077522010900255 0.008665920551859886 0.002321519416233276 -0.001139527287591812 0.008144536969107542 -0.02830246747178085 0.004278249933991955
28.89376170731846 11.60190529871352 -29.26849620639556 0.3142024354356841 0.4596849966771558 0.01406608423046298 -0.005674319124241312 -0.0002146986506671484 -0.02170078242633943 -0.05425887509792618 0.01228297962724732
29.49376147928363 11.14328686849417 -29.23039493331909 0.3632953667548622 0.4524390611002263 0.0129842673084403 -0.003187692150448957 -0.0004506847495056391 -0.01351863187289902 -0.0569031364764635 0.0130027732383994
28.81808319588119 10.91161976474734 -29.11529558879543 0.3208696454264845 0.407621079707592 0.01891592770670059 -0.009684658723815359 0.0002091379459167602 -0.03975403114803421 -0.07714578605086737 0.02320845861680369
28.23131671535961 11.3525325781638 -29.14934903691623 0.2726725374880544 0.413465216556729 0.01750120099125626 -0.009874087951700163 0.0001018728059339616 -0.0412675992706808 -0.07292230646380307 0.02150997587913912
28.18236423157038 10.65889677413184 -28.96439947797822 0.2813483473800791 0.3620007474558063 0.01805446047756563 -0.008518874831320777 -0.0002165785545891708 -0.03507886721627067 -0.07502985285257115 0.02696436551908883
28.76864556390095 10.25279999726478 -28.92867411726118 0.3289630387380797 0.3586443266038675 0.02184783131589257 -0.01086627886642838 0.0002437612541567504 -0.03825648495569337 -0.07627216662914144 0.02882573662633459
28.16540208695121 9.948994800461509 -28.73032583479054 0.2926682886867434 0.3102030594896587 0.01424913263545889 -0.004639970824863316 -0.0007694317848261012 -0.01430662143655538 -0.04705280103530907 0.01880176761923749
28.81829639936424 9.595632982352566 -28.71221219926473 0.34399109556955 0.3135619929663374 0.01710484653211903 -0.009992017181164556 0.0008913077505398299 -0.02526737473162604 -0.04156327359276327 0.01895374880274534
28.17341102108709 9.079302123663323 -28.40715453794857 0.3089164440138079 0.2478092207774759 0.007742474540495601 0.008609014453090806 -0.004507105444904022 -0.004838964084068496 0.00399571930273513 -0.0006803370884076544
29.03649197290608 8.948121194733114 -28.50364508782375 0.3706020168327361 0.2764629028513903 -0.001600304138051852 0.00279904655691095 -0.000790881399236722 -0.02127093317378465 -0.01011332868478945 0.007247969859571286
28.70196786685214 8.519751270148081 -28.28294680152893 0.3556226424744596 0.2313562638833614 0.004595554821829736 0.03400440556682775 -0.01335071786801512 -0.005853320883486409 0.001028124483127217 0.0006038255745733086
28.21906825399994 8.282611696741503 -28.11711001140939 0.327035768333676 0.1934372527672588 0.03084621037401298 0.0668334092404953 -0.02775619168240025 -0.01354014019385691 0.006207911613909811 -9.965760158065573e-05
28.77884065933704 7.964976815978883 -28.09736816267635 0.3713913884127816 0.1960631036509028 0.02006478068473176 0.07801759863516501 -0.02892279300644037 -0.01254201054799094 0.003553253724553079 0.0008838576528333276
28.29636308336616 7.734948447972181 -27.95021104889148 0.3429943369419626 0.1593741688057188 0.04086556689597583 0.1037139218185683 -0.03502087727481176 -0.02083401600319551 0.008360362615955297 0.0004480790104860662
28.7138159401737 7.35418902755816 -27.90643288666406 0.3789477401101025 0.1522265237208783 0.041065647507453 0.102378069563715 -0.03183781802390404 -0.01471594919184298 0.006047042604478332 0.0004637430289705648
27.97278292575794 7.18088077215894 -27.78049427358639 0.3321700457784554 0.1090032734489528 0.04697772932527121 0.1054937426005255 -0.02604764700389272 -0.01727887406770973 0.00772927473783409 0.000140813129222401
28.59599509686895 6.695257596367994 -27.74937856527343 0.3843938684576497 0.1047197845016841 0.04469645324485415 0.1015369756936845 -0.0226216478669048 -0.01497192579060006 0.006669786543166606 0.000355322170952425
29.16591021059036 6.9550282992854 -27.87000887512561 0.417479259923876 0.1454686334211019 0.03910261319977128 0.1006824834169992 -0.02851307159926983 -0.006275370893463586 0.002514459664166374 0.0002728097069743151
29.27721851519304 6.285153287290335 -27.75499020635326 0.4386051032987556 0.1075929266588183 0.04147858350559239 0.1001464761560676 -0.02063039766120908 -0.004975518517429695 0.002098708867477804 0.0001842348028856192
29.77968988395698 6.858819071082737 -27.93443735951865 0.4606350087803193 0.1649523955804777 0.02686501310818872 0.08912346562566067 -0.02553227004712947 -0.001296264805212503 0.0004132646993989062 7.862251353892033e-05
29.97414949173742 6.28853274686714 -27.83175242702293 0.4850040711761666 0.1364157993813035 0.03628154474662617 0.09851125954045532 -0.0235166981774578 -0.01057929300831277 0.004020175583835332 0.0005187576749328157
30.55983138695492 6.646085372959659 -27.99390297657035 0.516949634010141 0.1830907242312533 0.01372149155037979 0.07649797694001226 -0.02057824775991452 -0.0095009089900275 0.001944280450104997 0.0008925385107490428
30.23708049172295 7.405598198670273 -28.15491317593406 0.4807164029834414 0.2199558949154216 0.0007726967893539248 0.05844227530655938 -0.01758890262368472 -0.004331472747917683 0.0002316241186753424 0.0005793269565352151
30.98759796885818 7.319164490192218 -28.24020535996512 0.5325974908907983 0.2444714887889682 -0.00797449337210053 0.04844488693042582 -0.01291943189297015 -0.007261471562459675 -0.0008439929826403814 0.001317349893822021
30.67401178241481 7.946670562799278 -28.39116843476782 0.4998798452237545 0.2744254139286865 -0.01141469638060692 0.03270233615954161 -0.009051594317178089 -0.008237089512728802 -0.002343797515782709 0.001919686299205819
31.25492567971219 7.848481139233938 -28.44014069322814 0.5405787125587826 0.2907098771896017 -0.02171333087535964 0.0318533658231256 -0.006861262059350319 -0.004629933208775234 -0.002822135797285495 0.001550261110488222
31.13515249838313 8.415603292214618 -28.60851756051973 0.5221789622532391 0.3250602065539372 0.02049852096599226 -0.01620686480799825 0.002600353887730623 -0.006586874716577268 -0.007783410880740479 0.003413574448748083
31.75557630100346 8.127776419356216 -28.60138465258733 0.568866069389344 0.3292600496761069 0.04028160956969895 -0.01994041008652952 3.472451933674365e-05 -0.002286623924639465 -0.004616110671393499 0.00177835068267798
31.73789075828282 8.878728671368735 -28.83494711905606 0.5541098426693203 0.3805637089392723 0.04527740262452129 -0.009816902830716182 -0.003210883380633792 -0.003145460043833891 -0.01630287695626175 0.005489298740352578
30.93374157138827 9.091048166007203 -28.80561350796259 0.4965220469582622 0.3644923939272741 0.01615426766683406 -0.007238439289188541 0.0004606800821799012 -0.01507109278432001 -0.03285713113236185 0.01221697696253103
31.41230898985639 9.625085071454484 -29.01947723816919 0.5191927506605389 0.4206635892294879 0.04176552818529487 -0.006524105987273709 -0.002975540460775619 -0.005862436204225312 -0.04346026284865066 0.01300322312781456
30.67002218618305 9.761781031682242 -28.9860350197264 0.4669631087829901 0.4016759144411878 0.0097582402697494 -0.003148305894846735 -4.523154617018159e-06 -0.01765818191045404 -0.05475735058652918 0.01771061026849038
31.09887541873393 10.32871837314913 -29.17508434910946 0.4860827285472668 0.4586338167395333 0.03393483339896578 -0.002330381839684357 -0.002535762413680694 -0.0024103785595211 -0.04840805284012847 0.01223042514551354
31.77184004269294 10.11494631807037 -29.19229002875495 0.534772673986546 0.4691081695848882 0.06804361609803235 -0.001568187356385064 -0.008448659849690877 0.0003488951348159696 -0.04099608034563634 0.01041935916907379
32.25392392513838 9.551866241334853 -29.11312483565366 0.5765679433497387 0.4474344092281297 0.07694157345939232 -0.0007968091944156958 -0.01295222332191005 0.001189504125469561 -0.03222986651561767 0.00904889995420627
32.85970607311454 9.13037376406842 -29.10341961723121 0.6241866459548689 0.4406506394140547 0.09248894359274958 -0.003920800207106495 -0.01983260224505205 0.0002054999567994846 -0.009535844122768205 0.002843530709052287
32.40596241523685 8.888089524544323 -28.9387776856964 0.5983954904268206 0.406524137514792 0.07701193431780749 -0.007203691243837535 -0.01182908151559419 -0.000341064865299659 -0.007413282501572005 0.002294086248735767
32.9063011168421 8.41625247878893 -28.90201912517686 0.6402512813551097 0.3930853058779615 0.09058009047245123 -0.01070173357622853 -0.01830825004220035 -0.0001407193317494351 -0.002556046326904006 0.0007978783862065867
32.25068281861608 8.419745818783019 -28.76965542476455 0.5965217295976629 0.368229054411533 0.06742890576079681 -0.01317301053714511 -0.007817717858874982 -9.204338606108249e-05 -0.0005867578554461503 0.0001948116618455969
32.4292884793123 7.754123096325882 -28.60183594252271 0.620613179950231 0.329774138791691 0.06810447818735163 -0.01120042649051633 -0.009815748953623396 -0.002230754460197265 -0.01882031976383221 0.005997630934238658
33.11760266315741 7.726606431299693 -28.74435599687084 0.667099333356772 0.3544246911979569 0.09294331357222854 -0.009723890125814576 -0.02144939328969883 -0.0006162546153276646 -0.01819354603715891 0.005577560870638033
33.57805306704007 7.159743642528619 -28.71566067454421 0.708889991525339 0.3350397119565676 0.1027971397271119 -0.01059511167188574 -0.02956237470930205 -0.0007671216374508874 -0.03516547823051501 0.009935746420344949
32.90976071600795 7.234278204942629 -28.55022042295567 0.6623329736533258 0.3135705922737868 0.08758944892573868 -0.0111660956522616 -0.01774415570478041 -0.002500066495712316 -0.03662977044666998 0.01070955851900927
33.0703262838362 6.612277534914582 -28.42822597465394 0.6848059610629282 0.2793621767296995 0.0850049444054944 -0.01107588291687677 -0.01917591053191881 -0.003385286893804185 -0.04766123749430822 0.01252217784163358
32.3275353864981 6.878494829742998 -28.33430380676942 0.6301276544145326 0.2677601402095492 0.05820332402910607 -0.02367074479073664 -0.00486740838758908 -0.01537183755366072 -0.04061254773436815 0.01369049098761756
32.60546367858421 6.215749816454742 -28.22468440289789 0.6611290422691906 0.2358410834114248 0.07308158619028886 -0.007763433285971749 -0.01415444228585359 -0.003576332345118028 -0.05836017960598803 0.01354425109318214
32.06597873540198 6.232993496446014 -28.12394505172842 0.6249193091023565 0.2159778380301018 -0.001115636259485486 0.06607080141869184 -0.01444383507374352 -0.05246087549624369 0.001072452343253833 0.008957803799996177
31.46730490609494 6.638266861954706 -28.12687440594079 0.5774727629002947 0.2186801482872451 0.003490970976690612 0.06111336690154238 -0.0158709102816866 -0.02467025812912782 0.002259739711897699 0.00327499469636062
31.58175277450395 5.860881071459845 -27.97022429822921 0.6000619056441464 0.1737331453923891 0.01916852591313282 0.07598832787715253 -0.01717110002412135 -0.03332758265005845 0.009158482706656481 0.003325189128286169
31.00334855398786 6.093534186029898 -27.93124745386812 0.5572365977713316 0.1655638762916329 0.01873775932870557 0.0848051136585605 -0.01951807306172045 -0.0151792308214547 0.00367733118647439 0.001405452024648982
30.94816521362012 5.404376109329677 -27.8116278598619 0.5673637273859069 0.1207289782991865 0.03395874215822728 0.08076851353962108 -0.01483454561787557 -0.01527054224196733 0.006601662592260528 0.0009867553906119785
30.4287497172744 5.919353504705241 -27.82236500504102 0.5226422538528595 0.1317407918350559 0.03165606271084736 0.09668392565749494 -0.02031731471306978 -0.01651594759653094 0.005640902368427011 0.001110122705872304
30.25706321629442 5.355023070452585 -27.7255602615132 0.5228424384742242 0.09022580999433941 0.03849167574270599 0.08416449314807048 -0.01282850919350903 -0.01696076639234393 0.007895240263716449 0.0009081783845889359
29.79030694666933 5.729234635748879 -27.72363356098458 0.4842438545400078 0.09420747126750408 0.03899236403480066 0.0948233509319989 -0.01568720910878446 -0.01461038759035046 0.006107538439263448 0.0006020005903524951
29.68078217695454 5.03769081761806 -27.6506262006939 0.4915641039407982 0.04791596316543879 0.03219189446049235 0.06549605296629049 -0.006819299062239154 -0.01433209162675968 0.007101967043371568 0.0005533748492797297
30.4051033964169 4.683892938810927 -27.68670372045389 0.5466079438878854 0.05590228432738503 0.03562971171861559 0.06179928173709152 -0.007245650897182485 -0.007311170814522304 0.004255524164354104 0.0003441275822306346
29.61978672281328 4.326537728590818 -27.61315885043996 0.5028835759781566 0.003314592113972463 0.0257409091179213 0.04712917437812894 -0.003070750592607415 -0.01195412921003253 0.006561936065003104 0.0005042661198394091
30.14448388601981 3.986531361400352 -27.63523364460553 0.5444717302834752 0.004496850543950678 0.02476395046423864 0.04953786426147532 -0.002859814215896971 -0.005345410943031497 0.002687330687549516 0.0002626502858537281
30.29601359051142 3.340705692443366 -27.63693278342354 0.5682851835023581 -0.0268630872999105 0.01256005018737716 0.04236627604561911 -0.0007300149078508229 -0.01198026902940789 0.003562951713088428 0.0006523367415529327
31.01400349182011 3.391165653390166 -27.67697216760631 0.6134531571002029 0.004175466208622858 0.02107810662392608 0.05492443230500167 -0.001847783907372358 -0.02738762021550902 0.01056956046180888 0.001757742876313833
30.81911490148857 2.821713949619765 -27.67060882742939 0.6131799105907807 -0.03598851690780912 0.005754866978864561 0.03773083140838897 0.0003558470740042138 -0.02363376542203032 0.003590128012774463 0.001547466507871473
32.0514021393748 2.65556234621627 -27.76832122225155 0.6954132736722844 0.001886216867559662 0.06648909273350725 0.008445235129538788 -0.007050904968350491 0.006486948458181816 -0.05258222065519058 -0.001809398868671388
29.08166648396001 5.481872841966491 -27.6417535898456 0.4424792733767152 0.05014200388378456 0.03479683260284491 0.07684281125163793 -0.009013618901089759 -0.005212872828768843 0.002381047436520872 0.0001747262182330785
28.49763738564624 5.966169545687858 -27.64092504982148 0.3931584396702973 0.05520015237257892 0.03844945884217742 0.08886694513592781 -0.01211540639769553 -0.01191364878335319 0.005208124998285928 0.0003926248754593188
31.70763771700844 7.430047997244793 -28.3820194532197 0.5785427748376386 0.2801788654508202 -0.02810604585804768 0.03325518798171738 -0.005113654345596211 -0.01811213255845643 -0.014223880185177 0.007048309575043541
30.45734750552709 10.29113232746203 -29.11575197069706 0.4434525812683818 0.4309833787950719 7.097324179257748e-05 -1.508909250886808e-05 -2.134012178706177e-06 -0.01416272436253685 -0.06931415858488088 0.01907828401539322
30.58833929337772 10.73737563292709 -29.23082806314964 0.4447379402532436 0.4678990984551947 0.008435664735397325 -0.0001431594543904337 -0.0006336766855495673 -1.559161965909072e-05 -0.04901394309631386 0.01086560991129847
30.01955552057046 10.66090407832586 -29.16863246514087 0.4074343902233077 0.4397618791508537 0.01063637269395064 -0.002295397312359076 -0.0003669081742776545 -0.01319936274449098 -0.06373113733103082 0.016066526404836
29.92479639156302 9.969880277558957 -28.97722830568896 0.4129146476129452 0.386797729543668 0.0117221706345982 -0.004888160548269058 0.0002733840830020245 -0.02944304109298832 -0.06929159824471597 0.02351232287037825
29.37773291725125 10.47643307624793 -29.06651564183108 0.3668236014929642 0.400383880523447 0.02106649585162446 -0.008889846610677172 0.0001614917773405998 -0.03408812996011286 -0.08033210827445297 0.02462867142620534
29.27395612767153 9.9385562330899 -28.89906682629404 0.3691337368041956 0.3577776227595365 0.02286161715050072 -0.01234707107351998 0.001094980059720608 -0.04031816367469115 -0.07214753545075737 0.02824496562987856
29.49751770136522 9.412422999374174 -28.74594098656776 0.393699946242051 0.32941215225667 0.008159394887471517 -0.006775270653963807 0.001301294853952046 -0.03901640050378267 -0.04308305329690389 0.02032657858601549
30.20051377605518 9.265270246127887 -28.78116741081822 0.4440230425126105 0.3477738214972995 0.0008646464579682268 -0.0006023783712729521 9.984634852898016e-05 -0.03050543419242523 -0.04093682708028487 0.01719598590088135
29.73868938708262 8.77069435633851 -28.54660458617878 0.4216553841682588 0.2937149631146633 -0.005643696455492399 0.009290839844547696 -0.002530833740267135 -0.03092471144959207 -0.01599655643697476 0.01023703772506696
30.44310871349931 8.596788241391739 -28.5812037461027 0.4724251950503323 0.3103036926513987 -0.008770249859083708 0.01117921474741753 -0.002678227749371011 -0.02139264180193767 -0.01489042782225033 0.007899075591305938
29.9690804764388 8.098778461804814 -28.34023644474159 0.4496198424737813 0.2561737582445565 -0.006870530216649821 0.03564604102784005 -0.01113220743460586 -0.01825448349126042 -0.002405532843124009 0.003563557203659801
29.27866729321604 8.311867944175166 -28.30530149808898 0.3988630243799756 0.2418508003860508 -0.004403634823290196 0.03831564050329441 -0.01296778924803873 -0.01338237351826511 -0.0007025847586891185 0.002468508732984234
29.42361044802146 7.565706670409959 -28.07742561433219 0.4228542528000128 0.1967638880908653 0.01375997022046946 0.07482766757088302 -0.02490388120345951 -0.002423560545841084 0.0005202977374815058 0.0002242439704175458
30.30472102146101 11.35776545819238 -29.3352003613759 0.4151283601517789 0.5009233636515888 0.01403410248153531 0.004274785099262821 -0.002027363570975281 0.008909534859969318 -0.02704859781953704 0.004641684652636847
27.89492059337895 6.397008547591869 -27.64408912216885 0.3433869470775518 0.05606669941633 0.04292324909024192 0.09241633410973552 -0.01467571246549183 -0.02142269788011129 0.009983817188840559 0.0002136855521507856
27.32617910163891 7.435375824633215 -27.76871740279261 0.2827041295835478 0.09710796958869762 0.04765582021025092 0.110603270422426 -0.02670861813251802 -0.01210983674199994 0.005213260838419854 -1.873942917458764e-05
27.75486387400602 7.861727794500371 -27.9179264545913 0.3034359400993298 0.1441633368799338 0.04468292939444347 0.1045600553947824 -0.03462850972521376 -0.01349100069859728 0.005770091294994193 1.454390517326047e-05
27.09245637438687 7.986282747863558 -27.87861805683239 0.2552679374260823 0.1230867273279194 0.04815127148184899 0.1025229661485619 -0.0318659692355757 -0.001948812421087194 0.0009047079797411277 -3.403161427849316e-05
26.48479303005724 8.03068816704744 -27.8276289044739 0.2120882679090537 0.0985597226105132 0.05097835671006556 0.1025072152590695 -0.02880778936767451 -0.007171216072703998 0.003527852547671213 -0.0001369931737038597
26.76282896998887 8.664865420383647 -28.0387879873368 0.2187429909764581 0.1544465218628439 0.04231717356817558 0.07081696995080171 -0.02762567130104996 -0.01143643091914045 0.006634459044263265 -0.0005113050566037422
26.02244860160789 8.382319243752637 -27.86730203909763 0.172374958449263 0.1008450473700231 0.05080879542825045 0.0951127293743072 -0.02848138853664715 -0.01273815064209155 0.006727509173186189 -0.000257653546153389
26.04229931622783 9.0522838664658 -28.05595435572882 0.1603639255412122 0.1478306236018316 0.04123490744319142 0.06126758990492669 -0.02433610325077798 -0.01846956356707329 0.01207959450430342 -0.0008835885382041002
26.71723796375518 9.537454323284258 -28.32592100718579 0.1988955211170022 0.2139966591833734 0.02144285563161574 0.02430917843841745 -0.01205896392496366 -0.01948740255459581 0.01611666173035013 -0.002162934887356943
25.89675733110079 9.765450502003896 -28.25668462175469 0.1364343852416384 0.1913886596716162 0.02789732184123261 0.03156489846446651 -0.01484059077974741 -0.02762892922670736 0.02331646893945039 -0.002344324202371581
26.40802466760727 10.27438922360768 -28.5217983206025 0.1636168442455614 0.25250880541312 0.0009218705548586188 0.0007412460171282133 -0.0004260586516401101 0.02516093390806296 -0.02867443553202944 0.004554098276378775
25.66427376488422 10.52509374153329 -28.44788985647272 0.1059555789433258 0.2346794938124354 0.01209729159267468 0.01121662108544653 -0.005980395643338116 -0.03491460352995259 0.03590711137512575 -0.003279996566548853
26.24183632594687 10.82682917367033 -28.6687552639351 0.1420583576354417 0.2845945655532498 0.01979331180929514 0.01184806111130924 -0.007755489677989659 0.02886935685308769 -0.04342828631386964 0.007334055499066509
25.85625755317518 11.14767118634396 -28.6783665846987 0.1088778666089437 0.2890779317769452 0.01857941244833861 0.01182253300162779 -0.00762779056509484 0.0298078846657478 -0.04337360153782457 0.005378641100188796
26.38075281853201 11.35406193399723 -28.85039570774119 0.1428025022434273 0.3292059565385979 0.04239165306920244 -0.01034190661068151 -0.005787434521302429 -0.01056486530594701 -0.05246425595452702 0.01636620342906875
25.82720184981422 11.74841713572683 -28.83095268721015 0.09642783819327064 0.3308389384747319 -0.02113720278837771 0.02349950693407168 -0.001060442485685744 -0.02961462983482737 -0.02603552554511223 0.01334199962082109
26.46456032720511 12.01538748572829 -29.03273963820702 0.1373674335029094 0.3804657121845103 -0.02147494798028297 0.02436385118926128 -0.00152342019354189 -0.04823680084279744 -0.04134102317151837 0.01881047159092974
27.00571521404176 11.55417678767058 -29.01957451784187 0.1835609985659984 0.3727558786925729 0.02774509021053095 -0.01777430317147661 -0.0002537406332814132 -0.03742350457848592 -0.05871729652997768 0.02104715882489977
27.08952451997585 12.23756222693891 -29.18674323618987 0.1776687619704115 0.4251569793996542 -0.01785557127416548 0.01924200278978638 -0.001297089553174305 -0.05495710005902194 -0.04977834386968312 0.01808308875552983
26.59782838835112 12.6129496363286 -29.18496060507291 0.1365738976574623 0.4292117733018957 -0.006067880482276348 0.009476448814410402 -0.0008556013387541219 -0.06166852305938757 -0.03787446806607118 0.01786085265361359
27.12627201123842 12.92653501258156 -29.31686697185471 0.1684177835512635 0.4755501977992471 -0.0006212021608587334 0.001123642113373033 -0.0001177285019741038 -0.05430836188734418 -0.02880312140709801 0.01165454010284128
26.42661794906069 13.30500913165895 -29.28777396982074 0.1126896530219312 0.4704644479647769 -0.007980522006462832 0.016093726799364 -0.001957526896898432 -0.06052765191052321 -0.0282207929424545 0.01474540474509132
25.89427826372908 12.56881649910473 -29.03912968596556 0.08728460069817122 0.3929078666751528 -0.002457233676715712 0.004264180137977911 -0.0004423680321665128 -0.05071035599336104 -0.02748626536913909 0.01672997846297916
26.04527518306972 13.90425259831586 -29.356065746362 0.0757981067791577 0.4959242891500267 -0.0101111599678787 0.02227769003624621 -0.003329798586969111 -0.06322030457821494 -0.0264242121985678 0.01518416284832355
26.63970149395651 14.06682689338116 -29.46446106014154 0.1149830617267161 0.5346125107705137 -0.01017070970686417 0.0246716939222855 -0.003744659963487899 -0.04620302466602808 -0.01774107449711991 0.008602968474029997
26.13419000918712 14.53050706759222 -29.50217129430867 0.07181853174478915 0.5450313913368174 -0.01042694742511787 0.02555231189063469 -0.004317210263224955 -0.05139539960921844 -0.01920682481459731 0.01045081169921262
26.8378786607329 14.73364953645206 -29.61559032390613 0.1178256327253119 0.5911650870308459 -0.006236399260293354 0.03153915744536517 -0.006018844534676182 -0.02131374875278452 -0.00369207660067112 0.002737412746268099
27.22887563613681 14.27137105424308 -29.55894814662534 0.1529055332277276 0.5756598891106045 -0.006709870144258729 0.03248983046260272 -0.00556218322854671 -0.0200250932560341 -0.003707200834585339 0.002502515324688408
26.99005448678833 15.37851164890347 -29.77002332181162 0.11779947616451 0.6441158074352414 0.004397356734990505 0.0374959984174622 -0.009190446115383114 -0.002767413145230075 0.0003644297589979613 0.0001627075351088795
26.30788176187833 15.23722908216559 -29.67775199754081 0.07246494737541771 0.6035895850536419 -0.007427779642880887 0.02773222507707093 -0.005729780848382454 -0.0262873249084476 -0.006202548363386832 0.004057046887310481
27.7934295839584 14.00402707408509 -29.5573487249854 0.1969209036787437 0.5818439701346019 -0.004806795296322878 0.03318729894586873 -0.005440784188680685 -0.007252550877108792 -0.00092592517646751 0.0007595544440253713
27.16388235945941 13.63915956071913 -29.44011453758029 0.1589477933746666 0.5277330604884712 -0.008485857924861881 0.02161066616718301 -0.002908354694913727 -0.0392807699699886 -0.01453598423836285 0.00660123415874492
27.78637968542943 13.24713819875878 -29.43531384404299 0.2091871975394428 0.5277670658008825 -0.004018095750330301 0.009411541781859288 -0.001124519211999294 -0.02283700738820716 -0.009323390454768722 0.003569350777063904
28.54802180497008 13.61343281421147 -29.55467330015102 0.2562323961970402 0.5876150781450469 0.01809831979577925 0.02526323586621065 -0.005711613230747469 -0.01417426644880625 0.01007507373755675 -0.0003504163848043271
28.34042299529896 14.33930320446895 -29.65842536381202 0.229613491348494 0.6302715997234317 0.02061028004776565 0.05305329315462595 -0.01196043723014518 -0.02143047614602343 0.008383702209590024 0.0002587611188795192
28.40252383326065 12.78413265656118 -29.41815803246637 0.2600308576945142 0.5221621848206338 0.002980243483475235 -0.002485483286791069 0.0001239100034657495 -0.008198469383147746 -0.009720498791120809 0.002205614247031061
27.71952633178759 12.50864641689164 -29.3132285058363 0.2171186604244871 0.4725911963257384 -0.008786824601477608 0.00915961411832401 -0.0006237586051226665 -0.03964048303440108 -0.03730578982665911 0.01059277145897943
28.30373750110647 12.05603136643968 -29.29509277154035 0.2655730130198661 0.4663424805543753 0.01238023132185391 -0.007754163208711426 0.0001518806429597986 -0.03007600330075695 -0.04779591332122613 0.01139424658913725
27.64921952740228 11.80059114656641 -29.17359379542315 0.2244083093273807 0.4194431938867639 0.01772447041517597 -0.01235705761704027 0.0002978702030424599 -0.04500722060060338 -0.06408673970108265 0.01949041888330493
27.58103211965594 11.09614630440761 -28.99443252226165 0.2318559189347759 0.3663188381556837 0.02094306575939322 -0.01021645678821016 -0.0005500769226850957 -0.03345321253717703 -0.06987686568551765 0.0241441663790772
26.88461034439664 10.81071993559555 -28.78898901347322 0.1879216272031384 0.3138033866295517 0.02710816077775074 -0.004930819235946127 -0.003532969422427746 -0.007277854733836229 -0.05244523334533412 0.01735330874411601
27.5543440474058 10.3971118167015 -28.77932681187033 0.242218850944159 0.3149426198018235 0.01862960538339916 -0.004845674165353251 -0.001650837775176922 -0.0123681469099409 -0.05433544766334094 0.01991605670976633
27.01574986117827 10.14966825768276 -28.59709563720642 0.2088308152550418 0.2721861354855535 0.009457391430636376 0.003440163675347077 -0.002934771208723509 0.01409249218907749 -0.03170715017646893 0.008246103991852417
27.49925888211224 9.706760284849066 -28.52552304281053 0.250655298142968 0.2624586973552604 0.001862875320048243 0.0008791657317860503 -0.0006445095808797564 0.01158913291625206 -0.0205740404694735 0.005432220791078343
27.35027829132902 9.104502099860625 -28.27728926085706 0.2513311458982817 0.2122978739843152 0.02417150642630525 0.03126610156239994 -0.01508424654491733 -0.01094567957172531 0.007948532404846264 -0.001064285353496521
27.56674457975953 8.503568873821656 -28.09786866810204 0.2778331210357182 0.1797508022235805 0.03622853696005141 0.06416114522873864 -0.02676537068250777 -0.0005077027908539293 0.0002779643489665562 -2.087840917081088e-05
25.49107255122898 14.20755883541548 -29.33579831332774 0.03166454112987757 0.4922902051236974 -0.0119702474031503 0.02644738947284014 -0.004322089503961782 -0.06813778755960247 -0.02780827694079243 0.01854886246490609
25.24039419547138 9.927685066031458 -28.18529233096495 0.08625316633807679 0.1711227041999178 0.0300174246134187 0.03486092065999023 -0.01551498776167491 -0.03660323821797162 0.03071466854557986 -0.00180427603164223
25.26431942313233 9.240366658521626 -27.99638870443547 0.1011100759137828 0.1238443656304247 0.04134613001296469 0.06157678991955064 -0.02241412316223892 -0.029715927089622 0.01967659047612831 -0.0007592225088856287
25.53569323599356 8.679680319014924 -27.88431345056228 0.1317616895675942 0.09812306069884466 0.04860215430841175 0.08774326807564578 -0.02684891919737412 -0.01815682388604324 0.00996649571676342 -0.0002967661659230215
31.21684990534753 12.45630024012604 -29.66242975730879 0.4601436873189186 0.6189540718828943 0.08381942942436257 0.06252320605006408 -0.02893511100522112 0.003606337891365635 -0.004578489019432626 0.0005536309158411048
16.32488907281785 6.653426648003341 -25.15787308635837 -0.5581804914041862 -0.5613069832148799 0.1380745537390659 -0.03097296984043725 -0.0246406974949546 -0.01086988951445511 -0.04631894646600274 -0.002687416295036668
25.83741129397681 0.0507119359965964 -27.60966707627555 0.3605661139379162 -0.3939241834264007 -0.02214557410790177 0.09164306977919072 0.008815376486635173 -0.01405978320770618 -0.003405268458795832 8.023299062563325e-05
28.59518099039654 -4.035823420004503 -28.39349509580783 0.6380040179151961 -0.4858231484017517 0.04149793657991152 0.02257117588507052 0.006674209185922727 0.0004682992965297756 -0.0008183589781742878 -0.000144156415765437
28.56883599244174 -4.742082062392557 -28.541206712707 0.6541928078416319 -0.520790217860096 0.04899046298740049 0.016668780785314 0.006631450803745464 0.002657598890932716 -0.007260713233774722 -0.001382768738568868
29.15147524558208 -5.166820526204855 -28.60289358209556 0.6996244233366623 -0.5186591815646981 0.05879850016985082 0.00637822798830582 0.003387993130877615 0.001845498232460199 -0.01528258386145896 -0.003257599289501239
33.07586854997461 3.141304996488144 -27.9257704361269 0.7514144123218062 0.06836248616466009 0.1119876734543507 0.002600839433787778 -0.02442361039450653 0.001684364525796257 -0.07061968389757481 0.0002029841506003632
33.84239508917501 3.215533989879894 -28.13338523036578 0.8007298154769654 0.1019551127184867 0.1214247050346807 0.02837050509402794 -0.03931994018572905 0.01267111628365242 -0.05825141171063248 -0.002900193004606125
23.19977190128089 19.16113447433984 -30.46792529052931 -0.1977423141353508 0.7590652987264525 -0.03517677186530999 0.1189268261180601 -0.04883357428320616 -0.0221927562348399 -0.005125223229594307 0.003504617341762957
21.4972310374338 20.47556469999689 -31.15227055261454 -0.3235753026312969 0.8136046920460737 0.006034376234554141 0.1011989116692467 -0.07762619709524864 -0.03755577997747359 0.003349632448058343 0.00144736514570498
21.5303762642881 21.03376204616322 -31.62420956491681 -0.329011646351586 0.8678135556806647 0.02011594352568248 0.0839531604253119 -0.07980359155289743 -0.0335362888849747 0.006573504870339169 -0.001538121053782501
20.77214518700981 20.84123348641357 -31.35372395468855 -0.3728084098632899 0.8232646147851476 0.004363260470660692 0.0789912453977336 -0.06584658212442637 -0.006105967885502292 0.0006109234006051921 0.0003282732565471809
21.01765824275644 21.26822927682982 -31.76547630848532 -0.3633270985543089 0.8731212854144063 0.02359858136576281 0.06659881125908154 -0.06651392130241043 -0.007811888505840667 0.002063343620591033 -0.0007056155050848752
20.50023039995955 21.28965966494428 -31.70552440636395 -0.3946337305734706 0.8565909499166592 0.01618784927621188 0.05666777623952206 -0.05459790690224647 -0.01779156398657272 0.004009169702036052 -0.001113896632161291
16.77997290009698 19.79838143387934 -29.8501722953194 -0.6070247927091816 0.6020046131492602 0.08774287373911296 -0.063292177427945 0.04809824911365115 -0.04541782661679424 -0.03180033685794524 0.04100727365356459
17.23456337226159 19.3318354884139 -29.50338566259272 -0.5783838273895979 0.5645369307555174 0.07808729199223678 -0.06139122655742771 0.03523190262496064 -0.0478443838996581 -0.03481867770772273 0.04537015957361161
17.81618189743717 18.32294778587946 -28.82074826887315 -0.5404245153946663 0.4800048614789454 0.05407315728634603 -0.04733927945044272 0.01749451297736238 -0.04956662617973979 -0.03713482986616214 0.05271869450639272
33.71410418416973 -2.61955983607287 -28.70503793173871 0.9190822858179215 -0.2277405713098427 0.08607887275145959 0.01383312148744816 -0.02374523378616203 0.002184779989686169 -0.02020858996704011 -0.003852751343946546
0 1 2
3 0 2
4 3 2
4 2 5
6 4 5
5 7 6
8 6 7
9 8 7
7 10 9
11 9 10
12 11 10
10 13 12
14 12 13
15 14 13
13 16 15
17 15 16
18 17 16
18 16 19
19 16 20
21 19 20
22 21 20
20 23 22
22 23 24
24 23 25
26 24 25
27 26 25
28 27 25
29 28 25
25 30 29
29 30 31
31 30 32
33 31 32
34 33 32
35 34 32
32 36 35
35 36 37
37 36 38
39 37 38
40 39 38
41 40 38
38 42 41
43 41 42
44 43 42
42 45 44
46 44 45
47 46 45
45 48 47
49 47 48
50 49 48
48 51 50
52 50 51
53 52 51
54 53 51
51 55 54
56 54 55
57 56 55
55 58 57
59 57 58
60 59 58
58 61 60
62 60 61
63 62 61
64 63 61
61 65 64
66 64 65
67 66 65
67 65 68
69 67 68
68 70 69
71 69 70
72 71 70
73 72 70
70 74 73
75 73 74
76 75 74
74 77 76
78 76 77
79 78 77
79 77 80
80 77 81
82 80 81
82 81 83
84 82 83
85 84 83
86 85 83
86 83 87
88 86 87
88 87 89
90 88 89
91 90 89
91 89 92
93 91 92
94 93 92
95 94 92
95 92 96
97 95 96
97 96 98
98 96 99
100 98 99
100 99 101
102 100 101
103 102 101
103 101 104
105 103 104
106 105 104
106 104 107
108 106 107
109 108 107
109 107 110
110 107 111
112 110 111
112 111 113
114 112 113
115 114 113
115 113 116
116 113 117
118 116 117
118 117 119
119 117 120
121 119 120
121 120 122
123 121 122
124 123 122
124 122 125
125 122 126
127 125 126
127 126 128
129 127 128
130 129 128
130 128 131
131 128 132
133 131 132
133 132 134
135 133 134
136 135 134
136 134 137
137 134 138
139 137 138
139 138 140
140 138 141
142 140 141
142 141 143
143 141 144
145 143 144
146 145 144
146 144 147
147 144 148
149 147 148
149 148 150
151 149 150
152 151 150
152 150 153
153 150 154
155 153 154
155 154 156
156 154 157
158 156 157
158 157 159
159 157 160
161 159 160
161 160 162
163 161 162
164 163 162
165 164 162
162 166 165
165 166 167
167 166 168
169 167 168
169 168 170
171 169 170
172 171 170
173 172 170
173 170 174
175 173 174
175 174 176
177 175 176
178 177 176
179 178 176
179 176 180
181 179 180
181 180 182
182 180 183
184 182 183
184 183 185
186 184 185
187 186 185
187 185 188
189 187 188
189 188 190
191 189 190
192 191 190
192 190 193
193 190 194
195 193 194
195 194 196
197 195 196
196 198 197
199 197 198
200 199 198
200 198 201
201 198 202
203 201 202
202 204 203
205 203 204
206 205 204
207 206 204
207 204 208
209 207 208
210 209 208
208 211 210
212 210 211
211 213 212
214 212 213
215 214 213
216 215 213
217 216 213
213 218 217
219 217 218
220 219 218
218 221 220
220 221 222
222 221 223
224 222 223
225 224 223
226 225 223
227 226 223
223 228 227
229 227 228
230 229 228
228 231 230
232 230 231
233 232 231
231 234 233
235 233 234
236 235 234
236 234 237
238 236 237
239 238 237
237 240 239
241 239 240
242 241 240
240 243 242
244 242 243
245 244 243
246 245 243
246 243 247
248 246 247
247 249 248
250 248 249
251 250 249
252 251 249
252 249 253
254 252 253
253 255 254
256 254 255
257 256 255
255 258 257
259 257 258
260 259 258
261 260 258
261 258 262
263 261 262
262 264 263
265 263 264
266 265 264
264 267 266
268 266 267
269 268 267
270 269 267
267 271 270
272 270 271
273 272 271
271 274 273
273 274 275
275 274 276
277 275 276
278 277 276
279 278 276
276 280 279
281 279 280
282 281 280
282 280 283
284 282 283
285 284 283
283 286 285
287 285 286
288 287 286
289 288 286
289 286 290
291 289 290
290 292 291
293 291 292
293 292 294
294 292 295
296 294 295
297 296 295
298 297 295
298 295 299
300 298 299
301 300 299
301 299 302
302 299 303
304 302 303
304 303 305
304 305 306
306 305 307
308 306 307
309 308 307
310 309 307
310 307 311
312 310 311
313 312 311
313 311 314
315 313 314
314 316 315
317 315 316
318 317 316
319 318 316
319 316 320
321 319 320
322 321 320
322 320 323
324 322 323
323 325 324
326 324 325
327 326 325
328 327 325
325 329 328
330 328 329
331 330 329
332 331 329
332 329 333
332 333 334
334 333 335
336 334 335
337 336 335
338 337 335
338 335 339
340 338 339
341 340 339
342 341 339
342 339 343
344 342 343
343 345 344
346 344 345
347 346 345
347 345 348
349 347 348
349 348 350
350 348 351
352 350 351
353 352 351
354 353 351
354 351 355
356 354 355
357 356 355
355 358 357
357 358 359
359 358 360
361 359 360
362 361 360
360 363 362
364 362 363
365 364 363
366 365 363
366 363 367
368 366 367
367 369 368
370 368 369
371 370 369
369 372 371
373 371 372
374 373 372
372 375 374
376 374 375
377 376 375
375 378 377
379 377 378
380 379 378
380 378 381
382 380 381
383 382 381
381 384 383
385 383 384
386 385 384
384 387 386
388 386 387
389 388 387
389 387 390
391 389 390
392 391 390
393 392 390
393 390 394
395 393 394
394 396 395
397 395 396
398 397 396
399 398 396
399 396 400
401 399 400
400 402 401
403 401 402
404 403 402
405 404 402
405 402 406
407 405 406
406 408 407
409 407 408
410 409 408
411 410 408
408 412 411
413 411 412
414 413 412
412 415 414
416 414 415
417 416 415
415 418 417
419 417 418
420 419 418
418 421 420
422 420 421
1 422 421
418 423 421
424 421 423
423 425 424
426 424 425
425 427 426
428 426 427
429 428 427
427 430 429
430 431 429
432 429 431
431 433 432
432 433 434
434 435 432
435 436 432
436 435 437
438 436 437
437 439 438
439 440 438
441 438 440
440 442 441
442 7 441
443 441 7
441 443 444
444 443 426
442 440 445
445 446 442
10 442 446
447 446 445
448 447 445
449 447 448
450 449 448
448 439 450
439 451 450
452 450 451
451 453 452
454 452 453
455 454 453
453 456 455
457 455 456
456 458 457
458 459 457
460 457 459
461 460 459
459 462 461
463 461 462
462 464 463
465 463 464
464 466 465
466 467 465
465 467 468
468 469 465
469 468 470
470 471 469
472 469 471
471 473 472
474 472 473
473 475 474
475 476 474
477 474 476
476 478 477
454 477 478
478 479 454
480 454 479
479 481 480
482 480 481
481 483 482
484 482 483
483 485 484
486 484 485
485 23 486
23 485 487
488 487 485
489 487 488
490 489 488
491 490 488
488 483 491
492 491 483
491 492 493
494 493 492
492 495 494
495 496 494
494 496 497
497 498 494
498 497 499
499 500 498
501 498 500
500 502 501
503 501 502
502 36 503
36 502 504
504 502 505
505 42 504
506 505 502
505 506 507
507 508 505
508 45 505
508 507 509
509 48 508
510 509 507
507 511 510
512 510 511
511 513 512
514 512 513
513 515 514
516 514 515
515 517 516
518 516 517
517 519 518
520 518 519
519 521 520
522 520 521
521 523 522
524 522 523
523 525 524
526 524 525
525 527 526
528 526 527
527 529 528
530 528 529
529 531 530
532 530 531
531 533 532
534 532 533
533 535 534
536 534 535
535 537 536
538 536 537
537 539 538
540 538 539
539 541 540
541 542 540
543 540 542
542 544 543
545 543 544
544 546 545
547 545 546
546 548 547
549 547 548
548 550 549
551 549 550
550 552 551
553 551 552
552 554 553
555 553 554
556 555 554
554 557 556
558 556 557
557 559 558
560 558 559
559 561 560
560 561 562
562 563 560
563 562 141
141 564 563
564 565 563
566 563 565
565 567 566
566 567 555
567 568 555
568 567 569
569 570 568
570 571 568
568 571 553
572 553 571
571 573 572
574 572 573
573 575 574
576 574 575
575 577 576
578 576 577
579 578 577
577 580 579
581 579 580
580 582 581
536 581 582
582 583 536
583 582 584
585 583 584
584 586 585
587 585 586
586 588 587
589 587 588
588 590 589
591 589 590
590 592 591
593 591 592
592 594 593
595 593 594
594 596 595
597 595 596
596 598 597
599 597 598
598 600 599
601 599 600
600 602 601
603 601 602
602 604 603
605 603 604
604 606 605
607 605 606
606 608 607
609 607 608
608 55 609
607 609 610
509 610 609
609 51 509
608 606 611
611 58 608
612 611 606
606 613 612
614 612 613
613 615 614
616 614 615
615 617 616
618 616 617
617 619 618
620 618 619
619 621 620
622 620 621
621 623 622
624 622 623
623 625 624
624 625 626
626 627 624
627 626 628
628 629 627
630 627 629
629 631 630
632 630 631
631 633 632
634 632 633
633 635 634
636 634 635
68 636 635
636 68 637
637 616 636
638 636 616
639 637 68
637 639 612
634 636 638
635 633 74
632 634 638
638 620 632
633 631 81
630 632 620
631 629 83
627 630 622
87 629 628
628 640 87
640 628 626
641 640 626
626 642 641
643 641 642
642 644 643
645 643 644
644 646 645
647 645 646
646 648 647
649 647 648
648 650 649
651 649 650
650 652 651
653 651 652
652 654 653
113 653 654
654 652 655
655 656 654
120 654 656
656 657 120
657 656 658
658 659 657
126 657 659
659 660 126
660 659 661
661 662 660
132 660 662
662 663 132
569 663 662
662 664 569
663 569 565
664 662 661
661 665 664
666 664 665
665 667 666
668 666 667
669 668 667
667 670 669
670 671 669
669 671 672
673 672 671
671 674 673
673 674 580
674 671 675
675 676 674
677 674 676
676 678 677
584 677 678
678 679 584
679 678 680
680 681 679
682 679 681
681 683 682
684 682 683
683 685 684
686 684 685
685 687 686
688 686 687
687 689 688
690 688 689
689 691 690
692 690 691
691 619 692
690 692 596
691 689 621
688 690 594
689 687 623
686 688 592
687 685 625
644 625 685
685 693 644
684 686 590
693 685 683
683 694 693
693 694 646
682 684 588
694 683 681
679 682 586
681 680 694
695 694 680
680 696 695
697 695 696
696 698 697
699 697 698
698 700 699
701 699 700
700 670 701
675 670 700
699 701 655
700 698 675
697 699 652
698 696 676
695 697 650
694 695 648
696 680 678
678 676 696
582 674 677
676 675 698
577 672 673
671 670 675
670 667 701
658 701 667
672 668 669
668 672 573
666 668 571
667 665 658
664 666 570
665 661 659
659 658 665
701 658 656
656 655 701
655 652 699
651 653 111
111 702 651
652 650 697
649 651 702
702 703 649
703 702 104
650 648 695
647 649 703
703 704 647
704 703 101
648 646 694
645 647 704
704 705 645
705 704 99
646 644 693
643 645 705
625 644 642
705 641 643
641 705 706
96 706 705
706 640 641
640 706 89
642 626 625
625 623 687
622 624 627
623 621 689
620 622 630
621 619 691
618 620 638
619 617 692
600 692 617
616 618 638
617 615 600
614 616 637
615 613 602
612 614 637
611 612 639
639 61 611
610 605 607
605 610 512
613 606 604
603 605 514
514 707 603
604 602 613
601 603 707
707 518 601
602 600 615
599 601 518
692 600 598
597 599 520
598 596 692
595 597 522
596 594 690
593 595 524
594 592 688
591 593 526
592 590 686
589 591 528
590 588 684
587 589 530
588 586 682
585 587 532
586 584 679
583 585 534
677 584 582
674 582 580
538 579 581
580 577 673
578 579 540
576 578 545
672 577 575
574 576 547
575 573 672
572 574 549
573 571 668
571 570 666
570 569 664
567 565 569
563 566 558
565 564 663
663 564 134
708 562 561
561 709 708
148 708 709
709 710 148
710 709 711
711 712 710
154 710 712
712 711 713
713 160 712
160 713 714
714 166 160
166 714 715
714 716 715
717 715 716
718 717 716
716 719 718
720 718 719
719 721 720
722 720 721
721 723 722
724 722 723
723 725 724
726 724 725
725 727 726
728 726 727
727 729 728
730 728 729
729 731 730
732 730 731
731 733 732
734 732 733
733 735 734
736 734 735
735 737 736
736 737 738
738 739 736
739 740 736
740 739 741
741 742 740
743 740 742
742 744 743
743 744 732
745 732 744
744 746 745
728 745 746
746 747 728
747 746 748
748 749 747
750 747 749
749 751 750
752 750 751
751 753 752
754 752 753
753 755 754
718 754 755
755 753 756
755 756 757
757 717 755
757 758 717
758 757 759
760 758 759
759 761 760
761 762 760
174 760 762
762 761 763
764 762 763
763 765 764
765 183 764
183 765 766
766 767 183
767 766 768
768 769 767
770 767 769
769 771 770
772 770 771
771 773 772
774 772 773
773 775 774
776 774 775
775 777 776
778 776 777
777 779 778
780 778 779
779 781 780
780 781 782
782 202 780
783 782 781
783 781 784
784 785 783
785 786 783
787 783 786
786 211 787
788 211 786
788 786 789
218 788 789
790 789 786
789 790 791
791 792 789
221 789 792
792 793 221
793 792 794
794 231 793
231 794 795
794 796 795
797 795 796
796 798 797
799 797 798
798 800 799
801 799 800
800 802 801
803 801 802
802 804 803
805 803 804
806 805 804
804 807 806
808 806 807
807 809 808
810 808 809
809 811 810
810 811 812
812 813 810
813 814 810
814 813 815
815 816 814
817 814 816
816 818 817
818 819 817
817 819 806
819 820 806
820 819 821
821 822 820
823 820 822
822 824 823
825 823 824
824 253 825
826 825 253
825 826 827
828 827 826
826 829 828
828 829 830
830 799 828
829 240 830
829 826 247
827 828 801
823 825 827
827 805 823
824 822 831
831 832 824
832 255 824
833 832 831
831 834 833
835 833 834
834 836 835
835 836 837
837 838 835
838 839 835
839 838 840
264 839 840
839 264 833
840 838 841
841 271 840
842 841 838
838 843 842
844 842 843
843 845 844
846 844 845
845 847 846
848 846 847
847 849 848
850 848 849
849 851 850
852 850 851
851 853 852
854 852 853
853 855 854
854 855 856
856 857 854
857 858 854
858 857 859
859 860 858
861 858 860
860 862 861
863 861 862
862 864 863
865 863 864
864 866 865
866 867 865
868 865 867
867 869 868
870 868 869
871 870 869
869 872 871
873 871 872
872 874 873
874 875 873
876 873 875
877 876 875
875 878 877
878 879 877
880 877 879
879 280 880
877 880 881
274 881 880
881 274 841
882 879 878
878 883 882
884 882 883
883 885 884
884 885 886
886 290 884
887 886 885
888 887 885
885 889 888
890 888 889
889 891 890
890 891 892
892 893 890
894 893 892
895 894 892
892 896 895
897 895 896
896 898 897
899 897 898
898 900 899
901 899 900
902 901 900
900 903 902
904 902 903
903 905 904
906 904 905
905 907 906
908 906 907
907 909 908
910 908 909
909 911 910
912 910 911
911 913 912
913 914 912
912 914 915
915 916 912
916 915 917
917 918 916
919 916 918
918 920 919
921 919 920
920 922 921
923 921 922
922 924 923
925 923 924
924 926 925
926 927 925
928 925 927
927 929 928
928 929 930
930 901 928
930 931 901
931 930 932
932 933 931
931 933 897
934 897 933
933 935 934
936 934 935
935 937 936
938 936 937
937 939 938
939 940 938
940 305 938
941 938 305
942 940 939
939 943 942
944 942 943
943 945 944
946 944 945
945 947 946
948 946 947
949 948 947
947 932 949
929 949 932
949 929 950
951 950 929
950 951 952
952 953 950
948 950 953
948 953 954
955 954 953
953 956 955
956 957 955
958 955 957
957 959 958
959 960 958
961 958 960
944 961 960
958 961 954
946 954 961
962 960 959
962 959 320
960 962 314
960 314 963
963 942 960
959 957 323
957 964 323
965 323 964
964 966 965
967 965 966
967 966 968
968 969 967
969 970 967
970 333 967
333 970 971
972 971 970
970 973 972
974 972 973
973 975 974
974 975 976
976 977 974
976 978 977
977 978 979
979 345 977
980 979 978
978 981 980
980 981 982
982 983 980
984 983 982
984 982 985
985 986 984
986 987 984
348 984 987
355 987 986
986 988 355
988 986 989
989 990 988
988 990 991
991 358 988
992 358 991
991 993 992
992 993 994
994 995 992
995 994 367
996 367 994
994 997 996
998 996 997
997 999 998
1000 998 999
1001 1000 999
999 1002 1001
1001 1002 1003
1003 1004 1001
1005 1001 1004
1004 1006 1005
1006 1007 1005
1007 1008 1005
1005 1008 1000
1009 1000 1008
1008 1010 1009
1010 1011 1009
1012 1009 1011
1011 372 1012
996 1009 1012
1011 1010 1013
1013 375 1011
1014 1013 1010
1010 1007 1014
1015 1014 1007
1014 1015 1016
1017 1016 1015
1015 1018 1017
1019 1017 1018
1018 1020 1019
1019 1020 1021
1021 1022 1019
1023 1019 1022
1022 1024 1023
1025 1023 1024
1024 387 1025
1026 1023 1025
1025 381 1026
1027 1026 381
1026 1027 1016
1013 1016 1027
1027 378 1013
1023 1026 1017
1028 1024 1022
1024 1028 390
1022 1021 1028
1029 1028 1021
1021 1030 1029
1031 1029 1030
1030 1032 1031
1033 1031 1032
1032 1034 1033
1035 1033 1034
1034 1036 1035
1037 1035 1036
1038 1037 1036
1036 1039 1038
1040 1038 1039
1039 1041 1040
1041 1042 1040
1043 1040 1042
1043 1042 1044
1044 1045 1043
1045 1046 1043
1046 1045 1047
1047 1048 1046
1048 1049 1046
1050 1046 1049
1049 1051 1050
1051 1052 1050
1038 1050 1052
1052 1051 1053
1053 1054 1052
1052 1054 1037
1055 1037 1054
1054 1056 1055
1056 1057 1055
1058 1055 1057
1057 1059 1058
1060 1058 1059
1059 400 1060
1061 1060 400
1060 1061 1031
1058 1060 1033
1059 1057 406
1062 406 1057
1055 1058 1035
1057 1056 1062
1063 1062 1056
1064 1063 1056
1063 1064 1065
1065 1066 1063
1067 1063 1066
1066 412 1067
1068 1066 1065
1065 1069 1068
1068 1069 1070
1070 1071 1068
425 1071 1070
1070 1072 425
1072 1070 1069
430 1072 1069
1069 1073 430
1073 1074 430
1074 1073 1075
1075 1076 1074
1074 1076 433
1077 433 1076
1076 1078 1077
1077 1078 1079
1079 1080 1077
1080 434 1077
434 1080 458
1081 1080 1079
1079 1082 1081
1083 1081 1082
1082 1084 1083
1085 1083 1084
1084 1086 1085
1087 1085 1086
1086 1088 1087
1089 1087 1088
1088 1090 1089
1091 1089 1090
1090 1092 1091
1093 1091 1092
1092 1094 1093
1095 1093 1094
1094 1096 1095
1097 1095 1096
1096 1098 1097
1099 1097 1098
1098 1100 1099
1101 1099 1100
1100 1102 1101
1103 1101 1102
1102 1104 1103
1105 1103 1104
1104 1106 1105
1107 1105 1106
1106 1108 1107
1108 1109 1107
1107 1109 1110
1110 1111 1107
1111 1110 1112
1112 1113 1111
1114 1111 1113
1113 1115 1114
1116 1114 1115
1115 1117 1116
1118 1116 1117
1117 1119 1118
1120 1118 1119
1119 1121 1120
1122 1120 1121
1121 1123 1122
1124 1122 1123
1123 1125 1124
1124 1125 1095
1125 1123 1126
1126 1127 1125
1128 1125 1127
1127 1129 1128
1130 1128 1129
1129 1131 1130
1087 1130 1131
1132 1087 1131
1131 467 1132
467 1131 1133
1134 1133 1131
1135 1133 1134
1134 1129 1135
1136 1135 1129
1135 1136 1137
1137 1138 1135
1138 1137 1139
1139 1140 1138
1140 1141 1138
1142 1138 1141
470 1142 1141
1141 1143 470
1143 1141 1144
1144 1145 1143
1146 1143 1145
1145 1147 1146
1148 1146 1147
1147 1149 1148
1150 1148 1149
1149 1151 1150
1152 1150 1151
1151 1153 1152
1154 1152 1153
1153 496 1154
1155 1154 496
1154 1155 479
496 1153 1156
1153 1157 1156
1158 1156 1157
1157 1159 1158
1158 1159 1160
1160 517 1158
1161 1158 517
1162 1160 1159
1159 1163 1162
1164 1162 1163
1163 1165 1164
1165 1166 1164
1167 1164 1166
1168 1167 1166
1166 1169 1168
1170 1168 1169
1169 1171 1170
1171 1172 1170
1170 1172 1173
1173 527 1170
1174 1173 1172
1172 1175 1174
1176 1174 1175
1175 1177 1176
1178 1176 1177
1177 1179 1178
1180 1178 1179
1179 1181 1180
539 1180 1181
1181 1182 539
1182 1181 1183
1183 1184 1182
1185 1182 1184
1184 1186 1185
1187 1185 1186
1186 1188 1187
1188 1189 1187
1190 1187 1189
1189 1191 1190
1191 1192 1190
546 1190 1192
1192 1193 546
1193 1192 1194
1194 1195 1193
1196 1193 1195
1195 1197 1196
1198 1196 1197
1197 1199 1198
1200 1198 1199
1199 1201 1200
557 1200 1201
1201 1202 557
1202 1201 1203
1203 1204 1202
1205 1202 1204
1204 711 1205
711 1204 1206
1207 1206 1204
719 1206 1207
1207 1208 719
1208 1207 1203
1203 1209 1208
1210 1208 1209
1209 1211 1210
1212 1210 1211
1211 1213 1212
1214 1212 1213
1213 1215 1214
1216 1214 1215
1215 1217 1216
1218 1216 1217
1217 1219 1218
1220 1218 1219
1219 1221 1220
1222 1220 1221
1221 1223 1222
1224 1222 1223
1225 1224 1223
1223 1226 1225
1227 1225 1226
1226 1228 1227
1229 1227 1228
1228 1230 1229
1230 1231 1229
1232 1229 1231
1231 1233 1232
1234 1232 1233
1233 1235 1234
1236 1234 1235
1235 1237 1236
1238 1236 1237
1237 1239 1238
1137 1238 1239
1239 1237 1240
1240 1241 1239
1139 1239 1241
1241 1242 1139
1242 1241 1175
1241 1240 1177
1243 1240 1237
1240 1243 1179
1236 1238 1244
1244 1245 1236
1245 1244 1126
1244 1136 1126
1136 1244 1238
1237 1235 1243
1183 1243 1235
1234 1236 1245
1245 1246 1234
1246 1245 1123
1235 1233 1183
1232 1234 1246
1246 1247 1232
1247 1246 1121
1233 1231 1184
1247 1229 1232
1229 1247 1248
1248 1247 1119
1231 1230 1186
1228 1249 1230
1230 1249 1188
1249 1250 1188
1223 1250 1249
1250 1223 1251
1250 1251 1191
1251 1252 1191
1252 1251 1219
1219 1194 1252
1248 1227 1229
1227 1248 1115
1249 1228 1226
1225 1227 1115
1226 1223 1249
1224 1225 1113
1222 1224 1253
1253 1254 1222
1254 1253 1255
1255 731 1254
1256 1254 731
1254 1256 1220
1257 1255 1253
1253 1258 1257
1257 1258 735
1259 735 1258
1110 1259 1258
1259 1110 1260
1260 737 1259
1261 737 1260
1109 1261 1260
1109 1262 1261
1262 1263 1261
1261 1263 1264
1265 1264 1263
1263 1266 1265
1267 1265 1266
1266 1268 1267
1269 1267 1268
1268 1270 1269
1271 1269 1270
1270 1272 1271
1273 1271 1272
1272 1274 1273
1273 1274 1275
1275 1276 1273
1277 1273 1276
1276 1278 1277
1279 1277 1278
1278 1280 1279
1281 1279 1280
1280 1282 1281
1283 1281 1282
1282 1284 1283
1283 1284 1285
1285 1267 1283
1286 1285 1284
1284 1287 1286
1287 1288 1286
739 1286 1288
1286 739 1289
1288 1287 1290
1290 1291 1288
741 1288 1291
1291 1292 741
1293 1292 1291
1292 1293 1294
1295 1292 1294
1294 1296 1295
1297 1295 1296
1296 1298 1297
1298 1299 1297
748 1297 1299
1297 748 1300
1300 748 744
1299 1298 1301
1302 1299 1301
1301 1303 1302
753 1302 1303
1303 1304 753
1304 1303 1305
1306 1304 1305
1305 1307 1306
1307 1308 1306
1309 1306 1308
763 1309 1308
1308 1310 763
1310 1308 1311
1311 1312 1310
1310 1312 765
1312 1311 1313
1313 1314 1312
1312 1314 766
1314 1313 1315
1315 1316 1314
1314 1316 768
1315 1317 1316
1316 1317 1318
1318 1319 1316
1316 1319 769
1319 1318 1320
1319 1320 771
1318 1321 1320
1322 1320 1321
1321 1323 1322
1324 1322 1323
1323 1325 1324
1325 1326 1324
1327 1324 1326
1326 1328 1327
1327 1328 1329
1329 1330 1327
1331 1330 1329
1329 1332 1331
1331 1332 1333
1333 1334 1331
1334 1333 1335
1335 1336 1334
1337 1334 1336
1336 1338 1337
1339 1337 1338
1340 1339 1338
1340 1338 775
1339 1340 773
1320 1339 773
1337 1339 1341
1341 1339 1322
1342 1338 1336
1338 1342 1343
1338 1343 777
1343 1344 777
1343 1345 1344
1346 1344 1345
1345 1347 1346
781 1346 1347
1347 1345 809
809 1348 1347
1349 1347 1348
1348 1350 1349
1351 1349 1350
1350 802 1351
1349 1351 785
790 785 1351
1351 1352 790
1352 1351 800
807 1350 1348
784 1347 1349
1346 779 1344
1345 1343 811
1342 811 1343
1341 1334 1337
1334 1341 1330
1330 1341 1324
1336 1335 1342
1335 812 1342
812 1335 1333
1353 1333 1332
1332 1354 1353
815 1353 1354
1354 1355 815
1355 1354 1356
1356 1357 1355
1358 1355 1357
1357 1359 1358
1359 836 1358
1358 836 818
821 818 836
1359 1357 1360
1360 1361 1359
1361 837 1359
837 1361 843
847 1361 1360
1360 1362 847
1362 1360 1356
1356 1363 1362
851 1362 1363
1363 1364 851
1364 1363 1332
1355 1358 816
1357 1356 1360
1363 1356 1354
1354 1332 1363
813 1333 1353
1332 1329 1364
1330 1331 1334
1328 1364 1329
1364 1328 853
1328 1326 855
1365 855 1326
1324 1327 1330
1326 1325 1365
1366 1365 1325
1325 1367 1366
1368 1366 1367
1369 1368 1367
1367 1370 1369
1317 1369 1370
1371 1369 1317
1369 1371 1372
1372 1373 1369
1373 1372 1374
1374 1375 1373
1375 1376 1373
1373 1376 1368
1377 1368 1376
1376 1378 1377
1379 1377 1378
1378 1380 1379
1381 1379 1380
1380 1382 1381
1383 1381 1382
1382 1384 1383
859 1383 1384
1384 1385 859
1385 1384 1386
1386 1387 1385
1387 1388 1385
1389 1385 1388
1388 1390 1389
1390 866 1389
866 1390 1391
1391 1392 866
1392 1391 1393
1393 1394 1392
1395 1392 1394
1394 1396 1395
1395 1396 869
1397 869 1396
1396 1398 1397
1399 1397 1398
889 1399 1398
1399 874 1397
874 1399 883
891 1398 1396
1396 1394 891
1400 891 1394
1401 1400 1394
896 1400 1401
1401 1402 896
1402 1401 1393
1393 1403 1402
1404 1402 1403
1403 1405 1404
1404 1405 903
1406 903 1405
1405 1407 1406
1408 1406 1407
1407 1409 1408
1408 1409 909
1409 1410 909
1410 1409 1411
1412 1410 1411
1411 1413 1412
1414 1412 1413
1413 1415 1414
1416 1414 1415
1415 1417 1416
1418 1416 1417
1417 1419 1418
1420 1418 1419
1419 1421 1420
1422 1420 1421
1421 1423 1422
1422 1423 1298
1423 1421 1424
1424 1425 1423
1423 1425 1301
1425 1424 1426
1426 1427 1425
1305 1425 1427
1427 1426 1428
1428 1311 1427
1429 1428 1426
1428 1429 1430
1430 1313 1428
1372 1430 1429
1426 1424 1429
1374 1429 1424
1424 1421 1374
1420 1422 1296
1421 1419 1375
1419 1431 1375
1418 1420 1432
1432 1433 1418
1433 1432 1434
1434 1435 1433
1433 1435 1416
1435 1434 1436
914 1435 1436
1436 1437 914
1437 1436 1438
1438 1439 1437
915 1437 1439
1439 1438 1280
1440 1438 1436
1436 1441 1440
1290 1440 1441
1441 1293 1290
1293 1441 1434
1438 1440 1282
1287 1282 1440
1442 1435 914
1435 1442 1414
1441 1436 1434
1434 1432 1293
1294 1432 1420
1431 1419 1417
1443 1431 1417
1431 1443 1378
1416 1418 1433
1417 1415 1443
1444 1443 1415
1443 1444 1380
1414 1416 1435
1415 1413 1444
1445 1444 1413
1382 1444 1445
1412 1414 1442
1442 913 1412
1413 1411 1445
1411 1446 1445
1386 1445 1446
1410 1412 913
1446 1411 1409
1409 1407 1446
1447 1446 1407
1446 1447 1387
1406 1408 905
1407 1405 1447
1448 1447 1405
1447 1448 1388
1405 1403 1448
1403 1391 1448
1402 1404 898
1392 1395 867
1394 1393 1401
1391 1403 1393
1448 1391 1390
1390 1388 1448
1385 1389 860
1388 1387 1447
1387 1386 1446
1445 1386 1384
1384 1382 1445
1381 1383 856
1444 1382 1380
856 1379 1381
1379 856 1365
1380 1378 1443
1377 1379 1366
1378 1376 1431
1376 1375 1431
1375 1374 1421
1429 1374 1372
1430 1372 1371
1371 1315 1430
1323 1370 1367
1368 1369 1373
1366 1368 1377
1365 1366 1379
1367 1325 1323
1322 1324 1341
1370 1323 1321
1320 1322 1339
1321 1318 1370
1370 1318 1317
1317 1315 1371
1313 1430 1315
1311 1428 1313
1308 1427 1311
759 1306 1309
1306 759 756
1427 1308 1307
1307 1305 1427
1304 1306 756
1425 1305 1303
1303 1301 1425
1299 1302 749
1301 1298 1423
1298 1296 1422
1300 1295 1297
1295 1300 742
1296 1294 1420
1292 1295 742
1432 1294 1293
1291 1290 1293
1440 1290 1287
1289 1285 1286
1264 1285 1289
1289 738 1264
1284 1282 1287
1281 1283 1267
1282 1280 1438
1279 1281 1269
1280 1278 1439
917 1439 1278
1277 1279 1271
1278 1276 917
1449 1276 1275
1275 1450 1449
1451 1449 1450
1450 1452 1451
1453 1451 1452
1454 1453 1452
1454 1455 1453
1453 1455 1456
1456 922 1453
1457 1456 1455
1458 1457 1455
1459 1458 1455
1459 1460 1458
1461 1458 1460
1460 1462 1461
1462 1463 1461
1464 1461 1463
1463 1465 1464
1464 1465 1466
1466 1467 1464
1468 1464 1467
1467 1457 1468
1457 1467 926
951 1467 1466
1467 951 927
952 1466 1465
1465 1463 1469
1469 968 1465
1461 1464 1468
1463 1462 1469
1469 1462 1470
1470 969 1469
1470 973 969
1471 1470 1462
975 1470 1471
1471 1472 975
975 1472 1473
1474 1473 1472
1472 1475 1474
1474 1475 1476
1476 981 1474
981 1476 1477
1476 1478 1477
1479 1477 1478
1479 1478 1480
990 1479 1480
990 1480 1481
990 1481 1482
1483 1482 1481
1484 1483 1481
1481 1485 1484
1484 1485 1486
1486 1487 1484
1486 1488 1487
1489 1487 1488
1490 1489 1488
1488 1491 1490
1491 1492 1490
1493 1490 1492
1492 1494 1493
1495 1493 1494
1494 1496 1495
1497 1495 1496
1498 1497 1496
1496 1499 1498
1500 1498 1499
1499 1501 1500
1502 1500 1501
1502 1501 1503
1503 1504 1502
1505 1502 1504
1504 1506 1505
1507 1505 1506
1506 1508 1507
1508 1509 1507
1510 1507 1509
1509 1511 1510
1512 1510 1511
1511 1513 1512
1514 1512 1513
1513 1515 1514
1515 1516 1514
1517 1514 1516
1516 1518 1517
1519 1517 1518
1520 1519 1518
1521 1520 1518
1518 1522 1521
1522 1006 1521
1006 1522 1015
1523 1015 1522
1522 1524 1523
1525 1523 1524
1524 1526 1525
1526 1527 1525
1525 1527 1528
1528 1020 1525
1528 1529 1020
1020 1529 1030
1529 1528 1530
1530 1531 1529
1034 1529 1531
1531 1530 1532
1533 1531 1532
1534 1533 1532
1532 1535 1534
1536 1534 1535
1535 1537 1536
1537 1538 1536
1536 1538 1041
1538 1537 1539
1540 1538 1539
1541 1540 1539
1539 1508 1541
1540 1541 1542
1542 1543 1540
1543 1542 1544
1544 1545 1543
1044 1543 1545
1545 1546 1044
1547 1044 1546
1546 1548 1547
1047 1547 1548
1548 1078 1047
1549 1047 1078
1078 1548 1082
1548 1546 1084
1088 1546 1545
1545 1544 1088
1092 1544 1542
1542 1550 1092
1550 1542 1541
1541 1506 1550
1551 1550 1506
1550 1551 1094
1538 1540 1543
1543 1042 1538
1509 1539 1537
1537 1535 1509
1039 1534 1536
1552 1535 1532
1532 1527 1552
1515 1552 1527
1511 1535 1552
1534 1039 1533
1036 1531 1533
1527 1532 1530
1530 1528 1527
1527 1526 1515
1516 1526 1524
1523 1525 1018
1524 1522 1516
1521 1004 1520
1553 1519 1520
1553 1520 1554
1554 1555 1553
1555 1556 1553
1555 1557 1556
1556 1557 1558
1558 1559 1556
1560 1556 1559
1559 1561 1560
1562 1560 1561
1561 1563 1562
1512 1562 1563
1563 1561 1564
1564 1565 1563
1510 1563 1565
1565 1564 1500
1497 1564 1561
1560 1562 1517
1561 1559 1497
1556 1560 1519
1559 1558 1495
1558 1557 1493
1555 1489 1557
1555 1566 1489
1554 1566 1555
1566 1554 1003
1520 1003 1554
1519 1553 1556
1517 1519 1560
1518 1516 1522
1514 1517 1562
1526 1516 1515
1513 1552 1515
1562 1512 1514
1552 1513 1511
1563 1510 1512
1535 1511 1509
1565 1507 1510
1539 1509 1508
1508 1506 1541
1507 1565 1505
1506 1504 1551
1567 1551 1504
1551 1567 1096
1505 1565 1502
1504 1503 1567
1100 1567 1503
1503 1568 1100
1568 1503 1569
1569 1570 1568
1568 1570 1102
1571 1102 1570
1571 1570 1572
1571 1572 1573
1571 1573 1104
1574 1573 1572
1572 1575 1574
1576 1574 1575
1575 1577 1576
1578 1576 1577
1577 1579 1578
1580 1578 1579
1579 1581 1580
1580 1581 1582
1582 1268 1580
1583 1582 1581
1581 1584 1583
1584 1585 1583
1586 1583 1585
1586 1585 1587
1587 1588 1586
1588 1589 1586
1589 1588 1274
1590 1274 1588
1588 1591 1590
1592 1590 1591
1593 1592 1591
1591 1594 1593
1594 1475 1593
1595 1593 1475
1596 1593 1595
1595 1460 1596
1460 1595 1472
1597 1475 1594
1598 1597 1594
1597 1598 1599
1599 1600 1597
1600 1601 1597
1601 1600 1478
1600 1599 1602
1485 1600 1602
1485 1480 1600
1599 1603 1602
1604 1602 1603
1605 1604 1603
1603 1585 1605
1604 1605 1491
1605 1606 1491
1606 1605 1584
1584 1607 1606
1608 1606 1607
1607 1609 1608
1610 1608 1609
1609 1575 1610
1575 1611 1610
1496 1610 1611
1612 1496 1611
1611 1572 1612
1608 1610 1494
1609 1607 1577
1606 1608 1492
1602 1604 1486
1603 1599 1587
1598 1587 1599
1475 1597 1601
1594 1591 1598
1593 1596 1592
1592 1596 1454
1454 1613 1592
1613 1454 1450
1459 1454 1596
1590 1592 1613
1591 1588 1598
1613 1274 1590
1587 1598 1588
1585 1603 1587
1583 1586 1589
1585 1584 1605
1581 1607 1584
1589 1582 1583
1582 1589 1270
1607 1581 1579
1578 1580 1268
1579 1577 1607
1576 1578 1614
1614 1615 1576
1615 1614 1263
1614 1578 1266
1577 1575 1609
1574 1576 1615
1615 1616 1574
1616 1615 1108
1108 1615 1262
1611 1575 1572
1573 1574 1616
1573 1616 1106
1572 1570 1612
1569 1612 1570
1612 1569 1499
1501 1569 1503
1500 1502 1565
1501 1499 1569
1498 1500 1564
1499 1496 1612
1564 1497 1498
1495 1497 1559
1610 1496 1494
1493 1495 1558
1494 1492 1608
1490 1493 1557
1492 1491 1606
1491 1488 1604
1489 1490 1557
1487 1489 1566
1487 1566 1483
1002 1483 1566
1002 1617 1483
1488 1486 1604
1602 1486 1485
1483 1484 1487
1482 1483 1617
993 1482 1617
1617 997 993
1481 1480 1485
1478 1600 1480
1477 1479 989
989 985 1477
1478 1476 1601
1601 1476 1475
1475 1472 1595
1473 1474 978
1472 1471 1460
1462 1460 1471
1468 1458 1461
1596 1460 1459
1458 1468 1457
926 1456 1457
1459 1455 1454
1451 1453 922
1454 1452 1450
1449 1451 920
1450 1275 1613
1276 1449 918
1274 1613 1275
1274 1272 1589
1271 1273 1277
1272 1270 1589
1269 1271 1279
1270 1268 1582
1267 1269 1281
1268 1266 1578
1265 1267 1285
1266 1263 1614
1285 1264 1265
1263 1262 1615
737 1261 1264
1255 1257 733
1258 1253 1224
1112 1258 1224
1251 1223 1221
1220 1222 1254
1221 1219 1251
1218 1220 1256
1256 729 1218
1194 1219 1217
1216 1218 729
1195 1217 1215
1214 1216 727
1197 1215 1213
1212 1214 725
1213 1211 1197
1210 1212 723
1211 1209 1199
1208 1210 721
1206 719 1618
1618 713 1206
561 1202 1205
1204 1203 1207
1201 1209 1203
1209 1201 1199
1198 1200 552
1199 1197 1211
1196 1198 550
1215 1197 1195
1193 1196 548
1217 1195 1194
1252 1194 1192
1192 1191 1252
1191 1189 1250
544 1187 1190
1189 1188 1250
1188 1186 1230
1185 1187 542
1186 1184 1231
1182 1185 541
1184 1183 1233
1243 1183 1181
1181 1179 1243
1178 1180 535
1179 1177 1240
1176 1178 533
1177 1175 1241
533 1174 1176
1175 1172 1242
1173 1174 531
1172 1171 1242
1619 1242 1171
1242 1619 1140
1171 1169 1619
1144 1619 1169
1168 1170 527
1169 1166 1144
527 1167 1168
1164 1167 523
1166 1165 1145
1165 1163 1147
1162 1164 521
1163 1159 1149
1160 1162 519
1159 1157 1149
1156 1158 1161
1161 1620 1156
497 1156 1620
1620 1161 515
515 1621 1620
499 1620 1621
1621 1622 499
1622 1621 511
1152 1154 478
1157 1153 1151
1150 1152 475
1151 1149 1157
1148 1150 475
1149 1147 1163
1146 1148 473
1147 1145 1165
1143 1146 471
1145 1144 1166
1619 1144 1141
1138 1142 1133
468 1133 1142
1141 1140 1619
1140 1139 1242
1239 1139 1137
1238 1137 1136
1133 1135 1138
1131 1129 1134
1128 1130 1091
1129 1127 1136
1125 1128 1093
1127 1126 1136
1126 1123 1245
1122 1124 1097
1123 1121 1246
1120 1122 1099
1121 1119 1247
1099 1118 1120
1119 1117 1248
1116 1118 1103
1117 1115 1248
1114 1116 1105
1115 1113 1225
1111 1114 1105
1113 1112 1224
1258 1112 1110
1260 1110 1109
1262 1109 1108
1616 1108 1106
1105 1107 1111
1106 1104 1573
1103 1105 1116
1104 1102 1571
1101 1103 1118
1102 1100 1568
1118 1099 1101
1567 1100 1098
1097 1099 1122
1098 1096 1567
1095 1097 1124
1096 1094 1551
1093 1095 1125
1094 1092 1550
1091 1093 1128
1544 1092 1090
1089 1091 1130
1090 1088 1544
1130 1087 1089
1546 1088 1086
1085 1087 1132
1132 466 1085
1086 1084 1546
1083 1085 466
1084 1082 1548
1081 1083 464
1080 1081 462
1082 1079 1078
1078 1076 1549
1076 1075 1549
1549 1075 1048
1623 1048 1075
1075 1073 1623
1624 1623 1073
1623 1624 1051
1073 1069 1624
1069 1065 1624
1066 1068 1071
1071 415 1066
1064 1624 1065
1624 1064 1053
1062 1063 1067
1067 408 1062
1056 1054 1064
1054 1053 1064
1053 1051 1624
1051 1049 1623
1040 1046 1050
1049 1048 1623
1048 1047 1549
1547 1047 1045
1045 1044 1547
1042 1543 1044
1046 1040 1043
1042 1041 1538
1041 1039 1536
1050 1038 1040
1533 1039 1036
1037 1038 1052
1035 1037 1055
1531 1036 1034
1033 1035 1058
1529 1034 1032
1031 1033 1060
1032 1030 1529
1029 1031 1061
1061 394 1029
1028 1029 394
1030 1021 1020
1020 1018 1525
1017 1019 1023
1018 1015 1523
1016 1017 1026
1016 1013 1014
1008 1007 1010
1007 1006 1015
1004 1521 1006
1003 1520 1004
1566 1003 1002
999 1617 1002
1000 1001 1005
998 1000 1009
1617 999 997
1009 996 998
1012 367 996
997 994 993
993 991 1482
358 992 995
1482 991 990
990 989 1479
985 989 986
982 1477 985
983 984 348
983 348 979
1477 982 981
981 978 1474
979 980 983
978 976 1473
1473 976 975
973 1470 975
977 972 974
972 977 343
343 971 972
969 973 970
968 1469 969
966 1465 968
956 1465 966
965 967 333
966 964 956
964 957 956
953 1465 956
955 958 954
1465 953 952
1466 952 951
947 1625 932
950 948 949
948 954 946
1625 947 945
935 1625 945
961 944 946
937 945 943
942 944 960
963 940 942
940 963 311
943 939 937
938 941 936
1626 936 941
941 1627 1626
1628 1626 1627
1627 1629 1628
1630 1628 1629
1629 295 1630
1628 1630 887
1630 292 887
1629 1627 299
1626 1628 893
893 1628 888
1627 941 303
936 1626 894
945 937 935
934 936 894
1625 935 933
933 932 1625
932 930 929
929 927 951
901 925 928
927 926 1467
1456 926 924
923 925 904
924 922 1456
921 923 906
922 920 1451
919 921 908
920 918 1449
916 919 910
918 917 1276
1439 917 915
1437 915 914
914 913 1442
913 911 1410
910 912 916
911 909 1410
908 910 919
909 907 1408
906 908 921
907 905 1408
904 906 923
905 903 1406
902 904 925
903 900 1404
925 901 902
899 901 931
900 898 1404
897 899 931
898 896 1402
895 897 934
1400 896 892
894 895 934
893 894 1626
891 1400 892
889 1398 891
888 890 893
889 885 1399
887 888 1628
886 887 292
885 883 1399
882 884 286
879 882 283
883 878 875
876 877 881
881 1631 876
1631 881 842
873 876 1631
1631 1632 873
1632 1631 844
875 874 883
1397 874 872
871 873 1632
872 869 1397
1632 870 871
870 1632 846
846 1633 870
868 870 1633
869 867 1395
865 868 1633
867 866 1392
864 1389 866
1633 863 865
848 863 1633
1389 864 862
850 861 863
862 860 1389
858 861 852
860 859 1385
1383 859 857
857 856 1383
855 1365 856
855 853 1328
852 854 858
853 851 1364
861 850 852
1362 851 849
863 848 850
849 847 1362
1633 846 848
1361 847 845
844 846 1632
845 843 1361
842 844 1631
841 842 881
843 838 837
836 1359 837
836 834 821
833 835 839
832 833 262
834 831 822
820 823 805
822 821 834
819 818 821
818 816 1358
814 817 808
816 815 1355
1353 815 813
1333 813 812
811 1342 812
811 809 1345
808 810 814
1348 809 807
806 808 817
1350 807 804
805 806 820
803 805 827
804 802 1350
801 803 827
802 800 1351
799 801 828
800 798 1352
791 1352 798
797 799 830
830 237 797
798 796 791
795 797 237
796 794 792
792 791 796
1352 791 790
786 785 790
785 784 1349
1347 784 781
787 782 783
782 787 208
781 779 1346
778 780 202
202 196 778
779 777 1344
776 778 196
777 775 1338
774 776 194
775 773 1340
772 774 194
773 771 1320
770 772 188
771 769 1319
767 770 185
769 768 1316
768 766 1314
766 765 1312
765 763 1310
176 762 764
1309 763 761
761 759 1309
758 760 168
168 715 758
756 759 757
756 753 1304
752 754 722
1302 753 751
750 752 724
751 749 1302
747 750 726
749 748 1299
746 744 748
744 742 1300
740 743 734
742 741 1292
1288 741 739
738 1289 739
1264 738 737
737 735 1259
734 736 740
735 733 1257
732 734 743
733 731 1255
730 732 745
731 729 1256
745 728 730
729 727 1216
726 728 747
727 725 1214
724 726 750
725 723 1212
722 724 752
723 721 1210
720 722 754
721 719 1208
754 718 720
1618 719 716
717 718 755
715 717 758
716 714 1618
713 1618 714
1206 713 711
709 1205 711
1205 709 561
144 562 708
1202 561 559
558 560 563
559 557 1202
556 558 566
1200 557 554
555 556 566
553 555 568
554 552 1200
551 553 572
552 550 1198
549 551 572
550 548 1196
547 549 574
548 546 1193
545 547 576
1190 546 544
543 545 578
1187 544 542
540 543 578
542 541 1185
541 539 1182
579 538 540
1180 539 537
581 536 538
537 535 1180
534 536 583
535 533 1178
532 534 585
1174 533 531
530 532 587
531 529 1173
528 530 589
529 527 1173
526 528 591
1167 527 525
524 526 593
525 523 1167
522 524 595
523 521 1164
520 522 597
521 519 1162
518 520 599
519 517 1160
516 518 707
517 515 1161
707 514 516
1621 515 513
512 514 605
513 511 1621
510 512 610
511 507 1622
610 509 510
506 1622 507
1622 506 500
501 503 490
490 493 501
502 500 506
498 501 493
500 499 1622
1620 499 497
1156 497 496
496 495 1155
481 1155 495
495 492 481
493 494 498
493 490 491
489 490 503
503 32 489
487 489 30
484 486 449
485 483 488
482 484 449
483 481 492
480 482 452
1155 481 479
479 478 1154
478 476 1152
474 477 460
476 475 1152
475 473 1148
472 474 461
473 471 1146
469 472 463
471 470 1143
1142 470 468
1133 468 467
467 466 1132
466 464 1083
463 465 469
464 462 1081
461 463 472
462 459 1080
460 461 474
457 460 477
459 458 1080
435 458 456
455 457 477
456 453 435
477 454 455
452 454 480
453 451 435
450 452 482
449 450 482
447 449 486
486 1634 447
1634 486 20
446 447 1634
16 446 1634
445 440 448
444 438 441
438 444 428
440 439 448
451 439 437
436 438 428
437 435 451
458 435 434
433 1077 434
433 431 1074
429 432 436
431 430 1074
1072 430 427
428 429 436
426 428 444
427 425 1072
424 426 443
5 424 443
1071 425 423
421 424 2
423 418 1071
415 1071 418
412 1066 415
408 1067 412
406 1062 408
406 402 1059
400 1059 402
400 396 1061
394 1061 396
394 390 1028
390 387 1024
384 1025 387
381 1025 384
381 378 1027
375 1013 378
372 1011 375
369 1012 372
367 1012 369
367 363 995
360 995 363
995 360 358
355 988 358
987 355 351
987 351 348
348 345 979
343 977 345
971 343 339
339 335 971
971 335 333
333 329 965
325 965 329
323 965 325
323 320 959
320 316 962
314 962 316
314 311 963
311 307 940
305 940 307
305 303 941
303 299 1627
299 295 1629
292 1630 295
290 886 292
290 286 884
283 882 286
283 280 879
276 880 280
880 276 274
271 841 274
267 840 271
840 267 264
262 833 264
262 258 832
255 832 258
253 824 255
253 249 826
247 826 249
247 243 829
240 829 243
237 830 240
237 234 795
795 234 231
228 793 231
793 228 223
223 221 793
789 221 218
213 788 218
211 788 213
208 787 211
208 204 782
202 782 204
196 202 198
196 194 776
194 190 772
190 188 772
188 185 770
185 183 767
180 764 183
764 180 176
762 176 174
760 174 170
170 168 760
715 168 166
162 160 166
157 712 160
712 157 154
710 154 150
150 148 710
708 148 144
562 144 141
564 141 138
138 134 564
134 132 663
660 132 128
128 126 660
657 126 122
122 120 657
654 120 117
117 113 654
653 113 111
702 111 107
107 104 702
104 101 703
101 99 704
99 96 705
706 96 92
92 89 706
89 87 640
629 87 83
83 81 631
81 77 633
74 633 77
70 635 74
635 70 68
68 65 639
61 639 65
58 611 61
55 608 58
51 609 55
48 509 51
45 508 48
42 505 45
38 504 42
504 38 36
32 503 36
30 489 32
25 487 30
487 25 23
20 486 23
1634 20 16
13 446 16
446 13 10
7 442 10
443 7 5
5 2 424
421 2 1
$EndParametrizations
