$MeshFormat
4.1 0 8
$EndMeshFormat
$PhysicalNames
1
2 1 "cartilage"
$EndPhysicalNames
$Entities
1 1 1 0
1 -24.0401588840987 18.00007441412733 -33.84185355630588 0 
3 -29.95279452956359 -11.03316487616733 -33.89341390218514 0.07169716007944515 28.53168530704474 -24.54174612626177 0 2 1 -1 
2 -29.96263311189267 -11.03450379223257 -33.89380972011658 0.07170362135981811 28.53608680646494 -24.51659312043532 1 1 1 3 
$EndEntities
$Nodes
3 1349 1 1349
0 1 0 1
1
-24.0401588840987 18.00007441412733 -33.84185355630588
1 3 0 119
2
3
4
5
6
7
8
9
10
11
12
13
14
15
16
17
18
19
20
21
22
23
24
25
26
27
28
29
30
31
32
33
34
35
36
37
38
39
40
41
42
43
44
45
46
47
48
49
50
51
52
53
54
55
56
57
58
59
60
61
62
63
64
65
66
67
68
69
70
71
72
73
74
75
76
77
78
79
80
81
82
83
84
85
86
87
88
89
90
91
92
93
94
95
96
97
98
99
100
101
102
103
104
105
106
107
108
109
110
111
112
113
114
115
116
117
118
119
120
-24.97806741906239 16.23508511365123 -33.86674363021148
-25.91151874274291 14.46764439576036 -33.88283181237246
-26.83580293927985 12.69537711717058 -33.87828198639199
-27.74413002401375 10.91591274494107 -33.82761868418233
-28.41782895152157 9.037078276538969 -33.77895138971906
-28.87554221303669 7.093246217281708 -33.70250343185994
-29.25478323904339 5.13301989771105 -33.60687759393775
-29.64568155112854 3.174207057570329 -33.53333425894337
-29.93998437748111 1.19848282377677 -33.53040082210027
-29.82097659335951 -0.786963479115354 -33.45350796852164
-29.07032412825784 -2.605215149417688 -33.15519095061691
-28.01012588507707 -4.262793099233553 -32.80507980250106
-26.9618459308276 -5.937774397530196 -32.50891985129528
-26.13751281963659 -7.70775923832897 -32.23010758317464
-25.37132104286412 -9.006040139284606 -31.94054502634687
-24.62331773437745 -9.769436285246138 -31.67069562567166
-23.57048504371814 -10.13167523470822 -31.31269193374419
-22.01102592796105 -10.39029423976504 -30.84675873623529
-20.08363021298404 -10.57483540352872 -30.36087528974102
-18.1509163808144 -10.87185995638885 -29.9474235989831
-16.1841431825635 -11.03316487616733 -29.63943503727818
-14.20358775582789 -10.85287640980819 -29.48495810791729
-12.27780534855584 -10.36044561545352 -29.29989486261138
-10.49051461326789 -9.596324120132319 -28.85835086534193
-9.183390546352106 -8.155725883454506 -28.5499996540853
-8.596978042419019 -6.25252614234791 -28.49555340464267
-8.112371677850799 -4.331274162023808 -28.28027620049115
-7.383132810730175 -2.533729772147042 -27.80342945424059
-6.569452524083371 -0.9300420839272338 -26.94786509650982
-5.883599258141309 0.6588849042294969 -25.95808268995684
-5.432335070220391 2.502147692602698 -25.3384690478459
-5.05887656826335 4.399430853383069 -24.83471863216223
-4.701168106820347 6.343222174025019 -24.54221450023745
-4.432834890551633 8.283840633302869 -24.79917601753532
-4.376166923489262 9.98998719405486 -25.83021435553098
-4.364131698573245 11.64972589276821 -26.94142693147639
-4.146426385117961 13.3720547379688 -27.92960795245191
-3.743888331854063 14.80034774273507 -28.79155800488002
-3.298021049067937 15.81282174183812 -29.30778047435303
-2.693202917276138 16.49824585829434 -29.76519403140048
-1.677700485400596 17.20249204226334 -30.37651464445671
-0.4321969868046447 18.14271501214297 -31.40677011959937
0.07169716007944482 19.44689195854476 -32.78291042741498
-0.2311938090273251 20.83157245141285 -33.57199951385022
-1.035893382793395 22.55258493812848 -33.70387211268535
-1.811804117570019 24.39085243774552 -33.63839543707017
-3.009740274104233 25.98120100025687 -33.56511442672284
-4.594748889423082 27.18521990616201 -33.64064380196406
-6.416293547559091 27.99353362745234 -33.75748958891859
-8.353933353217606 28.46304514040727 -33.82016889450458
-10.34946129345882 28.51790831811391 -33.84297295779042
-12.3346121416626 28.29917773959839 -33.84737700337764
-14.20546734583665 27.61771214626961 -33.86657477495147
-15.95662958256032 26.65424978689502 -33.87448564966427
-17.65337733949868 25.59987756951415 -33.84286243972372
-19.17496645786535 24.30656120579054 -33.85243733644079
-20.56894746686902 22.87502946233953 -33.88690069105841
-21.83182580332684 21.32652943013735 -33.89139898051452
-23.00347423306989 19.70767317924633 -33.85624367303841
-24.50879486967563 17.11739079924235 -33.85559576813992
-25.44797373348877 15.3529145827762 -33.87492615857454
-26.37102632998779 13.58030101163805 -33.8867046729646
-27.30312169121275 11.81108763661257 -33.85571481135312
-28.12010978368343 9.990578810222333 -33.80303718687051
-28.66306430579069 8.068451453647825 -33.74543021529205
-29.0669017993824 6.11331046731158 -33.65543096141831
-29.4490592721331 4.154385978710986 -33.56272667241139
-29.82321898866577 2.190640216500875 -33.5259672773434
-29.95279452956359 0.200175240494631 -33.51652891324708
-29.51645615572724 -1.729241806344027 -33.32619462427949
-28.55265379143895 -3.440307119525208 -32.97520058024173
-27.46776515237351 -5.088186496065807 -32.64959489972868
-26.53662208398812 -6.81724947945706 -32.37568993496788
-25.77994439329881 -8.400992568411048 -32.09379532680424
-25.01637022565867 -9.406833527062597 -31.81111601191153
-24.10428564106935 -9.969593192819918 -31.49116354508165
-22.79952860884865 -10.29555009981426 -31.07188302231616
-21.04842860588326 -10.46519109909849 -30.59539925915045
-19.12240918445819 -10.72745142366913 -30.14364352717027
-17.17203834959996 -10.98197985561551 -29.77732075559016
-15.18905157149775 -10.99409323965193 -29.54262941875513
-13.23064381131114 -10.63169739383837 -29.42603006355508
-11.35667273697563 -10.03317057323981 -29.09359106422368
-9.738519005877038 -8.973497873514644 -28.66203062931949
-8.826610341340748 -7.227012422750336 -28.5098530008864
-8.394034636127865 -5.276731513254567 -28.43969155458057
-7.762618534260119 -3.418258446643407 -28.06305486383193
-6.976872036674628 -1.696819639644034 -27.44160670096452
-6.197820874501682 -0.1713939755018878 -26.41406950058864
-5.635006667080779 1.564480154978413 -25.61867525899444
-5.244120462343525 3.44511831949601 -25.06665183689059
-4.878437571953536 5.367348271313038 -24.66428759431262
-4.539974441324751 7.328935539333264 -24.54174612626177
-4.386266694899676 9.164226745089206 -25.26953916232357
-4.381291536814159 10.80707023148524 -26.41229369330674
-4.283290713250843 12.51619376084811 -27.42405053658169
-3.977306449836376 14.08876215344044 -28.37154156572918
-3.534070426770289 15.30641646791102 -29.06118066147614
-3.054024688449232 16.21250643567792 -29.51994647335989
-2.19739539834644 16.86232829319524 -30.07674040520881
-0.9840018235841328 17.64907100503067 -30.82910835945252
-0.07255416782267612 18.74836565392298 -32.09970857617974
0.005926910714349483 20.11366875212537 -33.2616444398032
-0.6422742663022456 21.68233258394336 -33.69347335553401
-1.392116176215145 23.48768299491616 -33.68670145885697
-2.357399750777797 25.22529844605813 -33.58653793078793
-3.760859865469198 26.63843010315698 -33.58714382770361
-5.487797629921291 27.62852173057039 -33.70380174697463
-7.37226675238752 28.28170898542453 -33.79585722019006
-9.351919909411437 28.53168530704474 -33.83481258127593
-11.34476541502967 28.44300491346094 -33.84631385597276
-13.29533862600574 28.03107629248663 -33.85280689750093
-15.08466792357419 27.14251998897081 -33.87695916301456
-16.8183417941975 26.14931552640856 -33.86014255788248
-18.43788235186612 24.9807439364679 -33.83861860672273
-19.88472408186498 23.60322049210253 -33.87234813064433
-21.2172813945581 22.11457674085604 -33.89341390218514
-22.42614648977759 20.52373718224464 -33.87824034040047
-23.54606855142301 18.86809937813031 -33.83942747561785
2 2 0 1229
121
122
123
124
125
126
127
128
129
130
131
132
133
134
135
136
137
138
139
140
141
142
143
144
145
146
147
148
149
150
151
152
153
154
155
156
157
158
159
160
161
162
163
164
165
166
167
168
169
170
171
172
173
174
175
176
177
178
179
180
181
182
183
184
185
186
187
188
189
190
191
192
193
194
195
196
197
198
199
200
201
202
203
204
205
206
207
208
209
210
211
212
213
214
215
216
217
218
219
220
221
222
223
224
225
226
227
228
229
230
231
232
233
234
235
236
237
238
239
240
241
242
243
244
245
246
247
248
249
250
251
252
253
254
255
256
257
258
259
260
261
262
263
264
265
266
267
268
269
270
271
272
273
274
275
276
277
278
279
280
281
282
283
284
285
286
287
288
289
290
291
292
293
294
295
296
297
298
299
300
301
302
303
304
305
306
307
308
309
310
311
312
313
314
315
316
317
318
319
320
321
322
323
324
325
326
327
328
329
330
331
332
333
334
335
336
337
338
339
340
341
342
343
344
345
346
347
348
349
350
351
352
353
354
355
356
357
358
359
360
361
362
363
364
365
366
367
368
369
370
371
372
373
374
375
376
377
378
379
380
381
382
383
384
385
386
387
388
389
390
391
392
393
394
395
396
397
398
399
400
401
402
403
404
405
406
407
408
409
410
411
412
413
414
415
416
417
418
419
420
421
422
423
424
425
426
427
428
429
430
431
432
433
434
435
436
437
438
439
440
441
442
443
444
445
446
447
448
449
450
451
452
453
454
455
456
457
458
459
460
461
462
463
464
465
466
467
468
469
470
471
472
473
474
475
476
477
478
479
480
481
482
483
484
485
486
487
488
489
490
491
492
493
494
495
496
497
498
499
500
501
502
503
504
505
506
507
508
509
510
511
512
513
514
515
516
517
518
519
520
521
522
523
524
525
526
527
528
529
530
531
532
533
534
535
536
537
538
539
540
541
542
543
544
545
546
547
548
549
550
551
552
553
554
555
556
557
558
559
560
561
562
563
564
565
566
567
568
569
570
571
572
573
574
575
576
577
578
579
580
581
582
583
584
585
586
587
588
589
590
591
592
593
594
595
596
597
598
599
600
601
602
603
604
605
606
607
608
609
610
611
612
613
614
615
616
617
618
619
620
621
622
623
624
625
626
627
628
629
630
631
632
633
634
635
636
637
638
639
640
641
642
643
644
645
646
647
648
649
650
651
652
653
654
655
656
657
658
659
660
661
662
663
664
665
666
667
668
669
670
671
672
673
674
675
676
677
678
679
680
681
682
683
684
685
686
687
688
689
690
691
692
693
694
695
696
697
698
699
700
701
702
703
704
705
706
707
708
709
710
711
712
713
714
715
716
717
718
719
720
721
722
723
724
725
726
727
728
729
730
731
732
733
734
735
736
737
738
739
740
741
742
743
744
745
746
747
748
749
750
751
752
753
754
755
756
757
758
759
760
761
762
763
764
765
766
767
768
769
770
771
772
773
774
775
776
777
778
779
780
781
782
783
784
785
786
787
788
789
790
791
792
793
794
795
796
797
798
799
800
801
802
803
804
805
806
807
808
809
810
811
812
813
814
815
816
817
818
819
820
821
822
823
824
825
826
827
828
829
830
831
832
833
834
835
836
837
838
839
840
841
842
843
844
845
846
847
848
849
850
851
852
853
854
855
856
857
858
859
860
861
862
863
864
865
866
867
868
869
870
871
872
873
874
875
876
877
878
879
880
881
882
883
884
885
886
887
888
889
890
891
892
893
894
895
896
897
898
899
900
901
902
903
904
905
906
907
908
909
910
911
912
913
914
915
916
917
918
919
920
921
922
923
924
925
926
927
928
929
930
931
932
933
934
935
936
937
938
939
940
941
942
943
944
945
946
947
948
949
950
951
952
953
954
955
956
957
958
959
960
961
962
963
964
965
966
967
968
969
970
971
972
973
974
975
976
977
978
979
980
981
982
983
984
985
986
987
988
989
990
991
992
993
994
995
996
997
998
999
1000
1001
1002
1003
1004
1005
1006
1007
1008
1009
1010
1011
1012
1013
1014
1015
1016
1017
1018
1019
1020
1021
1022
1023
1024
1025
1026
1027
1028
1029
1030
1031
1032
1033
1034
1035
1036
1037
1038
1039
1040
1041
1042
1043
1044
1045
1046
1047
1048
1049
1050
1051
1052
1053
1054
1055
1056
1057
1058
1059
1060
1061
1062
1063
1064
1065
1066
1067
1068
1069
1070
1071
1072
1073
1074
1075
1076
1077
1078
1079
1080
1081
1082
1083
1084
1085
1086
1087
1088
1089
1090
1091
1092
1093
1094
1095
1096
1097
1098
1099
1100
1101
1102
1103
1104
1105
1106
1107
1108
1109
1110
1111
1112
1113
1114
1115
1116
1117
1118
1119
1120
1121
1122
1123
1124
1125
1126
1127
1128
1129
1130
1131
1132
1133
1134
1135
1136
1137
1138
1139
1140
1141
1142
1143
1144
1145
1146
1147
1148
1149
1150
1151
1152
1153
1154
1155
1156
1157
1158
1159
1160
1161
1162
1163
1164
1165
1166
1167
1168
1169
1170
1171
1172
1173
1174
1175
1176
1177
1178
1179
1180
1181
1182
1183
1184
1185
1186
1187
1188
1189
1190
1191
1192
1193
1194
1195
1196
1197
1198
1199
1200
1201
1202
1203
1204
1205
1206
1207
1208
1209
1210
1211
1212
1213
1214
1215
1216
1217
1218
1219
1220
1221
1222
1223
1224
1225
1226
1227
1228
1229
1230
1231
1232
1233
1234
1235
1236
1237
1238
1239
1240
1241
1242
1243
1244
1245
1246
1247
1248
1249
1250
1251
1252
1253
1254
1255
1256
1257
1258
1259
1260
1261
1262
1263
1264
1265
1266
1267
1268
1269
1270
1271
1272
1273
1274
1275
1276
1277
1278
1279
1280
1281
1282
1283
1284
1285
1286
1287
1288
1289
1290
1291
1292
1293
1294
1295
1296
1297
1298
1299
1300
1301
1302
1303
1304
1305
1306
1307
1308
1309
1310
1311
1312
1313
1314
1315
1316
1317
1318
1319
1320
1321
1322
1323
1324
1325
1326
1327
1328
1329
1330
1331
1332
1333
1334
1335
1336
1337
1338
1339
1340
1341
1342
1343
1344
1345
1346
1347
1348
1349
-5.829318660572616 9.283933181025303 -26.43649098711166
-5.483915992191896 13.96700105753222 -28.39364420769413
-25.88818809092461 11.24444161771429 -33.22687790871382
-28.06629590681368 4.085719585232999 -32.41931520675909
-12.45824967771628 -8.31826093343455 -29.29970935658589
-22.05437420234578 -8.969987310128936 -30.76155199285707
-8.138092348129739 -0.934124151573932 -28.1975583835435
-17.44099083320137 23.69566670015266 -33.04211500698698
-2.941004484903168 17.46745042732053 -29.99275894510711
-22.13924024734295 18.17967954428989 -33.1539603635476
-26.22164280794907 -4.102727063593104 -31.84569007707344
-11.24873198606315 26.86180173352132 -32.89154311920447
-9.872370686421183 -4.620585369811535 -28.99368741742821
-2.766747010938771 23.0215513813119 -32.72407909497285
-6.581707970348631 4.162938768252117 -26.27382559555685
-18.86851496208818 -9.208064885857052 -30.15007116266031
-24.14356011060351 14.52263523861884 -33.19870694956096
-28.08289783583469 -1.010419903239715 -32.27542104758235
-6.278627998478527 26.18117486657114 -32.73125633936544
-1.392206444389874 19.70242332980414 -31.74718888721341
-27.14079821005725 7.739003471415137 -32.8938134033946
-20.09889691176238 21.11781955750795 -33.21371892239312
-15.38993035421294 -9.229292467898825 -29.63156817097793
-25.00269850101346 -7.534103222586957 -31.66552327713895
-14.33023564102395 25.92012301587497 -32.97185666598082
-4.517059783507779 15.62722498709509 -29.00393984333421
-6.615246375020615 11.47824104260926 -27.92051684970343
-3.862446330503655 16.65633385551465 -29.46310579488139
-5.01476888557325 16.52942878164142 -29.28768234447731
-4.291881359051211 17.65086019979296 -29.73638499863082
-5.678314086871514 17.40455327884509 -29.63704803415722
-5.189135495414613 18.72689372037889 -30.17072791394783
-6.578441897721678 18.14999535073778 -30.04200228224414
-6.486906724517494 19.50530423847069 -30.60194006587208
-7.711127370191408 18.75787036289572 -30.43695608287241
-7.83300205542706 17.28356449953083 -30.08390092303785
-8.989553518202174 18.00619175781528 -30.53480525445206
-9.144206169839277 16.4456579821355 -30.39749005677009
-10.36847420307569 17.30725232922507 -30.8060330269353
-10.4875787830628 15.6440640909246 -30.80603331616296
-11.81244344725584 16.58227204051369 -31.10903576797256
-11.93223408440422 14.86882732111405 -31.14886332062524
-13.32258887389063 15.88326373225339 -31.37790253899851
-13.44828679135577 14.1246874868685 -31.39543116662505
-10.02205297191499 18.95398130088913 -30.86016000051758
-12.01438122212869 13.12487324968976 -31.0908006249436
-13.52330788636352 12.30623868017698 -31.32909181734849
-12.07964202763345 11.34504872863506 -30.96368277758061
-13.59251994331387 10.48709867986426 -31.22290022552168
-15.10795389495214 11.4787077909763 -31.50968606497351
-15.13067983301542 9.617917376225133 -31.37704413934434
-13.58980522858947 8.68533599882594 -31.17056790368171
-15.1546441894935 7.774216544221721 -31.34737577364512
-16.77371341606574 8.74060743094876 -31.41662832219092
-16.76380138897055 6.900244328127419 -31.38067325792672
-15.18859319801759 5.923013067850537 -31.37458422637053
-16.7886389566066 5.045429730702814 -31.42212617204295
-15.20986844735289 4.064862554703708 -31.3800727386071
-16.82936225719019 3.181114726443319 -31.43199799215216
-18.39808050882415 4.168478898753654 -31.38385769702226
-18.43808629099153 2.311726754531708 -31.39780893850526
-16.84505663623015 1.354105714779135 -31.38414083263824
-18.45821809468848 0.4610914229231428 -31.37164883483173
-16.87330288485408 -0.4882955952214217 -31.29347967482872
-18.47219149541985 -1.378626324460887 -31.3154611953288
-20.00861326840728 1.406551882890876 -31.37143365224895
-14.99337921886833 15.1772094237713 -31.65801874895525
-13.27166017117783 17.48625779876911 -31.358049873485
-13.57628613655249 4.957938559486893 -31.17151491734873
-15.19980941750085 0.4320864613807959 -31.24628763842706
-18.40096816593245 7.841521537969172 -31.38537979847985
-18.38084546908302 9.722160208175769 -31.65033103191235
-16.89907943284039 -2.291730943256111 -31.16258106534953
-20.03517979542163 8.794667230104848 -31.64105896371145
-18.48862656694146 -3.162496837217742 -31.17947216036439
-19.98697695962392 -2.25881156210847 -31.32669335529677
-20.04211949282961 -3.988989579406637 -31.13750907457237
-16.92407338256102 -4.047851247471288 -30.92934868087097
-15.29452218745931 -3.127494434146381 -30.92951689273747
-19.97650909218821 10.65415283842302 -32.13315999056318
-9.152774490745166 14.80237339263696 -30.22444936485736
-21.47986139844759 -3.099470608282995 -31.30372236798712
-7.745125520082837 20.12482441371092 -30.93864689341638
-21.50277595002704 -4.782157724528866 -31.07585804592284
-6.443589997278373 20.89266589778944 -31.30894433878652
-7.880203974713114 21.57506647583176 -31.58823573820975
-6.393463150674688 22.49559131897984 -31.96021404463112
-7.950631378335056 23.19482101240472 -32.10962501528995
-9.443767295399914 22.20897305101602 -31.74218087414724
-21.6464083450356 9.718001950475003 -32.17665542604963
-21.70048462561262 7.846943782645349 -31.67654436179952
-15.34810958756242 -4.902690938669862 -30.57999071124082
-20.14273382258543 -5.619358504909119 -30.82882152844571
-17.0607856394834 -6.071658517391142 -30.46817231847647
-18.31857126738573 11.60354731723687 -32.01241460387155
-19.91646244828664 12.54782010344721 -32.43481654919539
-18.27960848597931 13.48731340891998 -32.21903640654508
-19.89291123444361 14.45658872487567 -32.49360587272416
-18.25892760626174 15.37776268816521 -32.23915000026411
-13.68118339547063 -3.971924929895649 -30.51122820034281
-23.30732347370625 8.782808025447112 -32.19487373470322
-23.38984660973471 6.905797434278582 -31.73756656575371
-21.72932246787552 5.948430891413248 -31.38469329615913
-23.329211313046 5.012742744163399 -31.45695274869734
-3.432025608332619 18.61992965401043 -30.29186221035642
-4.084796869720477 19.66632143539808 -30.70165716213573
-21.47791816046026 -1.332726309528231 -31.39404810172886
-23.00204473000386 -2.206606649605198 -31.39896564031442
-23.04832180918293 -0.417507812850286 -31.44179603869614
-10.53968871648863 12.19559522406218 -30.5853118224311
-10.60923571206247 10.47080581701163 -30.4064192586832
-24.57866850341263 -1.320136118904541 -31.48080746743087
-24.65518854020695 0.5190211846064762 -31.49761352770763
-23.08475872981237 1.379659404278857 -31.42211934449141
-13.56791635165387 3.066373064911288 -31.14924091098086
-11.9532930492205 4.011836402711451 -30.77154648318053
-11.98632083544533 2.085926459457319 -30.73117175434235
-10.45068424038998 3.084849640994838 -30.10126229349439
-10.39446856384997 4.993220858363737 -30.15865110397738
-9.071531234927505 4.100412483009316 -29.13896531031966
-9.022691804949044 5.998496948102632 -29.20444983345607
-10.39840240275466 6.940837078080605 -30.15843875949495
-9.082683973794612 7.846267770461662 -29.34104964922481
-9.576507598676766 23.90854453394975 -32.21984145057702
-11.02256985012835 22.88395713815391 -31.91800279104124
-7.847105138802442 7.058319353214261 -28.06653924892668
-9.192747348378026 11.34609077163616 -29.77725233643232
-21.54926191360411 -6.328423483242977 -30.81809443930417
-22.87553949468456 -5.534602965212219 -31.09993083778186
-13.739051702585 -2.128179453565657 -30.8277366275192
-10.47389216817575 1.25837341789574 -29.9560673434716
-24.66923212853517 2.4066984656813 -31.49473981707009
-26.27794976456526 1.45501070260523 -31.62510624733287
-23.73994049911473 -8.951908852805484 -31.25964147531043
-6.250486424048825 16.13565960986166 -29.3010471701327
-21.65249269060512 4.111568768429391 -31.31633171291065
-19.83798373786585 16.30476308119759 -32.47450846297743
-18.20922715288592 17.22838658759287 -32.24475610059071
-4.970348220918632 21.5165667524986 -31.62806563140733
-24.95861905530776 5.918156349336604 -31.80964145756145
-22.85607252979253 -6.901797142895079 -30.95612097691812
-12.45219391560079 -3.081842328421378 -30.30977119558499
-10.50889977491477 -6.517885732295809 -28.98335625093601
-13.91570000952104 -5.70862049270558 -30.10862825311366
-7.407997415439023 0.8653765301644927 -27.38480372979119
-10.88440849843572 21.28102280331009 -31.445522926521
-12.45543003290172 21.80078682337533 -31.71960694335513
-12.73196497322162 23.40165783798943 -32.12220039565358
-14.11527616352813 22.36099219705658 -32.05769835945235
-13.80161945885243 20.71112818773994 -31.72866143128009
-15.47258968882197 21.19251178150624 -32.10388365121801
-15.1004792611311 19.63170220336768 -31.84483002247408
-16.81164963529269 20.05259207251014 -32.20753786346479
-20.07785839161999 18.11419748344532 -32.63364697056332
-12.09435933123063 0.2985526103412412 -30.61487580609595
-10.55339777064213 -0.5476471157333311 -29.83575206844376
-23.16758639764095 10.64941769508256 -32.62109177833192
-21.46376513811709 13.51027631243592 -32.66737356020968
-7.914069813952243 8.869667798733248 -28.37909779454409
-8.120210767166123 24.83882740145722 -32.39088279313721
-20.30339672123518 -7.152016038868174 -30.5589632529073
-4.598908396731423 23.30247574847456 -32.3021762909228
-2.084360740211942 21.73774190609756 -32.49284225962202
-11.95412771488174 -4.796057338732344 -29.75095677078204
-16.62226154504649 16.26379369618564 -31.95364274676399
-24.57605411996147 -3.10145274360981 -31.45254790773885
-26.23968464880915 -2.095477266002287 -31.71363770496163
-18.81933712183401 -6.447712533755079 -30.54488450688959
-7.87020444407288 5.089786603453634 -27.85519856006644
-6.838930886397922 6.306514200879865 -26.71471975157237
-7.992366463221609 2.77192598106544 -27.86680462747956
-28.38296809627591 2.045961295085769 -32.31392279797214
-24.17196857875263 -6.296352937942346 -31.32792538318267
-17.1767317886884 21.78705716555662 -32.52592758454853
-1.998614999233779 18.56643790274487 -30.79146084201867
-17.24434646916167 -9.24797833596193 -29.8601214917789
-16.29293442327397 -7.746588509071559 -29.96505719737371
-14.35500294190695 -7.621234792641744 -29.72370467610135
-16.7032438522004 12.49452861897383 -31.84632534355045
-20.60486439887259 -8.8095330212281 -30.47641946488977
-11.41214175089491 24.79804189163043 -32.37613416150531
-9.711170645209361 25.7743842281235 -32.56636980641714
-8.10300090220785 26.83749342870096 -32.88206245091929
-6.329603319616766 24.20125811534874 -32.31973648776925
-4.558804729728215 25.09893663583895 -32.725733133865
-8.983021041042974 0.6143431475989475 -28.85710372248864
-16.65786608559829 14.36243895627604 -31.94654811306902
-14.87064759359878 16.89408013220678 -31.64573831229641
-20.04375249144034 6.923347670141055 -31.34431019563191
-21.56294339673811 11.61075103355839 -32.56798434434433
-10.53079991633667 13.96137041576267 -30.73500402623317
-16.32959131756913 18.21294040114711 -31.9613509847466
-11.93322407077415 5.951511190257082 -30.77849827883326
-12.62017079807395 25.8727656455122 -32.69342094376713
-15.07469289638645 13.32208443692001 -31.63309493219585
-9.148825533933756 13.09885471288236 -30.0083808234229
-7.888253360624523 13.96489648546775 -29.38939026151709
-7.670638336359489 15.84520414951192 -29.6892129022763
-26.2851446169922 3.356486368635855 -31.70736707343237
-15.79674839592213 22.97443015428925 -32.45110684705308
-14.42129724650547 24.09207768391718 -32.47113013520358
-23.15348058979659 12.77085447039735 -32.84302287051265
-20.01017007673739 3.265151802908138 -31.34062851991062
-18.5818303895855 -4.829947158464785 -30.90813774611996
-21.4868844080119 15.40221958233884 -32.68065622544984
-18.83229326674002 22.41216124622417 -33.11531741277754
-11.9710299744492 7.818633596642583 -30.78050957391595
-26.29229404716443 -0.3185771182559277 -31.65906835866779
-16.75428145197256 10.61955107451673 -31.61714024676738
-25.24362822342618 7.865598747573743 -32.30468192731042
-22.99194509925308 -3.931810167666864 -31.28431168132774
-7.915327849028287 12.28042071859037 -29.04083334057735
-6.643446257904118 13.2067733672738 -28.50017122206673
-6.622308105805736 14.76765827536136 -28.97744088194704
-22.98829852586739 16.27748700155895 -33.05692139239714
-15.3134681545709 -1.362787190840783 -31.12217818269081
-15.23217549838411 2.253199450974202 -31.3532644243147
-24.97135346586517 12.93938438178163 -33.25880430794611
-18.37615934903247 5.997592028895337 -31.33500717047387
-25.50234770499668 -6.135901029256852 -31.78954722735624
-24.60837060015781 -4.754584116962015 -31.45474122626354
-24.73440270540235 9.96600256639155 -32.71790297653445
-19.97259984478709 -0.4505242999747344 -31.37512993368244
-13.567149860367 6.832051898479392 -31.18214960115112
-21.50422197490327 0.4845547894078572 -31.39488330481422
-9.382646741949006 20.51372738964514 -31.14393669970115
-21.22073974232909 19.66552855951393 -33.22215484793454
-20.02030038549733 5.060636434797001 -31.29751400717592
-21.65896333048867 -7.746676676006503 -30.68133150185232
-27.71565837584333 5.971359604087263 -32.71940787236957
-15.93599471909285 24.88762537299918 -33.00059013931411
-5.837957751488524 7.436442518989459 -25.78373209589178
-13.64785029073203 1.254604595970235 -31.08904899233821
-11.68408533679911 18.5419086738623 -31.11163847604375
-12.20723502870495 20.15369386421275 -31.36099091341858
-6.714072612750645 2.186657053206048 -26.498451824051
-9.187434991607125 9.64248325443298 -29.56633449270341
-8.946000054344976 -2.75403280634642 -28.70174571366675
-12.07799345582707 9.588563749972089 -30.84972450071161
-26.55826855623468 9.459206133863685 -33.05297119252609
-7.969145746872348 10.55742921226604 -28.72730580209625
-18.44182795752027 20.71921268183431 -32.63414696892545
-2.704566424338137 19.73109121207269 -31.07910979162365
-21.533252560819 2.296288118889249 -31.35203798922067
-3.490910579618026 21.84077624190126 -31.96948254448853
-17.86319220944931 -7.8625396852197 -30.14128779559545
-5.4725911663489 12.34609982505371 -27.69006744141504
-23.1529407789266 3.155136268647077 -31.39060100249976
-10.96150500547507 -7.918345765624027 -28.97972382016217
-10.5399197675578 8.708087289954603 -30.25721076386461
-10.62088096468837 -2.707000269739077 -29.59520163845032
-27.60039437633321 -2.816359904239821 -32.3047122509605
-18.23537805275476 19.02069824763166 -32.36606208813709
-13.41590090315313 19.14963986969133 -31.46801442572105
-27.67564060307949 0.5570055154286799 -31.97481345925431
-9.336972630449047 2.360984775825852 -29.2329986796809
-24.84667238475038 4.120672029011013 -31.56989327098405
-6.873458370435931 8.141192562622983 -27.10309505970077
-15.50844923156754 -6.425343531145945 -30.19511463473324
-13.73900922269937 -9.287627094697907 -29.4563709443687
-13.77411288834872 -0.482385079350618 -30.98366693239036
-8.746511642117767 19.31234096826404 -30.75234990044811
-26.60604396740747 4.980449116533034 -32.01508383775472
-12.33888859902241 -6.642661338139662 -29.47875865772095
-5.247839749760721 20.22024438236005 -30.95492732526266
-12.21240482180188 -1.470637183644039 -30.4684696392354
-5.818480021981181 5.657585009889925 -25.53903162308249
-3.682586300508121 20.67345220564482 -31.34141541213848
-21.29549663105255 16.86969618626307 -32.73242168790122
-5.584086571825568 10.73312210328129 -26.98996114206162
-9.510019785028364 27.38053428408578 -33.09728702842891
-28.91099262404364 0.2422458612016225 -32.6563104364654
-3.269603474402543 24.39576213338533 -32.9681805603372
-24.57169762113334 -8.433636642364219 -31.54526563283055
-23.95906434760361 -7.764318204924143 -31.27045231042307
-2.407471804399696 20.68759034018997 -31.73881069821484
-1.123869732858257 20.68478198289333 -32.5678177601559
-19.30907443944101 -7.897789887024778 -30.34647027279065
-5.550027316658571 15.30224605796723 -28.9144964513452
-6.841136820980738 9.814039648003806 -27.53838634480349
-19.67623816657304 19.70786364960928 -32.77871457129436
-24.38681194565935 11.63921224435273 -32.94253748623382
-26.36160686413494 6.520084078403123 -32.28679256082565
-6.825040097387168 16.99718769491635 -29.70439723933969
-22.93163713031474 -9.329926655957482 -31.02236194627723
-22.94581982477349 -8.255769167777983 -30.95672490003432
-10.92315048699178 19.8836060692583 -31.12513170936764
-22.63881089954977 14.49973870700188 -32.82938238159398
-12.99928477521672 27.08628440538596 -33.20660595579339
-14.47996181728725 18.27790609436382 -31.61629017713008
-9.451829740631217 -1.41674200092573 -29.08875852390912
-13.1885675875109 24.71420080897002 -32.46658963979846
-4.740141415820977 14.59769726256007 -28.59715574293196
-8.464746650357609 1.69299396182851 -28.38462762408576
-8.179218782761938 0.740758034804444 -28.13870209886293
-7.721083782659496 1.817449487191359 -27.60618259446785
-26.28356776617884 2.406440832660047 -31.64989051727994
-27.3651269064685 2.711592925234789 -31.90633649333521
-27.36676876678925 1.755735850982441 -31.85497692416872
-18.34212656727023 -7.153670880877092 -30.33591399208206
-17.46472764723583 -6.96056567251021 -30.27916320532529
-17.94043959184526 -6.258650262185044 -30.50260482389305
-8.639899187243186 2.565603343042081 -28.57354785903938
-9.163843394705687 1.487900930574057 -29.04025298055763
-7.190030976466026 26.51415145855433 -32.79357449488529
-8.111619564225743 25.85063142687171 -32.57300486533643
-7.197744598664979 25.5197429627334 -32.50658246775345
-19.95929288126248 -8.35309558096686 -30.3958823007681
-19.80589633083983 -7.525195646464889 -30.45548133194639
-20.45734273189947 -7.978297774591224 -30.49356140320656
-6.621115857314352 12.33767247780839 -28.22489309323755
-7.302388809902802 12.75167536894786 -28.73570511113893
-7.257381362547391 11.87627697611211 -28.49262282791331
-26.93739272491126 -2.460247704088163 -31.96358820425242
-26.91491901750854 -3.46071690297846 -32.0668502090153
-26.23387403680035 -3.099788183653667 -31.77072618508573
-21.31565751665881 -9.601494421433404 -30.62578418730038
-21.33144028134889 -8.889863245974446 -30.61037445887474
-22.03345447800527 -9.68034609597556 -30.80103240470508
-0.6421322889784163 19.58906253076263 -32.24369978647273
-0.9162035529579398 18.9189331363067 -31.58254069841227
-9.553001416445158 -6.385186931362425 -28.73920803580776
-9.850629935568744 -7.33567130505131 -28.74785896141442
-7.224821363661168 24.52145409583635 -32.34554488678499
-6.300758643811686 25.19938237764857 -32.48726080052576
-25.90186576109369 8.663060871949778 -32.67592062520755
-26.84815914581034 8.598342532621974 -32.97683230369466
-26.20927515417964 7.81402711620373 -32.55128970232013
-10.73718958947267 -7.217417551266259 -28.97346213553831
-10.07271030887792 -8.036975617399984 -28.76373789719692
-25.41120785318477 -2.598667669228145 -31.56315378099584
-25.41576889043993 -3.603705622924842 -31.58201735815905
-1.831963046252945 17.89072234878359 -30.56846972971489
-2.462329540293744 18.02471357437316 -30.37302857460677
-2.308065098351802 17.3361246878964 -30.18118969741861
-7.945783555257662 3.931820357992672 -27.84926093077744
-7.301332360632408 3.467513140915838 -27.05770646076917
-7.258130355325109 4.62859796316157 -27.03792839872611
-26.26562920058354 -1.206991551091138 -31.68835881747457
-27.21417072407742 -0.6701468524918136 -31.88652339883856
-27.17879743714473 -1.558659354680846 -31.95133075752085
-7.254296841596004 27.45538294793552 -33.25771623481906
-6.334252026193038 27.13755147193945 -33.16995005786815
-10.25448202421398 -3.661635952563735 -29.27734895787397
-11.27380569617312 -3.757841996657301 -29.70588064078891
-10.91018863371928 -4.709620284217864 -29.38006145552284
-19.08973977987723 -8.552355171179485 -30.24207133565788
-19.73512465164586 -9.009272247183711 -30.32140539463636
-3.753344085534827 19.15416804926457 -30.47478145850868
-4.636223588276123 19.20556114482177 -30.41876829822426
-4.308269052978268 18.70084208452435 -30.17565296231742
-10.18806001263402 -5.570195434891613 -28.99640739999655
-9.244820236994052 -5.435498079402414 -28.71324503779064
-11.5235366452914 -2.899609524794159 -29.98291461819352
-12.20083752800667 -3.940333077843635 -30.03642076834234
-11.47474621351787 -8.957338870718003 -29.0772726004532
-12.37426758642909 -9.340479713109932 -29.26355638083677
-27.20924871184512 3.734301644668738 -31.97195165492204
-28.2402916080365 3.069272850952849 -32.33935502966455
-5.41260735345327 25.65112533220464 -32.68276067915673
-4.534946080376273 26.18800460681193 -33.0648592646543
-5.415816383750191 26.73351590787205 -33.10988300278431
-6.740643267762916 5.237013725871424 -26.46895716255929
-7.361768539461282 5.698845937903712 -27.27929196251154
-11.36785583679435 -1.012670283895135 -30.18534095631239
-11.40302376247766 -2.093131675364088 -30.06406825060507
-10.57736409361854 -1.629857158600856 -29.7342042918804
-11.93610617669442 26.37269439895542 -32.77324061616619
-12.0169747967756 25.33942342042266 -32.51723209297739
-11.33145738682158 25.83776839697853 -32.59869900895657
-27.81014140259354 -3.541183307657802 -32.54623159679985
-27.13769615706541 -4.189313571055874 -32.28548702500804
-3.772884611924591 25.55000087452234 -33.11555197637656
-3.856712277844309 18.14494767242372 -29.98873371540547
-4.740630876013552 18.200308477759 -29.9267062373863
-12.40441850680409 -7.477390788241214 -29.36560543762131
-13.33821613569968 -7.139028954607213 -29.63787817416698
-13.40421266936896 -7.970859810720716 -29.52319226245044
-8.225797743952073 27.67457903551168 -33.30689515087757
-12.32807492368037 -2.277868329755794 -30.40066585876777
-10.5616535518679 25.28604540646861 -32.4720663368608
-10.47989829945136 26.322945029049 -32.70980474819289
-25.65348395210042 9.719031113878255 -32.85450835238137
-24.98753489166154 8.913749193093494 -32.51923463312482
-27.84203679924942 -1.913492737102183 -32.28934779886667
-20.65755503218835 18.89602136905675 -32.89476128591649
-21.68007089435993 18.92266521482119 -33.18781252500183
-21.11451563607937 18.15141210365099 -32.86982131416478
-2.707267152813782 18.60328069989617 -30.51923703861067
-3.182480059819129 18.04843958179398 -30.12994355692072
-13.12805558045615 -6.175050769193291 -29.79092763713592
-14.13669001750554 -6.663035611835476 -29.90853154728055
-9.998052552719159 -0.9828768311310079 -29.46970131386627
-9.206848755451826 -0.4019409137215476 -28.9874418436764
-9.737764814841777 0.0297321040331295 -29.39054840745565
-17.07873162640124 -7.803342485249996 -30.04755753398519
-16.67786043201486 -6.906833004035268 -30.20760673056704
-17.70064465386681 -10.05932487475469 -29.88752803567514
-18.05743263645759 -9.227614774917129 -29.99952971704113
-18.51125433223716 -10.03966266593294 -30.04061386818024
-20.98371827091795 -7.447940232928733 -30.60272132094728
-21.13227881133117 -8.278042416558831 -30.57645393163382
-9.711133368314281 0.9349343512525432 -29.43187439557683
-10.51153824944677 0.3550834181560781 -29.89954662946662
-3.021279047417192 23.7059665286753 -32.85464663508172
-3.925766270472902 23.85861083530975 -32.60279501091581
-3.671757375318348 23.17665158665373 -32.47571529665237
-4.049220087891168 22.56201289839136 -32.16346390415536
-3.128196534438479 22.43196392734831 -32.34485034846983
-23.80495746708924 -4.341184906301473 -31.33416815458322
-23.74208928788049 -5.144498556091873 -31.27649750611655
-22.93301639585883 -4.734259213582522 -31.1996841345228
-6.362275821939888 23.34373543601994 -32.16387857846091
-7.140161354326747 23.69750821205447 -32.21793322027705
-7.172253772182951 22.84317130926318 -32.0425771277241
-10.72970394417893 -8.757500229088464 -28.90366678723564
-11.70863946167983 -8.118636236445012 -29.14494000212513
-19.47962131035948 -9.890999267303057 -30.23861287326106
-7.005331694479021 -0.03590944425022302 -27.14816411124893
-7.751770431934647 -0.03146103701776043 -27.81650000595725
-7.338902319839989 -0.9293625454172368 -27.59047925515662
-21.86057545994651 -8.357919329458312 -30.70105088992595
-1.108146715737635 21.60073830107464 -33.16484559282861
-0.6613446811473703 20.77021766086489 -33.05276380715495
-7.943979320157602 11.41937774064718 -28.88178396582103
-7.317576221071237 11.025778319181 -28.2925292249619
-7.147015146800093 15.30675595528037 -29.33210448953828
-6.439908108528709 15.45685731023197 -29.12288085116634
-6.971719986018799 16.00056065946072 -29.46123713008438
-21.72805944722548 17.53321085770693 -32.9023694327949
-20.68680040189107 17.49200808886626 -32.68230593693437
-16.63963029194156 15.313104713414 -31.95242616526752
-15.82599024858613 14.76984594873252 -31.80021666593271
-15.80827979509978 15.72052005156651 -31.80327195106003
-17.82023992603062 -5.454204942638946 -30.70121346116409
-18.70058277844608 -5.638833299391244 -30.72652513198918
-1.681314730839527 19.14785989257708 -31.24522858592329
-1.204474997311373 18.36457411192504 -31.08068097828397
-14.93233384789512 16.03565383458104 -31.65006168426949
-15.74619597497475 16.57891513713441 -31.80113094698565
-5.854344629914279 8.368586362478737 -26.08725564035021
-5.152273021461988 7.867367060084234 -25.27251083050036
-5.123878353370305 8.77953505844911 -25.62690223797971
-5.127412522438413 9.657150398059875 -26.09783255878386
-1.595964362276183 21.21751638226287 -32.52018938753683
-1.54734802171902 22.15338803634936 -33.08308386137992
-20.34303906892588 -9.69229546595961 -30.42429084195991
-8.984013363264987 -4.476384285922027 -28.6585641719408
-25.2533484543261 -6.835108585602663 -31.72561731385994
-25.82432116985353 -6.922548674588988 -32.00120497224454
-25.57595069609941 -7.621842723170085 -31.93542566286924
-26.24521002097462 -6.040283690394423 -32.1235975431991
-2.817100859352859 16.98285074513037 -29.87896850003144
-11.24454789425289 -5.649490909993786 -29.32796184956823
-25.42289385346873 -4.431430348143441 -31.62184225931917
-24.59312978990067 -3.927798808720773 -31.44612007720457
-6.060087325238099 11.92931209151269 -27.76912604213377
-6.057875942841908 12.77631271382846 -28.09547101829596
-8.575581939095311 -0.1595552600977191 -28.50870410300611
-16.31868848053101 -9.237203704380503 -29.73319353696928
-16.71691305646572 -10.13985906717564 -29.72848700310731
-15.78866587794104 -10.1306351878264 -29.61970713155429
-8.035776472106514 24.01419595541931 -32.26561842025927
-17.75229845485643 -4.440500679050543 -30.92693856768283
-16.99011586226565 -5.065793423939461 -30.72282038422673
-23.78360567465018 -3.516958272933503 -31.37355549088414
-0.5285255071583663 20.06391640020318 -32.67787107015217
-1.252855373189461 20.19793805293326 -32.15115891563227
-22.90404875600674 -7.578294669283732 -30.94426810857104
-22.30720773995168 -8.000697309966041 -30.79404991595883
-22.25845112732399 -7.323780955851912 -30.81315959283442
-12.81304415161437 19.65252766450321 -31.40660933934446
-12.55101530717413 18.84614433186291 -31.28421043887941
-11.94934376844306 19.34991132964513 -31.21596748667237
-5.463111617036114 23.75429648392827 -32.29678266518512
-5.493852701066982 22.90810498469513 -32.09837375616328
-14.07096554535708 17.1901615333022 -31.50293150059282
-14.09789873379275 16.38863136944207 -31.50432302744517
-13.2978519211398 16.68472538918555 -31.36383348962962
-2.428902824742322 22.3766717590494 -32.61545674528077
-1.856821703574337 22.80964653202034 -33.15036588131881
-7.371800688776617 2.47763952199178 -27.16539530566401
-6.658885940038686 3.174550629724564 -26.37547191704573
-23.34576275281557 -8.604394852971737 -31.09919992890077
-23.45500891576163 -8.010334568317893 -31.10556339007806
-23.85206392231402 -8.358548723706591 -31.25833224810221
-21.60712587711879 -7.035998025322845 -30.73039882396654
-22.20579451365072 -6.611800268120117 -30.86263007774311
-15.60130944176308 17.55370357333946 -31.79722007730913
-16.47776161338198 17.23866171085156 -31.94713056065682
-22.47173817339454 -9.860241592923494 -30.93312414182743
-23.25240839648757 -9.731132370868192 -31.16360612058206
-3.911511867036769 24.74934943187728 -32.83897947813436
-4.580197834728269 24.19927984908547 -32.51989122882118
-24.84455722042811 -6.216149353223334 -31.53675116708462
-24.59668910124285 -6.915890634552728 -31.47211554167768
-24.38865099829047 -5.525716577507771 -31.398058576118
-23.53105212189241 -5.9119271130775 -31.17964911855888
-29.05438005791183 2.616612945977919 -32.87962609812492
-28.89938430973648 3.639931160560566 -32.92324385343893
-14.15799578947636 15.5302361959796 -31.5178895440755
-15.8667407190167 13.8423256419561 -31.7873506160454
-15.03230017573513 14.24934420531348 -31.65641956118011
-4.239785480016483 14.70848476592119 -28.67281819540825
-4.442971718221907 13.97369986955666 -28.28586843753948
-22.50190435790581 -8.613161341978172 -30.8522183751725
-28.58804087523229 -1.810670172356748 -32.69792376547167
-28.98375742298895 -0.9043241780025831 -32.81908332251231
-24.26752424712511 -8.099233518060643 -31.40218949763826
-24.1580032906159 -8.693143845078961 -31.39672787075177
-6.538144446025129 16.56695187233205 -29.50106507396377
-7.254998745028674 16.42770766739801 -29.67416102980377
-28.0476704594844 1.302260292829521 -32.10668380776701
-26.99064750851093 1.004374491440848 -31.74934708733139
-5.281709121940506 6.892190660999648 -25.15003920975698
-18.1400813497159 23.05729109545549 -33.06677767166983
-18.01341375472701 22.1068963905519 -32.78596788944887
-17.31550053808922 22.7476596098664 -32.7564954963744
-16.48769069741302 22.3815537252587 -32.48398606910713
-16.62569322601404 23.34184388548802 -32.72102301517894
-5.437385218837139 24.65928829985592 -32.47054146871369
-2.294681422129162 23.70311720828217 -33.19128903745979
-8.398286627431135 16.14158343104175 -30.06694029789897
-7.74992710120753 16.56318692206968 -29.8915910056619
-8.494737034714728 16.86785862864076 -30.22095655006035
-14.7988787631707 -10.04074535889626 -29.53274226537341
-20.83643054979976 4.586066640234809 -31.30139624970528
-20.87625338978142 5.505349849554323 -31.30872129275131
-21.6922670744577 5.030962646092955 -31.32737247524269
-14.67628195210724 17.58612362797966 -31.62595017756755
-15.40413599817733 18.24518899828687 -31.79225379639266
-8.783167775109041 -1.175675828551731 -28.66037598163832
-7.063753243768613 1.525600638327578 -26.93903666414941
-8.523905704720917 9.251423564245775 -29.00238174937517
-9.140353897498329 8.74492400055364 -29.44688807977764
-8.487463263637297 8.356927719851177 -28.87212310402782
-28.6790976643486 4.615514121086841 -32.99042798375807
-11.79935150804578 27.62280339176311 -33.3015112039992
-10.80283643274221 27.73517022387373 -33.29002726174446
-24.55636033892756 13.73062037120464 -33.23229269881702
-24.07205452981109 12.85868703414291 -33.01067351242163
-23.65741544228683 13.64921064550561 -32.98187268294306
-14.43691044755975 1.752481852824413 -31.24495047386932
-13.60597525678204 2.160131679577756 -31.1293311080781
-14.39693732363382 2.659073744258883 -31.27365335258055
-22.8666468635539 -6.217651172673371 -31.02297038860778
-22.21240087096788 -5.931512997157766 -30.95901125752013
-15.0898690105306 12.39973171205365 -31.58060080545191
-15.88809668235266 12.90793924396166 -31.74494868732008
-15.90669931122747 11.98726498523884 -31.67074645687846
-22.99660482169836 -3.069846807910181 -31.35151930950369
-23.78987502984144 -2.653411384318522 -31.40902207670825
-4.463485358817097 20.46140493149369 -31.122987824511
-4.325765187048913 21.09840914415587 -31.47852683424065
-5.109561722942054 20.8620483957613 -31.30346321913544
-29.19000020358504 1.624809892262933 -32.88608098467823
-7.27094636494329 14.37514077373145 -29.15253518430658
-7.781313373000723 14.9058833914048 -29.53579584183457
-21.52611874171921 -5.555102881085374 -30.94583387360386
-20.84718331874227 -5.971747699038007 -30.81162745411902
-20.82235839112597 -5.202043533666757 -30.95914561260606
-7.941716649737548 9.713569712249361 -28.55308889178232
-8.571182146245517 10.09866674126987 -29.15555097690642
-7.769925583900669 -1.734884617952873 -27.98642640488923
-16.6770512020976 13.42733133512795 -31.91609599464548
-4.227780121396194 21.69083642809889 -31.77249080525911
-4.786975899272125 22.39734812695235 -31.99750330816251
-23.65525856900862 -9.541803309536416 -31.28603342847376
-24.18176151443701 -9.360706505569173 -31.46482520322451
-3.883297786775076 20.17177954245333 -31.01813213153704
-4.666087022862573 19.9467372656508 -30.8221199951221
-26.60208508273487 -5.02357277652971 -32.15737783782415
-12.76397748105152 7.325556795416396 -31.00137694132164
-12.74443367011186 6.391871032970863 -31.00305564995236
-11.95146466557046 6.885090091427049 -30.78173361215649
-6.654676308149662 0.760287199569305 -26.66244137427734
-5.847512287266039 6.54941002855096 -25.64169057676445
-5.265396810061399 6.000793899599602 -25.03444562358143
-3.902648289378924 15.72797612853445 -29.13429480624616
-4.130616525812604 15.21320076527658 -28.89955991748245
-15.84450810625404 -8.484676316650575 -29.77450905508197
-16.77177339546955 -8.493234847540716 -29.88796697794488
-17.26888163474664 17.72050090624449 -32.10618787175436
-17.41576763875834 16.7460915122054 -32.09906622804501
-8.422258632900027 15.32723420622775 -29.93566473325711
-8.510361361262552 14.38025838474765 -29.8246615279178
-20.92660928574696 -6.739904089042556 -30.68620760520933
-20.22440905029356 -6.383144407515539 -30.67906795359968
-20.01520256593232 4.16285864552174 -31.31741981214578
-20.83113640929502 3.688119673111363 -31.31475961575732
-19.36230555663954 -5.224557236978466 -30.86805865084541
-19.31154077849079 -4.41096127765929 -31.03080793241693
-20.0918602640637 -4.806289062596239 -30.99367698141241
-25.78598170114935 5.452093267174306 -31.89664485365604
-25.73440861546462 4.555736754192657 -31.74706132116061
-24.90608800989161 5.022316416038286 -31.66510091870272
-21.49064749742435 -3.94304237390019 -31.20464395243874
-20.77263055694112 -4.384923345908273 -31.10307212211744
-20.7605409750889 -3.545742297742358 -31.23124341669934
-9.413156459367425 21.36369262088682 -31.43632499097993
-8.630168573315679 21.05893290165457 -31.33215972741033
-8.662153453458632 21.89084298268069 -31.6681909030198
-8.41814859490292 5.541334224851564 -28.55512127494699
-7.859871558339887 6.074192834012823 -27.959840185927
-8.421549967955078 6.527140566952521 -28.64861851129296
-5.682290046701077 22.00161903124907 -31.80698561034295
-9.147140525253731 15.62366064377795 -30.31413754763734
-16.72712832227597 11.55579912591371 -31.74304406158964
-15.92968184825622 11.04787653905824 -31.57453348876087
-7.342231850126925 6.682316982404007 -27.39124893197044
-11.14992394637038 5.473129662759733 -30.50054337273717
-11.941584198625 4.981612011760698 -30.780665917676
-11.15832370887865 4.501307539830446 -30.50586969556284
-12.74775665538414 5.454735068908766 -31.00370233140634
-12.7587321785876 4.484250083079791 -30.99785959061971
-14.42148307908895 0.8422195713549211 -31.18399147213027
-15.21555295974584 1.342387798991479 -31.30408034603022
-16.79647713230486 25.24623683038146 -33.41625743747698
-15.95901612650195 25.78915405453699 -33.40067702909907
-22.89561421330511 13.63516731684697 -32.83999415416048
-23.39879396709322 14.51401747218788 -32.98506395976513
-7.268326244990506 13.58702406122586 -28.94035894902929
-7.904285610717085 13.12350149761165 -29.21108773646582
-27.50281072938954 9.255081916076112 -33.3819152628742
-27.77951143003171 8.388130392190613 -33.33597458562697
-11.30771184903079 19.21442178663505 -31.09314916774362
-11.56679154653359 20.02013977559481 -31.23324527085864
-5.706957470788119 21.20537654524572 -31.46694238010717
-6.418531220732397 21.67793619702677 -31.67294018469989
-14.29831709246658 12.81396652396849 -31.48550356741777
-14.31413329877923 11.89171900963523 -31.42963442384144
-20.01384275707788 -3.126065431723219 -31.25406907971671
-19.26495910465198 -3.576875710300968 -31.16602373308015
-19.23728364782094 -2.711750320146683 -31.26568153761421
-18.64415572058255 21.57099489764988 -32.85165632769372
-17.81140344254467 21.25462122067482 -32.57050187706729
-22.19072740696152 -5.155442297191739 -31.07008775066598
-9.682340159227875 6.469634067611471 -29.72437376371425
-10.39896842847799 5.967155461735852 -30.15423365047429
-9.682369618721522 5.495539284557308 -29.7152766533114
-13.57901441768029 7.758652995772115 -31.17363694852014
-12.77434393038723 8.251960140704295 -31.00286066206056
-17.4404298031684 15.82077681101563 -32.09733141534424
-18.23550492213324 16.30304647066114 -32.23300805329934
-17.45715843168777 14.87002320638216 -32.09972773238314
-6.056253718744579 14.37118376674031 -28.67318438234033
-6.628551146069122 13.98399164306053 -28.74832004256987
-6.075605626927177 13.59974068908339 -28.40856362500122
-21.51869634120609 1.390532253392052 -31.37735869685024
-22.30914254234672 1.837852493595738 -31.38289966304219
-22.29459522842674 0.9320271708980408 -31.40533902620421
-19.480243831332 -6.03547204050847 -30.69553623060538
-28.03200074977027 7.425221112961263 -33.25350822654459
-14.0509101380929 -8.450441803542704 -29.55808362593522
-13.0963406181245 -8.803722028320358 -29.39324770538662
-15.94389800713167 10.11996109835221 -31.48126456687341
-16.76570867645464 9.682392589852855 -31.49887992160216
-15.9514305839619 9.178431224085326 -31.4104057750498
-16.20329332163527 -5.489906569083116 -30.53437847761644
-16.13440622107688 -4.479198817285112 -30.77137981747979
-25.18882048017875 -8.270342982226007 -31.79920948178387
-24.59720209330537 -9.101477232747396 -31.60871958174713
-24.97360140616932 -8.720180439021762 -31.7380398672901
-5.21835132458785 19.47854636059909 -30.55352134015866
-17.55592092713949 -8.553531030514185 -29.98689248418751
-18.36935403623981 -8.533177401177049 -30.12462502677736
-12.92377123302069 -5.260327565357539 -29.96440181128247
-12.80919554042086 -4.390470411849453 -30.15573583404843
-13.79631055464395 -4.842820117391099 -30.31961295250512
-14.79155041245384 18.9552901982946 -31.723910564018
-15.71593760769533 18.92272765213943 -31.8982391952693
-21.6753621531897 8.785571684036716 -31.9157554585604
-20.86920514443392 8.322941306642841 -31.65059964471148
-20.84202396512226 9.258302658199927 -31.90203300202129
-24.48398390256148 -7.649615125914529 -31.46043395113293
-24.06645936001139 -7.030413425136852 -31.29621957068731
-25.03495652083454 14.49853302148171 -33.52277077866649
-24.57604892090415 15.38524262263182 -33.49768050264546
-14.26111768369927 13.72332155053986 -31.51651006283398
-13.48435052879169 13.21510781425621 -31.37103119878956
-18.29307770637893 12.54138057736203 -32.14620194389888
-19.09539263227646 13.01635271291053 -32.34349281877187
-19.11394767067185 12.07301285260914 -32.24259247493549
-19.02279581341268 16.76647566539142 -32.36464771781061
-19.04803892633106 15.84125886537965 -32.35966701924161
-18.31394333906287 24.00677368670195 -33.43104170446076
-17.55567509573314 24.65796682145373 -33.41633173430406
-3.580825508420431 16.23377751777971 -29.38785949989976
-4.189371775640803 16.14266538819182 -29.23079927523026
-15.87563277726257 23.94335827821632 -32.68188219897843
-16.69189441595714 24.29534748705776 -33.01006738511593
-7.880309396753497 7.963963511371918 -28.2230829696267
-8.42611473287373 7.44857476124196 -28.74202490973232
-19.01029003107631 23.36543571010836 -33.46580621467831
-12.77058806103773 2.575397833070028 -30.96979697528439
-11.96550681890792 3.048546040464984 -30.76641968106848
-12.75365086400899 3.538751687663175 -30.98873726895724
-18.34789785206182 10.66009134340839 -31.84415403514324
-19.14506325903247 11.12613923900472 -32.08582931639372
-19.1819723279982 10.19324291054362 -31.87077739246428
-19.9389055073668 11.59424979751779 -32.32220008451155
-17.50968970116578 12.04820322155524 -31.93625632158883
-17.49127965491044 12.99085400015767 -32.03350121363564
-24.57721502749907 -2.210834811981124 -31.46824615838629
-23.79049806639553 -1.763297589350333 -31.43679016320934
-9.17228407281069 12.22286025778841 -29.89044607936913
-9.830306332321697 12.64374903262176 -30.32292421288895
-9.843291523783341 11.76631111876025 -30.22403768043925
-18.26683040302889 14.43250859699723 -32.24206121986462
-19.07453956434004 14.91731704603638 -32.37488537255761
-19.0819614373161 13.97172782205877 -32.3821717534682
-14.62931947772604 -5.309535219145683 -30.35790803914747
-14.51111856752035 -4.442450774115541 -30.56610095963889
-17.46837732212731 13.92479252102025 -32.08478963401613
-15.12041745690828 10.54904221919315 -31.43350052464732
-24.17561974209614 6.413537731819425 -31.76530919151762
-24.14746053745633 5.468868347763404 -31.60901895194104
-23.36419018532664 5.964344768320999 -31.56556951644229
-11.20361843037003 1.666724610486626 -30.39466553149857
-10.46227085847348 2.171608665600114 -30.02869231112232
-11.1989384878646 2.583768447317805 -30.46032146668969
-8.523874573335274 3.435793946565515 -28.50983243222782
-8.44651485560026 4.593040463869372 -28.51838599789329
-12.03846189864312 1.191733077642868 -30.6787152602226
-11.2621589169414 0.773552596591369 -30.33036201592872
-20.0425042625693 7.864322966882919 -31.45307834861224
-19.2225942711379 7.383215783238635 -31.35623384342676
-19.22012562311799 8.324374049288231 -31.46787130301469
-11.15235675188753 6.445889745908146 -30.50486149134374
-19.90198162229398 13.5009834888657 -32.48665161527114
-9.053017880574579 6.922411296215628 -29.27235448566955
-25.43664337067475 -0.8195010998543679 -31.55806069938461
-25.4144282595435 -1.707640323764332 -31.55223509176363
-20.81033152535502 10.18438243120797 -32.16121060065993
-20.00562405365873 9.72404575406185 -31.88840351637313
-13.34708493076412 18.31892843689952 -31.39606965589946
-12.47885666246468 18.01423389695302 -31.22910055495599
-19.86624546870074 15.38063614759311 -32.47821068372542
-17.53837197009317 11.11399758248865 -31.80085615388598
-10.41373820620548 4.037919590164336 -30.14752040187147
-11.18015748192474 3.547657058599123 -30.49357859076106
-3.058800966158337 19.18793395729701 -30.65915676540605
-3.385292593323275 19.72204435210688 -30.85149053939996
-19.14680770717167 17.67232932537525 -32.42028879302566
-19.96195205544426 17.21067935432964 -32.52721582350545
-18.47951497416956 -2.271987492395691 -31.26665713641805
-17.69350093270943 -2.727623453854063 -31.17598772106051
-17.68488805128235 -1.83608269784179 -31.25158693993446
-18.53410930917565 -3.999191327925056 -31.06178297959868
-17.70532719213843 -3.607342441693667 -31.0680361393084
-9.723101778852024 7.393383453878392 -29.77809821543431
-21.59966908175989 10.65725186044912 -32.40706331764275
-22.36505466178874 11.12983929165421 -32.59626836354737
-22.40416905832078 10.17899128660481 -32.41822177845491
-9.823009826544586 13.52650372677373 -30.40807589444779
-10.53351134460807 13.07811090521791 -30.6648254191705
-20.87657736525338 7.391678908668142 -31.4709700345149
-9.041776294599831 5.049124190488453 -29.17754828896879
-9.694873435252756 4.544031245793322 -29.69651063899093
-9.884407222322078 10.90489065541005 -30.1222297397465
-10.57654284504458 11.33400327566455 -30.49088401170776
-25.47573923167284 0.1001269545753428 -31.55262784856091
-24.61665053173478 -0.4005798920580876 -31.4946534162588
-10.1551890153241 20.20388219490842 -31.11039570325357
-10.47170444285746 19.41788279535209 -30.99904840259343
-9.70635906356077 19.74326506998101 -30.96100076451917
-17.56618993282972 10.1688510221645 -31.64542017036984
-17.57897237882456 9.235234226222211 -31.50424156217594
-20.88740786724306 6.43710543603318 -31.35228825606603
-21.7205625140726 6.90492440869269 -31.49041684711213
-20.96814931927205 21.22436008949623 -33.54488425030183
-20.3383431497244 21.99979103493648 -33.53811499079502
-9.786018173298956 8.274442820955574 -29.83996947218875
-10.47483272331582 7.824377762465083 -30.19622930604458
-26.82377469030154 11.0848536650259 -33.50640752545479
-26.3666509656532 11.97257627507289 -33.54002009265284
-15.18566795831991 24.50005122362832 -32.70009453700533
-15.1118530791743 23.53685409556131 -32.4442135326948
-13.5709913813349 5.894989067506761 -31.18046425358542
-20.73334871215509 -2.679325031162445 -31.317880397889
-19.22936374847786 -1.819061204599991 -31.3274024790621
-22.49232920273815 4.56275490508477 -31.36071177378003
-22.52980888908309 5.481080559811076 -31.4148805064214
-13.05977335122252 -3.530980582693743 -30.43152667672589
-22.5645198554884 6.432587853529527 -31.52621928097124
-19.20750785490772 9.257447529619702 -31.64963154554937
-18.39205902700494 8.784933897602237 -31.49226776644841
-2.03418868384256 19.73105801437231 -31.38640181425101
-2.345484781224604 19.15557333354916 -30.92220063502217
-6.867391348069882 7.225661489320223 -26.89970558223031
-7.371106339837412 7.601398497987975 -27.57562321555086
-6.213951446726695 4.910268427276508 -25.89252089609491
-6.350982283871573 5.984162647495403 -26.10753455531095
-12.80998996375624 1.668775175283061 -30.94312082243141
-22.54579836783569 7.377307375444314 -31.7030749550556
-26.75455449692867 7.131729206221377 -32.58116549280875
-25.80698990267677 7.196380116688713 -32.28016059421626
-13.57128217026186 4.012146182228695 -31.16514649129825
-8.563923912755197 20.319901257322 -31.03977346831477
-7.812704390684605 20.84907225715497 -31.26530417491223
-22.47687495048355 9.25041979655612 -32.1857109402982
-22.50463972949782 8.315995083910959 -31.9314934790187
-23.06635358044939 0.4811788730965616 -31.43793322553087
-23.86997389389611 0.9493402616390878 -31.45986045579208
-23.85189662023131 0.05075341271176279 -31.4656003216911
-7.328787553888093 17.14015932640005 -29.89493822699348
-20.7647759504855 11.1258409560879 -32.38201141305489
-23.35118705890496 7.848236340304288 -31.95026594537334
-20.03229302319414 5.992230142094371 -31.29469031301292
-3.271918995268388 16.58498462467737 -29.59259983101939
-19.703004817424 22.6455951490425 -33.49458323839216
-8.521782173053543 12.68689184442092 -29.53979018307479
-8.524701897070772 13.53359666302798 -29.68897463570795
-22.26308564415375 -0.8751412196891387 -31.41938323284671
-23.02500421989946 -1.31220727660917 -31.42877576000311
-22.23995315174435 -1.769709500282346 -31.39782672936565
-20.67761880382411 13.98343535590924 -32.58713186677385
-20.6878874572379 13.02849162310877 -32.57027900223977
-14.38489778320209 3.565324027583241 -31.29095976239218
-14.39056960123243 4.511569698667671 -31.29449254939575
-9.733960244617798 3.589380044800442 -29.65585503939852
-23.81356601214069 -0.8687719790554098 -31.45898632964682
-23.87751060275922 1.89297338392525 -31.44805285098465
-24.66236525485668 1.4628559009726 -31.49355136867097
-13.08698663239589 -2.609021470463408 -30.59695701214421
-13.70279278171207 -3.055470938299792 -30.70314849778859
-5.836144002041562 4.280827593900318 -25.53693825996235
-6.033657110333028 3.330791208360915 -25.77698896110028
-20.73837341346809 12.07829223654277 -32.51140549838414
-17.5872143285219 8.29054347111391 -31.40733752346528
-9.385714610032354 19.13479026727298 -30.79628717902581
-9.06554223778789 19.91552817874576 -30.93779592008436
-24.32047578683041 7.39036803294039 -32.00062410381113
-25.10492558969407 6.895685687257675 -32.04022387398349
-21.51074363575865 12.55926777054137 -32.6410907722591
-11.30366024570369 11.76829289505178 -30.7957426515483
-11.26887262319065 12.6577949650509 -30.86703789504194
-12.04594426591676 12.23458589684796 -31.03179397903427
-23.51545107623762 -6.598752826021451 -31.13630712937045
-18.46509606714829 -0.4588958571142526 -31.34767042325726
-17.67284906163999 -0.93337147813114 -31.3022844870275
-17.66531947925633 -0.01419533998028553 -31.34617387154064
-11.17166175518241 7.380195926811296 -30.50314927184181
-22.35728358054504 12.19009034820175 -32.71324963948196
-23.15660718933787 11.70689188282864 -32.76186877406656
-20.66236375767826 15.85348698671434 -32.5781209726409
-20.69056191294115 14.92934615606515 -32.58123563404753
-19.27566575901611 20.9222135978122 -32.90545059338031
-19.46654383928729 21.76573933009394 -33.16177497290498
-14.87396827951843 -8.423221005318839 -29.66456861764748
-15.32301669946704 -7.685530958031443 -29.85166960474985
-8.907070659680336 26.31677048385315 -32.6871704295734
-8.915759873857487 25.30782788752325 -32.47143514200333
-15.3185234490771 -4.019905055643094 -30.78076461048975
-16.1086426853354 -3.588781821634522 -30.936800452583
-22.30887684438419 13.14059514681404 -32.75308174245249
-15.15353108959414 26.3027046742995 -33.39480702511953
-14.27894735543664 26.78877393645615 -33.38139446562847
-23.23425918810637 9.711058784288747 -32.42907413280788
-25.90996894698892 12.82068503238782 -33.55104285255528
-25.45018839494567 13.70787804312035 -33.54704073889835
-13.0096871445025 -9.8245115328917 -29.36581474886494
-21.3928967740887 16.13636679649472 -32.69612712089377
-22.14774955631984 16.57609800651277 -32.86372529089225
-22.246425845729 15.84321347162007 -32.82610715264627
-14.48199375065331 -3.55676060740054 -30.75536013264498
-19.56246586961383 -6.797623983311535 -30.54034063828183
-19.20914975855689 6.460658591157035 -31.30579529129088
-18.38791923411859 6.920313677553048 -31.33631974560213
-18.44817705814016 1.386342407591005 -31.3890426922187
-17.6516365285135 0.9075964439070785 -31.37796338450091
-17.6416635725305 1.832643951042232 -31.40271654156045
-24.27824077858415 8.328571665345091 -32.23328970718595
-22.24078740573617 -2.653357893658994 -31.35734871823474
-21.47853642446943 -2.21671982438369 -31.36358592948053
-16.91041287799684 -3.17197412528356 -31.06193024696141
-18.41835188502741 3.240172839562133 -31.39764461280119
-17.63377777010442 2.746387107219508 -31.41839410902925
-17.61408508072364 3.674880193850167 -31.42036039396901
-16.03598071531525 -0.02874314325278007 -31.27955647610415
-16.02151758449055 0.891938595662236 -31.33585868406125
-16.8590711106425 0.4327046063547868 -31.34304212878832
-10.49418797473495 24.35527946599899 -32.28867582912084
-11.21757137832267 23.8370115352427 -32.16283233682182
-10.29949514386898 23.39685189275064 -32.06651865159348
-25.47423873288601 1.930998901770832 -31.55181892705775
-25.46798680334713 0.9867808384676624 -31.54306824155867
-27.89339819078123 5.029720835601767 -32.56475508669374
-28.52071786384181 5.565084421265826 -33.11542597880527
-14.51342209193366 -2.630551511531114 -30.90371266432796
-26.99017124186039 0.1178320081392013 -31.78887446929611
-27.88771205164183 -0.2280705193823362 -32.10619141043835
-14.37896321786866 5.440063781220063 -31.29807189383242
-15.19914225623631 4.993930925529195 -31.37837963832313
-21.47567925856534 14.45622464961369 -32.67068716222033
-15.13470920236058 25.40597907065678 -32.98051918082817
-8.698357107732223 22.69641654293113 -31.94504165894745
-7.917692083746426 22.37321144777444 -31.88567225640946
-16.57265910053716 19.1337494894392 -32.07332658913664
-15.95567730864434 19.84193663440203 -32.02828226967429
-19.97952715247663 -1.354866569709637 -31.36283315128054
-20.725234103195 -0.8916477868810355 -31.38585192699998
-20.73234494387118 -1.795965727982982 -31.36568060663714
-13.95940234619106 21.53699391556735 -31.88753742233785
-13.13233528790029 21.26009902126015 -31.70088412482629
-13.28552192426097 22.08118167790174 -31.88736511497775
-13.57810978501747 23.7501842060579 -32.28260062592668
-14.26995525006626 23.22886408482069 -32.2529078308794
-13.42543272668893 22.88474581822218 -32.07404837167952
-9.643841505954013 24.84130586742124 -32.39398025299717
-10.50729271049172 14.80240360717886 -30.77645545946348
-9.835360621727512 14.38043827733782 -30.49705024252169
-9.805054021602118 15.22081628908044 -30.55275247547
-9.150216306515501 13.9504671066434 -30.11746990592325
-19.22220490992956 -0.9147510826743486 -31.35467043338735
-16.09583111132083 -2.711141319663413 -31.05925647142782
-8.553965218980309 11.81323694457424 -29.40914247407928
-22.27624842443402 0.03353287578061391 -31.4190672495361
-19.20397326184588 3.716724179477913 -31.35855764564374
-19.2242968285847 2.788510521815455 -31.37465548522832
-14.22062412200965 14.65093912060639 -31.52799214625605
-13.3842491490804 15.00399050216935 -31.39396390926407
-8.848388238761405 24.37099589007929 -32.32150353515255
-11.7400229928415 22.34786948083699 -31.79718326474684
-11.67037105582641 21.54219556792913 -31.57766611914666
-10.95341188999664 22.08181688658113 -31.68415320457604
-12.67294074835324 27.70929178673519 -33.50051773858345
-12.12772554364028 26.98513022259067 -33.02084778244375
-11.87788409444217 23.14617780458483 -32.00685179421661
-12.59353066126687 22.60072823905032 -31.92285224431173
-16.32646096448213 21.49116675991462 -32.30553376612326
-16.99721609971457 20.92212733166343 -32.35104087121948
-16.14308961238294 20.62317662877363 -32.1505343673939
-8.763556783677089 23.55181991306369 -32.16410726558274
-9.511225703381774 23.0514891115193 -32.00825071878575
-12.76658743270863 12.71470219690227 -31.22132825712964
-12.72858168224162 13.62419420905599 -31.25910535457298
-19.22325018889484 1.859129644417445 -31.38059223791661
-19.23346346532149 0.9337875737672794 -31.37895800554857
-15.96426247736047 8.257434665171152 -31.37814151732899
-15.14355993415044 8.696575477023535 -31.34727752262365
-16.83719512839811 2.267464016971136 -31.41401909211207
-14.35017212626407 10.98286846696022 -31.36676064189123
-13.55842118364556 11.39689066807957 -31.27305744054928
-11.97130008302869 13.9964492144636 -31.12982322239645
-12.68929446686497 14.49666508472455 -31.27798833437231
-20.00947893726156 2.335942880968139 -31.36072798508346
-23.1007867460055 18.09709412723307 -33.46964042547436
-22.57592729588343 18.94716620345746 -33.49219770738691
-11.30966760161851 -0.1280341683994511 -30.25580598649963
-17.58189337140379 7.371199807373827 -31.36562231765738
-16.76900042669193 7.820871544058875 -31.38098541569644
-3.609074743189748 17.57189856978288 -29.82953343922077
-14.95716801458924 22.66891578366917 -32.2472798924157
-15.63670142576852 22.08516824511047 -32.26630428652892
-14.79589701688617 21.77851880191197 -32.06948405034135
-15.95911806971989 7.337293166353299 -31.37891943498863
-11.33461727239899 10.90486277716788 -30.71598614825131
-25.42659590222456 12.08998677712268 -33.25324351591873
-10.1335410513053 20.89747083143177 -31.29440614763153
-10.16458565767119 21.75359520658266 -31.56574500312928
-25.48032568678783 2.882753747235916 -31.5725533504397
-12.62601920420059 15.37610350313025 -31.27210880801336
-15.28763807648963 20.41281497747811 -31.96857193228065
-14.45225688783125 20.17216115750919 -31.78039692102636
-14.63692922816048 20.95168636907008 -31.91721968550222
-11.26591273247469 13.5413710354541 -30.93577816026705
-14.70920869099058 -6.071728047938251 -30.16943284758939
-14.93276920798728 -7.021514704069578 -29.95243017097678
-16.88579252288578 -1.390498242774342 -31.23510205141972
-17.59352680144619 4.607065619826439 -31.40868724520637
-16.80902554422505 4.113296028613845 -31.4314291956378
-5.477962610102505 13.15613360024445 -28.04288415260104
-16.09252802525524 -0.9265852305160559 -31.22265828735507
-15.25618056325472 -0.4656722619538095 -31.18848466572088
-27.15305281800665 10.1885887879367 -33.43558184945613
-10.23310416409608 22.5477589331213 -31.82576522015093
-21.490914921273 -0.4241327159349775 -31.4030748238295
-22.24683133770488 -4.358221158727038 -31.18840842074885
-12.56685194395548 16.23285560614092 -31.2476703585552
-11.87107255552405 15.72563737686496 -31.13544410911169
-12.07262552194177 24.10182455879571 -32.24014578142291
-21.53011566516188 20.49896991495372 -33.54618839818785
-20.66023584219859 20.39198517422517 -33.21670846633535
-28.2951912956853 6.53216294295596 -33.21160477686119
-14.37551590465154 6.37753517179428 -31.30045923492859
-7.115645233058757 19.8109194778301 -30.77968084260889
-7.729874212829414 19.44983675865596 -30.66724515958644
-7.103021680197251 19.14268276073949 -30.49033499630231
-26.2861753144047 0.5680112850057117 -31.63398147728875
-13.00499442047387 20.43285843428347 -31.54174756755328
-12.33316633002228 20.98028015837674 -31.52561167439915
-23.56766757764002 15.40070620317567 -33.122484754403
-23.9983066706782 16.26359865872362 -33.42809691579927
-6.36233755482857 7.790057503695645 -26.4376075789342
-6.358622489752662 6.874284066806753 -26.23211648949174
-19.19795131405692 5.528964758597328 -31.30971920127929
-11.22278413913521 14.41351589856395 -30.97488635819201
-11.20630756374887 15.25640644735784 -30.99232783902579
-14.35957559911527 10.05173792576382 -31.31574993510403
-19.99058700153034 0.478020419417393 -31.37773105575609
-19.21545309472409 0.005311986342586418 -31.36946644860386
-16.03829700662159 1.803212368997325 -31.38005725363109
-29.44964724935249 0.7208386696444283 -33.06443149906502
-28.66002542435183 1.144743010549691 -32.46323924195622
-23.52540441531042 17.14508415654251 -33.42169757957806
-22.57163092431638 17.23282026606233 -33.08263715919182
-16.0193157890078 3.622905604868319 -31.42475767082403
-15.99858376362751 4.555070563857032 -31.42073831330557
-16.77618680172505 5.972801542365928 -31.39970860368901
-15.98853734487818 5.484480679055708 -31.41476680237114
-15.9759130721254 6.411923867202906 -31.39647107710603
-23.95239079322897 10.30950442270977 -32.65962751557089
-24.01996990461864 9.372987647148822 -32.46211484958433
-5.867420270570776 19.87000157896627 -30.76513907935182
-5.838144766925705 19.11779696629472 -30.38290087647944
-16.1057539877268 -1.827883576519661 -31.14963794342337
-11.55047294854998 20.72577949463052 -31.36514102735195
-15.17144490443871 6.848641039485583 -31.36345658029893
-12.7979748648035 11.8244678518735 -31.16398225317316
-14.35911245496516 9.151359587301943 -31.2843489618708
-13.59237957805687 9.586475947462564 -31.18840112000288
-22.23610645898947 -3.514945484075911 -31.28722189240415
-7.392097773284857 10.18213543157716 -28.14759673779473
-6.731551680862345 10.64748484871525 -27.72535238631963
-16.02998743127594 2.716890586660654 -31.41432393711491
-9.814296410823488 16.04463484195801 -30.6066346571347
-12.5427093872837 17.03425286925991 -31.2296943794008
-14.35867418776352 7.303773727003898 -31.28925942902612
-12.83382549035609 10.9154179068438 -31.10398764811712
-17.57018176098488 6.448993817144416 -31.36367866947845
-17.58264394501825 5.521684502722872 -31.3842824127135
-20.77093275192492 1.851416936439369 -31.36157716600866
-20.75647180265032 0.9454444721861812 -31.3777349749074
-15.22044621098367 3.158895377792694 -31.37389222191228
-18.38710970040559 5.08302905111106 -31.35922830508943
-14.37040947580352 8.229996332207417 -31.27581633013439
-27.42707286287579 6.854622277842314 -32.809017004027
-19.20895170771121 4.614396864997103 -31.33469953108448
-22.11491457080649 19.68878552331862 -33.53128553899503
-28.34761340675801 -2.714367245916883 -32.70969838687755
-15.42778047645803 -5.664935667491068 -30.39100737672035
-14.38060067762341 25.01359288156074 -32.69551265737464
-11.14527140475821 16.11346605107475 -30.97880861649259
-20.73839379675174 0.01702076409783288 -31.38644316076837
-22.82062785598056 15.39068099352806 -32.91283495191649
-22.06328161225208 14.95109387535889 -32.75228595085933
-9.886344487115926 1.807885136985616 -29.62097512570358
-12.86325114542601 0.7741601382252885 -30.88334226222617
-26.45142318783699 4.172351965542107 -31.83296528743499
-25.56672835576281 3.73910157456888 -31.63114045760382
-15.90171839827119 -7.083899017163718 -30.07189114586506
-16.28379963293396 -6.250455133938234 -30.33877467268506
-15.30260073806922 -2.246458905703754 -31.03966088231926
-26.22276049370947 10.35146917761037 -33.14154099932028
-8.562546550730401 10.9476058287805 -29.27691417884491
-9.196466781023931 10.49520800602399 -29.66153114308172
-2.768978442878084 21.81096439921582 -32.1860865293241
-6.084176899438068 2.343120846329731 -25.90575600583522
-6.312154241182951 1.420685974227895 -26.21374201165842
-14.25777995772348 19.39047108673367 -31.65849668137709
-13.61067777388214 19.93153885404114 -31.58852446545149
-24.08840861622943 4.566953489593423 -31.50958690233754
-5.43519598026355 18.072862375191 -29.88678098110602
-4.98610345587158 17.53925055321699 -29.65741419342621
-9.874864530514785 10.05218633768501 -30.02661484813765
-6.465335176201041 20.2005887465521 -30.9523416310055
-7.094280852430027 20.51339575488805 -31.11444432556383
-9.206919750852112 3.230995573059948 -29.18300246140365
-12.81467640173017 26.49235900586382 -32.91167689281243
-9.879667684055351 2.721379727388169 -29.68722541994141
-12.15217804514188 -0.586407981860066 -30.5447997932574
-17.28301817954241 18.61703606728263 -32.16078056888468
-18.22450715493847 18.12535826146369 -32.29208092549581
-11.29912410273677 9.147461091199171 -30.58292840807386
-10.57677774188105 9.589793749522306 -30.32627602177444
-11.33835996459006 10.02869090539102 -30.64397371315746
-9.849484678405467 9.173567842755173 -29.93717093207334
-14.5643600751283 -9.258516847245724 -29.54504020849192
-11.09013184996032 16.94478563564665 -30.95908934056298
-10.4283929503298 16.47567191042248 -30.80452208005511
-4.819105325665815 12.88601522211285 -27.75791523682483
-4.914984058904027 11.99293612266753 -27.32523886376319
-19.15664794677357 18.5674654526375 -32.49970368393036
-22.34360659746427 2.725444293363579 -31.35919971456024
-23.11895451326421 2.267342805944035 -31.40404257377566
-4.075957598851773 17.15578581702432 -29.59339295037024
-3.399057507287324 17.06492887595133 -29.71846353572081
-6.10143133623628 11.1070699164278 -27.45200896819094
-5.526327070946495 11.53734254040505 -27.34449328322496
-6.534272515979943 18.83628669516844 -30.30292154580943
-5.885754629701734 18.44805226624069 -30.08365774655209
-12.02624286573231 8.703674827116878 -30.80886671063672
-12.83016472080821 9.136619101083777 -31.02650211779494
-23.24276467559122 4.084302809722679 -31.4013451360153
-22.40302225967288 3.633301846483559 -31.34524471512528
-8.93096608391728 27.93697620740306 -33.4355080229181
-8.8063085358488 27.11269955442145 -32.98076989214145
-12.90479993486378 25.29455384788316 -32.57570256825233
-12.30214618214089 24.76120928875615 -32.40001424191717
-8.539361060102152 -3.542758715204759 -28.47026201074851
-9.395782950424012 -3.688933024265118 -28.87618442983103
-12.83002744258554 10.03669313282533 -31.05893821418649
-25.06620957150716 -5.446280578772281 -31.58960374445804
-25.85184405321537 -5.117029477241729 -31.84091396003219
-8.157791648601318 -2.643885425208492 -28.26420868148319
-11.24788594737094 8.263088592418184 -30.53783617173911
-20.5687497699621 16.58786455658088 -32.59004494882693
-13.97167402703259 -10.07029183015394 -29.46611105803998
-7.145166520095668 18.45452220475178 -30.23759360512999
-12.08088053460142 10.46722945150007 -30.898880573656
-3.134628721855688 25.19217819251848 -33.25428378769604
-22.05311309950618 14.00527266360822 -32.73398605701347
-7.775942479838957 18.02463405432897 -30.24403740879065
-7.213347167180319 17.72441965822528 -30.0322932506343
-7.136335122612689 22.02384740123203 -31.80354911938919
-17.62996452851312 20.38801137642443 -32.40484057780695
-10.85296777943356 18.7479042812613 -30.986504968849
-11.02530990468012 17.92440143838731 -30.96393472305191
-10.19999607211987 18.13294229920148 -30.80856551775036
-13.71038107594457 0.3858612181470236 -31.03956857065982
-12.92606410789624 -0.09446411168795449 -30.83180471221104
-17.5238356905787 19.53681929318828 -32.28509418385124
-12.96067872628077 24.05885437739064 -32.29047197682939
-11.750970557161 17.56236062685474 -31.09420590324831
-7.162128819494907 21.22916558353409 -31.45851640687505
-9.749174305244352 16.87510916869057 -30.62774175769145
-22.49539609328411 -9.150503553689029 -30.88372208382793
-14.52396562974659 -1.747007966676724 -30.99256852109674
-24.00215345655243 3.63862390590962 -31.45586917044648
-9.069235155259058 17.22717226400495 -30.45856732561298
-8.407081885456696 17.64203499238575 -30.32496132807665
-6.094044481525263 15.0475322597445 -28.91050377004393
-5.903207264093029 15.72343849870613 -29.09384737906267
-5.845708143488108 20.55546694515932 -31.13381791077155
-24.78767814202489 -7.983956285328974 -31.60427194176619
-12.14880886637932 -5.717727111013614 -29.60786336434698
-11.42301320887755 -6.580709299904835 -29.23396265561038
-5.283923433367204 15.92138879205674 -29.08512766715277
-5.035140980663564 15.47193515676726 -28.93463289051725
-4.765669837554674 16.08006607633884 -29.14094417661503
-5.347065618411264 16.97205245489462 -29.44924875746077
-4.652696519497566 17.09318920035011 -29.50346995601326
-12.97971831652457 -0.9815248526719826 -30.77003160006196
-23.77798376588208 11.14518611613705 -32.77586492668261
-24.55873129359464 10.80072819056824 -32.84212918335344
-19.87842122604918 18.91186136011071 -32.70039162151635
-20.45148170728022 19.68886098430213 -32.99080557416405
-9.503960436291708 18.47805138203791 -30.71060263613926
-9.68200061800812 17.65814101202024 -30.6577830456535
-20.77158611010861 2.780445783506505 -31.33767102587236
-25.14195321683463 11.44518575393013 -33.0662752065342
-25.3146412707277 10.60795543350017 -32.95651703043532
-11.65664869372012 -7.277682252083798 -29.20326529493613
-10.90579575273687 20.58816767385715 -31.26378516396812
-8.522508222901937 -1.844346277608262 -28.47946130592501
-5.635210479421326 16.34189601611449 -29.2637628698391
-28.51051373105109 -0.3862278703829908 -32.44362433564827
-29.37388671373117 -0.2731092607015072 -33.04521731878024
-23.91119907591722 2.780925224546448 -31.44122250454038
-5.11203537672064 14.29316543808467 -28.4695968418893
-4.815487395407046 13.67144808945899 -28.15814832660085
-4.433781902465453 16.60208672346151 -29.34734518861832
-6.128905285322065 17.77879973293807 -29.83546573022337
-13.87685498141327 17.88225909982533 -31.48193284426555
-21.5930155524058 3.203781018950308 -31.32779076220249
-9.611257925421494 26.59441303405973 -32.77565458508434
-10.37939275196244 27.12732446811702 -32.97699317105099
-13.66882964242819 26.51058783330268 -33.06950004396005
-13.60764400590366 27.36325560847569 -33.51811041433406
-19.06707989591359 -7.168598917274563 -30.42435298190428
-18.58608632636043 -7.880214276360321 -30.24420664131592
-13.47804667539134 25.90152494692623 -32.81352347500309
-25.66675012959719 6.224754116570515 -32.02057009799236
-24.75948868269559 3.264415976897711 -31.51572157438932
-5.448245917948949 5.028536901941347 -25.17656638107274
-27.35440894640498 4.543521941093362 -32.17365398749973
-9.929195100103804 27.97278173161722 -33.43440528082166
-5.516686390140934 14.6337608272751 -28.65623505854198
-8.355160337001564 18.38626900330562 -30.46226888337392
-7.384615208978804 8.503562651376436 -27.74977556077236
-1.740188676228745 20.70887928304823 -32.11272012540285
-1.889725436104989 20.20478895303399 -31.72700472279136
-2.945028825741242 21.27023403768467 -31.84210016662268
-2.240787679198568 21.21850459758774 -32.10527039236123
-7.394398756474073 9.345349533218549 -27.9428340078693
-14.54218148015405 -0.9238284238604015 -31.0662789755353
-14.4846644752656 -0.02636293413226848 -31.13078102558378
-13.76274997237516 25.32417343799589 -32.69371342584223
-22.94008018045848 -8.793206534518363 -30.98478331541071
-23.33720152010799 -9.141363907242917 -31.13680505612189
-4.987688202610137 11.20675157304635 -26.93540429299881
-18.959974331886 19.36675914058651 -32.55235484955531
-13.80573594078771 24.40467381832969 -32.46279008717258
-2.530770776945367 24.39924363805878 -33.28184428075069
-18.34179334247185 19.87200881081567 -32.48471832297189
-8.247752654569464 19.73020808971153 -30.8166790107699
-23.41719978255389 -7.332923508899791 -31.08241018809991
-9.778358382858922 -2.731522365684507 -29.15787136426378
-12.96911672101903 -1.802226578379861 -30.6697415084549
-13.75659224441551 -1.305277012537158 -30.90564306261253
-6.704021725267157 17.57690197000759 -29.86282506328176
-8.228732860520145 19.03495047083644 -30.59522688396923
-27.17499293174306 5.484746175808139 -32.3330377323235
-28.31256554268509 0.3969304255017555 -32.28027536392109
-5.967457967022069 16.77716333943785 -29.44815127082822
-4.969796245178586 10.35110188996239 -26.42710477581181
-19.89255143490536 20.41644071862162 -32.98095021207564
-13.9485115334807 18.71395557464268 -31.53930525142481
-10.01981581878036 -2.065857235805169 -29.37181086288546
-8.871866262375324 18.66450578187366 -30.61865732661991
-19.05907704325267 20.21356602584827 -32.70625438654495
-2.554495125632234 20.21152404616329 -31.40495303714538
-26.48400068211334 5.750385245800483 -32.1503693019434
-6.241973458828175 10.29146813374081 -27.22302977820921
-23.76916697472246 12.20453747304084 -32.89855242658859
-3.588886855488775 21.2523005939531 -31.66545638643869
-6.332841740521328 9.547980882936903 -26.98994920953054
-5.715005708900782 10.01467802244262 -26.70129074801012
-6.382894150777042 8.723457672889618 -26.73678337564933
-24.68109651620411 12.29071273791326 -33.09118367043614
-6.257817129676434 17.20972799302637 -29.64380772357058
-3.036328892280039 20.69538874304662 -31.51122218053819
-27.04929439262702 6.252265262603315 -32.47736824046504
-6.868609379320135 8.980787744246728 -27.30968444256654
-3.188115524938528 20.2151688339712 -31.1870424727327
-5.145960061045711 14.95547051330725 -28.74266923305886
-9.202358777219683 -2.085035485978314 -28.88927956267537
-4.629275577971353 15.10970977974595 -28.80685184540884
$EndNodes
$Elements
1 644 1 644
2 2 9 644
1 291 306 265 414 415 416 
2 253 319 292 417 418 419 
3 288 366 214 420 421 422 
4 291 376 306 423 424 414 
5 139 303 280 425 426 427 
6 300 398 281 428 429 430 
7 147 333 332 431 432 433 
8 287 372 131 434 435 436 
9 19 300 126 437 438 439 
10 44 140 43 440 441 103 
11 27 263 26 442 443 86 
12 280 304 139 444 445 427 
13 330 360 141 446 447 448 
14 263 369 26 449 450 443 
15 286 287 131 451 436 452 
16 42 295 129 453 454 455 
17 289 291 135 456 457 458 
18 287 328 138 459 460 461 
19 50 303 139 462 425 463 
20 133 371 284 464 465 466 
21 136 398 300 467 428 468 
22 225 226 152 469 470 471 
23 133 263 27 472 442 473 
24 284 371 262 465 474 475 
25 25 125 24 476 477 84 
26 292 319 124 418 478 479 
27 139 305 49 480 481 482 
28 135 290 289 483 484 458 
29 276 386 371 485 486 487 
30 132 314 301 488 489 490 
31 131 372 13 435 491 492 
32 49 305 48 481 493 108 
33 150 225 152 494 471 495 
34 125 384 298 496 497 498 
35 51 303 50 499 462 110 
36 371 386 262 486 500 474 
37 301 302 132 501 502 490 
38 342 360 330 503 446 504 
39 138 372 287 505 434 461 
40 274 347 130 506 507 508 
41 129 295 225 454 509 510 
42 298 384 264 497 511 512 
43 276 411 306 513 514 515 
44 214 366 297 421 516 517 
45 21 296 136 518 519 520 
46 281 349 300 521 522 430 
47 276 306 251 515 523 524 
48 134 393 282 525 526 527 
49 282 365 134 528 529 527 
50 331 341 249 530 531 532 
51 207 304 208 533 534 535 
52 25 369 125 536 537 476 
53 21 136 20 520 538 80 
54 30 265 127 539 540 541 
55 300 349 126 522 542 438 
56 46 397 45 543 544 105 
57 332 361 147 545 546 433 
58 318 334 255 547 548 549 
59 130 389 274 550 551 508 
60 285 307 187 552 553 554 
61 214 324 288 555 556 422 
62 140 295 43 557 558 441 
63 187 308 285 559 560 554 
64 121 352 35 561 562 563 
65 36 121 35 564 563 95 
66 283 397 46 565 543 566 
67 20 300 19 567 437 79 
68 28 133 27 568 473 87 
69 144 340 15 569 570 571 
70 15 340 14 570 572 74 
71 42 129 41 455 573 101 
72 133 284 263 466 574 472 
73 131 341 286 575 576 452 
74 147 367 333 577 578 431 
75 265 306 127 415 579 540 
76 143 296 22 580 581 582 
77 208 304 280 534 444 583 
78 198 324 214 584 555 585 
79 286 341 331 576 530 586 
80 44 397 140 587 588 440 
81 261 406 349 589 590 591 
82 355 374 354 592 593 594 
83 282 304 207 595 533 596 
84 188 308 163 597 598 599 
85 134 283 46 600 566 601 
86 291 356 135 602 603 457 
87 254 406 395 604 605 606 
88 136 300 20 468 567 538 
89 43 295 42 558 453 102 
90 261 349 248 591 607 608 
91 308 312 285 609 610 560 
92 19 405 18 611 612 78 
93 282 393 305 526 613 614 
94 293 340 144 615 569 616 
95 249 341 293 531 617 618 
96 9 292 124 619 479 620 
97 163 308 187 598 559 621 
98 307 315 187 622 623 553 
99 39 413 38 624 625 98 
100 349 406 126 590 626 542 
101 12 138 11 627 628 71 
102 254 395 394 606 629 630 
103 255 404 318 631 632 549 
104 292 375 253 633 634 419 
105 35 352 34 562 635 94 
106 128 326 294 636 637 638 
107 294 320 128 639 640 638 
108 304 305 139 641 480 445 
109 47 134 46 642 601 106 
110 22 296 21 581 518 81 
111 158 318 156 643 644 645 
112 23 143 22 646 582 82 
113 256 348 223 647 648 649 
114 308 410 312 650 651 609 
115 306 411 127 514 652 579 
116 265 356 291 653 602 416 
117 279 357 243 654 655 656 
118 9 124 8 620 657 68 
119 53 132 52 658 659 112 
120 137 338 322 660 661 662 
121 337 353 235 663 664 665 
122 249 261 248 666 608 667 
123 170 315 299 668 669 670 
124 286 331 228 586 671 672 
125 385 388 259 673 674 675 
126 10 292 9 676 619 69 
127 317 334 318 677 547 678 
128 204 248 213 679 680 681 
129 279 361 357 682 683 654 
130 30 127 29 541 684 89 
131 299 315 307 669 622 685 
132 259 365 282 686 528 687 
133 18 254 17 688 689 77 
134 226 388 385 690 673 691 
135 14 131 13 692 492 73 
136 327 344 313 693 694 695 
137 31 265 30 696 539 90 
138 352 387 34 697 698 635 
139 40 146 39 699 700 99 
140 143 297 296 701 702 580 
141 285 312 258 610 703 704 
142 317 318 201 678 705 706 
143 248 281 213 707 708 680 
144 323 348 256 709 647 710 
145 213 324 197 711 712 713 
146 260 383 377 714 715 716 
147 202 204 197 717 718 719 
148 209 346 206 720 721 722 
149 241 289 246 723 724 725 
150 259 282 207 687 596 726 
151 201 318 158 705 643 727 
152 299 329 170 728 729 670 
153 289 290 246 484 730 724 
154 239 313 236 731 732 733 
155 204 213 197 681 713 718 
156 236 313 189 732 734 735 
157 190 353 337 736 663 737 
158 56 351 55 738 739 115 
159 322 408 137 740 741 662 
160 332 333 317 432 742 743 
161 141 360 6 447 744 745 
162 354 407 355 746 747 594 
163 205 259 207 748 726 749 
164 167 315 170 750 668 751 
165 196 197 195 752 753 754 
166 326 362 294 755 756 637 
167 204 249 248 757 667 679 
168 241 242 239 758 759 760 
169 172 344 327 761 693 762 
170 219 285 258 763 704 764 
171 219 307 285 765 552 763 
172 122 334 333 766 767 768 
173 345 364 234 769 770 771 
174 288 324 213 556 711 772 
175 7 141 6 773 745 66 
176 298 380 125 774 775 498 
177 171 329 174 776 777 778 
178 198 214 212 585 779 780 
179 16 144 15 781 571 75 
180 17 394 16 782 783 76 
181 226 385 152 691 784 470 
182 296 366 136 785 786 519 
183 264 284 220 787 788 789 
184 312 410 272 651 790 791 
185 210 211 194 792 793 794 
186 144 395 293 795 796 616 
187 3 137 2 797 798 62 
188 164 315 167 799 750 800 
189 215 217 216 801 802 803 
190 219 258 257 764 804 805 
191 57 128 56 806 807 116 
192 40 148 146 808 809 699 
193 320 351 128 810 811 640 
194 246 279 243 812 656 813 
195 57 326 128 814 636 806 
196 235 237 236 815 816 817 
197 192 215 200 818 819 820 
198 215 216 200 803 821 819 
199 215 299 217 822 823 801 
200 232 286 228 824 672 825 
201 247 316 230 826 827 828 
202 217 219 218 829 830 831 
203 212 264 220 832 789 833 
204 217 307 219 834 765 829 
205 170 329 171 729 776 835 
206 222 260 224 836 837 838 
207 237 251 238 839 840 841 
208 240 291 289 842 456 843 
209 237 275 251 844 845 839 
210 299 307 217 685 834 823 
211 50 139 49 463 482 109 
212 194 309 191 846 847 848 
213 242 313 239 849 731 759 
214 217 218 216 831 850 802 
215 241 246 243 725 813 851 
216 232 328 287 852 459 853 
217 200 210 194 854 794 855 
218 354 374 188 593 856 857 
219 219 257 218 805 858 830 
220 333 334 317 767 677 742 
221 215 329 299 859 728 822 
222 238 239 236 860 733 861 
223 225 363 226 862 863 469 
224 258 274 257 864 865 804 
225 185 195 193 866 867 868 
226 195 324 198 869 584 870 
227 241 243 242 851 871 758 
228 210 310 277 872 873 874 
229 230 316 311 827 875 876 
230 211 309 194 877 846 793 
231 240 241 239 878 760 879 
232 231 247 230 880 828 881 
233 233 328 232 882 852 883 
234 346 407 165 884 885 886 
235 174 329 192 777 887 888 
236 223 309 211 889 877 890 
237 59 142 58 891 892 118 
238 243 370 242 893 894 871 
239 5 123 4 895 896 64 
240 321 351 320 897 810 898 
241 313 344 189 694 899 734 
242 196 202 197 900 719 752 
243 240 289 241 843 723 878 
244 185 196 195 901 754 866 
245 224 256 223 902 649 903 
246 220 284 262 788 475 904 
247 222 224 223 838 903 905 
248 192 194 191 906 848 907 
249 237 238 236 841 861 816 
250 140 363 295 908 909 557 
251 290 378 246 910 911 730 
252 192 200 194 820 855 906 
253 135 387 290 912 913 483 
254 235 353 237 664 914 815 
255 222 223 211 905 890 915 
256 141 403 330 916 917 448 
257 235 236 189 817 735 918 
258 206 346 203 721 919 920 
259 210 221 211 921 922 792 
260 229 234 233 923 924 925 
261 318 404 156 632 926 644 
262 200 310 210 927 872 854 
263 221 222 211 928 915 922 
264 223 348 309 648 929 889 
265 41 148 40 930 808 100 
266 254 394 17 630 782 689 
267 58 326 57 931 814 117 
268 316 332 317 932 743 933 
269 227 229 228 934 935 936 
270 218 278 216 937 938 850 
271 178 235 189 939 918 940 
272 238 240 239 941 879 860 
273 229 233 232 925 883 942 
274 234 252 233 943 944 924 
275 220 262 250 904 945 946 
276 33 135 32 947 948 92 
277 216 310 200 949 927 821 
278 282 305 304 614 641 595 
279 174 192 191 888 907 950 
280 165 382 346 951 952 886 
281 222 330 260 953 954 836 
282 278 310 216 955 949 938 
283 168 230 166 956 957 958 
284 232 287 286 853 451 824 
285 249 293 261 618 959 666 
286 183 185 184 960 961 962 
287 229 232 228 942 825 935 
288 242 327 313 963 695 849 
289 310 322 277 964 965 873 
290 257 325 218 966 967 858 
291 192 329 215 887 859 818 
292 142 362 326 968 755 969 
293 197 324 195 712 869 753 
294 128 351 56 811 738 807 
295 143 298 297 970 971 701 
296 280 303 302 426 972 973 
297 198 212 199 780 974 975 
298 278 322 310 976 964 955 
299 55 145 54 977 978 114 
300 210 277 221 874 979 921 
301 4 338 3 980 981 63 
302 125 380 24 775 982 477 
303 325 389 335 983 984 985 
304 212 220 199 833 986 974 
305 281 288 213 987 772 708 
306 309 339 191 988 989 847 
307 181 183 182 990 991 992 
308 221 330 222 993 953 928 
309 227 228 202 936 994 995 
310 195 198 193 870 996 867 
311 180 181 179 997 998 999 
312 184 190 182 1000 1001 1002 
313 244 301 245 1003 1004 1005 
314 252 253 233 1006 1007 944 
315 124 350 8 1008 1009 657 
316 220 250 199 946 1010 986 
317 328 375 138 1011 1012 460 
318 178 189 176 940 1013 1014 
319 218 325 278 967 1015 937 
320 55 351 145 739 1016 977 
321 208 209 206 1017 722 1018 
322 273 312 272 1019 791 1020 
323 196 343 227 1021 1022 1023 
324 269 270 267 1024 1025 1026 
325 268 321 269 1027 1028 1029 
326 244 302 301 1030 501 1003 
327 160 311 201 1031 1032 1033 
328 311 316 201 875 1034 1032 
329 185 343 196 1035 1021 901 
330 198 199 193 975 1036 996 
331 247 332 316 1037 932 826 
332 229 345 234 1038 771 923 
333 180 323 181 1039 1040 997 
334 163 187 164 621 1041 1042 
335 280 302 244 973 1030 1043 
336 245 267 266 1044 1045 1046 
337 53 409 132 1047 1048 658 
338 245 268 267 1049 1050 1044 
339 142 326 58 969 931 892 
340 271 294 273 1051 1052 1053 
341 208 244 209 1054 1055 1017 
342 164 167 166 800 1056 1057 
343 3 338 137 981 660 797 
344 181 186 183 1058 1059 990 
345 171 174 173 778 1060 1061 
346 181 182 179 992 1062 998 
347 167 170 169 751 1063 1064 
348 164 166 162 1057 1065 1066 
349 181 323 186 1040 1067 1058 
350 187 315 164 623 799 1041 
351 1 130 60 1068 1069 120 
352 275 276 251 1070 524 845 
353 174 191 175 950 1071 1072 
354 129 225 150 510 494 1073 
355 45 397 44 544 587 104 
356 269 320 271 1074 1075 1076 
357 174 175 173 1072 1077 1060 
358 168 231 230 1078 881 956 
359 123 338 4 1079 980 896 
360 266 346 209 1080 720 1081 
361 252 319 253 1082 417 1006 
362 163 164 162 1042 1066 1083 
363 271 273 272 1053 1020 1084 
364 271 272 270 1084 1085 1086 
365 230 311 166 876 1087 957 
366 269 271 270 1076 1086 1024 
367 264 379 298 1088 1089 512 
368 185 193 184 868 1090 961 
369 177 180 179 1091 999 1092 
370 269 321 320 1028 898 1074 
371 333 367 122 578 1093 768 
372 184 336 190 1094 1095 1000 
373 316 317 201 933 706 1034 
374 6 360 5 744 1096 65 
375 245 266 209 1046 1081 1097 
376 196 227 202 1023 995 900 
377 227 345 229 1098 1038 934 
378 204 331 249 1099 532 757 
379 161 163 162 1100 1083 1101 
380 245 301 268 1004 1102 1049 
381 59 347 142 1103 1104 891 
382 8 350 7 1009 1105 67 
383 189 344 176 899 1106 1013 
384 154 203 155 1107 1108 1109 
385 253 328 233 1110 882 1007 
386 270 355 267 1111 1112 1025 
387 137 335 2 1113 1114 798 
388 352 378 290 1115 910 1116 
389 271 320 294 1075 639 1051 
390 309 348 339 929 1117 988 
391 162 311 160 1118 1031 1119 
392 170 171 169 835 1120 1063 
393 186 343 183 1121 1122 1059 
394 190 337 182 737 1123 1001 
395 183 184 182 962 1002 991 
396 10 392 292 1124 1125 676 
397 1 335 130 1126 1127 1068 
398 177 179 178 1092 1128 1129 
399 166 311 162 1087 1118 1065 
400 208 280 244 583 1043 1054 
401 268 269 267 1029 1026 1050 
402 175 177 176 1130 1131 1132 
403 277 342 221 1133 1134 979 
404 152 385 154 784 1135 1136 
405 193 336 184 1137 1094 1090 
406 267 355 266 1112 1138 1045 
407 175 176 173 1132 1139 1077 
408 167 168 166 1140 958 1056 
409 2 335 1 1114 1126 61 
410 171 172 169 1141 1142 1120 
411 228 331 202 671 1143 994 
412 361 400 147 1144 1145 546 
413 182 337 179 1123 1146 1062 
414 160 201 158 1033 727 1147 
415 161 188 163 1148 599 1100 
416 202 331 204 1143 1099 717 
417 176 344 173 1106 1149 1139 
418 221 342 330 1134 504 993 
419 183 343 185 1122 1035 960 
420 167 169 168 1064 1150 1140 
421 175 339 177 1151 1152 1130 
422 186 364 345 1153 769 1154 
423 178 337 235 1155 665 939 
424 177 339 180 1152 1156 1091 
425 244 245 209 1005 1097 1055 
426 171 173 172 1061 1157 1141 
427 7 350 141 1105 1158 773 
428 180 348 323 1159 709 1039 
429 339 348 180 1117 1159 1156 
430 60 347 59 1160 1103 119 
431 12 372 138 1161 505 627 
432 177 178 176 1129 1014 1131 
433 212 379 264 1162 1088 832 
434 145 351 321 1016 897 1163 
435 335 389 130 984 550 1127 
436 161 162 160 1101 1119 1164 
437 248 349 281 607 521 707 
438 186 345 343 1154 1165 1121 
439 335 408 325 1166 1167 985 
440 191 339 175 989 1151 1071 
441 179 337 178 1146 1155 1128 
442 306 376 251 424 1168 523 
443 237 353 275 914 1169 844 
444 377 383 319 715 1170 1171 
445 297 379 214 1172 1173 517 
446 343 345 227 1165 1098 1022 
447 199 336 193 1174 1137 1036 
448 5 360 123 1096 1175 895 
449 357 361 247 683 1176 1177 
450 134 365 283 529 1178 600 
451 32 356 31 1179 1180 91 
452 272 374 270 1181 1182 1085 
453 260 377 224 716 1183 837 
454 150 152 151 495 1184 1185 
455 231 357 247 1186 1177 880 
456 173 344 172 1149 761 1157 
457 154 205 203 1187 1188 1107 
458 240 376 291 1189 423 842 
459 132 409 314 1048 1190 488 
460 251 376 238 1168 1191 840 
461 26 369 25 450 536 85 
462 275 386 276 1192 485 1070 
463 312 373 258 1193 1194 703 
464 135 356 32 603 1179 948 
465 130 347 60 507 1160 1069 
466 31 356 265 1180 653 696 
467 359 370 231 1195 1196 1197 
468 357 370 243 1198 893 655 
469 143 380 298 1199 774 970 
470 159 161 160 1200 1164 1201 
471 38 367 37 1202 1203 97 
472 258 373 274 1194 1204 864 
473 364 368 234 1205 1206 770 
474 295 363 225 909 862 509 
475 129 150 148 1073 1207 1208 
476 147 390 367 1209 1210 577 
477 152 154 153 1136 1211 1212 
478 327 359 172 1213 1214 762 
479 224 368 256 1215 1216 902 
480 51 391 303 1217 1218 499 
481 314 412 301 1219 1220 489 
482 28 358 133 1221 1222 568 
483 172 359 169 1214 1223 1142 
484 340 341 131 1224 575 1225 
485 29 358 28 1226 1221 88 
486 327 370 359 1227 1195 1213 
487 274 389 257 551 1228 865 
488 23 380 143 1229 1199 646 
489 154 155 153 1109 1230 1211 
490 13 372 12 491 1161 72 
491 168 359 231 1231 1197 1078 
492 305 393 48 613 1232 493 
493 278 408 322 1233 740 976 
494 155 156 153 1234 1235 1230 
495 207 208 206 535 1018 1236 
496 242 370 327 894 1227 963 
497 294 362 273 756 1237 1052 
498 14 340 131 572 1225 692 
499 165 354 159 1238 1239 1240 
500 290 387 352 913 697 1116 
501 353 381 275 1241 1242 1169 
502 273 373 312 1243 1193 1019 
503 129 148 41 1208 930 573 
504 165 407 354 885 746 1238 
505 301 412 268 1220 1244 1102 
506 159 354 161 1239 1245 1200 
507 205 207 206 749 1236 1246 
508 159 160 158 1201 1147 1247 
509 126 405 19 1248 611 439 
510 247 361 332 1176 545 1037 
511 250 336 199 1249 1174 1010 
512 224 377 368 1183 1250 1215 
513 157 158 156 1251 645 1252 
514 334 399 255 1253 1254 548 
515 297 366 296 516 785 702 
516 205 385 259 1255 675 748 
517 16 394 144 783 1256 781 
518 137 408 335 741 1166 1113 
519 24 380 23 982 1229 83 
520 284 384 263 1257 1258 574 
521 161 354 188 1245 857 1148 
522 149 399 146 1259 1260 1261 
523 150 151 149 1185 1262 1263 
524 381 386 275 1264 1192 1242 
525 264 384 284 511 1257 787 
526 277 402 342 1265 1266 1133 
527 274 401 347 1267 1268 506 
528 157 165 159 1269 1240 1270 
529 169 359 168 1223 1231 1150 
530 323 364 186 1271 1153 1067 
531 342 402 123 1266 1272 1273 
532 369 384 125 1274 496 537 
533 266 407 346 1275 884 1080 
534 123 360 342 1175 503 1273 
535 127 358 29 1276 1226 684 
536 255 399 149 1254 1259 1277 
537 138 392 11 1278 1279 628 
538 234 368 252 1206 1280 943 
539 38 413 122 625 1281 1282 
540 253 375 328 634 1011 1110 
541 148 150 149 1207 1263 1283 
542 152 153 151 1212 1284 1184 
543 188 410 308 1285 650 597 
544 256 364 323 1286 1271 710 
545 303 391 302 1218 1287 972 
546 293 341 340 617 1224 615 
547 302 391 132 1287 1288 502 
548 145 409 54 1289 1290 978 
549 288 398 366 1291 1292 420 
550 314 409 145 1190 1289 1293 
551 330 403 260 917 1294 954 
552 205 206 203 1246 920 1188 
553 368 377 252 1250 1295 1280 
554 157 159 158 1270 1247 1251 
555 33 387 135 1296 912 947 
556 319 383 124 1170 1297 478 
557 52 391 51 1298 1217 111 
558 122 399 334 1299 1253 766 
559 155 157 156 1300 1252 1234 
560 238 376 240 1191 1189 941 
561 256 368 364 1216 1205 1286 
562 246 378 279 911 1301 812 
563 140 397 396 588 1302 1303 
564 365 396 283 1304 1305 1178 
565 279 400 361 1306 1144 682 
566 214 379 212 1173 1162 779 
567 252 377 319 1295 1171 1082 
568 122 367 38 1093 1202 1282 
569 336 381 190 1307 1308 1095 
570 145 412 314 1309 1219 1293 
571 405 406 254 1310 604 1311 
572 367 390 37 1210 1312 1203 
573 373 401 274 1313 1267 1204 
574 321 412 145 1314 1309 1163 
575 270 374 355 1182 592 1111 
576 48 393 47 1232 1315 107 
577 362 373 273 1316 1243 1237 
578 346 382 203 952 1317 919 
579 34 387 33 698 1296 93 
580 11 392 10 1279 1124 70 
581 132 391 52 1288 1298 659 
582 231 370 357 1196 1198 1186 
583 298 379 297 1089 1172 971 
584 148 149 146 1283 1261 809 
585 190 381 353 1308 1241 736 
586 293 395 261 796 1318 959 
587 358 371 133 1319 464 1222 
588 262 386 250 500 1320 945 
589 250 381 336 1321 1307 1249 
590 156 404 153 926 1322 1235 
591 281 398 288 429 1291 987 
592 203 382 155 1317 1323 1108 
593 124 383 350 1297 1324 1008 
594 263 384 369 1258 1274 449 
595 257 389 325 1228 983 966 
596 126 406 405 626 1310 1248 
597 292 392 375 1125 1325 633 
598 47 393 134 1315 525 642 
599 151 255 149 1326 1277 1262 
600 37 390 36 1312 1327 96 
601 154 385 205 1135 1255 1187 
602 250 386 381 1320 1264 1321 
603 347 401 142 1268 1328 1104 
604 272 410 374 790 1329 1181 
605 396 397 283 1302 565 1305 
606 371 411 276 1330 513 487 
607 155 382 157 1323 1331 1300 
608 362 401 373 1332 1313 1316 
609 54 409 53 1290 1047 113 
610 18 405 254 612 1311 688 
611 395 406 261 605 589 1318 
612 140 396 363 1303 1333 908 
613 260 403 383 1294 1334 714 
614 147 400 390 1145 1335 1209 
615 322 402 277 1336 1265 965 
616 157 382 165 1331 951 1269 
617 259 388 365 674 1337 686 
618 390 400 121 1335 1338 1339 
619 268 412 321 1244 1314 1027 
620 121 378 352 1340 1115 561 
621 355 407 266 747 1275 1138 
622 325 408 278 1167 1233 1015 
623 123 402 338 1272 1341 1079 
624 366 398 136 1292 467 786 
625 36 390 121 1327 1339 564 
626 151 404 255 1342 631 1326 
627 388 396 365 1343 1304 1337 
628 350 403 141 1344 916 1158 
629 338 402 322 1341 1336 661 
630 378 400 279 1345 1306 1301 
631 374 410 188 1329 1285 856 
632 142 401 362 1328 1332 968 
633 363 388 226 1346 690 863 
634 122 413 399 1281 1347 1299 
635 127 411 358 652 1348 1276 
636 153 404 151 1322 1342 1284 
637 121 400 378 1338 1345 1340 
638 383 403 350 1334 1344 1324 
639 375 392 138 1325 1278 1012 
640 358 411 371 1348 1330 1319 
641 394 395 144 629 795 1256 
642 146 413 39 1349 624 700 
643 399 413 146 1347 1349 1260 
644 363 396 388 1333 1343 1346 
$EndElements
$Parametrizations
1 1
3
341
-24.0401588840987 18.00007441412733 -33.84185355630588 0
-24.18664590775771 17.72645979869341 -33.84582853529247 1
-24.33566222357764 17.44508069495073 -33.85039302361506 2
-24.48891886550825 17.15492601933257 -33.85504689195711 3
-24.64738893182344 16.85566019272276 -33.85942304545139 4
-24.81119696830106 16.54768664364707 -33.86333472975856 5
-24.97966312672789 16.23209584469807 -33.86677622800551 6
-25.15149589772007 15.91050034595439 -33.86987844603238 7
-25.32509419990454 15.58478595574563 -33.87283149775681 8
-25.49889332772192 15.25683026440766 -33.87579415730292 9
-25.67167766856524 14.92824888805015 -33.87881301088883 10
-25.84278952173403 14.60022446319565 -33.88177182442458 11
-26.01218693774974 14.27345339684201 -33.88438438450809 12
-26.18033876900822 13.94821440200223 -33.88623358710888 13
-26.3479839703222 13.62453112909147 -33.88684842545063 14
-26.51581541490251 13.30237642732077 -33.88580138913392 15
-26.68416624364785 12.98185541433585 -33.88280368800594 16
-26.85277595826226 12.66331098993422 -33.87777586267961 17
-27.0206934191275 12.34732011415467 -33.87087688736184 18
-27.18634098099204 12.03458126301638 -33.86248433503443 19
-27.34772435669897 11.72572755070496 -33.85312929188088 20
-27.50273842294804 11.42112346240368 -33.8433999214724 21
-27.64949831513921 11.12071033190999 -33.83383460371607 22
-27.78662179831656 10.82395400355577 -33.82482759594085 23
-27.91340396863168 10.52991937062557 -33.81656693277702 24
-28.02985420748661 10.23745969036971 -33.80901660301317 25
-28.13659956404286 9.945473436569895 -33.80194474180479 26
-28.23468999291033 9.653158035342742 -33.79498914066204 27
-28.32536098682826 9.360185832620495 -33.78774333666478 28
-28.40981375485342 9.066745040833888 -33.77984264374552 29
-28.48906191020877 8.773422687924443 -33.77103060325859 30
-28.56387108344422 8.480948797690884 -33.76119200018003 31
-28.63479050617021 8.18986144557697 -33.75034750466165 32
-28.70225158972253 7.900178073707666 -33.73861488741648 33
-28.76669302830727 7.61116276281297 -33.72615000198454 34
-28.82866911673776 7.321260373879352 -33.71308555711628 35
-28.88890756177331 7.028230484154586 -33.69948605503627 36
-28.94830028718405 6.729466081809083 -33.68533279481751 37
-29.00783123272082 6.422434746407044 -33.67054479852631 38
-29.06846156839975 6.105147984703143 -33.65503187781057 39
-29.13100225103215 5.77655310683657 -33.63876708601563 40
-29.1960037301827 5.436756992698016 -33.62185981613089 41
-29.26368381305427 5.087027092630139 -33.60460893977473 42
-29.33390153668454 4.729565285100877 -33.58751857929144 43
-29.40617141893951 4.367101955696225 -33.57126647547464 44
-29.4797028777992 4.002399249783518 -33.55662493641741 45
-29.55344666701745 3.637773686967156 -33.54434479421175 46
-29.6261336060006 3.274743362584855 -33.53502130412379 47
-29.69629934050405 2.913876599380939 -33.52896579478765 48
-29.76229822377368 2.554871764750155 -33.52610680454075 49
-29.82231663409166 2.196844425600455 -33.52593963993981 50
-29.87439874485681 1.838749819767558 -33.52753481588948 51
-29.91649482699842 1.479836798050003 -33.5296053488641 52
-29.94653496417631 1.120020973181847 -33.53062265760968 53
-29.96252225962988 0.7600835442846838 -33.52896299815774 54
-29.96263311189267 0.401642267651491 -33.52306237761998 55
-29.94530909228175 0.04689413294255829 -33.5115580916225 56
-29.90932766210014 -0.3018156522959359 -33.49339950755365 57
-29.85384603165893 -0.642500634917651 -33.46791773913893 58
-29.77842120232103 -0.9739965756155975 -33.43485193254659 59
-29.68301655465356 -1.296267068386577 -33.39433707435113 60
-29.56800838896709 -1.61046887049425 -33.3468631739003 61
-29.43420372005032 -1.918745978174782 -33.29321761355892 62
-29.28287248662055 -2.223784179798791 -33.23442108979012 63
-29.11578646438984 -2.528214845406326 -33.17166406695104 64
-28.93524710607038 -2.833997316334582 -33.10624627047329 65
-28.74407862383137 -3.141922118561705 -33.03951780652926 66
-28.54556335286742 -3.451359397819289 -32.97281824908655 67
-28.34330498585806 -3.76032913556803 -32.90741019270043 68
-28.1410193154836 -4.06590187876772 -32.84440624511969 69
-27.94226908014602 -4.364863990784736 -32.78469247872847 70
-27.75017434253677 -4.654517624519226 -32.72885556761321 71
-27.5671392861538 -4.933444749033306 -32.67712421373535 72
-27.39463700594856 -5.202058956680785 -32.62933643176449 73
-27.23308622760477 -5.462802009527874 -32.58494248842174 74
-27.08183891915738 -5.719908173334051 -32.54304876766522 75
-26.93927971765648 -5.978746922062086 -32.50250147291482 76
-26.80302036135058 -6.244846297808344 -32.46200196103132 77
-26.67015934585339 -6.522774635210672 -32.42023952545868 78
-26.53757065354741 -6.815101588462106 -32.37602362950536 79
-26.40218621790601 -7.121658980403783 -32.32839713106787 80
-26.26124366267018 -7.439275805753056 -32.27671493677728 81
-26.11248090234843 -7.76207597062227 -32.22067847567163 82
-25.95426979448825 -8.082319846930904 -32.16032400124558 83
-25.78568996285932 -8.391661238681433 -32.09597079814121 84
-25.6065491663785 -8.682602253733421 -32.02814189729501 85
-25.4173588101161 -8.94987977644108 -31.95747400937315 86
-25.21927296858385 -9.191519921014759 -31.884633990206 87
-25.01399761716539 -9.409351259859417 -31.81025634201651 88
-24.80367573428593 -9.608864528097072 -31.73491073382563 89
-24.59075308635952 -9.798428416206974 -31.65910122788764 90
-24.2909800148237 -9.906131226996813 -31.55512133459397 91
-23.9880633629354 -10.00909997652474 -31.45134809777035 92
-23.67959913066967 -10.10320404450125 -31.34809545142251 93
-23.36451751530874 -10.18541843910683 -31.24586302799126 94
-23.04341450682424 -10.25414360471899 -31.14536323499502 95
-22.71855312463697 -10.30929796722964 -31.04748597496313 96
-22.39352867301616 -10.3521822426134 -30.95320389360431 97
-22.07265615248209 -10.38515667751744 -30.86343470747423 98
-21.7601903684105 -10.41120416360708 -30.77888738562321 99
-21.45952011197195 -10.43346666145732 -30.69992362336226 100
-21.17248304253842 -10.45483730316175 -30.62646417006726 101
-20.89892524007013 -10.47766890628718 -30.55796159173627 102
-20.63658492797715 -10.50362738143009 -30.49344860210033 103
-20.38132128223211 -10.53368310262772 -30.43165680673218 104
-20.12764836392606 -10.56820397323792 -30.37118748017936 105
-19.86948190483045 -10.60709731246905 -30.31070648236344 106
-19.60097233984242 -10.64994610386865 -30.24913141833884 107
-19.31728748922268 -10.69609882734705 -30.18578134745516 108
-19.01522308666758 -10.74469583914899 -30.12046707081101 109
-18.69355452794251 -10.79464142954099 -30.05351130344454 110
-18.35309212254688 -10.84455216129864 -29.9857004006082 111
-17.99645491385621 -10.89272300381918 -29.91818027394906 112
-17.62762300148102 -10.93714983244724 -29.85231624672635 113
-17.25135958652549 -10.97563096909647 -29.78953910174137 114
-16.87260433881305 -11.00594660938933 -29.73119706242748 115
-16.49593125785623 -11.02608985212838 -29.67842765306236 116
-16.1251387098351 -11.03450379223257 -29.63205586239317 117
-15.76300433355738 -11.03027186315538 -29.59251840119029 118
-15.41120296163311 -11.01321590538797 -29.55981027415985 119
-15.07035728808104 -10.98387610301743 -29.53344978085366 120
-14.74017566517766 -10.94337397513326 -29.51246158196233 121
-14.41963015189999 -10.89318674380123 -29.49538303650201 122
-14.10713937737193 -10.83488056075573 -29.48030407946826 123
-13.80073891798203 -10.76985581554344 -29.46495298038958 124
-13.49824108175679 -10.69914936071613 -29.4468377603547 125
-13.19739898558985 -10.62331752927669 -29.42344502876525 126
-12.896092502534 -10.54239799291308 -29.39248562035215 127
-12.59254589637742 -10.45592557419179 -29.35216263459665 128
-12.28557033796672 -10.36296518698259 -29.30142549521459 129
-11.97480566042531 -10.26212875407301 -29.24016764640103 130
-11.66092028737912 -10.1515612759466 -29.16932765998245 131
-11.34572213210082 -10.02890940563313 -29.09086512104478 132
-11.03214039061375 -9.891313098391176 -29.00760179025636 133
-10.7240568609442 -9.735477483292893 -28.92294168427948 134
-10.42599292956459 -9.557879644353612 -28.84050609236791 135
-10.14268672564637 -9.355139905714982 -28.76373571936146 136
-9.878618206395961 -9.124542973933664 -28.69551846213829 137
-9.637551627108678 -8.864641949936036 -28.63789645376515 138
-9.422161646202195 -8.575831615128987 -28.59189037978337 139
-9.233792821335694 -8.26075280617626 -28.5574572169668 140
-9.072376154672494 -7.924397040862903 -28.53357387157903 141
-8.93649769042465 -7.573824132346981 -28.5184194911164 142
-8.823589783379219 -7.217479342925346 -28.50961752719009 143
-8.730200964632719 -6.864184523817556 -28.50449641065487 144
-8.652297038729156 -6.521959959983258 -28.50033440308943 145
-8.585554687146104 -6.196888144070952 -28.49456612997286 146
-8.525623007488051 -5.892242298492514 -28.48494137990812 147
-8.468344263163061 -5.608063433263446 -28.46963643072811 148
-8.409937334444971 -5.341287325667391 -28.44732250738339 149
-8.347151472964692 -5.086412824807452 -28.41719454192199 150
-8.277395523013038 -4.836590352393833 -28.37895852223478 151
-8.198839451082007 -4.58492118755745 -28.33277121996817 152
-8.110476322042768 -4.325714271383982 -28.27912552045927 153
-8.012128297572001 -4.055458114988165 -28.21868121812761 154
-7.904382157217536 -3.773329282535119 -28.15205396186466 155
-7.788449842525782 -3.481159685678431 -28.07959137688978 156
-7.66596497867847 -3.182899542607254 -28.00117984118396 157
-7.538742749843357 -2.883713869230565 -27.91613231621743 158
-7.40854278510872 -2.588916173320321 -27.8232020976273 159
-7.276877606917309 -2.302960460182815 -27.72074750337849 160
-7.144901725464132 -2.028681433924195 -27.60704139124733 161
-7.013399042774682 -1.766902998346689 -27.48068298421881 162
-6.882863403923684 -1.516447869995474 -27.3410370580088 163
-6.753644680999601 -1.2744964760267 -27.18860631718246 164
-6.626116778143023 -1.037181073556612 -27.02524445082522 165
-6.500819222566964 -0.8002723957627147 -26.85414109636183 166
-6.37853193206244 -0.5598230969964302 -26.67955344978162 167
-6.260260620246688 -0.3126660715227807 -26.50631318903656 168
-6.147134749627693 -0.05671485542078436 -26.33918970958816 169
-6.040243050647048 0.2089384897530078 -26.18222805834094 170
-5.940447910411379 0.4840961329454849 -26.03819300449977 171
-5.84822497784403 0.7676478518336749 -25.90823375584522 172
-5.763567466548905 1.057833553648321 -25.79184042963249 173
-5.685977524691983 1.352534086435707 -25.68710153343999 174
-5.614545238584796 1.649562484955491 -25.59120663501143 175
-5.548094376360593 1.946937762516562 -25.50108441792977 176
-5.485359634446935 2.243124813245188 -25.41403735195186 177
-5.425155401183423 2.537220089215782 -25.32823689561458 178
-5.366501795819413 2.829056747680031 -25.24297812296198 179
-5.308687582397059 3.119202859251788 -25.15865079578142 180
-5.251267776516075 3.408835819969227 -25.07645298415513 181
-5.194010091079347 3.699497723812969 -24.99793523700652 182
-5.136815818159196 3.992764377926252 -24.92450385000281 183
-5.079644120779927 4.289888819386272 -24.85702099049454 184
-5.022463521553444 4.59149774222033 -24.79561451457074 185
-4.965243260303556 4.897418304839277 -24.73975701116936 186
-4.90798364260584 5.206690335499761 -24.68860471000687 187
-4.850772652276026 5.517777373785995 -24.64151871040969 188
-4.793848401227631 5.82893895024684 -24.59863914594367 189
-4.737645697479531 6.138679899426775 -24.56136156918419 190
-4.682809760397987 6.446163675018777 -24.53257821345576 191
-4.630169192925976 6.751475309096645 -24.51659312043532 192
-4.580670460691742 7.055648740947825 -24.51868934964234 193
-4.535284708644005 7.360428595645406 -24.54440314580586 194
-4.494903191003232 7.667803328565316 -24.59862762344147 195
-4.460238457778507 7.97940894684 -24.68471135499141 196
-4.431745417316881 8.295943808464912 -24.80372674573556 197
-4.409570790055858 8.616742764826771 -24.95405625902153 198
-4.393533292931735 8.939630033363066 -25.13138751705304 199
-4.383132164946783 9.26110909871889 -25.32913245043877 200
-4.377578591643411 9.576871578878587 -25.53920742316945 201
-4.37584410462293 9.882530738956309 -25.75304532650949 202
-4.376721023935749 10.17443016179312 -25.96267065810629 203
-4.378891291616686 10.45035676968938 -26.16166100954491 204
-4.381000723381272 10.71000517972301 -26.34584381513433 205
-4.381735023229741 10.95509307711862 -26.51362882763672 206
-4.379891965553577 11.18910345227224 -26.66594396123043 207
-4.374441965056088 11.41670889760038 -26.80581085038721 208
-4.364567867050546 11.6429993495971 -26.93765409261879 209
-4.349675224612268 11.87267207357045 -27.06647481902986 210
-4.32936768279264 12.10934383528166 -27.19702964862007 211
-4.303388098979287 12.35511145849188 -27.3331413859759 212
-4.271533679980109 12.61042740962802 -27.47723267294154 213
-4.233560824057673 12.87428691852208 -27.63012695516516 214
-4.18910075898533 13.1446582712209 -27.79111272786791 215
-4.137608422559531 13.41904250481769 -27.95822572921646 216
-4.078363144165358 13.69503231329179 -28.12867596808663 217
-4.010531037868496 13.97075377229031 -28.29933554393558 218
-3.933286862038353 14.24511263369075 -28.46720804360445 219
-3.845979863608544 14.51781957832378 -28.62981758168222 220
-3.748316665637901 14.78922261794156 -28.78547934783152 221
-3.640527484751734 15.06001704024227 -28.93343871497241 222
-3.523481644418798 15.33092465891862 -29.07388655147847 223
-3.398725010636982 15.60243226201365 -29.20787240425054 224
-3.268424871762187 15.87465371201221 -29.3371427448234 225
-3.135224125281153 16.14734144464088 -29.46393074012882 226
-2.894810516866036 16.34028059851683 -29.62978096125754 227
-2.653335159755912 16.52948337456971 -29.79197186842899 228
-2.410064340321361 16.71182771485913 -29.94782837441981 229
-2.164873351943715 16.88534334535486 -30.09645406442138 230
-1.918441685147458 17.04960133070155 -30.23917992112988 231
-1.672339014307418 17.20589702292853 -30.37957318262957 232
-1.428997485053269 17.35718912152919 -30.52299132233861 233
-1.191584033779337 17.50778765160133 -30.67574851857383 234
-0.9637998233399419 17.66282076874017 -30.84403341271198 235
-0.7496409829722328 17.82754923033853 -31.03276410319663 236
-0.5531540693819963 18.00663044072528 -31.2445811310374 237
-0.3782116453864752 18.20345202640611 -31.47915800904922 238
-0.2283205759456504 18.41965188539317 -31.73295573296211 239
-0.1064634800483262 18.65491395580057 -31.99947156883151 240
-0.0149638469360589 18.90708055932875 -32.26994739964761 241
0.04463751619036493 19.17256112011466 -32.53442399082254 242
0.07170362135981811 19.44695746304546 -32.78296976080985 243
0.06661889487164885 19.72578110007167 -33.00688564569123 244
0.0308880148002757 20.00512061559213 -33.19969685519783 245
-0.03281169461629752 20.28213098865397 -33.35778453933379 246
-0.1206589317897677 20.55526061491892 -33.48057741687534 247
-0.2278313944485149 20.8241953053378 -33.57030199833747 248
-0.3487834363294962 21.08956439059412 -33.6313646551213 249
-0.4776569875463661 21.35250802563398 -33.66949631071861 250
-0.6087966194391772 21.61423104228934 -33.69082051916496 251
-0.7373116724975954 21.87566140132338 -33.70100431159572 252
-0.8596081071079684 22.13729308640018 -33.70462127330197 253
-0.9738050505134765 22.39923480706381 -33.70480494558256 254
-1.079959862129519 22.66142342893037 -33.70321004527139 255
-1.180051880712742 22.92391194540653 -33.70024170854953 256
-1.277713134456313 23.18711983963185 -33.69546886630905 257
-1.377738609060803 23.45194514922912 -33.68811538592926 258
-1.485449708781047 23.71967908635919 -33.67752279830674 259
-1.606012166982079 23.99172306717351 -33.66349879622988 260
-1.743819024847435 24.26916965154793 -33.64650021562728 261
-1.902036033592164 24.55235359198127 -33.62763852450512 262
-2.082374176089914 24.84049634873265 -33.60853199912727 263
-2.285108051341146 25.13154970158591 -33.59105489472881 264
-2.509310394106944 25.42229799365564 -33.57704617857429 265
-2.753231911490285 25.7087145291825 -33.56803886020555 266
-3.014732237174989 25.98650391664923 -33.56505751370916 267
-3.291665667866203 26.25171469233397 -33.56851160605979 268
-3.582146316369803 26.50128862418177 -33.57819038188322 269
-3.884654275122967 26.73342764819112 -33.5933458562867 270
-4.197988813460393 26.94770392816103 -33.61283772076565 271
-4.521115065284471 27.14489912627946 -33.63530813320287 272
-4.852977089771857 27.32662180328653 -33.65935558500641 273
-5.192355393173289 27.49479990476003 -33.68368359332784 274
-5.537831008878626 27.65116762866296 -33.70720877237632 275
-5.887884037713242 27.7968589810652 -33.72912236375085 276
-6.241111456877368 27.93218750735667 -33.74890730455265 277
-6.596509065622927 28.05664237773169 -33.76631846416011 278
-6.953734936500076 28.16907952867217 -33.78133665325103 279
-7.31326633379101 28.268044552157 -33.79410752648229 280
-7.676379309011727 28.35214112530862 -33.8048758651325 281
-8.044918699548584 28.42035870785891 -33.81392408725738 282
-8.420876009780054 28.47229241447675 -33.82152172351086 283
-8.805843320358248 28.50822050066134 -33.82789071725205 284
-9.200449934810823 28.52903954328799 -33.83318912262535 285
-9.603905750429202 28.53608680646494 -33.83751337128069 286
-10.0137651834759 28.5308972339248 -33.84091706766709 287
-10.42598913625644 28.51494726590709 -33.84344163416613 288
-10.83532720582166 28.48943000119422 -33.84515184803243 289
-11.23597756957055 28.45509284993555 -33.84616798644013 290
-11.62242275194406 28.41215308220933 -33.84668615625867 291
-11.99029714779924 28.3602934164199 -33.84697995460383 292
-12.33712776668787 28.29873121787035 -33.8473799042848 293
-12.66280512415972 28.22634963675108 -33.84823148998842 294
-12.9696867400378 28.14187629472949 -33.8498375358954 295
-13.26230043501345 28.04409249223878 -33.85239509160235 296
-13.54668829107068 27.93205097209658 -33.85593985580071 297
-13.82949853566414 27.80527573202541 -33.86031146804157 298
-14.1169799826374 27.66391336828643 -33.8651504473333 299
-14.41405182530016 27.50880554654129 -33.86993223328317 300
-14.72360653734834 27.34146035628004 -33.87403669301558 301
-15.04615967970142 27.16391434757929 -33.8768440416157 302
-15.37989472681154 26.97849827662878 -33.87784175123856 303
-15.72107867544588 26.78754101035319 -33.87672317013667 304
-16.06475790178703 26.59306320036577 -33.87345852847471 305
-16.40559784989596 26.39651936667816 -33.86832303831695 306
-16.73871145188317 26.19864140282519 -33.86187422557708 307
-17.0603340552194 25.99941688207235 -33.85488011433929 308
-17.36824110501831 25.79820677711357 -33.84820950588176 309
-17.66186151280643 25.5939763224407 -33.84270333880813 310
-17.94210050302877 25.38558653916103 -33.83905023897738 311
-18.2109388468761 25.17208008993699 -33.83768879155944 312
-18.47091026512465 24.95289809051486 -33.83875392610348 313
-18.72457029905542 24.72798236097969 -33.84207595639376 314
-18.97405670362206 24.4977469790167 -33.84723025798439 315
-19.22081076578334 24.26293575071827 -33.85362550626863 316
-19.46548675617034 24.0244097320895 -33.86061101434895 317
-19.70803570045379 23.7829236796407 -33.86758070703793 318
-19.94791667490116 23.53894965376723 -33.87405319951974 319
-20.18436952984996 23.2925906542319 -33.87971384752477 320
-20.41668194209569 23.04360109320597 -33.88441400442716 321
-20.64439452611226 22.79150278195904 -33.88813283598332 322
-20.86740967978771 22.53576136422749 -33.89091556788686 323
-21.08599442779536 22.27597626246431 -33.89280701104471 324
-21.30069006311407 22.01203709404369 -33.89379946964267 325
-21.51215757508997 21.74421280115662 -33.89380972011658 326
-21.72099655986511 21.47315909724914 -33.89269172630758 327
-21.92757563002351 21.1998501821698 -33.89028212559624 328
-22.13190739726886 20.92545629284011 -33.88646656989599 329
-22.33359158166331 20.65119559997022 -33.88124903584167 330
-22.53183839112107 20.37818766157508 -33.87480459886905 331
-22.72557255723366 20.10732718850623 -33.86749944604905 332
-22.91360563494366 19.83918682670127 -33.85986928217507 333
-23.09485328135699 19.57394914001832 -33.85255712713388 334
-23.26856485247995 19.31136475625828 -33.8462213572883 335
-23.43452647938495 19.05073598146006 -33.84143245159663 336
-23.59319807898239 18.79093049761101 -33.83858031930345 337
-23.74575156069575 18.53043424801251 -33.83781246199534 338
-23.89399133730991 18.26745408883983 -33.83901684118366 339
-24.0401588840987 18.00007441412733 -33.84185355630588 340
2
2221 4100
-22.77096508708789 18.15042937909259 -33.3538899859527 0.9068143861203515 -0.0553105671692187 0.06541136786602969 -0.002747015447741549 0.02425407917394152 -0.003270876861397543 -0.02788457078686718 0.005663096171788043
-22.61935686608875 17.54337268678913 -33.1567920715068 0.8681441839645686 -0.03688571923752021 0.08454301824164792 -0.03791903779341694 0.03674143811878212 -0.01828850598034282 -0.03871466370565983 0.002126827432329665
-22.09209958780199 17.99076164139435 -33.09324042464203 0.8493834981337317 -0.07459704917072482 0.0747849803296733 -0.0473959261344305 0.03264204269072361 -0.0120004383455509 -0.01849845990801471 0.0006341792520348143
-22.40730693299371 18.69223396435693 -33.36353701293092 0.9036992298419309 -0.09076058541718589 0.05023713488804957 -0.01893877813605875 0.02187670246608117 -0.006427744639234282 -0.01511668685789487 0.001673922108232794
-21.73772671589128 18.69420813743326 -33.14983004910211 0.8545664224589322 -0.1157528354603107 0.05085738313462673 -0.04345743028838801 0.02536815558376392 -0.0007883962175084539 -0.0009356959938278033 -2.235775183989962e-05
-22.10156590563799 19.37139516922074 -33.43893131920902 0.9110794023828389 -0.1293742249742647 0.03185565452304262 -0.0245575450977883 0.01736816583065138 -0.00305794457787374 -0.003959541616319985 1.014524018988047e-05
-22.80613513410195 19.28983654872551 -33.66639746984761 0.9603265738504186 -0.1000148410036278 0.02930514921172656 0.007572646583972983 0.008667932569698115 0.002511312733259993 -0.01568782967271104 0.00521508387980995
-22.93760707887119 18.66350677333935 -33.54550693961718 0.9423908667656545 -0.06965835677992778 0.04924497995238948 0.01002764776730041 0.01597576970238673 0.002155837145811126 -0.02020870068963361 0.006039244250619566
-23.25076030916879 18.89877218085433 -33.72853131698439 0.9768829733411114 -0.06739522872545178 0.0376920461950576 0.02570713692968665 0.008038192163985903 0.005874242149792248 -0.01016105175304805 0.004951280273272248
-23.45062837103313 18.28868218687534 -33.6557784383526 0.9655162738551494 -0.03484551921541643 0.04062222974949367 0.0215573632730934 0.01147994670515162 0.003076374929467556 -0.00743183795853374 0.003069841906378235
-23.59319807898239 18.79093049761101 -33.83858031930345 0.9987503436963182 -0.04997750460443276 0.03732237413305121 0.03110741180683272 0.007338779097659976 0.004892375607364907 -0.006737252950930335 0.003676828095630535
-23.74575156069575 18.53043424801251 -33.83781246199534 0.9994427809246698 -0.033378550860734 0.03551298287447072 0.03192638530667631 0.007235082487872083 0.004566140669333507 -0.005831268584779275 0.003319112437511131
-23.89399133730991 18.26745408883983 -33.83901684118366 0.9998593727096918 -0.01677005678528432 0.02955427439615206 0.02003455068129044 0.007971003791290589 0.005335938108763294 -0.009646691374360543 0.004462091494421417
-24.0401588840987 18.00007441412733 -33.84185355630588 1 0 0.03804789372314233 0.01718517540097267 0.01267315812944915 0.00435312470240256 -0.01330844553493256 0.004977507906646088
-23.69155717034692 17.5634786010635 -33.58400238478927 0.9519964824347902 0.003976646424311524 0.04890430942495964 0.0007447758845221079 0.02093867478705136 -0.0008605792693763035 -0.01210459694402146 0.002440519626469056
-23.12916790926673 17.72463081819104 -33.38567343739991 0.9149941533321363 -0.02451633688484117 0.06194365599172231 -0.00546554733317878 0.02561230812238638 -0.004715882205679735 -0.02979642665350418 0.005046995538008904
-23.12517271240254 17.07350322379321 -33.24386807342583 0.8852979037865493 0.001341486688629275 0.0753688006633534 -0.04528883999609338 0.03717523606060544 -0.01335559230894482 -0.02258007407236148 -0.0004312114457889021
-22.47282650763339 16.95688477333609 -32.9973049615928 0.8313291508252072 -0.01928589384278613 0.104177244319734 -0.08073308135177963 0.04421952431784173 -0.02611664412880589 -0.03482859666869875 -0.002059269370464025
-22.1489712526035 17.36278961091928 -32.97361245522318 0.8256490249276567 -0.04764123066096527 0.1034076682606779 -0.06946571384919631 0.04068960066247873 -0.02679337847749562 -0.03991259809296007 -4.709618400497931e-05
-21.87576072081984 16.8428687899383 -32.83389825167797 0.7838730509341322 -0.03747480457657495 0.08610165747741899 -0.08243846298802926 0.02791091250883765 -0.02800175916712244 -0.03005527391618185 -0.002390201672566641
-22.30310130186734 16.53812630271469 -32.89002709605674 0.8008005580310735 -0.009275125376119978 0.1149965883541067 -0.08355815921815891 0.03723837536647249 -0.01965355628628223 -0.02786683729985791 -0.001837075473539239
-22.09055168533148 15.97246260652403 -32.80401918458147 0.7617212071002932 0.00494996860039419 0.08256435432455157 -0.06307217453896351 0.02028075072458041 -0.008638617155784551 -0.0115892706877671 -0.0008736686385242553
-21.25990147638898 16.40415903475949 -32.68484953992436 0.7226727733568689 -0.04347624668330472 -0.04537740247784837 0.06574576364138185 -0.01173541062782054 -0.01178199046184582 -0.008386882689776444 -0.001428657621314482
-21.18575783653292 17.1810636310972 -32.7403386214094 0.7503271474421713 -0.07668133374868592 -0.05181017309497617 0.07864020917594976 -0.01878803002854221 -0.002950347983638031 -0.002019405082787429 -0.0003166057532185428
-21.71002073008132 17.47903366354633 -32.88633370663736 0.7995328124293114 -0.06874694543050122 -0.07908042892019211 0.08199643644226319 -0.03210567484365952 -0.01585529617166486 -0.01567005131611488 -0.00096695506411418
-21.27187399094207 18.01660148485868 -32.88382170683037 0.7919588228056131 -0.1062405935333567 -0.060074481375966 0.06800450982420862 -0.02646951593004393 -0.004763095655099148 -0.004354430392732983 -0.0003770527282637698
-20.55365639257151 17.60027821610572 -32.66894752894231 0.7243772460430967 -0.1165983955585538 -0.04602608512128587 0.07011356817281206 -0.01694915342700475 -0.008416797876058556 -0.005774282650012131 -0.001030334925799795
-20.50458255149938 18.43208441865455 -32.77043819291212 0.7558089969297811 -0.1508413738053086 -0.04888875041658607 0.06173711693879246 -0.02125196087055393 -0.004263231044977145 -0.003531861235508097 -0.0004528001740938414
-21.13677657636552 18.74286491063756 -32.98568705364714 0.8134249219615264 -0.1398430031675236 -0.05095264712997336 0.05459223400744861 -0.0252260847050925 -0.003900590258883735 -0.003779443905078459 -0.0003005970650302091
-20.74635665948935 19.22123304974239 -32.97731834108536 0.806074974168288 -0.1729190194261374 -0.0469193639992529 0.05005149706696222 -0.0235768721309801 -0.004842226640692848 -0.004724290696993781 -0.0003929116462544401
-20.05792791087121 19.08996992550302 -32.76852332465336 0.7521804835499818 -0.1927279578776349 -0.04760596209956505 0.05473798873217831 -0.02119078962167609 -0.003097323848111985 -0.002812545057108768 -0.0003068303747782245
-20.32783240117219 19.78867558926142 -32.97481606031987 0.8002668870781713 -0.2102353935313367 -0.04292137370443794 0.04641141368483617 -0.02230588707450797 -0.001705869430436665 -0.001650954314720976 -0.0001526442032616066
-19.64048264125048 19.66574874657075 -32.76047681873925 0.747021564990478 -0.2300218555782461 -0.04662500728258401 0.05188265234487012 -0.02127258720122613 -0.001271610296631995 -0.001193146114280261 -0.000122916205632435
-19.88744180026032 20.37357825644712 -32.96917721824907 0.7935009298265047 -0.2486634148874541 -0.04083348379091765 0.04527285596402907 -0.02203574253100989 -0.002285072725006396 -0.002166442092105272 -0.000216627177684503
-19.18630831882428 20.21207566533439 -32.73774407386763 0.7380559935804741 -0.2671282062932493 -0.04862319335425335 0.04898614237464591 -0.0217431479410725 -0.0008083872267956954 -0.0008317100243761406 -6.603906843689844e-05
-19.35454915593677 21.02120845508145 -32.94788975646119 0.7827339601864123 -0.2923147047545522 -0.04270408907085497 0.04656347882676615 -0.02334780557834151 -0.0005854644828199395 -0.0005659977043214861 -5.795382758635874e-05
-18.66465480551538 20.67781935961101 -32.68123499712077 0.7212510654044855 -0.303119877249757 0.05375885020684445 -0.04693323806903798 0.02221466918680751 -0.00370231475064716 -0.004344380730992548 -0.0002189396101595594
-18.70106310338264 21.2822020361331 -32.80272514455155 0.7480099812209103 -0.3247833809383512 0.05514197318243443 -0.05001212956301567 0.02608843266284026 -0.008137900874504037 -0.009223138347121755 -0.0004802464897979891
-18.13284727280181 21.10469439512622 -32.61871931133403 0.702490904528396 -0.3375677999841359 0.05452175051946968 -0.04549258403202852 0.02114762354884166 -0.01129074313482681 -0.0137202969022481 -0.0004057514724357664
-18.23684429152485 21.78613062432372 -32.77590650223744 0.736704612821793 -0.3595819959045043 0.05878855119278269 -0.05082382597347607 0.0268633396826895 -0.01632347996689242 -0.01915270818155088 -0.000512973071281092
-19.02565500617965 21.8694746724844 -33.03761208624589 0.7942233248202042 -0.3361306768580399 -0.04028074378549209 0.04892346741728492 -0.02531690027797324 -0.009238464374729308 -0.008148676947061272 -0.001047889527247809
-18.50071345605385 22.3179989224046 -32.9735647075651 0.7758660184312142 -0.3708051568518113 -0.05388787171995694 0.05547742999348156 -0.03118778075058379 -0.02224605638221467 -0.02240958116413208 -0.001424703410993289
-18.00288055781698 22.39416596663746 -32.84366953771571 0.7451929010486606 -0.3901872438702441 -0.05926561427528172 0.05841038787989382 -0.03053496483141047 -0.02169533043184556 -0.02233950057752036 -0.0006245891859655298
-17.50918539251913 22.09842125267156 -32.65467190555968 0.7007861483705728 -0.3956416108089889 -0.04450656731287631 0.05333339302894401 -0.02149556447136717 -0.01465731217992618 -0.01259472196229811 -0.0009012373398985015
-17.43760406136661 22.91644881663313 -32.82456447074546 0.7287062420473089 -0.4282071315580175 -0.04710864433639733 0.05886759834900947 -0.02753527988993643 -0.009700049116862678 -0.008024647317462302 -0.0005605736112600586
-16.74686895447128 22.4371481024946 -32.54829898425685 0.6647338900863941 -0.4334130413290865 -0.03840561921661142 0.05082027890762206 -0.01871229185866835 -0.007068059493177428 -0.005522663973434294 -0.0004921963604053545
-16.47608234213203 23.29198599601231 -32.66788488666322 0.6811598134555327 -0.4731268239868061 -0.04758073072260337 0.06216451526385559 -0.02618626026133342 -0.01567689580223593 -0.01240627611877684 -0.0009666131462913405
-15.94366732362138 22.69482833609154 -32.42585983465506 0.6238106649802951 -0.4692368805540593 -0.03700214451846912 0.03637004459696631 -0.01426694426460655 -0.01615643401100446 -0.0165019796180465 -0.0001650688770212572
-15.64877311146267 23.35025544844034 -32.49436651842338 0.6312643423609143 -0.5019434100535595 -0.0473168872625581 0.04694515125206284 -0.01908842138633348 -0.03003618912892644 -0.03009549334954468 0.0004390875149298648
-15.93827218921185 23.81370781662586 -32.65871582653465 0.6675115255381685 -0.5089658309114459 -0.05999119880067404 0.07257879169291094 -0.03236478250050302 -0.03565891776483899 -0.02975469994815227 -0.000628428285416506
-15.40325947469451 23.90176552977729 -32.57071492776314 0.6378688212529833 -0.5290924028965046 -0.05423131999454468 0.06224365948254321 -0.02556631352541134 -0.03539103253722446 -0.03041636396175537 0.001019959694425391
-14.81255605802577 23.52067587580584 -32.39065929142788 0.5869663424851059 -0.5349500226298555 -0.005518518295059708 0.04189794208945291 -0.009985654799401413 -0.0366632917939612 -0.005852025886736621 -0.004292236818456029
-14.86632836766443 24.37679171398242 -32.60224620819802 0.624254633645476 -0.5625227979518541 -0.05681759802166156 0.05566816547865723 -0.02428746792458002 -0.01675678399606653 -0.01643706264586213 0.001525852509059025
-13.89860674650717 24.1426527704856 -32.40884000396615 0.5577661844827727 -0.5853851748642172 0.03447250756213462 -0.01818934657099872 0.008646878451912301 -0.01065785891878936 -0.01871606440788073 0.003119060868502073
-14.23376457558661 25.16005722246377 -32.71042942294093 0.6175934684677036 -0.6087917528915717 -0.06565290709725435 0.07493035613426639 -0.03159018337660701 -0.01902365007969798 -0.01605149183773762 0.001462920645131788
-13.1513545840957 25.10492011131923 -32.55319953458186 0.5533755458656899 -0.6404758356357779 0.04950575010248172 -0.03973442988120195 0.01544909145032424 -0.01254963054318184 -0.01475992269552597 0.002252673580436594
-12.84776240725631 24.13572822096265 -32.29672747500698 0.4972420127263238 -0.6190832906080259 0.04490135914400428 -0.003884230451807542 0.00466383472921327 -0.0004104718219246549 -0.003746789149470373 0.0008313652624890196
-12.24835222962996 24.76748359685348 -32.39699520974803 0.4899341583908218 -0.6583304403318431 0.05402301874647677 -0.01440262472586604 0.006481663000091357 -0.0008049449775489389 -0.002759725103605443 0.000576745905823089
-12.28388722372172 25.59168728121685 -32.58747742654401 0.5248615215030373 -0.6828288301323654 -0.05448455023899535 0.05579456906201562 -0.01789709565568113 -0.01962990892613151 -0.0182116161725367 0.002984701195707126
-11.4939086632149 25.22007446273294 -32.4654875068302 0.4681273839441287 -0.6962760387888003 0.04921207972851935 -0.02355679617525911 0.006396549252299903 -0.004024120807040199 -0.007968030021824071 0.001615573404220279
-11.62477819970441 24.50404779504527 -32.31473305207611 0.4454652536711445 -0.6703878445733226 0.04995699636652914 -0.007305691202668746 0.002624421032214517 -0.001936100146244952 -0.01228960380385575 0.00264351546185721
-11.01906203525738 24.56548023878653 -32.32580668239034 0.4161608680691825 -0.6920767984087455 0.03664493962522431 -0.007845809077194114 0.001464453669437561 -0.004836699445795064 -0.02173287598108587 0.004594589553087529
-10.67281076431408 25.14861320703398 -32.4441339328589 0.4229136206790811 -0.7204313949166286 0.02293134110132804 -0.02179553596556582 0.004253838719589705 -0.001882462612146324 -0.001905373305901785 0.0003852425917010345
-10.50215872597567 24.59470084340857 -32.33962761745957 0.3908006082027131 -0.7099119136520319 0.01705671653432867 -0.006771256209264851 0.001018694725453675 -0.01289125462579038 -0.03148929914569516 0.00653813492094694
-10.08928918819742 24.86228238131448 -32.39656777587433 0.3814299414898523 -0.7310925805344791 -0.01015812110272027 0.0109240927476446 -0.001946644633147537 -0.0185571496178123 -0.01666703198651289 0.003304953447002709
-9.971158374113415 25.74167509425038 -32.56394948864597 0.4126012182723723 -0.7598469422712325 -0.01031877538082374 0.07314519505644715 -0.01601299917375484 -0.006789404858977767 -0.0009283890945556525 0.0001343372516523332
-9.355408088023044 24.9843924191933 -32.42069891347298 0.3505343305897003 -0.7583171060713527 -0.01209190164482597 0.01790540065779608 -0.003076464788622944 -0.01704838874973688 -0.01118401079327741 0.001915590183779076
-9.197458466173453 25.68850124408391 -32.53883666198573 0.372970265655013 -0.7826692984046546 -0.008482241318916449 0.07967417996004775 -0.01555569178286156 -0.006909785685506245 -0.000723065133473432 6.433967021402442e-05
-8.589839090336532 25.37747949208293 -32.48013695992802 0.3310464999336588 -0.7934768931922512 0.002687362174384494 0.06096426223299138 -0.01073955180723134 -0.001892168630090674 7.880133988213382e-05 -2.615349878828176e-05
-8.674576340035426 24.62126202702349 -32.36352498478541 0.3018866689467504 -0.7706506245823475 0.005313661606592335 -0.005229244846045917 0.0008393695683685966 -0.02126140495137208 -0.02107444218080353 0.003303065943225793
-8.189627624975319 24.89061198675514 -32.39885499827218 0.2910680263177105 -0.7934885376212942 -0.007746390869581571 0.02374807799671321 -0.003641777007329001 -0.002842698529134453 -0.0009105828049443777 0.0001087552741362364
-8.056125980159159 24.246576485785 -32.30489868631928 0.2558294454875771 -0.7811537453831778 0.00443614257403613 -0.00185444709191782 0.0002793427841284617 -0.01565333273428698 -0.03657835746418171 0.005755606490992209
-8.691323142791292 23.92741437305733 -32.24786035203132 0.2713027740461891 -0.7515904119104174 0.001698615635613166 -0.0007423063418458153 0.0001144434257590072 -0.02972648894040338 -0.06601329152046959 0.0130352089200061
-8.177382352514417 23.49887973582462 -32.17419300421321 0.2265792460527802 -0.7576788534359683 0.007763398141141709 -0.002811078345188151 0.0004050677862328022 -0.03017217986943916 -0.08081120505594538 0.01745884706616881
-7.664955062768673 23.72253749526001 -32.22430490951334 0.2131666967802692 -0.7808198504422208 0.006318750426832196 -0.001483685068490592 0.000216991529144899 -0.01565306731771884 -0.06496978937879473 0.01158164745267286
-7.637890848517537 23.12198220204397 -32.10410850097792 0.1827931695122131 -0.7664593236915197 0.01313572401445695 -0.003657290883294778 0.000603294747763185 -0.02554671767950524 -0.08832381412998912 0.02080036792019819
-7.113583043376229 23.55741679597538 -32.19540625783494 0.1799444968142085 -0.7952775579575287 0.01072306600248246 -9.861222364139769e-05 -4.581072680974476e-05 -0.0005226543669172395 -0.06219806230327991 0.01154821138661455
-7.337740164911505 24.23937459210945 -32.30378405706148 0.2225771897879516 -0.8047102110995901 0.01784435731248955 0.001891739328080134 -0.0003688892124872979 0.002362705738285992 -0.02165449352912791 0.003243001798481221
-6.548594769912437 24.1664824417346 -32.30255275946117 0.1843929573820274 -0.8290001505213643 0.05086078626274713 0.01180913894017214 -0.003580015928605136 0.004929974869576611 -0.02026440912783332 0.003194727459112366
-6.987842583616988 24.90313520800726 -32.40279007065394 0.2376833003150484 -0.8325527662929489 0.04310606557021123 0.03733391071513854 -0.007027306045726931 0.01651284023433613 -0.0185779880815254 0.002591978415429096
-7.659434526397009 24.85398680171665 -32.38979365452171 0.2651873752923355 -0.8096571620456944 0.01312244990016036 0.02867328712342852 -0.004334571287755072 -0.01998229017821809 0.00894697719088932 -0.001309784865930352
-7.424442218231489 25.48066378845513 -32.49262738067729 0.2826021387699819 -0.8330674504909789 0.02065783349911944 0.09645300006697166 -0.01927025334543051 -0.03167940448331606 0.006611638562790486 -0.0008674244250110711
-6.732214863552699 25.60868899519787 -32.53679436899328 0.2585137990276035 -0.8580691623188852 0.03488570967860914 0.1132060751351583 -0.02656048807570905 -0.05189140073902199 0.01579090471941476 -0.0008524690817108718
-7.215369478444583 26.13209731257192 -32.65140102572215 0.3020340976981849 -0.8562982487895922 0.03124275634520173 0.1581290231619753 -0.04822136896807958 -0.03586062088500187 0.006795781792350004 -0.0009492535204013569
-7.998231032743856 25.95980835573999 -32.59443291110408 0.3290201016494086 -0.8275221000315324 0.02499742076249584 0.1309347607887568 -0.03261634846380859 -0.01317462112299955 0.002398824493419433 -0.0004673127770545442
-7.708043186304217 26.64888559022547 -32.8121613518216 0.3458180125605011 -0.8550032393931167 0.03627172366353273 0.1679767123245084 -0.06643211634522057 -0.02025129564642972 0.004063476204517682 -0.0007824532610391583
-8.351348416603159 26.51714180512968 -32.74370343065728 0.3686727683311318 -0.8316432694991736 0.02767388455818905 0.1654589135522486 -0.05640363867197441 -0.02064043551908954 0.003218974708405621 -0.0006842284059989964
-8.357830469815394 27.11929390458242 -32.99366299795305 0.3948509788109704 -0.8486516869934818 0.03239598949500384 0.1510282614062368 -0.07319214546607289 -0.02224521296336519 0.00419881222350613 -0.001182044532743187
-8.954637151214483 26.63917632388944 -32.78141807870485 0.4014539849411815 -0.8166172958556798 0.0253478102114676 0.160978003515412 -0.05638650362264792 -0.02417533841643273 0.003404934901406889 -0.001146945869921534
-8.736398351478201 26.08206353642379 -32.61861496159437 0.3678832672332138 -0.8078407220936956 0.01655904476401465 0.1330492235023145 -0.03253458814598196 -0.02138930837582424 0.002513809036226515 -0.0006063139473300493
-9.314835057296857 26.17261025830758 -32.64485359138887 0.3988141969691994 -0.7923987205497243 -2.412617445460389e-05 0.1324650227751144 -0.03417564509462914 -0.01460614512727625 -6.777589964910092e-05 -0.0002523886721461664
-9.689485596792267 26.59623711948862 -32.77712800107992 0.4342700810675322 -0.7929926306944757 0.01364617561511105 0.1359403607814716 -0.04379863850030743 -0.001369325103219518 0.0001181076734062932 -6.005782802548592e-05
-10.48084213528564 26.492480529265 -32.75275361209372 0.4683004566687686 -0.765717367577233 -0.002121742512992427 0.1236945394358673 -0.03740982635555855 -0.009476141012103683 -0.0001568170258139393 1.893944799421555e-05
-10.90731881080866 25.86033777148559 -32.59142093902698 0.463958131376769 -0.7338365639855103 -0.01276546614040274 0.06849066385295076 -0.01586603018070661 -0.0282198636517604 -0.005053961395873776 0.0008880950484944369
-11.13049003239247 26.42120304266974 -32.73190183035983 0.4975692605366269 -0.7435755675959965 -0.02345812300127745 0.1278785516734885 -0.03803934224077126 -0.05586948385636983 -0.009744490013275476 0.001695138528369572
-11.61879805821489 26.03661507764235 -32.651445825442 0.5072746943273736 -0.7170243992773221 -0.05133845649009664 0.08756323966271044 -0.02501524080173766 -0.0424189304448494 -0.02382046784276735 0.003674762962858495
-11.56641485909563 26.60427808399756 -32.80656833718715 0.526895591978953 -0.7359076792799266 -0.04890372713057514 0.1457329632440701 -0.05256602608350235 -0.06496798829386273 -0.0208400514894939 0.002665111374407093
-11.00227405211286 26.99986094324391 -32.93255380988048 0.514417747677924 -0.7651482813644102 -0.0281732228937159 0.1619124252450147 -0.06620789025434937 -0.05350352768347121 -0.008542732833184295 0.00187579183248918
-11.75942918531445 27.03609830303989 -32.99236676570206 0.5540350475505882 -0.7437495299305589 -0.04161372830432854 0.1571850698778853 -0.07258792069091465 -0.06511138201468102 -0.01682658335080212 0.000890501894270099
-11.27515845609835 27.50342121121772 -33.17691994640656 0.5484793460633799 -0.7730446096036415 -0.02075728528677655 0.1813042943538553 -0.09858269867003951 -0.06795077722805143 -0.008002195953448629 -0.0004093905196843906
-11.92830452156824 27.51232988380696 -33.2472902707558 0.582116895245791 -0.7544168480947802 -0.01961739122294385 0.1642077324560131 -0.09466908083881322 -0.07281615685734726 -0.01075022048631089 -0.00355772222623477
-11.43133008522328 27.88864572515416 -33.42546561904819 0.5727453715628583 -0.7816014347244516 -0.004493872799234803 0.1497270157070486 -0.1022020264420498 -0.06971032603689289 -0.004414712139529128 -0.00340240157617191
-11.98920771193686 27.87380812030363 -33.47927604272977 0.6005405489704752 -0.7650977469722687 0.02654115498328596 0.1339774690909055 -0.08710463059952474 -0.06787084655704487 0.00485834844820638 -0.01320781019730548
-12.57247366456344 27.60651272019041 -33.41348347153847 0.6204323704354446 -0.7394511345274023 -0.001781241907872928 0.1184982654321269 -0.07217200888663214 -0.06689200865814945 -0.006470743268191076 -0.008973298848184253
-12.44535791671052 27.0459556954921 -33.08656814718113 0.5905967595054509 -0.7241384238836142 -0.04827276749833995 0.1459687000138752 -0.07577811051072095 -0.04964098808213763 -0.01636841752161438 9.278733812598879e-05
-13.09754700297156 27.07413513481375 -33.21741762699973 0.6276679220848582 -0.7064505963532188 -0.06234597100165162 0.1248665546738717 -0.07824891246886966 -0.05105275393112998 -0.024159081065577 0.002124915147740443
-13.28801673144814 27.59032343576817 -33.56531827981117 0.660014318363069 -0.7191606450072231 0.06974014296172078 -0.02459247650157375 0.03300495214303906 -0.03346416669184249 -0.05810413622214721 0.02741622410403637
-13.71446040606737 26.9929277397075 -33.32296914807245 0.660242301264146 -0.6864399293147955 -0.06805815851008912 0.1006697565878744 -0.07447830448394446 -0.04228701700024954 -0.02630979944602482 0.003079761299670169
-13.49692586517872 26.59864565615825 -33.06700038883112 0.6311716926429339 -0.6789376767706718 -0.08282879949969352 0.1438463596623659 -0.08135423216576992 -0.04190886645341272 -0.02328273603326071 0.001501142253004921
-14.02684259732119 26.39089570253857 -33.0985447488416 0.6540320858891991 -0.6567185961220233 -0.08772230242479244 0.137569968053254 -0.08442074628542 -0.028357151398845 -0.01743214462944331 0.001059159449273087
-14.39884366158497 26.78633808090868 -33.41529037046241 0.6938099358023907 -0.6603705197293285 -0.0529296927371142 0.08516118289596308 -0.06523882838632451 -0.02722026581024411 -0.0164115238384826 0.0006611940069322831
-14.62110029440184 26.10776664752166 -33.1223735390924 0.6784739207477788 -0.6297741028731136 -0.08420583675324063 0.1319354487073393 -0.08543742817328578 -0.03234584261269871 -0.02036793946377774 0.0004266925055321324
-14.24904276921272 25.84654477277126 -32.92081786268131 0.6452554734096532 -0.6315135476062695 -0.09453494176599211 0.1379911155810187 -0.07002006467835553 -0.02981715982448785 -0.01980649549937583 0.001223121662617038
-14.69020633483677 25.58112635708795 -32.92093451935666 0.6611310000127997 -0.6093309492719481 -0.09742712723955602 0.1300697105634518 -0.06938826793702074 -0.03158065025215186 -0.02314123991352887 0.0009632414063553517
-15.17904988823628 25.68465255545469 -33.09574142396863 0.6957243570971269 -0.5985907821482057 -0.06688044078330456 0.1215446489637244 -0.07230603692719385 -0.02128737909922811 -0.01230607324622999 -0.0009961554887837358
-15.08400271699272 25.07359271746994 -32.8436978187144 0.6650161173598972 -0.5798664215486291 -0.08505626247315957 0.09856616839072076 -0.05151658913940576 -0.01500058414062659 -0.01258504348785194 0.000687819338966848
-15.74966293587825 25.16982821769186 -33.05210168859885 0.710502735805233 -0.5632083240467812 -0.05396579454059012 0.09848086140024437 -0.05454822015323299 -0.01415691163847055 -0.008208921969477296 -0.0008145586012835347
-15.74359453188061 25.83665880955314 -33.34990932422942 0.7386055394409995 -0.5877981011126755 -0.01541323794858531 0.08773469418830782 -0.048537004076941 -0.003293477214260473 -0.000926232673780986 -0.0006283781411684341
-16.46113664654024 25.27155671107272 -33.31793692112628 0.7607940552997376 -0.5457131082980916 -0.005321987423240609 0.07509302016537676 -0.03509691620009193 -0.007185998316149965 -0.001306581784676194 -0.001705887186814102
-16.24770589047645 24.69547142173223 -33.01229756937809 0.7226307624983531 -0.5309260061014441 -0.0399205767873002 0.08808584870471452 -0.04382921388344353 -0.02649468186393012 -0.0133740579700456 -0.002746621589735634
-16.85449622075567 24.50694502799124 -33.12848194658637 0.7543132763676232 -0.5053865083705471 -0.0177781934951372 0.08042803158771911 -0.03497685881662481 -0.01894301888361731 -0.005811377141045204 -0.003734611214173953
-16.40282846390762 24.0852821800085 -32.8540359059052 0.7078563230534145 -0.5040179934364762 -0.0436678997871634 0.08418892827238614 -0.03726222898193714 -0.02875155143960721 -0.01624744686270373 -0.003014722270044088
-17.11315799979761 23.76978247113458 -32.96466575755359 0.7414178848138675 -0.4701227781380378 -0.03473218505534309 0.07109744366325714 -0.03127476563118801 -0.0149639855653464 -0.008163456611898724 -0.001939870036318314
-17.54689723685317 24.26914063821134 -33.26193728308775 0.7903772330034726 -0.4750898970839772 -0.01049111844441255 0.06311124223962877 -0.02592473027243804 -0.02312136162544459 -0.006018285845881241 -0.005294271185688146
-17.85931454732812 23.57283364825997 -33.13172775425006 0.7831155529334768 -0.4390644218595575 -0.03725140936129137 0.05185644862305863 -0.02782710824120637 -0.01809895575924476 -0.01378869236700314 -0.00146695110951855
-18.23584737491982 22.89587137857557 -33.04870460021861 0.781218761266992 -0.4013880719709829 -0.04906236181829863 0.04922770242544805 -0.02970642234516526 -0.01954817868424367 -0.01977163729488871 -0.0004791038636758896
-18.60002916891782 23.52866768392447 -33.36947279943943 0.8321527512349347 -0.4137318752549898 -0.02081640066737777 0.03633208523233702 -0.01926377935109811 -0.01964716194769692 -0.01273119901877006 -0.002780753028954734
-18.90820383678738 22.69047062936958 -33.21667068787775 0.819377182105587 -0.3715203867977441 -0.02603499546834867 0.04458579431026148 -0.02215784909310193 -0.01763686406282776 -0.0116849064385852 -0.002789312211402716
-19.37744892337734 23.20032193210825 -33.54562174260582 0.87355880511239 -0.3759394964270313 -0.009624374473747185 0.03438949890411999 -0.01465283798974026 -0.01057908911463717 -0.004062085056484896 -0.002584888633487868
-19.61474665455908 22.37366432715565 -33.37900330939145 0.8564826107738805 -0.3358303735423406 -0.01569109746508963 0.03845979187346581 -0.01674315249023741 -0.006413655167963324 -0.003218983191429618 -0.001383499030549116
-20.07690226912463 22.79749654172409 -33.67774992172117 0.9071562867837792 -0.3371676646533933 -0.004706362463612408 0.0354793830360401 -0.01286111315499191 -0.002107974107060138 -0.0005066903760948704 -0.0006263977017637454
-20.48290142598279 22.04083453798235 -33.60185194263722 0.9054356621102605 -0.2935238127998696 -0.008262601669682634 0.022796082337425 -0.009616969008868076 -0.001010604569281387 -0.0004645735891100958 -0.000232946033781301
-19.7420871660381 21.67732541812283 -33.2329350944183 0.8369576029506666 -0.3044167006205649 -0.02580899329604406 0.03844838546753571 -0.01893281892517521 -0.0004843370973760728 -0.000361616369612269 -7.412064080710549e-05
-20.16333748992145 21.11688407498312 -33.23448159682425 0.8439770088775337 -0.2680247395927743 -0.02890941633652214 0.03553141534938118 -0.01879660434744079 -0.003021771196221826 -0.002640972526241531 -0.0003447351474303532
-20.86541883503693 21.14608648357238 -33.4852750090178 0.8961124231104928 -0.2447345266825228 -0.02139016299694509 0.02421495855408444 -0.01422349516008551 -0.00257530237724455 -0.002417437688886647 -0.0002426981405722207
-20.57743489260734 20.48070332781729 -33.21103528773937 0.847141659842279 -0.2285057266789537 -0.03361550209860029 0.03636860367960529 -0.01995437170960425 -0.001110963759687645 -0.001080124705851842 -9.707260066197335e-05
-21.159556174274 20.55868585806288 -33.42863700491289 0.8928690607119609 -0.210975657626562 -0.0257344105065559 0.02771480654916854 -0.01635179652954887 -0.001600312558232013 -0.001570637699450418 -0.0001435206023093126
-21.00631948228989 19.93470536385325 -33.21852236647495 0.8551086627445654 -0.1916618204151357 -0.03635625128806579 0.03656492874952954 -0.02064596913760212 -0.002835083981492329 -0.002939037660570464 -0.0002127619666464342
-21.77257843160229 20.22382158424216 -33.55753506983981 0.9240169088728787 -0.175648753286826 -0.019099152663833 0.0203358363959809 -0.01229468654436491 -0.003510269919004863 -0.00347359934622094 -0.0002924325823701897
-21.41935345973989 19.36170558184555 -33.21131936692547 0.8604866756331718 -0.1539845324402346 -0.04009375992337519 0.03850569589128061 -0.02205563846246248 -0.003329803152593655 -0.003570682678950795 -0.0001807833935318075
-22.45740436434653 19.97856661801409 -33.73278870917994 0.9646097559196477 -0.1408882461843458 0.01373494506100431 -0.0109441992180548 0.008051381401213795 -0.003627755822638576 -0.004565925903869239 -1.780760108084204e-05
-22.33359158166331 20.65119559997022 -33.88124903584167 0.9849511227312945 -0.1728331155489675 -0.01125444028867923 0.01069145790650782 -0.007121569328295108 -0.002649594442218522 -0.002877567201169547 -0.0001327918218151249
-22.13190739726886 20.92545629284011 -33.88646656989599 0.9815399380533937 -0.19125728745891 -0.00790489634537018 0.01450321755003479 -0.007028791652455959 -0.005417190834294676 -0.003441023908366751 -0.001007795743561423
-21.54599014284496 21.02738214579695 -33.69869922442989 0.9415898148720517 -0.2161208825696304 -0.01165233854332097 0.01575256674487244 -0.008754037749700697 -0.001179524527666282 -0.0009614254415734615 -0.000160006086578051
-21.92757563002351 21.1998501821698 -33.89028212559624 0.9777649566724989 -0.2097038137546049 -0.006912850947319881 0.01360247101667218 -0.006507052463433013 -0.00126216504674317 -0.0007601309688657927 -0.0002481155089638761
-21.72099655986511 21.47315909724914 -33.89269172630758 0.9736374590095177 -0.2281010706101343 -0.00764597489576842 0.00934834199552749 -0.005555342754350468 -0.001985710566928544 -0.001759822928282397 -0.000228380767174664
-21.21985479849476 21.67407586818238 -33.76439013978665 0.9444061167688773 -0.253605510957555 -0.00954493347826002 0.01035099591184675 -0.006523105409476091 -0.004324497487430481 -0.004218538668206779 -0.0003662420755425356
-21.51215757508997 21.74421280115662 -33.89380972011658 0.9691696479541984 -0.2463943860649729 0.008927191042959208 -0.007656177931638387 0.00556620253552292 -0.004171586590735308 -0.004942468604725101 -0.0001077698139337545
-21.30069006311407 22.01203709404369 -33.89379946964267 0.9643717284276753 -0.2645508824582114 0.01091846972804167 -0.002143658809787656 0.004668800484147627 -0.002225359569539024 -0.007997727417928121 0.001532111359349231
-21.08599442779536 22.27597626246431 -33.89280701104471 0.9592494255833006 -0.2825606828950336 0.001638391232459856 0.01197070464238614 -0.002951594960649874 -0.007076367423856869 0.0003062625957306991 -0.002685896735188702
-20.86740967978771 22.53576136422749 -33.89091556788686 0.9538026872778603 -0.3004337426813635 0.0009831434441841271 0.01933865635641254 -0.005482529753339047 -0.003260025625039747 -0.0001564576321791001 -0.001136474124994024
-20.64439452611226 22.79150278195904 -33.88813283598332 0.9480261623765872 -0.3181923874788969 -0.0001227083525768244 0.03166089888484526 -0.00983676249400813 -0.006896900241607344 -0.0007469325333397276 -0.002318064318339049
-22.53183839112107 20.37818766157508 -33.87480459886905 0.9879908549017045 -0.1545123640056006 0.01292035151461272 -0.00838197029779305 0.007112898512757543 -0.00177226978544726 -0.002635930947242873 0.0001130416381508151
-22.72557255723366 20.10732718850623 -33.86749944604905 0.990657129081581 -0.136376143807632 -0.007595681442498198 0.01062094545147502 -0.005811320238371225 -0.006053439070077589 -0.004788165740946771 -0.0008388545355231554
-22.91360563494366 19.83918682670127 -33.85986928217507 0.992954650386389 -0.1184949884005412 0.01114835973359307 0.0112216004951778 0.0009218504574175646 0.007556351797914041 -0.007917842169525693 0.005000738955507758
-23.09485328135699 19.57394914001832 -33.85255712713388 0.9948947691700011 -0.1009177797921183 0.02480175477486738 0.01575736611091436 0.004888261833353389 0.004513519649771434 -0.008341462892867085 0.003988386433253387
-23.26856485247995 19.31136475625828 -33.8462213572883 0.9964942355781572 -0.0836614514546805 0.03485466630848096 0.02363573983416077 0.006918359681873162 0.00451059188272072 -0.007769749221567059 0.003820066817414012
-20.41668194209569 23.04360109320597 -33.88441400442716 0.9419115880395904 -0.3358609240693788 -0.007177761655409474 0.04713405935593684 -0.01814943172790262 -0.0007350737004555665 -0.000193931129145794 -0.00021293104869782
-19.88476934115048 23.34467718270731 -33.78317692765785 0.9159562360962494 -0.3652160784389179 -0.008431133021767527 0.03293210954271476 -0.0142727566063791 -0.004837114089432872 -0.001772179288420408 -0.001231664674941618
-20.18436952984996 23.2925906542319 -33.87971384752477 0.9354515560631689 -0.3534549281860356 -0.01302614728695865 0.03970424215847341 -0.01846518284088136 -0.004292794687116239 -0.001873461161162596 -0.001000032326209199
-19.94791667490116 23.53894965376723 -33.87405319951974 0.9286435291457908 -0.3709733087105467 -0.006642716017086232 0.02564557415695895 -0.01135316081707616 -0.00271604388042555 -0.001006829157557699 -0.0006851663392473601
-19.70803570045379 23.7829236796407 -33.86758070703793 0.9214926682676253 -0.3883957547772787 -0.004833911087240291 0.02258226269783065 -0.009725572568930042 -0.006961538485110489 -0.00228875265022852 -0.00185426157715411
-19.45311261774628 23.75779186296666 -33.76117556548422 0.9019991312089788 -0.3954706793782165 -0.008042420419788464 0.02315614086834285 -0.01108497386926689 -0.01146521092647023 -0.005186228520235908 -0.002515566752492322
-19.46548675617034 24.0244097320895 -33.86061101434895 0.9140121714348445 -0.4056867639804886 -0.008732792228343682 0.01931046836449549 -0.01017007281758872 -0.01163022204223242 -0.006384602033490926 -0.002136203281232001
-19.22081076578334 24.26293575071827 -33.85362550626863 0.9062203289731745 -0.4228057655185786 -0.01152662820323494 0.01461149809417775 -0.009543383722274083 -0.0135968504170055 -0.01138799836409814 -0.001013254541900869
-19.03819764146671 23.93226712379746 -33.66662773468935 0.8795173314427399 -0.415483325570436 -0.001881200451369284 0.02570262844128459 -0.009689583166731755 -0.01799079044104534 -0.003372152076935036 -0.005452132240751651
-18.97405670362206 24.4977469790167 -33.84723025798439 0.8981343097646887 -0.4397212317178992 0.02120888370188615 0.02225878139947803 -0.000326151888503411 0.008808585659312709 -0.008301211418907559 0.006271367955393216
-18.56640064180262 24.35122130283074 -33.64387974697861 0.8633933942929289 -0.4465815577611216 0.01972783437556089 0.03081720665785723 -0.00423620279008693 -0.01393605709424753 0.007839474754109481 -0.007869668726729038
-18.72457029905542 24.72798236097969 -33.84207595639376 0.8897616239284234 -0.4564255170170209 0.02670599325891494 0.02822392212720276 -0.001078774948705605 0.006681409346719899 -0.006142564830536889 0.004696439735891444
-18.47091026512465 24.95289809051486 -33.83875392610348 0.8810912115671542 -0.4729463784607348 0.03542928051680153 0.03750097406977132 -0.00218748134786896 0.004157373462893501 -0.003758847297361477 0.002894797528466516
-17.98304017167783 24.73217648442439 -33.58398501884111 0.8388135263205114 -0.4792520359155119 0.02705570694480357 0.04631875034244663 -0.009084786586522441 -0.0120710555491164 0.005805299152711655 -0.00635091851461489
-18.2109388468761 25.17208008993699 -33.83768879155944 0.8720868942260188 -0.4893510487566328 0.03766901204302178 0.04883145478644101 -0.007528106912164993 -0.001498585485572575 0.00101652973228315 -0.0009048236325478037
-17.63794086225964 25.3305604956613 -33.71883312787626 0.8403862723062469 -0.5127292415088494 0.02945207702533798 0.04684359707293131 -0.01100119636321746 -0.006125715966903196 0.003086459813117841 -0.003257298337560848
-17.94210050302877 25.38558653916103 -33.83905023897738 0.8626862076729338 -0.5057395644903528 0.03494880428594608 0.04575326569385409 -0.008371131122131645 -0.0003053666168344743 0.0001998982814893859 -0.0001823169318714706
-17.66186151280643 25.5939763224407 -33.84270333880813 0.8528069572802139 -0.522226285832553 0.03113500754572417 0.04491180937505405 -0.01046227029543223 -0.01205456693122037 0.006805035921879853 -0.006661322474200226
-17.36824110501831 25.79820677711357 -33.84820950588176 0.8423618943791378 -0.5389122738424045 0.03097754991380407 0.04809256172021046 -0.01299016556815666 -0.01909884283986593 0.009558826990695454 -0.01015590445347439
-16.98354496546073 25.6615659803225 -33.66627331667492 0.811678680178445 -0.5450128478481352 0.02229277329733299 0.05211706162795987 -0.01797974181109052 -0.01737467372249304 0.004802330274007687 -0.007622262933600928
-17.0603340552194 25.99941688207235 -33.85488011433929 0.8312792433597571 -0.5558550346621229 0.02648935765737164 0.05086664122924146 -0.01730826490746021 -0.02945776029872968 0.01063844145435633 -0.01381856384333768
-16.73871145188317 26.19864140282519 -33.86187422557708 0.8195245370796258 -0.5730440935254675 0.02164860931282506 0.05024849940609671 -0.01941549548590175 -0.03290378281151627 0.008608850822986505 -0.01440804349998072
-16.29466574091336 26.0666695529547 -33.65350447803498 0.7848699335896122 -0.5807026702564234 0.0142058437845224 0.05769566227898699 -0.02588854801435346 -0.02485543136267815 0.002060944212391816 -0.009045885221190993
-16.40559784989596 26.39651936667816 -33.86832303831695 0.8071183827725725 -0.5903896308291556 0.01956244801444383 0.05418519130645016 -0.02379743805830501 -0.04020599902133469 0.007368767929360085 -0.01627274603382289
-16.06475790178703 26.59306320036577 -33.87345852847471 0.7941453998785905 -0.6077278040798145 0.01487036026082626 0.0518058995932368 -0.02490366763261918 -0.03560548033460659 0.003641477746700191 -0.0136853853956998
-15.61150539044288 26.50094753021564 -33.66632000008334 0.7599820428203451 -0.6166382877209901 0.006129242759002785 0.05946315816728691 -0.03246954663401757 -0.01514829088003627 -0.0009651124105729479 -0.004626987429182093
-15.72107867544588 26.78754101035319 -33.87672317013667 0.7807511860396674 -0.6248420484391658 0.01182767049189431 0.0523925202453223 -0.02779927753587983 -0.03175048259313422 0.001156347912577441 -0.01132944063900112
-15.37989472681154 26.97849827662878 -33.87784175123856 0.7671263872395334 -0.6414959906350323 0.004204554239839532 0.04609111674733746 -0.02720194839657477 -0.01792614996874548 -0.001535179179751518 -0.005372026684511227
-14.95388154115545 26.91443942446593 -33.68333502987478 0.735619551889215 -0.650240350895859 -0.01140455582330395 0.05481022324104191 -0.03792369684090344 -0.005996806053623973 -0.001906969893237123 -0.0009527166170999848
-15.04615967970142 27.16391434757929 -33.8768440416157 0.753479572204381 -0.657471318211451 -0.001834937018722096 0.04460661480604344 -0.02930644592635182 -0.0078206172329802 -0.001530621619420279 -0.00184005624758281
-14.72360653734834 27.34146035628004 -33.87403669301558 0.7400031873774316 -0.6726033620725084 -0.01502524599065972 0.04137336431915894 -0.03234002885836117 -0.00759004399067657 -0.003274172527904884 -0.0006623758715480575
-14.41766647737288 27.28364099948138 -33.72331302867616 0.7169461973986373 -0.6781968546985297 -0.04150465533663433 0.0464508758052792 -0.0441128672434016 -0.0188882977761582 -0.01445515561235368 0.002550223053491611
-14.41405182530016 27.50880554654129 -33.86993223328317 0.7268387119586645 -0.6868081877775408 -0.04056798836801131 0.0417715426886735 -0.04220191440359618 -0.01591774112932128 -0.01280782414994922 0.002624245021009194
-14.1169799826374 27.66391336828643 -33.8651504473333 0.7140474929398922 -0.7000972631186718 0.06368477153479156 -0.02933225216190792 0.0409555162888863 -0.01337221342072619 -0.0186144217085494 0.007461838426221617
-13.90502891079925 27.44524270286841 -33.65282740704519 0.691156279505603 -0.697506339646589 0.06701748581202233 -0.03210658188809366 0.04105775055197899 -0.02172908798000387 -0.03006539526582466 0.01195710343864244
-13.82949853566414 27.80527573202541 -33.86031146804157 0.7015926814732275 -0.7125782127620843 0.0819178705342356 -0.01594796279485706 0.03633841302663648 -0.009548052959259434 -0.02270350299375557 0.01156026117060684
-13.54668829107068 27.93205097209658 -33.85593985580071 0.6893360120567629 -0.7244417592061342 0.08788434341129917 0.006487791092343606 0.02104552955305295 -0.002343796618186911 -0.03158417913477076 0.01952407906357123
-13.26230043501345 28.04409249223878 -33.85239509160235 0.6770518316527783 -0.7359353349687853 0.08876385750427074 0.06022831059081139 -0.01752385603831202 0.02492950877660314 -0.02931326904828006 0.02552809672985241
-12.85323184182528 27.95862564787718 -33.69729776019043 0.6504771462743435 -0.7439963977219655 0.07142976760642104 0.07738689125433759 -0.03666046340175209 -0.038909986724456 0.02429554439513778 -0.02452709468976294
-12.9696867400378 28.14187629472949 -33.8498375358954 0.6644589597390723 -0.7473247559277489 0.08291727013627141 0.08179317942909829 -0.03866282974568365 -0.03643018447326075 0.02498198699025069 -0.02527842139655332
-12.66280512415972 28.22634963675108 -33.84823148998842 0.6512666321826879 -0.7588489795772404 0.08305523169038716 0.07374024540270024 -0.03740505605768586 0.02513275421613849 -0.01903789765989149 0.01827420009725109
-12.30418955849419 28.08479043358716 -33.68247056709288 0.6262637801766123 -0.7638143299131412 0.06746096755320603 0.08357471484006612 -0.04911547619762715 -0.03304088569530042 0.01652739126932231 -0.01725928711400736
-12.33712776668787 28.29873121787035 -33.8473799042848 0.6372246986022817 -0.770678067347989 0.07405441419396804 0.07152326660890201 -0.04226670120630324 -0.01868396659972625 0.01225962420198489 -0.0119900966144787
-11.99029714779924 28.3602934164199 -33.84697995460383 0.6221657252985943 -0.7828855665189354 0.06342684249538182 0.05992075780857158 -0.03785293915707902 -0.01967334860528662 0.01295507706662312 -0.0124571660363543
-11.6391867780641 28.20083174612532 -33.67944623693805 0.5972284931067673 -0.7869872423641537 0.03585850793546614 0.07597085867335382 -0.05462575279639387 -0.0485257280929644 0.01234051228584103 -0.01469162162511015
-11.62242275194406 28.41215308220933 -33.84668615625867 0.6060301662776926 -0.7954416619472683 0.03832629652030128 0.05367370668756143 -0.03900794475450988 -0.03495570370815369 0.01415111572443312 -0.01487337603533841
-11.23597756957055 28.45509284993555 -33.84616798644013 0.5888715160528837 -0.8082266622560643 -0.002047374284852656 0.04697125009324209 -0.03738669787005472 -0.04196306941022671 -0.002759698515693076 -0.00116919606247427
-10.82442662881598 28.26192791255826 -33.66282735643593 0.5597482920579109 -0.8127578084052863 -0.02387837528118365 0.0752540908621747 -0.05926690810782001 -0.03875144889880739 -0.008718532619578829 0.004542440328875412
-10.83532720582166 28.48943000119422 -33.84515184803243 0.5708425719238122 -0.8210595338216392 -0.0230640518652286 0.04662883649394324 -0.03867008914235569 -0.02802213664364741 -0.009212129633590865 0.005605188177352232
-10.42598913625644 28.51494726590709 -33.84344163416613 0.5521663302350281 -0.8337339766105144 -0.03508175179301364 0.05913522745610961 -0.04796794708008406 -0.01999946336234213 -0.007695582407452748 0.00513960276823193
-10.0137651834759 28.5308972339248 -33.84091706766709 0.5330968652686621 -0.8460542135352355 -0.04813964179445355 0.0645349496972092 -0.05019243922201303 -0.01763174434613337 -0.008517917639037991 0.005958715601587761
-10.10687021168944 28.05399222701943 -33.48525084843708 0.5157768604622781 -0.8260907230738223 -0.02980706393975514 0.1146116662449063 -0.08034915965034001 -0.03721058992068268 -0.006671383327203178 0.004287786894247824
-9.603905750429202 28.53608680646494 -33.83751337128069 0.5138769717170505 -0.8578638924321935 -0.04250014851155277 0.04982056453648558 -0.03658442955897395 -0.01762528140244568 -0.009809794350124031 0.007116349435821196
-9.218440262081018 28.18453694822504 -33.58490943412833 0.4801752787971007 -0.8566006672819242 -0.02678056601708032 0.07116123128755789 -0.04830149083091174 -0.0307874632820452 -0.007554312364768435 0.005940427895278829
-9.200449934810823 28.52903954328799 -33.83318912262535 0.4947000772397229 -0.8690637684192181 -0.04401213808437308 0.04381627095195183 -0.03096677301542654 -0.01917793170464899 -0.01264849749131768 0.009360090087482991
-8.805843320358248 28.50822050066134 -33.82789071725205 0.4756834430538354 -0.8796165425936739 0.04460053841982176 -0.03238959455757615 0.02108171436502961 -0.0218541530054903 -0.02024798955832147 0.01512603827338295
-8.410367987725092 28.17588839486326 -33.61441872258754 0.443404374757314 -0.8800311958296823 0.004813702890220151 0.05328897480512187 -0.03641027657738999 -0.04806240023110261 0.004418496758018017 0.0001125794115418488
-8.420876009780054 28.47229241447675 -33.82152172351086 0.456857894371393 -0.8895396923974428 0.05386298245853178 -0.01609149270875441 0.007899582438890825 -0.01325026050540355 -0.0326941779112358 0.02374814430349791
-8.044918699548584 28.42035870785891 -33.81392408725738 0.4381761830852254 -0.8988891102782718 0.05949352075277428 0.01326288398603803 -0.01462047638365713 0.01181137744902241 -0.0306727397911325 0.02023815313769747
-7.636036938121415 28.13534644910173 -33.65687965531647 0.4083252220279318 -0.9019500335307594 0.05185077454245576 0.02645223639737513 -0.02424859025606869 0.01698872066294051 -0.02155934904632143 0.01280838696321077
-7.676379309011727 28.35214112530862 -33.8048758651325 0.4195377695906966 -0.9077378806058847 0.05612324759039884 0.02096009128621135 -0.02149950631297799 0.01984452940519954 -0.03225295371604543 0.02035928530695981
-7.31326633379101 28.268044552157 -33.79410752648229 0.4008230867050183 -0.9161554743406062 0.04883552131770022 0.006977899554873595 -0.01173378430285971 0.003490367005929755 -0.01169960851208312 0.007569186291789456
-6.953734936500076 28.16907952867217 -33.78133665325103 0.3819272941913059 -0.9241923728054174 0.05438160104795031 0.01449237341699442 -0.01872368561933869 0.001391090373281363 -0.002896463634457077 0.001798422052512751
-7.107047258633512 27.76518866468386 -33.46944136216752 0.3698741215413698 -0.9063798005697553 0.06201594590017911 0.05875529212345036 -0.04843485751081049 -0.02238554817473861 0.01675598849897848 -0.008336102679473578
-6.596509065622927 28.05664237773169 -33.76631846416011 0.3627842076858613 -0.9318731773442895 0.07105208857175642 0.0230291611550719 -0.02995125970187724 0.004864302395310337 -0.008339205775388254 0.005127461497555944
-6.347719591856716 27.61481246845976 -33.48946577039408 0.3327466286941949 -0.925407170062014 0.06064043369945912 0.05643745288642874 -0.05229131143422093 -0.03224863695748523 0.02447437097062469 -0.01098270739415537
-6.241111456877368 27.93218750735667 -33.74890730455265 0.3433752801519236 -0.9391982841661222 0.05645418969183206 0.02773937965270318 -0.0330494351986691 0.0172658659860099 -0.02103331642077287 0.01183921364055432
-5.887884037713242 27.7968589810652 -33.72912236375085 0.3237238245750751 -0.9461516186122 0.02566663010124725 0.03105366418696662 -0.02874468001545881 -0.03376534569063054 0.02100130851687987 -0.007461382620949104
-5.584553526437016 27.27927618814478 -33.42460472489841 0.2882573329908448 -0.9393251932433193 0.01191643352821898 0.06852400730605827 -0.05049391898675944 -0.05683981944106183 0.0134644152567442 0.004858164393298224
-5.537831008878626 27.65116762866296 -33.70720877237632 0.3038785894293501 -0.9527107655980531 -0.0289818226876679 0.04285757459154616 -0.0239409950754242 -0.02622892396658084 -0.0099929377815233 0.0138627883378224
-5.192355393173289 27.49479990476003 -33.68368359332784 0.2838926571443697 -0.9588560680412413 -0.04062237929013215 0.05148024861076181 -0.02494252991460822 -0.01166963402491564 -0.005754883479355326 0.007127804112198415
-4.791408390652631 27.06604407207155 -33.5006245382823 0.2495959671570706 -0.9586784969029472 -0.04777656825345719 0.07692515003719319 -0.03569745551760197 -0.02035104816242428 -0.007564121165769033 0.01093725253870404
-4.852977089771857 27.32662180328653 -33.65935558500641 0.2638038783105078 -0.964576339015391 -0.04033162029441985 0.05835230441572262 -0.02810782404204433 -0.009613778093465879 -0.004034716731995587 0.005418570589314962
-4.521115065284471 27.14489912627946 -33.63530813320287 0.2436224884160147 -0.9698701372544618 -0.04453673502506823 0.08539851817547676 -0.04220769522152208 -0.02494093787951604 -0.006965347734484393 0.012224253511282
-4.197988813460393 26.94770392816103 -33.61283772076565 0.2233302627701958 -0.9747428346651209 -0.05900790216778794 0.0998039492347903 -0.04105319464165628 -0.01121963171046497 -0.00413637804173915 0.006070661940233309
-4.19415050973301 26.54178369508037 -33.37618794819989 0.2047259693145072 -0.9635679733088534 -0.06210677272582587 0.1271228085566592 -0.04755174159532318 -0.01886316830953103 -0.005581693673766361 0.009715100126266744
-3.884654275122967 26.73342764819112 -33.5933458562867 0.2028931264877947 -0.9792008880837515 -0.06522474498560965 0.1136576469436204 -0.04112610999191337 -0.008388323271822694 -0.003109590249577443 0.004709843347055658
-3.582146316369803 26.50128862418177 -33.57819038188322 0.182285057986199 -0.9832457259683196 -0.05513715441605136 0.1268312130830962 -0.04280092890155124 -0.008995999017744867 -0.002392922365635258 0.004497952391726614
-3.550025727271118 26.13836506832077 -33.41748725432647 0.1648166481937952 -0.9751773982086989 -0.04210333617718886 0.1348386143307048 -0.04250156584740813 -0.009025207330457008 -0.00152476742967398 0.004103232608778476
-3.291665667866203 26.25171469233397 -33.56851160605979 0.1615162981928204 -0.9868700448478958 -0.03753647520974044 0.138395076966177 -0.04800611748172565 -0.01627851901788233 -0.001930859728887284 0.007161936078389602
-3.014732237174989 25.98650391664923 -33.56505751370916 0.1406557761617102 -0.9900585602035603 -0.03816837510894772 0.1272566960529765 -0.03405765016603022 -0.007412735577833406 -0.001313910589567603 0.003398007525963306
-3.2418053093289 25.53624049653912 -33.31343770968908 0.1272203526533483 -0.9718050560277967 -0.02344132313790045 0.08931612518975278 -0.02036699358111544 -0.02209373222746739 -0.003532448958701115 0.009937729014272255
-2.753231911490285 25.7087145291825 -33.56803886020555 0.1198385056122807 -0.9927933987354144 -0.03811241941686741 0.1015712220551341 -0.01907716248646959 -0.007795343101703384 -0.002197321409043339 0.003874515671735039
-2.509310394106944 25.42229799365564 -33.57704617857429 0.09925347807687888 -0.9950621825241088 -0.0483196725259093 0.06917780177223717 -0.0006583962137074468 -0.004293765534496382 -0.002973561581258217 0.002686666276708058
-2.66320587708948 24.89577282768098 -33.35795477264396 0.07911424566077942 -0.9783512055364725 0.05933952458487501 -0.03688416238944976 -0.01524850100663602 -0.001991759984687261 -0.004035084517354786 0.002009418630815841
-2.285108051341146 25.13154970158591 -33.59105489472881 0.07911389961098576 -0.9968655831597071 0.06609078179427616 -0.05499386616098448 -0.01447990832116972 -0.001725992245624449 -0.002453438872154846 0.001440058294759817
-2.082374176089914 24.84049634873265 -33.60853199912727 0.0596170603114223 -0.9982213212107947 0.07979087442805535 -0.052405096307507 -0.0242430127103018 -0.008251357230671144 -0.01636359145199912 0.008214844405067565
-2.223705118544029 24.32939903658779 -33.40474586262184 0.03892905373466374 -0.9827015594782974 0.0924413226081609 -0.04132393245989568 -0.0351401195820078 -0.008529058613635825 -0.02948877098601914 0.01224112287667935
-1.902036033592164 24.55235359198127 -33.62763852450512 0.04090421437938924 -0.999163072399098 0.09787869618554365 -0.05371362383369471 -0.03820526915484658 -0.01188672642088364 -0.0315606801773391 0.01391905438057444
-1.743819024847435 24.26916965154793 -33.64650021562728 0.02303130452258064 -0.9997347443257076 0.1141877361115816 -0.05579534485828275 -0.0501721977333495 -0.01279451136138196 -0.04207835403744645 0.01767512741401531
-1.911597931542113 23.82985139962128 -33.43620427826113 0.00570178698739153 -0.9846904679932934 0.1273617169027426 -0.05366572735555165 -0.0598086092839606 -0.0117555414827887 -0.0511198340684423 0.02083608273337468
-1.606012166982079 23.99172306717351 -33.66349879622988 0.00595897564519779 -0.9999822451470126 0.169197963971406 -0.06679840956507163 -0.09158138907026175 -0.007436409467285647 -0.03845208743968236 0.01430763343521849
-1.539860009422229 23.39541257354119 -33.55712492957893 -0.02541036223795337 -0.9915238492529257 0.102792493283415 -0.050591226588246 -0.0582645057495934 -0.02054388781555886 -0.08488132494773594 0.03745836105819216
-1.485449708781047 23.71967908635919 -33.67752279830674 -0.01043493831765618 -0.999945554549 0.142393578563113 -0.05464705580069367 -0.08675799936683293 -0.005679421492385996 -0.03535631231379156 0.01294872207344713
-1.377738609060803 23.45194514922912 -33.68811538592926 -0.02632487182110172 -0.9996534405100613 0.06816952507440165 -0.033945222654506 -0.04078047404707451 -0.009277959562523442 -0.03797888227221415 0.01610396968668798
-1.277713134456313 23.18711983963185 -33.69546886630905 -0.04190016937674874 -0.9991218022874888 0.0510328852318263 -0.03759785599283363 -0.02766526462030628 -0.05731739414213598 -0.132642357002977 0.07453376168292544
-1.180051880712742 22.92391194540653 -33.70024170854953 -0.05733350479784034 -0.9983550817357499 0.07101296505498263 -0.04347980454647159 -0.0433621753782613 -0.05508468302475236 -0.1878139422626522 0.09811285510628992
-1.52775229045926 22.77805163017401 -33.36935334212864 -0.05771518177265973 -0.9790778848209647 0.116398101971301 -0.04146497499270245 -0.07392340352375841 -0.0100734259254464 -0.1246865618280072 0.05407756298408409
-1.079959862129519 22.66142342893037 -33.70321004527139 -0.07276180274194569 -0.9973493470503412 0.1257792358360961 -0.0549702409846264 -0.09171799234922869 -0.01448277031845537 -0.1483393128015101 0.06904442439860202
-1.165743941677658 22.22250294622278 -33.43958627803092 -0.094604819686726 -0.9820388892853338 0.1179257920475777 -0.03101559649096363 -0.09532124717183767 0.007383157495214366 -0.1112105310572624 0.04531965097419857
-0.9738050505134765 22.39923480706381 -33.70480494558256 -0.0882783787564619 -0.9960958426999535 0.1282168667707464 -0.04194133954443222 -0.110485318895906 0.002382348899847534 -0.1383850941627076 0.05529706204147918
-0.8596081071079684 22.13729308640018 -33.70462127330197 -0.1039314477050506 -0.9945844630688397 -0.1061616436159866 0.02002246067500115 0.1010780591741536 -0.01805292193684257 0.1232690348342553 -0.04337912008921641
-0.8257747565850568 21.71646526548395 -33.51166625444458 -0.1275257866751402 -0.9838065229977578 -0.0825919623183457 0.008797158148884722 0.08309505367982248 -0.02136374219971325 0.09169010017906186 -0.03094150119460337
-0.7373116724975954 21.87566140132338 -33.70100431159572 -0.119726767300329 -0.9928068801090233 -0.08991906354508439 0.01051917144273426 0.09508075441852543 -0.02100489508733159 0.09565291974090742 -0.03044706550313467
-0.6087966194391772 21.61423104228934 -33.69082051916496 -0.1356370061442403 -0.9907585995408907 -0.05195407909517667 -0.001516658317294373 0.05883461256910345 -0.0300641306651865 0.09400725793355129 -0.02412486920363002
-0.4776569875463661 21.35250802563398 -33.66949631071861 -0.1516225872095249 -0.9884384609311244 -0.04807481001744545 -7.109475092975685e-05 0.05405287683445389 -0.03241594196951261 0.09835905082450461 -0.02870147770769385
-0.7112706397338826 21.15487063404877 -33.27576027497093 -0.1612764048155368 -0.9728549671186862 -0.06806974138095644 0.0002076940078783214 0.07085945413670332 -0.02422589666001431 0.07177994833060918 -0.02348252333856389
-0.3487834363294962 21.08956439059412 -33.6313646551213 -0.1676654035736202 -0.985843959480655 -0.04982714056341736 -0.0004353915333367339 0.05670231988601033 -0.02680518987556165 0.07235065403317512 -0.02299950168146538
-0.326689757624532 20.67355661243641 -33.33909629829897 -0.1926025261737621 -0.9752482851016193 -0.05151350388756801 -0.007272628521726235 0.06302013576617226 -0.01913054915131744 0.04167771872675535 -0.0108278892745785
-0.2278313944485149 20.8241953053378 -33.57030199833747 -0.1838077418063278 -0.9829622139492739 -0.0465585147327727 -0.001531184332837001 0.05500948285760618 -0.01886091007927999 0.04697052980589933 -0.01465593527833605
-0.1206589317897677 20.55526061491892 -33.48057741687534 -0.2001772877062976 -0.9797596917033026 -0.04225827260400684 -0.01228554110541876 0.0584306252086221 -0.02161568514044214 0.03986636551856782 -0.007250677900031329
-0.03281169461629752 20.28213098865397 -33.35778453933379 -0.2169743386233322 -0.9761773078590628 -0.04256676048233239 -0.01480368429341396 0.05917071751931639 -0.02298847131148842 0.03984235515926835 -0.006569653389116227
-0.2658313552134217 20.15356612749439 -33.00214522968938 -0.2255427066750153 -0.9650294836833605 -0.05233924371255242 -0.01592596603289053 0.0664483706949838 -0.01948915075951367 0.03501633533759378 -0.006958461725005759
0.0308880148002757 20.00512061559213 -33.19969685519783 -0.2344116716968299 -0.9721374224729229 -0.04540240537428688 -0.01902493618572064 0.06458540549299616 -0.02615057820743127 0.04165946486162761 -0.006111759909363058
0.06661889487164885 19.72578110007167 -33.00688564569123 -0.2526287480897499 -0.9675632876657763 -0.04244023340624863 -0.02003811820378695 0.05918413151861384 -0.0290833549859993 0.04405643384436992 -0.00593903020645394
-0.2701754695055616 19.52306819051527 -32.51490010919488 -0.2683409846949572 -0.9521876805917643 0.05754406590209852 0.01922376831362876 -0.0675484592406549 0.01803442437462898 -0.03057410114768824 0.006662249189965223
0.07170362135981811 19.44695746304546 -32.78296976080985 -0.2716224614993591 -0.9624038852836314 0.03587201025192868 0.01422251837217882 -0.04624220040452849 0.02401637229633295 -0.03723450976780801 0.007178444171613491
0.04463751619036493 19.17256112011466 -32.53442399082254 -0.2912257285224217 -0.9566543655085598 0.05860075572130852 0.0186587136250436 -0.0706013776578452 0.01026750807189555 -0.01720885919773538 0.003974264612275501
-0.0149638469360589 18.90708055932875 -32.26994739964761 -0.3111380186788262 -0.9503647369997554 0.06968288839280291 0.02233123638603543 -0.07728427896381911 0.01485325477948025 -0.02486570535344987 0.006207417049715677
-0.4728506977740761 18.94059899179739 -31.91574315211752 -0.3119916659822728 -0.9356026544958123 0.07316368567650511 0.03216801040822168 -0.07914538145917797 0.01545063171095841 -0.02366008152115854 0.00466644302627432
-0.1064634800483262 18.65491395580057 -31.99947156883151 -0.3309923043298338 -0.9436334534523598 0.07555950492333922 0.02972965464189578 -0.08345540635617879 0.0158993091132358 -0.02473944680472726 0.005582007637647192
-0.2283205759456504 18.41965188539317 -31.73295573296211 -0.3504362240037945 -0.9365865965867559 0.07830615157033902 0.04170981315593492 -0.08538975439266135 0.01906581751103525 -0.02630234867979586 0.004636443208566471
-0.7289328884420918 18.43464419846331 -31.4006616914929 -0.3531493518857195 -0.9205823040051468 0.08322315269044407 0.0564846215955672 -0.08771120640818296 0.01821071236201112 -0.02280628823847395 0.00259201011667493
-0.3782116453864752 18.20345202640611 -31.47915800904922 -0.3692056385957097 -0.9293477263269837 0.09078225193286729 0.05371999380732872 -0.09547964282127074 0.02222422220664605 -0.02923769852008453 0.004680745997058939
-0.5531540693819963 18.00663044072528 -31.2445811310374 -0.3871720010562487 -0.9220075062590869 0.09134999910710853 0.07495051449640104 -0.09699973597214963 -0.0315969187351102 0.03470771009840113 -0.002938335517268134
-1.076148913795915 17.96686657978863 -30.94108346979515 -0.3943993255948982 -0.9052265243247698 0.08460906845829205 0.08605081295068912 -0.08576511590627886 -0.02695806907330617 0.02655198312296588 4.573679422004287e-05
-0.7496409829722328 17.82754923033853 -31.03276410319663 -0.4043511667662344 -0.9146038125520717 0.09000286616917236 0.08522121613018718 -0.0930033811001143 -0.0344073657125986 0.03483268946271941 -0.001379276461235228
-0.9637998233399419 17.66282076874017 -30.84403341271198 -0.4208725312453211 -0.9071197894672763 0.08646987514782145 0.09550667177146074 -0.0859125290758416 -0.04043809185865779 0.0369640844176092 0.000391560159301068
-1.191584033779337 17.50778765160133 -30.67574851857383 -0.4369232955450614 -0.899498768098124 0.08276607508456166 0.1072873130969576 -0.08183268446963589 -0.0366581263221667 0.02996266372418356 0.002206507701974984
-1.643985204331305 17.6928147103112 -30.56370642899465 -0.4195364751186474 -0.8849947786878009 0.05514438880114267 0.08909257512927161 -0.05723373147492448 -0.004211975833311686 0.002974410330096291 0.0005718837822162477
-1.428997485053269 17.35718912152919 -30.52299132233861 -0.4526940711273464 -0.8916659004168261 0.05843811726565592 0.1115271925815758 -0.06353673291174719 -0.02774496916839924 0.01704980249677294 0.004409305167290221
-1.672339014307418 17.20589702292853 -30.37957318262957 -0.4683467523379141 -0.8835447467867874 0.02620889054225814 0.08611528510795946 -0.03900227021990757 -0.02385445841967539 0.009848142133646849 0.005714453971523564
-2.037399817604726 17.27802475956949 -30.26283385692893 -0.4582874900912405 -0.8702443479778288 0.002636674269820821 0.07266401287574728 -0.02448083371436811 -0.001807262446823598 0.0002702014511021193 0.0006073632745951024
-1.918441685147458 17.04960133070155 -30.23917992112988 -0.4840057523226432 -0.8750648157242937 3.772087308100418e-05 0.07960504103094433 -0.02396883498302994 -0.01751859047868826 0.001840572138448574 0.00608531888082484
-2.164873351943715 16.88534334535486 -30.09645406442138 -0.4997578941201551 -0.8661651385645741 -0.02219663527499777 0.05038175940457307 -0.006569218562915937 -0.01245524648503931 -0.004676890183035081 0.006216052508261619
-2.522456184920868 17.08183216894777 -30.01603081435685 -0.470943281555209 -0.8510151597755078 0.05254694694654118 -0.04268751715013639 -0.006259376334548667 -0.005654254996593799 -0.007629227972021361 0.004562589153187836
-2.410064340321361 16.71182771485913 -29.94782837441981 -0.515647340306399 -0.8568009222887992 0.05837623294092176 -0.04994737298352529 -0.008092289731769854 -0.01438700827478726 -0.01867384311129527 0.01147389226305452
-2.653335159755912 16.52948337456971 -29.79197186842899 -0.5316648317851427 -0.8469548433316124 0.1029639799768257 -0.03017860140761455 -0.02957791199759502 -0.01057029881927279 -0.05928846189211733 0.0236961562260742
-3.115717943320343 16.83167020567294 -29.72348813324782 -0.4787050579464429 -0.8240601360439264 0.1059539532469463 -0.007283845871195222 -0.03199273189121762 0.00107757743570322 -0.03573941939975066 0.0117055965382892
-2.894810516866036 16.34028059851683 -29.62978096125754 -0.5477412863132234 -0.8366477653516655 0.09963364306314293 0.02316108177037123 -0.04202488947742948 0.06786921925641302 -0.1911342081928376 0.05556665514973791
-3.367746185937076 16.19943658238689 -29.42867365984657 -0.5360225488429393 -0.8103529681208251 0.0624143498248781 0.03024114485834868 -0.02748297266858927 0.04111846250386261 -0.07065588228726911 0.01563394676459254
-3.135224125281153 16.14734144464088 -29.46393074012882 -0.5637560164790291 -0.8259413743624283 0.09606584642198042 0.07222424434360263 -0.05538517091928975 0.1616373258423651 -0.1843328323673368 0.03998411412709204
-3.268424871762187 15.87465371201221 -29.3371427448234 -0.5786129555505981 -0.8156022607061617 0.027036274506152 0.0728675975824862 -0.03228916177022716 -0.07515689026643829 0.03095669748342977 0.00693043257132469
-3.398725010636982 15.60243226201365 -29.20787240425054 -0.593254524010382 -0.8050149500110015 0.02839387185001361 -0.006562519114449497 -0.004420095846901883 -0.002524479027915751 -0.01503130129914588 0.006100199863970539
-3.964017024915238 15.8907418337765 -29.1803971644222 -0.5218937221572156 -0.7722347550114294 0.1189577697061078 0.003321833420401333 -0.02427522263744522 0.003072672194595076 -0.03152136565061715 0.01074385637270264
-3.523481644418798 15.33092465891862 -29.07388655147847 -0.6076650477623727 -0.7941934208541099 0.08481564307316804 -0.001123211247085922 -0.01867679113749876 0.006257081923180222 -0.08956336541494683 0.03380114934034137
-4.063599287636842 15.14462488260144 -28.88265748602817 -0.578912357230613 -0.7562023021222484 0.1523687443149427 0.01166162074382695 -0.02999749754333774 0.01323107089085788 -0.08638285708924277 0.03362405607273947
-3.640527484751734 15.06001704024227 -28.93343871497241 -0.6218507831450639 -0.783135750366353 0.08250890877466545 -0.002610826604832044 -0.01609214671926149 0.006133447774279787 -0.1155281893831091 0.05019144850108533
-3.748316665637901 14.78922261794156 -28.78547934783152 -0.635836894423592 -0.7718234537054194 0.1818847026714531 0.009560967477024805 -0.04571942862431556 0.01315962350660158 -0.08096334781294341 0.03542140228398662
-3.845979863608544 14.51781957832378 -28.62981758168222 -0.6496548552889778 -0.7602292871229425 0.2080138319264017 0.03592295871778778 -0.04973256983219994 0.03184000737460288 -0.1135232155407919 0.0511751587694108
-4.501838695608342 14.60121167786899 -28.59856730665876 -0.5851781849118799 -0.7174770452030318 0.1627160505810508 0.03596779527357376 -0.02476294491664783 0.02754068794724477 -0.0953119609309034 0.04252930653927195
-3.933286862038353 14.24511263369075 -28.46720804360445 -0.6633244484393158 -0.7483319290947551 0.1288531196306127 0.04278792804700935 -0.03327826431747 0.0698853241814982 -0.1496356774646636 0.07819943407304066
-4.435006845881452 13.88879570652268 -28.24355937592095 -0.6430782745294017 -0.704287870653148 0.1499283318484159 0.06439314262452812 -0.03233050376222307 0.04560888220993615 -0.08285403116781553 0.04648341369045957
-4.010531037868496 13.97075377229031 -28.29933554393558 -0.6768367921866796 -0.7361331107499821 0.09256770159257471 0.03945816958455945 -0.02537130026955764 0.06743454669942565 -0.1139435843373296 0.06882799476159926
-4.078363144165358 13.69503231329179 -28.12867596808663 -0.6901445417465489 -0.7236715494597298 0.1621513021399749 0.07304856564925173 -0.04694398985194868 0.03118450445945682 -0.04977952460313772 0.03025488754171106
-4.137608422559531 13.41904250481769 -27.95822572921646 -0.7031628414736688 -0.7110288449638846 0.1759644071325849 0.08747083219470862 -0.04113873497295423 0.04513196449501203 -0.06979325093640927 0.04464759636676586
-4.600886373932211 13.26448121150133 -27.91393529555117 -0.6689537685185475 -0.674133100280779 0.1588595991011517 0.09476131166349006 -0.02956108685592498 0.04235655482996815 -0.05901964693024189 0.03842775362439727
-4.18910075898533 13.1446582712209 -27.79111272786791 -0.715781310461892 -0.6983245059379318 0.178405242311251 0.1084356946340199 -0.04665088567023803 0.05219322786467152 -0.06565273378522998 0.04699687133652798
-4.233560824057673 12.87428691852208 -27.63012695516516 -0.7278845382925692 -0.6856997148275719 0.1476318138747724 0.105528263044336 -0.03344213272904805 0.05284211391608763 -0.05964615361732902 0.04505759695727064
-4.822186785274321 12.64343016113235 -27.63262898172601 -0.6845531898268193 -0.6378676586538979 0.1240108338564133 0.08373233955636847 -0.01082270136023044 0.03804539451090927 -0.05154968155476704 0.03711325336977574
-4.271533679980109 12.61042740962802 -27.47723267294154 -0.7393767931187852 -0.6732918815769139 0.1186302765195923 0.092486109447233 -0.02676814196328575 0.04798918924556766 -0.04947658162949305 0.04173148244747898
-4.303388098979287 12.35511145849188 -27.3331413859759 -0.7502059295904487 -0.6612042522604724 0.09098735751562236 0.07543605495030854 -0.0175010004294573 0.03605656518582901 -0.03632831937282902 0.0308683205320069
-4.760699965909014 12.08773480589718 -27.32004621217517 -0.7199412647621202 -0.6201753638930003 0.08901473618588991 0.05721760518173011 -0.001577377195082805 0.02634426927465243 -0.04014027630025516 0.0306189910759666
-4.32936768279264 12.10934383528166 -27.19702964862007 -0.7603817548473547 -0.6494763944095716 0.0525718921027395 0.03836333064964102 -0.005252433927538629 0.02963763051051097 -0.03642735876964156 0.03058229887755259
-4.57880766878459 11.70991571576625 -27.04922822598503 -0.7555839777909815 -0.6157711650235548 0.0782853485615517 0.04426579428333261 0.002072398394164295 0.01852501945928367 -0.03397532936164262 0.0259155454388637
-4.349675224612268 11.87267207357045 -27.06647481902986 -0.769985126932648 -0.6380618342312241 0.04124962188456717 0.02239807105292647 0.0009101945449022635 0.01241689979397431 -0.02359599433578451 0.01792181276927269
-4.364567867050546 11.6429993495971 -26.93765409261879 -0.7791653889364832 -0.6268183921068836 0.08523288214889757 0.04099958750574627 0.004490721767861476 0.0130009413626882 -0.02940689194061635 0.02172540216114387
-4.374441965056088 11.41670889760038 -26.80581085038721 -0.7881248897708943 -0.6155153597787919 0.096956574156664 0.05004676803430861 0.005997589273531388 0.02692537152187094 -0.05746594392058031 0.04424994318652253
-4.738004111159205 11.22733796323706 -26.83388683902307 -0.7622750216870485 -0.5834778653817368 0.1065530279975785 0.06649833437561135 0.005685218312762848 0.03248487590241132 -0.05601027520410905 0.04630044142270437
-4.379891965553577 11.18910345227224 -26.66594396123043 -0.7970905714464879 -0.603859769243747 0.1151941219087024 0.07114934637450537 0.0006982986514954951 0.04213528889685844 -0.06881631302244468 0.06085946967845492
-4.381735023229741 10.95509307711862 -26.51362882763672 -0.806275345365838 -0.5915404191221413 0.1039251740680506 0.07801793298579392 -0.00249744541817513 0.05488517624717556 -0.07086158791006175 0.07026254793485524
-4.926414257517299 10.62506880601942 -26.56905391496598 -0.7706147551111462 -0.5429368311859883 0.09823239404825125 0.07258480913503006 0.008246651790521271 0.03965477100620367 -0.06020202690194645 0.05752268349567052
-4.381000723381272 10.71000517972301 -26.34584381513433 -0.8158365697648481 -0.578282535992854 0.0602615091680668 0.05190524208042793 -0.003574485787194453 0.06462110551903878 -0.06936013942187087 0.08225253442467605
-4.622341597911422 10.18807616629169 -26.11603694696016 -0.8149228605520616 -0.5365417362492684 0.07750097388923016 0.07320976211302942 -0.003998302765459921 0.03290069558973603 -0.03255566375298052 0.04162855111624247
-4.378891291616686 10.45035676968938 -26.16166100954491 -0.8258422696945121 -0.5639011842387074 0.04622853640032136 0.04412279582875427 -0.004626210908144785 0.04212857399963468 -0.03870172689199238 0.05185970279430389
-4.376721023935749 10.17443016179312 -25.96267065810629 -0.8362546039546042 -0.5483413511351558 0.08225275912231217 0.07475216253838352 -0.005473636809704507 0.01929650294695576 -0.01938945415303821 0.02517283941386114
-4.37584410462293 9.882530738956309 -25.75304532650949 -0.8469352445295378 -0.5316960518695732 0.09168932307822511 0.09388100026025366 -0.007142958149218726 0.02452272865890206 -0.02162007958100392 0.03062564408538683
-4.693384786204916 9.556966951913907 -25.7394420244885 -0.8330223020404992 -0.4988402042562798 0.09489768113298928 0.1125147066780925 -0.007137358657946749 0.02181582733495859 -0.0167687772719177 0.02571502691416755
-4.377578591643411 9.576871578878587 -25.53920742316945 -0.8576715497881809 -0.5141979314271304 0.09934163134699353 0.1134432164552482 -0.01099609358979763 0.02365597045155167 -0.01796014888690936 0.02842515257393567
-4.383132164946783 9.26110909871889 -25.32913245043877 -0.8682174330513559 -0.4961839265289781 0.09382630867515335 0.1255031041628987 -0.01129326882892197 -0.02392329999441456 0.01541154143326196 -0.02748882052640954
-4.706223830528002 8.906489543686297 -25.356305876444 -0.8555191294093278 -0.463821503630819 0.09004749705872693 0.1398131908606199 -0.007518437391995201 -0.0223589827367512 0.0130609090536744 -0.02490983859073596
-4.393533292931735 8.939630033363066 -25.13138751705304 -0.8783395469663943 -0.4780372791267114 0.09971342546493996 0.1450415729751948 -0.01085106671061969 -0.02465723596015102 0.0148234634733095 -0.02844319449927859
-4.409570790055858 8.616742764826771 -24.95405625902153 -0.887858588629808 -0.4601164272184651 0.08459473016535718 0.1519238285789745 -0.01080854588066572 -0.02384333442418218 0.01140436609324445 -0.02631487025122441
-4.718468749577344 8.250909640359511 -25.03550625131606 -0.8769462371991947 -0.4299536325111681 0.0684463284383947 0.1522067660131856 -0.007831121976543062 -0.02196997230782661 0.008683000070020151 -0.02326008724669524
-4.431745417316881 8.295943808464912 -24.80372674573556 -0.8966770964092335 -0.4426851982787605 0.08144412144113758 0.1651190233977401 -0.00915051346307999 -0.02190553450993493 0.009471217519956776 -0.02406409503311365
-4.460238457778507 7.97940894684 -24.68471135499141 -0.9047881341792151 -0.4258619873251128 0.05991904893614652 0.1656843964510187 -0.01131720628994872 -0.02031919824903348 0.005887196370370535 -0.02139136202091152
-4.704986466579225 7.606518080482143 -24.77819145929745 -0.8990352355385091 -0.3991980591451983 0.03417780634487967 0.1411836234569523 -0.01192106703290029 -0.02570188582232775 0.004050068757048705 -0.02572174899424202
-4.494903191003232 7.667803328565316 -24.59862762344147 -0.9122629131036776 -0.4096051481312118 0.04919768116315885 0.1562291183169363 -0.00639605525887984 -0.01475246653465668 0.004013163391429524 -0.01544923591774521
-4.535284708644005 7.360428595645406 -24.54440314580586 -0.9192202310702093 -0.3937437831778823 0.02271733818144649 0.1367454726424939 -0.01446883388830308 -0.03484964641118571 0.002092064166713635 -0.03494482718194755
-4.580670460691742 7.055648740947825 -24.51868934964234 -0.9257871842846531 -0.3780450891286563 0.011963594104539 0.1391803908315087 -0.01888152578962093 -0.03646904695180987 -0.001624562213486333 -0.03508233848760672
-5.00870563347002 7.099909727747947 -24.93154015133467 -0.8923389251499884 -0.3637600909108503 0.01546038334609953 0.1264734948420157 -0.01140396097347199 -0.009682098786781706 0.0003625347610358752 -0.009105425812143422
-4.630169192925976 6.751475309096645 -24.51659312043532 -0.9320655216503858 -0.3622897505458779 -0.003451000445284555 0.1357842507667966 -0.02201487763332358 -0.01227341434111765 -0.002140995128661086 -0.01128136459447371
-4.990601918555774 6.408813702836024 -24.81232946888877 -0.9157747673513733 -0.3324456921369067 -0.008886839482309993 0.09036971442261953 -0.01715632399067033 -0.003308745682951498 -0.000889161589638396 -0.002969691362014054
-4.682809760397987 6.446163675018777 -24.53257821345576 -0.9381147687068715 -0.3463245309446809 -0.01717426263066361 0.1016805711559265 -0.02476713059456874 -0.0002454918104692235 -9.442387851406934e-05 -0.0002174225653969669
-4.737645697479531 6.138679899426775 -24.56136156918419 -0.9439528987848949 -0.3300801794649204 -0.02016288714315287 0.07446443236826286 -0.02272169438421229 -0.003040212192886432 -0.00163983248252367 -0.002676285431248932
-4.992782756573332 5.769277577078173 -24.77388916747542 -0.9357684400096868 -0.3027268868430453 -0.01526122286739868 0.05265327056599265 -0.01572485393024176 -0.008188538684416364 -0.004529131396431351 -0.007218284349576358
-4.793848401227631 5.82893895024684 -24.59863914594367 -0.9495674105061347 -0.3135629648167558 -0.02290755845174013 0.05371201919913783 -0.022193347317263 -0.01007127048041853 -0.007894291049000995 -0.008710272155461909
-4.850772652276026 5.517777373785995 -24.64151871040969 -0.95492921118969 -0.2968336261555227 -0.01258027876148784 0.0343268999568361 -0.01196658692984502 -0.00557277515572346 -0.00375842743708279 -0.004922715059776594
-4.90798364260584 5.206690335499761 -24.68860471000687 -0.9600050983911523 -0.2799825192096712 -0.006479570792106452 0.03567576726365604 -0.006184047531400625 -0.007356970292044802 -0.002471793938332348 -0.006551232867991298
-5.251830486114333 5.308876021017591 -24.99505961394184 -0.9290288901470245 -0.2705127821661301 -0.01103599297155072 0.04256322818490017 -0.01059841235342658 -0.01327460424984278 -0.00641768519480374 -0.0119507484649769
-4.965243260303556 4.897418304839277 -24.73975701116936 -0.9647673003324185 -0.2631046487793343 -0.004064526142766593 0.0415461939531361 -0.003340422506754606 -0.008923938725525575 -0.001514566343855355 -0.007978896315201626
-5.409232292303393 4.634102367426654 -25.13924908530501 -0.9360863674760844 -0.2320658115349912 -0.01233734226909181 0.04782392693530817 -0.01024993269157792 -0.01229195068326738 -0.00557035683054426 -0.01119483793562475
-5.022463521553444 4.59149774222033 -24.79561451457074 -0.9691994414730203 -0.2462771663154863 -0.005695786065026282 0.04841853643457984 -0.003853892034073366 -0.007963093024374243 -0.001504675391183024 -0.007135152133052373
-5.079644120779927 4.289888819386272 -24.85702099049454 -0.9732985013012624 -0.2295430838965014 -0.01201892242776467 0.05726315377153478 -0.008144341227459615 -0.006004858564447946 -0.002034574274251008 -0.005443560014500377
-5.355189308451921 3.933388794914661 -25.12033966236974 -0.9606803891204788 -0.2009034988476242 -0.01318721301530981 0.04995066352355788 -0.008268259075882309 -0.00498832845625658 -0.002070943080074329 -0.004555110172600309
-5.136815818159196 3.992764377926252 -24.92450385000281 -0.9770728856513777 -0.2129050871277857 -0.0134921184126566 0.05815647014106497 -0.0078547562927202 -0.008537144434052239 -0.003021126104133299 -0.007704104901805735
-5.194010091079347 3.699497723812969 -24.99793523700652 -0.9805377498262773 -0.1963306424520146 -0.008538762480324718 0.04412063764262594 -0.003733868824016642 -0.001944207979830607 -0.0005257763787700681 -0.001766655243540317
-5.251267776516075 3.408835819969227 -25.07645298415513 -0.9837095446912201 -0.1797652126619391 -0.01574950339039086 0.04531150658223503 -0.009393813555185756 -0.005534374396854598 -0.002991626991480753 -0.005151419868494649
-5.655024289403935 3.433907729591271 -25.42491940690832 -0.9492423164881306 -0.1640555159377821 -0.02829893343332259 0.04389054313462898 -0.02118462600966058 -0.002886273287715847 -0.003230099345718096 -0.002836602307518943
-5.308687582397059 3.119202859251788 -25.15865079578142 -0.9866016896271724 -0.163147497758342 -0.03563349812147078 0.0569967865030418 -0.0239688629050534 -0.004845153630050371 -0.005003417202138009 -0.004694796316664024
-5.597239521929474 2.750405288905507 -25.44398876581319 -0.9719793985484932 -0.133043228022081 0.0350144488741515 -0.03822893693827478 0.02508031153761341 -0.002479404744342762 -0.003932953823017997 -0.002533367774435132
-5.366501795819413 2.829056747680031 -25.24297812296198 -0.9892222886281389 -0.1464215273834664 0.04190204074471594 -0.04808579950167555 0.02866859879490775 -0.002961675702474966 -0.004370807035565696 -0.003002361413989739
-5.425155401183423 2.537220089215782 -25.32823689561458 -0.9915736740392905 -0.1295440039223072 0.02736279082697602 -0.02423349125688588 0.01960656820204746 -0.004537309615837496 -0.009069583086670293 -0.00487766178729072
-5.485359634446935 2.243124813245188 -25.41403735195186 -0.9936530681812503 -0.1124881331251766 0.0241289340370866 -0.01993953939898653 0.01735509394852155 -0.002745690370391568 -0.005906921183859102 -0.00296919774630287
-5.857929140884982 2.147638285109274 -25.73006031155683 -0.9655782285083259 -0.09267037807301019 0.03334543368668056 -0.02213862333534099 0.02539861961928765 -0.004186093639131159 -0.01186419360813889 -0.004845531271502839
-5.548094376360593 1.946937762516562 -25.50108441792977 -0.995453840282891 -0.09524521964930657 0.02268792473515293 -0.0121424687460417 0.01707506078466321 -0.0005154196990390335 -0.0018730754535183 -0.0006471401158604444
-5.614545238584796 1.649562484955491 -25.59120663501143 -0.9969671398052025 -0.0778236605964637 0.02435986606445086 0.005089985143552493 0.02064819886318565 0.002668501207141263 -0.01445256743867503 0.0004145166175011985
-5.927669190280804 1.447183214268087 -25.87450166633126 -0.9772293767204183 -0.05529504929763969 0.03544396052940401 0.0262784871583945 0.03359328431989384 0.007081637918043858 -0.01461280143352893 0.003959155011518732
-5.685977524691983 1.352534086435707 -25.68710153343999 -0.9981836537274156 -0.06024444730750595 0.03400895481244125 0.02597704496059006 0.03151219879307885 0.002126898405472679 -0.004243569169843664 0.001202765811580039
-5.763567466548905 1.057833553648321 -25.79184042963249 -0.9990950191520664 -0.04253401821521265 0.0374990418100046 0.03571235825961426 0.03742880664739108 0.001808713696655819 -0.003062322356435171 0.001109779506398177
-6.032748111808461 0.8225341787550322 -26.06266797234077 -0.9844422665323155 -0.01990830591345526 0.03572050601729106 0.03393877826284399 0.03786344463712468 0.0008355019318922607 -0.001446121734091453 0.0005080111773542583
-5.84822497784403 0.7676478518336749 -25.90823375584522 -0.9996944639673071 -0.02471798359733421 0.03763725162566162 0.03524814696816162 0.03879234366896264 0.002125058553632578 -0.003696862947255083 0.00129732313708929
-5.940447910411379 0.4840961329454849 -26.03819300449977 -0.9999767435129222 -0.006820002440698366 0.03508725539084893 0.03616111120611409 0.0383876602761636 0.0004549550916973913 -0.0007428520871363038 0.0002839253906194472
-6.040243050647048 0.2089384897530078 -26.18222805834094 -0.9999380306167092 0.01113260645029458 0.03081876188369203 0.03483697592715517 0.0356641682791343 0.0009944736256911604 -0.00153667026990058 0.0006416664241712488
-6.40254010658532 0.5235217863349586 -26.46226256142257 -0.9630599757105052 0.01078653886060186 0.01681064776232107 0.01944331639105897 0.01997524118364305 0.009135966259355338 -0.01398889047912203 0.005927783885179321
-6.147134749627693 -0.05671485542078436 -26.33918970958816 -0.9995765063422567 0.02909996509634143 0.01368789339778328 0.03051943783073678 0.01974557525624296 -0.0004404585593698103 0.0004156388442948329 -0.0003370939552442674
-6.260260620246688 -0.3126660715227807 -26.50631318903656 -0.9988937323566629 0.04702458355557648 -0.001400194327585759 0.02524545094058307 0.004308086866082612 -0.009262464840658737 0.0009769666392008844 -0.00873548172535003
-6.784518961683291 -0.01987401602920791 -26.94319615415247 -0.946942214750498 0.05492762914344599 -0.01366207962581653 0.03173983481423878 -0.006437114556402601 -0.02706908854795736 -0.0175526684494046 -0.02909669423335591
-6.37853193206244 -0.5598230969964302 -26.67955344978162 -0.9978958830213058 0.06483676926812908 -0.008581016033983306 0.03188724521809248 -0.0007142328464717525 -0.03422339962134252 -0.01000254304416898 -0.03539742269019697
-6.500819222566964 -0.8002723957627147 -26.85414109636183 -0.9965933555343099 0.08247232084078029 -0.01350336501569885 0.03834096508160435 -0.003444345802480924 -0.0499023462678326 -0.02211767756734705 -0.05056504674299779
-6.972099018898485 -0.6967938371577986 -27.24788054730529 -0.9528142656731294 0.09680564037140454 -0.02146950249656613 0.04148487173139694 -0.01021885634086577 -0.05434072732869188 -0.04158274046578234 -0.05464273640694625
-6.626116778143023 -1.037181073556612 -27.02524445082522 -0.9949976849107787 0.09989798307368924 -0.01933878592220801 0.04462073289762138 -0.006364635992060744 -0.06782048735903035 -0.03920780762426161 -0.06880444158529318
-6.753644680999601 -1.2744964760267 -27.18860631718246 -0.9931160195036388 0.1171348445393102 -0.03197603313961712 0.05280356010054221 -0.01452207776701269 -0.07957892470083153 -0.06974155608536833 -0.07836234821680679
-7.256515003592128 -1.239453015540645 -27.5690083057946 -0.9462153939247072 0.1347471780192941 -0.04212520668132739 0.05691117859440453 -0.02288158623930292 -0.06122046003760788 -0.06783548497110903 -0.05601328747991995
-6.882863403923684 -1.516447869995474 -27.3410370580088 -0.990945128834024 0.1342674630732252 -0.05727202403618006 0.08051060290319983 -0.02569484774848561 -0.06942406813731303 -0.06957289833946351 -0.06325389073688649
-7.191225742836656 -1.785864408032536 -27.6032002984267 -0.9719290774506163 0.1587446208876229 0.05340138951298295 -0.05574377405721557 0.02694471776815978 -0.05180785195422531 -0.0712480399911747 -0.04472206284056612
-7.013399042774682 -1.766902998346689 -27.48068298421881 -0.9884681635610924 0.1514288269325283 0.05366002836146539 -0.06507828055198607 0.02442690831483043 -0.06525087796821839 -0.07521540984115339 -0.05704879074868517
-7.144901725464132 -2.028681433924195 -27.60704139124733 -0.9856571458896707 0.1687601574917148 0.04710550647541437 -0.03692263539320938 0.02476490277264008 -0.0437956687977327 -0.08196727638897515 -0.0389030681437697
-7.276877606917309 -2.302960460182815 -27.72074750337849 -0.9824819902969635 0.1863575561712418 0.0476791510956708 -0.03831299219017385 0.02526192718362388 -0.04352455312744442 -0.07746544115961611 -0.03533851913722873
-7.573243804542986 -1.900045122998236 -27.8674621496376 -0.9394892319848183 0.1779154552004326 0.04209304751147327 -0.04351739560679852 0.02346162397184273 -0.04932570372577326 -0.06823624292150665 -0.03807044169418716
-7.40854278510872 -2.588916173320321 -27.8232020976273 -0.978923734676805 0.2042261532870266 0.02799085996716014 -0.02406900837906914 0.0147943672509849 -0.04151829773617002 -0.06620371983851613 -0.0291546790878859
-7.877464604423597 -2.658532777205766 -28.10078042250358 -0.9343925582480725 0.2236478169290103 0.02043710357373905 -0.02217342682994812 0.0110527413655757 -0.03540051460575435 -0.04377995690967314 -0.02237161618235116
-7.538742749843357 -2.883713869230565 -27.91613231621743 -0.9749875068306646 0.2222596713849025 0.01322261753087932 -0.01096952498443091 0.007100833751707454 -0.02550859244343396 -0.04161518129816048 -0.01678794540465382
-7.66596497867847 -3.182899542607254 -28.00117984118396 -0.9707104963501823 0.2402522263696696 0.009163603813658713 -0.01065181752305959 0.004769791081795983 -0.02429730872603051 -0.02750594997338916 -0.01474644230853111
-7.788449842525782 -3.481159685678431 -28.07959137688978 -0.9661614550790986 0.2579380598504978 -0.01287935824480413 0.0204057503221774 -0.006356419040943258 -0.04266095431090119 -0.03454882703175467 -0.02447117216420629
-8.348290905749252 -3.24476521721204 -28.37505071581597 -0.9052701021175231 0.2662554990848725 -0.02426840521779872 0.03728157243689906 -0.01277607948098827 -0.04849619113205796 -0.04046354757640414 -0.02595627732314101
-7.904382157217536 -3.773329282535119 -28.15205396186466 -0.961430417341635 0.2750482732363345 -0.02798047714441624 0.05838133379238771 -0.01258259489683457 -0.04886306613990601 -0.02898752873250227 -0.02583876283712326
-8.374106898560978 -4.001868740893293 -28.3915505180514 -0.9198968512141511 0.3009291972843978 -0.0375862834409929 0.0631108039390697 -0.01669370778132781 -0.05457720108674093 -0.03954623405726233 -0.02662323316520778
-8.012128297572001 -4.055458114988165 -28.21868121812761 -0.956610060747229 0.2913712265773388 -0.04371197553760477 0.08325247726803961 -0.01710501561942735 -0.05545272425962729 -0.03499257480332604 -0.02860391495217387
-8.110476322042768 -4.325714271383982 -28.27912552045927 -0.9517727508613542 0.3068038961907273 -0.07440992458140842 0.1059552550034377 -0.0283344637526587 -0.05803073668370311 -0.04829541818579675 -0.02820207279415533
-8.447071445303479 -4.693582795305268 -28.44050759157221 -0.9237844419419403 0.3343259700844555 -0.04934847132202928 0.06581335252552498 -0.01768924521056285 -0.0696360928731521 -0.0602376636758663 -0.02984908945519018
-8.198839451082007 -4.58492118755745 -28.33277121996817 -0.946948899245847 0.3213841660957784 -0.08159947168027243 0.1036801990741595 -0.02670151143868271 -0.04920075179192641 -0.04459306951344311 -0.02279507560408837
-8.277395523013038 -4.836590352393833 -28.37895852223478 -0.9421122467598751 0.3352976506107074 -0.024105577845356 0.03147816620778485 -0.00819990378600929 -0.07038591159767103 -0.06209395886229679 -0.03145291616381849
-8.347151472964692 -5.086412824807452 -28.41719454192199 -0.9371763927471964 0.3488558568769522 -0.02843471961531165 0.04000102028487979 -0.009242957249099591 -0.09897845677334978 -0.07963091807792856 -0.04012712523024026
-8.409937334444971 -5.341287325667391 -28.44732250738339 -0.9320048294599639 0.3624458550781117 -0.03295270373819089 0.0375499372355997 -0.0106725118217214 -0.1008674573705163 -0.09922742407626545 -0.03767886260292923
-8.903922964939875 -5.092324383163882 -28.61457741576308 -0.8860553054780301 0.3666541040159544 -0.04138816529310393 0.04490995589274215 -0.01535555955056168 -0.07110826182796143 -0.07348596827740356 -0.02326265602086743
-8.468344263163061 -5.608063433263446 -28.46963643072811 -0.9264335615113516 0.3764583059322675 0.03844498006638957 -0.03740167916629621 0.01212708175424569 -0.07540654349638978 -0.08477498954942556 -0.0224063714887182
-8.96618741784831 -5.832155163911363 -28.60977190936547 -0.8844483631296876 0.4014669669526468 0.03873600249295679 -0.03338091614158677 0.01236116357986749 -0.03991229591295926 -0.04983516255442583 -0.009505625209829501
-8.525623007488051 -5.892242298492514 -28.48494137990812 -0.9203012280117731 0.3912104928552183 0.03873158018782998 -0.03225628769626824 0.01133422860531321 -0.049733401336011 -0.06433518733424554 -0.01314258737623015
-8.585554687146104 -6.196888144070952 -28.49456612997286 -0.9134791936264125 0.4068854418772428 0.03654729459888631 -0.02477562396338226 0.01034600136735413 -0.02908092301823822 -0.04539893231591745 -0.005988575918676137
-9.049341423008302 -6.623057729505263 -28.59332148917556 -0.8770744598760901 0.4388362578975532 0.02644513012317476 -0.02026307727121639 0.007630420317392969 -0.01402714169410385 -0.0192565305693492 -0.002522400961530906
-8.652297038729156 -6.521959959983258 -28.50033440308943 -0.9058951117525414 0.423502121013402 0.03051930284023589 -0.01836331599963386 0.008136624675711846 -0.01378669925384371 -0.02400016999687695 -0.002453382919561332
-8.730200964632719 -6.864184523817556 -28.50449641065487 -0.8975457834875216 0.4409212702328739 0.01574753697853399 -0.008794409870759993 0.004238741807250247 -0.009947120397972131 -0.01856200536646481 -0.001556885797491718
-8.823589783379219 -7.217479342925346 -28.50961752719009 -0.888496626952952 0.4588831484084231 0.01155095738188301 -0.008686449696086637 0.00316953469182593 -0.004554490760342805 -0.006334100768023511 -0.0007610325353753116
-9.336309031356112 -7.476898052230666 -28.61677671418984 -0.8556977836514773 0.4832613146882614 -0.008785580843570008 0.01448475156195072 -0.002821206914442904 -0.0006431480102131225 -0.0004157962290900567 -0.0001319563760995357
-8.93649769042465 -7.573824132346981 -28.5184194911164 -0.8788664906971212 0.4770678060084614 0.007352540202946377 -0.006102078522936395 0.002018498010205406 -0.002922293695849956 -0.003688341012283265 -0.00050545731905964
-9.072376154672494 -7.924397040862903 -28.53357387157903 -0.8687993297724698 0.4951643409888349 0.002566105900374363 0.01059904457109244 0.000121916534046345 -0.004123163050727755 0.001010037345826869 -0.001024945592378269
-9.233792821335694 -8.26075280617626 -28.5574572169668 -0.8584285864626144 0.5129330969471532 0.005889497033620992 0.02048611345140391 0.0005619727250157708 -0.0003978730994981185 0.0001171005999755986 -9.905060263246636e-05
-9.781676581155487 -8.080223855840121 -28.69343446866433 -0.8297077026601591 0.5199558349675334 0.002870176602481806 0.0308446900446703 -0.0005168185754060215 -0.0004262793115699103 3.794792727964378e-05 -0.0001025598806507016
-9.422161646202195 -8.575831615128987 -28.59189037978337 -0.8478445572507234 0.5302448554586126 0.01126921424837693 0.03560351347311758 0.001745735861107586 -0.001997669642840737 0.0006568080193948298 -0.0004997926573903614
-10.09852272772943 -8.753779661326224 -28.75192969110061 -0.8147942387376893 0.5553220865897784 0.01083087253753373 0.03942295238119872 0.002186755672177166 -0.007862548327361224 0.002267584014611162 -0.001937389681178586
-9.637551627108678 -8.864641949936036 -28.63789645376515 -0.8370769550618319 0.5470851590972029 0.01411416807275496 0.03557874643902528 0.002951788482831444 -0.003471094490284859 0.001448935703014944 -0.0008671708581469848
-9.878618206395961 -9.124542973933664 -28.69551846213829 -0.8261011055306943 0.5635219280923897 0.01420336535607135 0.03568402073578941 0.003475548527033995 -0.009672374437142453 0.004088222421669251 -0.00244679238680137
-10.14268672564637 -9.355139905714982 -28.76373571936146 -0.8148658491677848 0.5796495905804343 0.01500303038457291 0.0467514098561878 0.004255362112209501 -0.01638989799792655 0.00563077117883027 -0.004076821917266478
-10.74914292970821 -9.291978350193972 -28.91408619569586 -0.7867623747894865 0.5948275498296874 0.008871745770441737 0.04281249239129932 0.003172516577096069 -0.02359996674009471 0.005307336466395867 -0.005625627650139488
-10.42599292956459 -9.557879644353612 -28.84050609236791 -0.8033296130198796 0.5955346613299098 0.01390889296275641 0.04604527007934158 0.004965872993049681 -0.01298985671179738 0.004264509637412595 -0.003158754045187942
-10.7240568609442 -9.735477483292893 -28.92294168427948 -0.7914875658699161 0.6111852690251255 0.008710058621628455 0.02909028469497199 0.003238996091592598 -0.03532383155986074 0.0115417255689995 -0.008669179663230246
-11.03214039061375 -9.891313098391176 -29.00760179025636 -0.779379938140957 0.626551603639635 0.008550303880318197 0.03698244169297985 0.003856344267874778 -0.0452362256128372 0.01153752159471314 -0.01034716858709648
-11.48888605960747 -9.575054345258742 -29.0964902558688 -0.7550766975520266 0.6279676259960508 0.0003845895125424279 0.04846531707457528 0.002230782120023426 -0.04741832272889195 0.0008516016307083715 -0.01032667118085948
-11.34572213210082 -10.02890940563313 -29.09086512104478 -0.7670821926377549 0.6415488365962907 0.005006333679617784 0.04188381090656283 0.003707608910607013 -0.05885166075424435 0.008199029302233079 -0.01315552496304115
-11.66092028737912 -10.1515612759466 -29.16932765998245 -0.7546842772843887 0.656088135557823 -0.000120352834542091 0.04695803915360926 0.003297687089359718 -0.06473745454363955 0.0007562027089179177 -0.01313075843627333
-12.24304902198105 -9.817093152444862 -29.25577787389433 -0.7231739419767006 0.6603218572105629 -0.0100775357350847 0.06232656011409315 0.00149652703379294 -0.06302534518839058 -0.009921419512594225 -0.01120742780082261
-11.97480566042531 -10.26212875407301 -29.24016764640103 -0.7422674250619661 0.6701037753153452 -0.004134598724443754 0.05354029626367626 0.003337027561989244 -0.08001173327923537 -0.005229539806706298 -0.01523071021709495
-12.28557033796672 -10.36296518698259 -29.30142549521459 -0.7298852526374706 0.6835696877293019 -0.009027027026190298 0.06025227320895782 0.003472712550863984 -0.07977652557125745 -0.01122347641597394 -0.01264282153350782
-12.79864772566806 -10.24539797493463 -29.36012357393061 -0.7044270543168167 0.694113142096045 -0.02245755257740552 0.0690213721667418 0.001999504059902079 -0.06312828853545588 -0.02028694666602225 -0.008739148519218065
-12.59254589637742 -10.45592557419179 -29.35216263459665 -0.7175531842839098 0.6965037169491783 -0.01335384041911905 0.06268302690854649 0.003596433004723917 -0.07425914746172796 -0.01521728164768536 -0.01050472226712656
-12.896092502534 -10.54239799291308 -29.39248562035215 -0.7052472418999904 0.7089614430929628 -0.03024368589692212 0.06993593382308524 0.002491710424574577 -0.06586481856998949 -0.0281792296137472 -0.008529942655598125
-13.19739898558985 -10.62331752927669 -29.42344502876525 -0.6929104965938345 0.7210236082889974 -0.03393842936022854 0.06533458253042093 0.0009269857958297067 -0.06707073504815476 -0.03473059325217174 -0.007731070355286604
-13.4214927123571 -10.15941365899176 -29.42152042008621 -0.6737653748161876 0.7090907706875748 -0.02709144126417557 0.05976566929084778 -0.000880637863258828 -0.0564280436467347 -0.02566381957581341 -0.005789352937123972
-13.49824108175679 -10.69914936071613 -29.4468377603547 -0.6804635759511647 0.7327819060291771 -0.02294661611003759 0.03884777708233002 -0.0001288590393453931 -0.05945080003149703 -0.0351323819052666 -0.00481343701505094
-13.89772902036962 -10.49703256688987 -29.46376860836567 -0.6579245992677385 0.7364334552556867 -0.02817255844080759 0.03812184999800759 -0.001057494074113143 -0.03087846296316107 -0.02288275036322895 -0.002276584385513758
-13.80073891798203 -10.76985581554344 -29.46495298038958 -0.6678152555636802 0.7443270681873771 -0.02597613091948531 0.02967342763868943 -0.000643168304524692 -0.03174153344511832 -0.02783433127624496 -0.002204378902654069
-14.10713937737193 -10.83488056075573 -29.48030407946826 -0.6548703965321889 0.7557412015668945 0.03192651839575635 -0.02966419666292252 0.001356166943151642 -0.02148786393774675 -0.02318766591384961 -0.001335232758579486
-14.4732784865938 -10.54569522987197 -29.4989896619887 -0.6319542963582444 0.7552693734861285 0.03461607622255726 -0.03328506421701175 0.002412996534032519 -0.01065067898490931 -0.0111214082770818 -0.0006183486389724657
-14.41963015189999 -10.89318674380123 -29.49538303650201 -0.6415345807521576 0.7670941152812694 0.03947556790628187 -0.02974035395571065 0.002094625971789684 -0.01287059388096127 -0.01712708043807434 -0.0006165452599123559
-14.74017566517766 -10.94337397513326 -29.51246158196233 -0.6277167711344408 0.7784418123640018 0.04047095951485279 -0.02239805938546004 0.002822837287255577 -0.004623171259438361 -0.008377992931739039 -0.0001936372130134352
-15.15443580646906 -10.70335344463041 -29.5446402777369 -0.6035166252433348 0.7817000741034015 0.034671004454534 -0.01717780258922719 0.003140135508411838 -0.0009884855896982107 -0.002001756615907026 -3.630152130558397e-05
-15.07035728808104 -10.98387610301743 -29.53344978085366 -0.6133324333867327 0.789824870560499 0.0395297553322906 -0.01753734097821404 0.003180420445215058 -0.0004790966164359788 -0.001082616229137659 -1.497850096032914e-05
-15.41120296163311 -11.01321590538797 -29.55981027415985 -0.5983095588429796 0.8012650446619515 0.03868995656705074 -0.01049644079140121 0.003588011461402355 -0.0002346462056577203 -0.00086511671660664 -6.11728255657193e-07
-15.76300433355738 -11.03027186315538 -29.59251840119029 -0.5825988785098791 0.8127598333819352 0.03843894908266281 -0.005326952382939882 0.003903617052461828 -0.0004553870479272417 -0.003259624864548315 3.605197604997743e-05
-15.73516056937942 -10.40916804866715 -29.60372237093155 -0.5699913693404487 0.7881384765401555 0.0314686987025936 -0.01136066255115758 0.003526679414123552 -0.007432506434649115 -0.02064063477808011 -0.0001701263108836931
-16.1251387098351 -11.03450379223257 -29.63205586239317 -0.5661875350140936 0.8242764555624918 0.04193307389154578 0.004038146340224229 0.004778581894108794 0.0007407849304687711 -0.008005712276265869 0.0002646911845876232
-16.48905286069695 -10.55190430433381 -29.68614184631991 -0.538151400505678 0.8171346687043115 0.03721520139779174 0.007212116077927274 0.004637394487516016 0.003902829743095552 -0.02078697228710472 0.001007777566744642
-16.49593125785623 -11.02608985212838 -29.67842765306236 -0.5491133524104986 0.8357478843553859 0.03809733639536186 0.007646918314247988 0.004885112984982893 0.002195423288449416 -0.01125337476310787 0.0004941253212069111
-16.87260433881305 -11.00594660938933 -29.73119706242748 -0.5314754738942074 0.847073680767457 0.03569877149382384 0.004736740741481723 0.00509518957710083 0.001469489939601954 -0.01153305913482579 0.0004259165392544422
-17.21558977250993 -10.55876242528065 -29.79030513603986 -0.5045485296011381 0.8403949397596099 0.0346408107808218 -0.001292529440671189 0.005494077328429575 -0.0008885475263790707 -0.02235382963081552 0.0003434651004497216
-17.25135958652549 -10.97563096909647 -29.78953910174137 -0.513437144765416 0.8581272040759093 0.03291313218104741 -0.001208553053443938 0.005252449174489708 -0.0005605666133948913 -0.01466672479385826 0.0001379333688420165
-17.62762300148102 -10.93714983244724 -29.85231624672635 -0.495217743855516 0.8687688911158438 0.0290789212528002 -0.007022065584118036 0.005125964490248199 -0.002783027850149784 -0.01169677520290022 -0.0002356775785110899
-17.99908998302996 -10.47571559414751 -29.92765451483603 -0.4657530108021433 0.8618795557623605 0.02260543751623416 -0.01105687171274529 0.004461851504429131 -0.008246495196667454 -0.01728007516592098 -0.001041707101946103
-17.99645491385621 -10.89272300381918 -29.91818027394906 -0.4770733820182225 0.8788634638951008 0.02434290869441306 -0.01042664484406791 0.004635608608026388 -0.00445614646651391 -0.01066040006561615 -0.000577408285061821
-18.35309212254688 -10.84455216129864 -29.9857004006082 -0.4592678481243584 0.8882978350076179 0.02154661378052453 -0.01026503242499407 0.004369745041433616 -0.004144247853495833 -0.008937872483232382 -0.0005613698093459897
-18.69355452794251 -10.79464142954099 -30.05351130344454 -0.4420379742498731 0.896996337406719 0.02110615774974938 0.001719663035063839 0.004120756208934221 0.00077260617527102 -0.01056505723920594 0.0004517594561549839
-18.70075350177393 -10.10888004443725 -30.07391149549272 -0.4223431244138763 0.8685771507245382 0.01791469954547769 0.02446080042330468 0.002647513979760823 -0.00776255717524448 0.005872794807586541 -0.001733468548752304
-19.01522308666758 -10.74469583914899 -30.12046707081101 -0.4255590850771602 0.9049306410484123 0.03060606591354276 0.01805055663958361 0.005895953282119224 0.001809277986840513 -0.003215461591089834 0.0004521728927695461
-19.39983285721682 -10.35769834754734 -30.20933880233195 -0.3960036681288292 0.8999815836184462 0.02646238568410126 0.01990724522186328 0.00525995494229502 0.001659846733693538 -0.002312438973152315 0.0004012934100765782
-19.31728748922268 -10.69609882734705 -30.18578134745516 -0.4099166789227316 0.9121229721594333 0.0314746529466112 0.01897511485374508 0.006516024139846355 0.002181933546426067 -0.003803657499104588 0.0005370202301877611
-19.60097233984242 -10.64994610386865 -30.24913141833884 -0.3950897423200335 0.9186425286875683 0.02283678549968709 0.01299958310590799 0.004874049035427114 0.003526351999343441 -0.006533552249147438 0.0009033374925411363
-19.86948190483045 -10.60709731246905 -30.31070648236344 -0.3809490961559422 0.9245960123956682 0.02921327033784592 0.02042190779494127 0.00639743357336058 0.008331530629721246 -0.0125516284005721 0.002022207985500556
-19.96133217311314 -10.08307724935075 -30.33486558632942 -0.3605292420342477 0.9042246424670801 0.03224374108058244 0.03087715776124238 0.006734254682615287 0.007707213195263235 -0.00843646638510296 0.001779664916782108
-20.12764836392606 -10.56820397323792 -30.37118748017936 -0.3672715761513579 0.9301137507591732 0.04269139427839425 0.03741414218578071 0.0100415863803058 0.005982138763643388 -0.007198444104786489 0.001388004458483419
-20.44475685065142 -10.33237160489048 -30.44425658765518 -0.3443039427586094 0.927905739144118 0.03023461313693084 0.02870035480379797 0.007466493541177796 0.006910848528774342 -0.007688385331828264 0.001568682154718599
-20.38132128223211 -10.53368310262772 -30.43165680673218 -0.3537683694813626 0.935333064076374 0.03407737233817097 0.03695078468043274 0.008749483433995158 -8.696184408376459e-05 8.490702546078515e-05 -1.988118234788743e-05
-20.63658492797715 -10.50362738143009 -30.49344860210033 -0.3401240087089086 0.9403805924729531 0.01886683901065288 0.01933464382226078 0.00486910540022058 0.0008227755767482095 -0.0008510451377547043 0.0001913041904384163
-20.89892524007013 -10.47766890628718 -30.55796159173627 -0.3260408938034517 0.9453556661742957 0.024218047690845 0.02118938746254415 0.006300241573530023 0.02125963549241996 -0.02575724882287584 0.004906710111172271
-20.67587531311025 -9.843514155309862 -30.49256830439001 -0.3176680104201956 0.9127664657596665 0.03555259015377476 0.0356808609261195 0.008277996839994882 0.02104810290555837 -0.02198116418345829 0.004347946345483796
-21.17248304253842 -10.45483730316175 -30.62646417006726 -0.3112822672658458 0.9503174996209608 0.04604051609444169 0.03240878474914723 0.01242921708713121 0.02264813833052983 -0.0338515897737142 0.004373317216666496
-21.42037913176681 -9.948693403124384 -30.66367002384434 -0.2830110332152334 0.9345715228728839 0.04695577687728778 0.03653937125265523 0.01320746968293048 0.01140668804970182 -0.01537725085526067 0.001988660924878102
-21.45952011197195 -10.43346666145732 -30.69992362336226 -0.29570538296324 0.9552791877176868 0.05052313607741955 0.03624403284959838 0.01524017217126527 0.0159960851082729 -0.02353888839615089 0.00295087608830693
-21.7601903684105 -10.41120416360708 -30.77888738562321 -0.2792777848639692 0.9602103513717577 0.04399877149977137 0.03105231491517689 0.01371941067937481 0.01000287453270192 -0.01491270393121807 0.00167352580517636
-22.06193759327928 -9.963762318699622 -30.82654644991888 -0.2503027780799839 0.9487788433823287 0.05003922835299248 0.031706347848715 0.01580454161951551 0.002248109244742499 -0.003709341984222499 0.0003237066600615997
-22.07265615248209 -10.38515667751744 -30.86343470747423 -0.2620730946260083 0.9650480263039488 0.04748027588524157 0.03132199715954751 0.01593663288243402 0.005458628437717398 -0.008703777105412024 0.000843496721946805
-22.39352867301616 -10.3521822426134 -30.95320389360431 -0.2442472045695011 0.9697130003562831 0.04600565494199813 0.02382866975248148 0.01549998292383661 0.0004046242344167183 -0.00081143150810035 4.647298820102424e-05
-22.69174608918123 -9.940649264983158 -31.00275933490558 -0.2169565577189921 0.9607245601758743 0.05053637314158964 0.01889455694366448 0.01706166927948065 0.003215318107752432 -0.00874768560695875 0.0001637077895436978
-22.71855312463697 -10.30929796722964 -31.04748597496313 -0.2260002149445716 0.9741272518747267 0.04625621253878986 0.01939237473395238 0.01627992808465705 0.002646428901631043 -0.006466389512615046 0.0001833466859415675
-23.04341450682424 -10.25414360471899 -31.14536323499502 -0.2075330414771909 0.9782280085415805 0.04454901386727564 0.008535952657427456 0.01530868852367185 0.002713590274569089 -0.0133455062245372 -0.000455372871363227
-23.26373880347288 -9.899435973728597 -31.18172622981264 -0.1862018515001342 0.9708147432841432 0.04417999275313653 0.006190528274174284 0.01548289902486093 0.00234626166784995 -0.01507190496936756 -0.0006687875188883129
-23.36451751530874 -10.18541843910683 -31.24586302799126 -0.1890094057746046 0.981975276943738 0.0403489071460644 0.004598683300130446 0.01432227078011665 0.002556035863764433 -0.01903331660773558 -0.001089565945130486
-23.67959913066967 -10.10320404450125 -31.34809545142251 -0.1705325771721673 0.9853520386760355 0.03579079561077177 -0.002857238189423811 0.01245909715266182 -0.0005210120729413808 -0.01299835281574193 -0.00148421295899456
-23.79698561501496 -9.568573593008701 -31.33699791448687 -0.1493281352533546 0.9717677947991984 0.04176628615085771 -0.00728480823050608 0.01450873623352631 -0.001559864686465199 -0.01243189969968987 -0.001751651556175992
-23.9880633629354 -10.00909997652474 -31.45134809777035 -0.1521412027690921 0.9883587680695578 0.02899516535976765 -0.0126885082215061 0.009488060590511322 -0.003604401526919136 -0.00997250079306093 -0.00232143753674357
-24.2909800148237 -9.906131226996813 -31.55512133459397 -0.1338211787153815 0.9910054955080853 0.03961685191680959 -0.02330141538979381 0.01294124485103448 -0.001805961090896969 -0.003627065692344218 -0.001002165663897541
-24.49935489960276 -9.453978546298242 -31.59651100913736 -0.1101605770724638 0.9843635665718327 0.04550827844438828 -0.01621266381360065 0.01701925567855767 -0.00294565549055761 -0.0104028379139308 -0.002033344124678811
-24.59075308635952 -9.798428416206974 -31.65910122788764 -0.1155248616273828 0.9933045889081425 0.05636160025966652 -0.02871220936707821 0.02020999713912322 -0.006733547258477295 -0.01595803455274127 -0.003892970875349571
-24.80367573428593 -9.608864528097072 -31.73491073382563 -0.09938477526428924 0.9950490774055654 0.0490032563072979 -0.01232892158163816 0.0197365278731566 -0.005894083515104632 -0.03075748254434562 -0.004579189700001437
-25.01399761716539 -9.409351259859417 -31.81025634201651 -0.08296940672650785 0.9965520947484137 0.04105068649984642 -0.009092996879532958 0.01694230877012451 -0.002933666579514801 -0.01820729922571556 -0.002663738962956224
-24.84892413097044 -8.941154845393079 -31.69996533328432 -0.07695758923337975 0.9815770133338069 0.04192407438526799 -0.008494871456057556 0.01747388257061558 -0.0004851217545286582 -0.003368172333566142 -0.000473501550630549
-25.21927296858385 -9.191519921014759 -31.884633990206 -0.06604349447565677 0.9978167451177817 0.04041501606852963 -0.01118918777383378 0.01731172801113925 -0.001287228897089928 -0.006257286121185999 -0.001039213000181899
-25.4173588101161 -8.94987977644108 -31.95747400937315 -0.04841603659692416 0.99882725603592 0.04273809114804696 -0.009796652976946778 0.01892291232076993 -0.0005051747623032181 -0.003105843533657843 -0.0004669823604917792
-25.18064092886097 -8.432184762655389 -31.80681722393772 -0.04374462482985408 0.9798567218243674 0.05101384347740801 -0.003468985119828941 0.02299010206762702 -0.0001667449026998748 -0.005875408541274218 -0.000516544311142105
-25.6065491663785 -8.682602253733421 -32.02814189729501 -0.02999423044397799 0.9995500718523678 0.05907149329439033 -0.01092356752562827 0.02781779753605018 -0.000131068508083236 -0.001073583589756808 -0.0001432518277410715
-25.64018932607193 -8.065432883557403 -31.99836520568311 -0.007333748730388577 0.9875659480905152 0.04894437845016775 -0.002910274336588352 0.02402850774610443 -3.72038779994881e-05 -0.001942523227254475 -0.0001594920022657662
-25.78568996285932 -8.391661238681433 -32.09597079814121 -0.0108282108396002 0.9999413732064563 0.05019617954673953 -0.005914060385530362 0.02499630519752823 -0.0003149241910337795 -0.004848142781317552 -0.0005146447776175299
-25.95426979448825 -8.082319846930904 -32.16032400124558 0.008880352081919169 0.9999605688960445 0.03394647982537293 -0.004751266060780869 0.01705936385719144 -0.0003647013548465855 -0.004329058291681259 -0.000479981587846233
-26.11248090234843 -7.76207597062227 -32.22067847567163 0.02881279866187035 0.9995848251315496 0.04171253405084744 -0.003744239401038083 0.02146597436887105 -0.0008337981051415679 -0.01990836998859751 -0.001852320830456313
-25.71382723732093 -7.34117248448467 -31.97982233522412 0.02127171733932298 0.9729883795638079 0.06184837299393574 0.008182761189391615 0.03133486446415242 0.00178376654945285 -0.01290313446888781 -0.0001512625317582472
-26.26124366267018 -7.439275805753056 -32.27671493677728 0.04859987596747023 0.9988183278534423 0.06623542113761642 -0.004120090240198717 0.03555666623709958 -0.0003094404043908175 -0.02496014997316121 -0.002315800762856176
-26.18728135447434 -6.772126370204612 -32.17350437362033 0.06726828684125014 0.9781252006266916 0.06503824701211994 0.009103620270937245 0.0361325848931149 0.004119544127928664 -0.02727571124055023 -0.0005430060117173452
-26.40218621790601 -7.121658980403783 -32.32839713106787 0.06790046207560464 0.9976921004247349 0.06384195273114816 0.0002489876154294432 0.03637601789261571 0.0008738997111790601 -0.02033629206047903 -0.001394544596272037
-26.53757065354741 -6.815101588462106 -32.37602362950536 0.08647292226305864 0.9962542013538949 0.03914463470241149 0.003115929435997884 0.02246280321840323 0.004230333712195686 -0.04091422049832566 -0.00169653998483741
-26.67015934585339 -6.522774635210672 -32.42023952545868 0.1042235492328696 0.9945538958675411 0.04775192334432231 0.005530076488043205 0.0281248149577165 0.007222388653843347 -0.05169129440082683 -0.002098720921273263
-26.42909223946846 -6.148652541748536 -32.23222298635763 0.1017700016377339 0.9704310451617623 0.07251445285633447 0.02105419574657955 0.04255552858261649 0.01061898582172769 -0.03828995660518187 0.0008491092919132325
-26.80302036135058 -6.244846297808344 -32.46200196103132 0.1212226488067694 0.9926253419172164 0.0633673974489808 0.01504202943152066 0.03944216497536941 0.01055466517218322 -0.04373478150598478 -0.0002779206546939471
-26.80764696946524 -5.739432630902465 -32.38472022614301 0.1368482526570747 0.9746595189527876 0.06195626895302534 0.02296495958434501 0.03924345460634609 0.01241248903113966 -0.03564069597244804 0.001260226304527083
-26.93927971765648 -5.978746922062086 -32.50250147291482 0.1376857693468976 0.9904759607983189 0.05932845095830148 0.02002506454333707 0.03874781854768032 0.01155948140075508 -0.03619214874495266 0.001005062753241588
-27.08183891915738 -5.719908173334051 -32.54304876766522 0.1539250446578693 0.9880825272349841 0.04335753227203128 0.02116667414227727 0.02931002488759551 0.01469503779515548 -0.03384760347983824 0.002705580026516274
-27.23308622760477 -5.462802009527874 -32.58494248842174 0.1702829358453173 0.9853952109483278 0.04356003967337292 0.01621258344434023 0.0286498840842258 0.01303309913629576 -0.03651345229977435 0.0008466029648035161
-26.94045013461023 -5.133889156833265 -32.3513552344869 0.1624448213602994 0.9573877851112425 0.0687656511777132 0.02282774117951217 0.04223458682109225 0.008473374700873754 -0.02536817516818654 -8.474078502568236e-05
-27.39463700594856 -5.202058956680785 -32.62933643176449 0.1870648374077352 0.9823475691452683 0.05249530129065462 0.01268565190285609 0.03364290092281205 0.0049267882983802 -0.01820430901647962 -0.0008233448378071644
-27.44800445017624 -4.727183755789001 -32.56026598980277 0.2032279967598004 0.9638731136274514 0.04863816375500206 0.02262745547245467 0.03360358409429674 0.002359238879347173 -0.005468337176978304 0.0002673973408424229
-27.5671392861538 -4.933444749033306 -32.67712421373535 0.2044852415210176 0.9788696470930598 0.04718966721269825 0.01649834088834321 0.03231690571848806 6.914915140937726e-05 -0.0001975029603945511 -1.440198527448228e-07
-27.75017434253677 -4.654517624519226 -32.72885556761321 0.2226360692789104 0.9749016261428822 0.03437104762658488 0.03091172668869147 0.02750913884086916 0.003470702674627081 -0.004826756380249955 0.001087336367193833
-27.94226908014602 -4.364863990784736 -32.78469247872847 0.2414798076802206 0.970405844212989 0.03040341652285556 0.03248330915095884 0.02500848419460502 -0.00585960345654504 0.007094149049167543 -0.002090869313473512
-27.5234555729897 -4.165635880653252 -32.49248881559816 0.2234871214798642 0.9427749970978702 0.05223901615413063 0.03254145708310643 0.03624032063642928 0.006301684464828459 -0.01171151281616193 0.001432545138046868
-28.1410193154836 -4.06590187876772 -32.84440624511969 0.26086583552405 0.9653750648614968 0.02647750917999078 0.01467031608355712 0.01897612607621814 0.005329092533358555 -0.01095122055131841 0.001030598681575783
-27.97736778103241 -3.583067679845607 -32.64820916305045 0.2656093362606928 0.9365882154795445 0.04348824753261859 0.01714664190598076 0.02903978759084954 0.00304533404928795 -0.008168173543047216 0.0002624160314448
-28.34330498585806 -3.76032913556803 -32.90741019270043 0.2805649401517037 0.9598350453893996 0.02758643780198475 0.003569058978905939 0.01762902853595253 0.002153339825765352 -0.01179981187091315 -0.0009806978658790239
-28.54556335286742 -3.451359397819289 -32.97281824908655 0.3003142112627545 0.953840329674537 0.0300710483381956 -0.003239641848641785 0.01810696812432744 6.813311754353032e-05 -0.01002859879464442 -0.001907437091196346
-28.37086806204254 -2.96910217755384 -32.76879249610253 0.3051325545869378 0.9253836199154729 0.04648592705806907 0.004161204618601853 0.02936990102570897 0.001686940791713321 -0.01126288007122936 -0.001074292282976691
-28.74407862383137 -3.141922118561705 -33.03951780652926 0.3198630991900814 0.9474637712211038 0.03470010143728534 -0.009187623834605124 0.02044746118112423 -0.0006930277442939939 -0.006171763506001343 -0.001597054430091058
-28.93524710607038 -2.833997316334582 -33.10624627047329 0.339012165991423 0.9407819892567053 0.03910053828280676 -0.0137653355188557 0.0229398502520269 -0.001346544420656833 -0.007684082306611299 -0.00231576748984754
-28.67548455379005 -2.37054289727342 -32.84730563814873 0.3397254220953677 0.911296307151134 0.05618675754442377 -0.008962119307641016 0.03449388568156256 -0.0006041235435358106 -0.01706182666995213 -0.003448912200067585
-29.11578646438984 -2.528214845406326 -33.17166406695104 0.3576386993351048 0.9338600327339717 0.05138272228468163 -0.02528001051376052 0.03043837576581879 -0.003518792706599309 -0.01278234396238729 -0.004676091866207036
-29.08309939293695 -1.882948796570565 -33.03531718877969 0.3766587793107262 0.90599706729027 0.0570067718084861 -0.02941206602952726 0.03475318996554327 -0.004653997219297492 -0.01590149957132166 -0.005823540172371264
-29.28287248662055 -2.223784179798791 -33.23442108979012 0.3757066883853603 0.9267386278247528 0.04987791591886709 -0.03021977854703494 0.03013702562615477 -0.00573480208198367 -0.01626174130619192 -0.006815080146048594
-29.43420372005032 -1.918745978174782 -33.29321761355892 0.3932615227651623 0.9194266554284937 0.05234839634595494 -0.03819899004606784 0.03218144010875638 -0.006806567179218851 -0.0154750773576617 -0.007296735282845199
-29.46570780656727 -1.362817664154148 -33.23467734584904 0.4140508245930723 0.8992475657263967 0.04745689660522322 -0.04559367580617037 0.02982556670473009 -0.004708793493585522 -0.007903105389499286 -0.004588911935366051
-29.56800838896709 -1.61046887049425 -33.3468631739003 0.4104114627933962 0.911900450272827 0.04664488629635607 -0.04165167069842238 0.02950675926687253 -0.009988987405437045 -0.0183701117608525 -0.01014041092441578
-29.68301655465356 -1.296267068386577 -33.39433707435113 0.4272991283005878 0.9041103112748786 0.03682451824652725 -0.04641846468112769 0.02295206978806241 -0.002232958036728478 -0.002782802433393134 -0.00204538470540007
-29.77842120232103 -0.9739965756155975 -33.43485193254659 0.4440680369065316 0.8959930683872389 -0.03788037625447144 0.05683393599063641 -0.02420455049259402 -0.003393260168816549 -0.003563755072855499 -0.003057452184271571
-29.56542334236798 -0.6967445487781845 -33.23418578473702 0.4439107608919353 0.8790343008765791 0.04840655935863181 -0.05845222907600189 0.03331825314998502 -0.003577483364032457 -0.004869894970228469 -0.003345990411275779
-29.85384603165893 -0.642500634917651 -33.46791773913893 0.460831483035427 0.8874876586428505 -0.04105629746193348 0.06154105251345605 -0.02930614836532933 -0.006341523229405479 -0.006964066497644051 -0.005739973601221813
-29.90932766210014 -0.3018156522959359 -33.49339950755365 0.4776516074516678 0.8785493394789151 -0.03773902894297247 0.0640336841483183 -0.02830782280330798 -0.003021229373239663 -0.002997418456579281 -0.002752507124630647
-29.63532272222382 -0.02204933775250062 -33.23893471118618 0.4748068282822087 0.8593302086881723 0.04788563248658433 -0.0649535255985505 0.03786611107250517 -0.01275196960821341 -0.01627832501311037 -0.01179678761957522
-29.94530909228175 0.04689413294255829 -33.5115580916225 0.4945337352100159 0.8691584347742531 -0.03672138694459757 0.06728455716511442 -0.03081251158955358 -0.0001767608995009033 -0.0001700643464878327 -0.0001607074074883083
-29.96263311189267 0.401642267651491 -33.52306237761998 0.5114359010149343 0.8593214294738856 -0.03339563375298248 0.0652508430037098 -0.02973110623220735 -0.01030033227710362 -0.009536380652699038 -0.009359582867833446
-29.57411389815048 0.6459293204668999 -33.16716326369519 0.500433158944961 0.8361811299362267 0.05557935925322376 -0.06378159626644742 0.04930394102987194 -0.02437160488809232 -0.0376834214360262 -0.02127518746792623
-29.96252225962988 0.7600835442846838 -33.52896299815774 0.5282888584555743 0.8490647101556547 -0.04208032906862414 0.07226557576934135 -0.04162618121977876 -0.01833092631651812 -0.02021535948193319 -0.01656417092824054
-29.7379075191831 1.188171382180906 -33.33321570604105 0.5356786984359602 0.8273602285938825 0.04344327802218453 -0.05612205642811748 0.04400398013020555 -0.02563998172230897 -0.03682944706847161 -0.02165848292193291
-29.94653496417631 1.120020973181847 -33.53062265760968 0.5450195409056686 0.8384233417736974 -0.041569540101519 0.05545506625557597 -0.04366702191362334 -0.02394794204556707 -0.03447728680072218 -0.02098689689549399
-29.91649482699842 1.479836798050003 -33.5296053488641 0.5615711439637304 0.827428456283241 -0.0173139816706546 0.05734378063702695 -0.02196157663517834 -0.03168916197224398 -0.02048992496730759 -0.02851817988538075
-29.63044712771095 1.819673386767907 -33.29074787745992 0.5609659169074001 0.8052800696306921 -0.03491224421939061 0.04644499923003758 -0.03788934778873972 -0.02432732097650794 -0.03361185673335142 -0.01878578889597102
-29.87439874485681 1.838749819767558 -33.52753481588948 0.5779149433960291 0.8160970029350457 -0.004396892626182131 0.05449327478851494 -0.01082691787095707 -0.0325269335712416 -0.008628392182868167 -0.03021837938847133
-29.82231663409166 2.196844425600455 -33.52593963993981 0.5940517061861136 0.8044268583142705 -0.01358585951673409 0.05032016586018451 -0.02036468599709727 -0.02132347267193628 -0.01318594789281291 -0.01835635378387543
-29.5044722822328 2.65519094353705 -33.29506715859463 0.5972250122877306 0.7771092921366943 -0.02790856141658386 0.04070402130209845 -0.03327544935026604 -0.0158546832233754 -0.02026180420503534 -0.0114876137502136
-29.76229822377368 2.554871764750155 -33.52610680454075 0.6100033488285022 0.7923988354471586 -0.0157004808132296 0.04591517179204608 -0.02309871667839239 -0.01755034242053996 -0.01334420183980374 -0.0145961574470679
-29.69629934050405 2.913876599380939 -33.52896579478765 0.6257977643678899 0.7799853576267642 -0.01256802844022237 0.03645961162253695 -0.01910178858376973 -0.007363346834490643 -0.005660758320026466 -0.005959981019936637
-29.6261336060006 3.274743362584855 -33.53502130412379 0.6414512096595102 0.7671638323241985 -0.01389471694434887 0.03667941587951933 -0.02109266907629141 -0.006220001418347576 -0.005210254824302973 -0.004963048728392536
-29.32136293405025 3.470876432590758 -33.27656956493551 0.6289685807931307 0.7462246671187862 0.04383113178779693 -0.00567366715471325 0.0432755929148039 -0.006435528602848543 -0.0367671154943157 0.00169777285100604
-29.55344666701745 3.637773686967156 -33.54434479421175 0.6569531625583225 0.7539313909134029 0.02521426595756852 -0.0194933194815834 0.02940326203513669 -0.01007153211729672 -0.02085874170620317 -0.005191935047026638
-29.4797028777992 4.002399249783518 -33.55662493641741 0.6722579000148601 0.7403170374019571 0.04103920984852553 0.02470857420068901 0.03416645495289322 0.002759826183125422 -0.01231301269282807 0.005589573227404929
-29.14292057288524 4.112708480626114 -33.25656500084757 0.6511902926071798 0.7196194897335654 0.06556637405690043 0.02973675624403216 0.05319075721444315 0.001620865529847652 -0.01117770430475408 0.00425100909432092
-29.40617141893951 4.367101955696225 -33.57126647547464 0.6872853229427803 0.7263875583099136 0.04267047162532688 0.02937515113068843 0.03301086366864885 0.006128484242952283 -0.02101094067630128 0.01077506630360997
-29.0416591057742 4.855406304432458 -33.35227226978374 0.6850121455950471 0.6933639298420539 0.07030657022521253 0.03342230964161164 0.05306245980967689 0.002866655251374614 -0.01613995883816457 0.006367778733999414
-29.33390153668454 4.729565285100877 -33.58751857929144 0.7019311165852501 0.7122448368148299 0.04009389024082817 0.02255788353917126 0.03108448358464166 0.006075060664422476 -0.0265802044674344 0.01145331368843848
-29.26368381305427 5.087027092630139 -33.60460893977473 0.7160838708087567 0.6980142476823433 0.06723145655933986 0.03393144758323499 0.05304679425669646 0.002588792042361774 -0.01352991162592883 0.005373392141746866
-29.1960037301827 5.436756992698016 -33.62185981613089 0.7296450058780661 0.6838261221956913 0.07544654710824894 0.04011687313484538 0.05523632425019544 0.006793059356739049 -0.02996942424662098 0.01248755645894139
-28.84007429062491 5.640041317435899 -33.37325486361841 0.7119642175530024 0.659516661388592 0.08302550632340779 0.04582203150043041 0.05433015948876317 0.007351311739870903 -0.02786229998161959 0.01226502580442527
-29.13100225103215 5.77655310683657 -33.63876708601563 0.7425467937397279 0.6697941916042943 0.08179025255764236 0.05278403747075926 0.05592196428037904 0.01283005745393624 -0.0395903568656379 0.01860387513524951
-29.06846156839975 6.105147984703143 -33.65503187781057 0.7547644177652674 0.6559959402888533 0.07549194386170077 0.05372900832087877 0.04587701157590882 0.01910806578821477 -0.04779769144456741 0.02453554608045687
-28.58696332919241 6.335986523765257 -33.35314310379555 0.7296709611438079 0.6251671536634297 0.07708634649558341 0.03997713078485931 0.04377160291977013 0.01232990091640429 -0.04388028133184225 0.01836214983615103
-29.00783123272082 6.422434746407044 -33.67054479852631 0.7663196238853625 0.642459519384838 0.04411734533995084 0.03255011112828908 0.02484734237684267 0.02566102970671736 -0.05667801504393104 0.02868633466109066
-28.72864205117708 6.915957107738535 -33.56997531520931 0.7699912588299871 0.6123075631573135 0.05519329249362826 0.03056054392142129 0.03086010286936879 0.007910547993613131 -0.02431578845069974 0.009931740442752876
-28.94830028718405 6.729466081809083 -33.68533279481751 0.7772755369515502 0.629160344949266 0.03161241469071637 0.02343888229092548 0.01721749896084663 0.01216959017966538 -0.02593128720615128 0.01295718138905234
-28.88890756177331 7.028230484154586 -33.69948605503627 0.7877241302113084 0.6160281606248513 0.05195226276229617 0.02640785663619737 0.03041537196734125 0.001742269409842248 -0.00608003287059182 0.002302973584618114
-28.82866911673776 7.321260373879352 -33.71308555711628 0.7977693064260492 0.6029627963021438 0.06400594122558809 0.02768076057840959 0.03699425668998795 0.002408715984467984 -0.01025564289063053 0.003506270251331332
-28.60409958203324 7.443823715552785 -33.5902434003462 0.7871889065500981 0.5882081557419109 0.07857677298584095 0.03495726370475184 0.04272617477823348 0.002928342220520954 -0.01152489007661131 0.004043866332206074
-28.76669302830727 7.61116276281297 -33.72615000198454 0.8075093319282378 0.5898547947154548 0.08107689086611186 0.03275523351602565 0.04626857072478054 0.002169368983902227 -0.00994756227197113 0.003240839957417193
-28.70225158972253 7.900178073707666 -33.73861488741648 0.8170223847387066 0.576605951093012 0.09335580293586732 0.05127151733678276 0.04780816999656539 0.005791666635944864 -0.01681689138347342 0.006725667370370871
-28.36010970322624 7.799264161445659 -33.51380413234362 0.7873611617036905 0.5647011758444435 0.08218255148624909 0.04004561347450314 0.03942846123641974 0.005904237068398414 -0.01934693727231385 0.007343292027699642
-28.63479050617021 8.18986144557697 -33.75034750466165 0.8263581123568493 0.5631449814586161 0.06858907784709219 0.03893821059344357 0.03153569520146592 0.01629079166145482 -0.04264425382417261 0.01722240638989824
-28.06433754660597 8.437523876871918 -33.48500013499775 0.7987518546924907 0.5291461481389225 0.06168343097553081 0.02715801125490236 0.02638857451120195 0.007627841254064506 -0.02614104326284898 0.009073143665199151
-28.56387108344422 8.480948797690884 -33.76119200018003 0.8355365615616545 0.5494348499082738 0.05030855386905594 0.03010875107717271 0.02195970185292113 0.01826409171160851 -0.04301346208497438 0.01713327365102713
-28.48906191020877 8.773422687924443 -33.77103060325859 0.844553929275162 0.5354705038990332 0.03908528910452964 0.03105355114889803 0.01489414731523984 0.0218930700499888 -0.03601123253001298 0.01762972216257145
-28.13044348020485 9.252132837807549 -33.67202940538022 0.84368060813756 0.5024998996440564 0.05267498287345269 0.03088427847753308 0.02001727518730957 0.007433465596848235 -0.01704299171104207 0.006734324618527097
-28.40981375485342 9.066745040833888 -33.77984264374552 0.8533929318740032 0.5212681688224332 0.03041446868698505 0.02529502054692135 0.01088314401237214 0.02131037614802191 -0.03251619328432508 0.01602055517914448
-28.32536098682826 9.360185832620495 -33.78774333666478 0.8620346094025855 0.5068494176697176 0.0416738953515632 0.02538070635109143 0.01629178076598135 0.001035231327571423 -0.002285767137900027 0.0009128690545111278
-28.23468999291033 9.653158035342742 -33.79498914066204 0.8704682821153422 0.4922245116114852 0.07528964530001638 0.03495574439979067 0.03019889462146071 0.001634177846964734 -0.004981438783743463 0.001691890748090895
-28.13659956404286 9.945473436569895 -33.80194474180479 0.8786970792671881 0.4773797679911802 0.07745324880878643 0.04283070229478611 0.02763076085878299 0.002869689222054312 -0.00685825249367149 0.00258686388929215
-27.66558784218222 9.730804164835607 -33.54946157912429 0.8370027923760351 0.4655421830427066 0.05922670414049063 0.03170575818573661 0.01940379093045878 0.002372065219561133 -0.005780096055976195 0.002204348780787685
-28.02985420748661 10.23745969036971 -33.80901660301317 0.886737736227496 0.4622728492461307 0.04828575631717083 0.03494169776201293 0.01393960890416062 0.005521679586712664 -0.009306861016543584 0.00420234528603866
-27.52655286353419 10.45227466196042 -33.64005866652144 0.8655907597118617 0.4336685977990278 0.03659375779908433 0.02272505295902752 0.01014045933679598 0.0003587569693123865 -0.0007088085796748662 0.0002938177421965586
-27.91340396863168 10.52991937062557 -33.81656693277702 0.8946149718647805 0.4468378364858753 0.03478852042408079 0.03144024717931763 0.008206700228104859 0.002689876423479467 -0.003448162415874029 0.001807578851514755
-27.78662179831656 10.82395400355577 -33.82482759594085 0.9023523593776654 0.4309990945762653 0.02345231730183681 0.02763046695657292 0.003605461788387444 -0.002941641273515071 0.002727815339182991 -0.001770232894668462
-27.38163185979718 11.12040063164189 -33.72705816291242 0.8925383240984229 0.4036140988808658 0.02152793730413336 0.0128419048916317 0.00560044925001326 0.005280944539283043 -0.01080690705428687 0.004480610125251183
-27.64949831513921 11.12071033190999 -33.83383460371607 0.909962776775683 0.414689938246262 0.01644877348520184 0.02066840536495061 0.001996616573525981 -0.006870899875122323 0.005857284866701186 -0.004028245775491388
-27.50273842294804 11.42112346240368 -33.8433999214724 0.9174417035985755 0.3978702307262301 0.01467380099552092 0.01293881172169437 0.002825706362195439 0.007653141400532793 -0.009827535678039411 0.005257432309011444
-27.34772435669897 11.72572755070496 -33.85312929188088 0.9247655710387855 0.380537302535913 0.01687453513493471 -0.002011373081038885 0.007019467867075939 -0.001801557241897126 -0.009721228218849106 0.001545334265698277
-26.89661882700312 11.54499884424419 -33.63627871061446 0.884043576464787 0.368223378443122 0.03210674767494023 -0.008018894656938164 0.01394183512697775 -0.001115540319940888 -0.003723265604473605 0.0004274829573874843
-27.18634098099204 12.03458126301638 -33.86248433503443 0.9318954870037983 0.3627268963034766 0.01623432096117496 -0.009460304887259316 0.008522894926351148 -0.001022212663102871 -0.001746719093421028 8.264009803938663e-06
-26.74721762732528 12.1928270339517 -33.72784851288517 0.9105492873505519 0.3385463817048795 0.02783868530623849 -0.01323576530020732 0.01367645719981964 -0.003875524411064394 -0.007844292843979443 0.0002971738504992949
-27.0206934191275 12.34732011415467 -33.87087688736184 0.9387848003386812 0.3445041344498818 0.01894154691092126 -0.01068616023277047 0.009903127612450439 -0.003457308953835346 -0.006076042485124091 5.626668455356067e-05
-26.85277595826226 12.66331098993422 -33.87777586267961 0.9453878598111819 0.3259475333878648 0.02065013742465818 -0.01021541196384675 0.0104353061941851 -0.006560881854132589 -0.01288989668077611 0.0003648677938513154
-26.30034608968468 12.73877026808289 -33.67813391234323 0.9096681834738134 0.2997739086132223 0.03601475540822113 -0.01907077491034539 0.01776955194747855 -0.009266082654397545 -0.01734727376804993 0.0001626235180498628
-26.68416624364785 12.98185541433585 -33.88280368800594 0.951667249273356 0.3071309926732959 0.01948294195105092 -0.01212652690489987 0.01034234202926054 -0.01083298026990408 -0.01771585992994018 -0.0003648618772962622
-26.51581541490251 13.30237642732077 -33.88580138913392 0.9575976169541087 0.2881090140967688 0.02009034000376232 -0.01509128528079946 0.01134499984192627 -0.01060238301296803 -0.01491410516614743 -0.001063687647216861
-26.09275214390536 13.43089187706217 -33.74125651101247 0.932873372215049 0.2652474092738841 0.03164780468299164 -0.02145696464898856 0.01703596000586893 -0.008856262147573239 -0.01363640688986432 -0.0007228618700108742
-26.3479839703222 13.62453112909147 -33.88684842545063 0.9631655147505797 0.2689092620109075 0.02148350292236174 -0.01561918798187822 0.01210999565127634 -0.006606849282857773 -0.009596519328550275 -0.0006566124148556534
-26.18033876900822 13.94821440200223 -33.88623358710888 0.9683659389078839 0.2495343831279624 0.02340219395890379 -0.01851007643309761 0.0134947149023419 -0.009415997190178504 -0.01277487632488926 -0.00119372248710666
-25.60715011205566 13.88380712377374 -33.63710421754789 0.9207016576242063 0.2275859659447985 0.04077540658659065 -0.03397205303653158 0.02266683699260405 -0.008932402770822329 -0.01162131056313482 -0.001348993864442955
-26.01218693774974 14.27345339684201 -33.88438438450809 0.973197153506177 0.2299723905330258 -0.02741835110559543 0.03287362020748061 -0.01836305425538884 -0.007158617361367912 -0.006862750532514133 -0.001597009404432397
-25.40243106763796 14.68128682429783 -33.70865822969426 0.9470730544707134 0.1883720668692967 -0.03144912311747882 0.03550680056195349 -0.02065433533752363 -0.004216802107738551 -0.004266284047220191 -0.0009134822229161757
-25.84278952173403 14.60022446319565 -33.88177182442458 0.9776556619138678 0.2102127653777403 -0.02461026181885063 0.03255972387501928 -0.01771083374013299 -0.001461708714884545 -0.001296333544997478 -0.0003520572882297085
-25.67167766856524 14.92824888805015 -33.87881301088883 0.9817329757436726 0.1902639333596185 -0.01558529023823422 0.02238078581997771 -0.01160740700659666 -0.005715864907222885 -0.004729256426688744 -0.001443997063456286
-25.49889332772192 15.25683026440766 -33.87579415730292 0.9854151762942185 0.1701673597639511 -0.01660195378303846 0.03046273611055871 -0.01410572180612184 -0.008222611887976865 -0.005596613718790946 -0.002408720713140739
-25.00876547964677 15.42502815426844 -33.69304289098068 0.9545478214547281 0.1429128551206719 -0.03127335894397792 0.03990023028877501 -0.02244728858846492 -0.003582369066117991 -0.003303756800109215 -0.0008815293388316714
-25.32509419990454 15.58478595574563 -33.87283149775681 0.9886853735048665 0.1500041073355747 -0.01940422927617083 0.03548036693569064 -0.01696096906357634 -0.009167471861480729 -0.00629773376531506 -0.002686059906299012
-25.15149589772007 15.91050034595439 -33.86987844603238 0.9915282256491093 0.1298914074953728 -0.01989844491925223 0.03103285112488286 -0.01643563416563444 -0.005248178495911548 -0.004137419620579911 -0.001458132747286097
-24.67520993671449 16.08030778144903 -33.68719136114452 0.9609073493277827 0.1032514741529703 -0.03330696572960678 0.03288500669074323 -0.02280078205856419 -4.237203675679896e-05 -4.865122438993864e-05 -8.272166408116504e-06
-24.97966312672789 16.23209584469807 -33.86677622800551 0.9939349864707259 0.1099692805716118 -0.02144331517246858 0.02546919621533279 -0.01620523141750776 -0.00352010055341738 -0.003482762675793975 -0.0008158192879147112
-24.81119696830106 16.54768664364707 -33.86333472975856 0.995907360154811 0.09037992027810147 0.02334902579893795 -0.01924045534269587 0.01569351394004449 -0.00305611585774431 -0.004091202139989624 -0.0004689366634848125
-24.35990930559164 16.70302369914869 -33.6854544349336 0.9658909997173457 0.06549888897969079 0.03701539027704515 -0.02149006146920979 0.02217111856487708 -0.001395214801824589 -0.002479301309277644 -7.378595366916207e-05
-24.64738893182344 16.85566019272276 -33.85942304545139 0.9974588815092403 0.07124450644319996 0.02468172106566145 -0.01605862402149527 0.01564481453721065 -0.002488267211475017 -0.004038700117118219 -0.0002199610265578987
-24.48891886550825 17.15492601933257 -33.85504689195711 0.9986134101845229 0.05264272978900084 0.02919235301406854 -0.01067017885526801 0.01650855716691171 -0.0003396781502132501 -0.0008630515180681892 4.283175119083559e-05
-24.1387286519198 17.24706221625276 -33.70934063548685 0.9736338538341049 0.03462965724187519 0.04516745593483146 -0.004728359971087485 0.02204996728462402 -0.0007856309330729509 -0.004387152931521802 0.0006685230890317664
-24.33566222357764 17.44508069495073 -33.85039302361506 0.9994012596966468 0.03459945254993884 0.04531701896616809 4.77155248655507e-05 0.02165793967790567 -0.000117865555424922 -0.001291667738145612 0.0002494673221496899
-24.18664590775771 17.72645979869341 -33.84582853529247 0.9998541116046813 0.0170808520634604 0.05219642463187749 0.01102934696405424 0.02144341765647385 0.0004047319163817026 -0.004193877182168927 0.001171929213888693
-23.78335179356605 16.86934764161098 -33.46303591661552 0.9270537144391272 0.03548162210052985 0.06253507998389299 -0.02832970217755686 0.03289252420853017 -0.005884676205870332 -0.01265623076745821 0.0002873433738611996
-23.99031311931731 16.14581412723889 -33.39898216799619 0.9091268561571443 0.07255343546847909 0.06866971719094703 -0.04931831349561682 0.03819018367238312 -0.007436090633935078 -0.01104329709478956 -0.0008903478338618945
-23.40944069620941 16.4732574727355 -33.22873004400872 0.8793949866200336 0.0363188365939135 0.08607628762934781 -0.05708770749398947 0.04249761333150139 -0.009826661722622922 -0.01538268970616873 -0.0007605116384221325
-22.79498370507226 16.37817224510892 -33.01035254861106 0.8293718721938563 0.01601256638949905 0.1071335884846524 -0.07585605984492509 0.04204627657383741 -0.009149328517590706 -0.01340022024275893 -0.000863037474714708
-23.36734142428388 15.89729699552338 -33.11725406949361 0.8497524515869536 0.05740238225750111 0.1027105568547023 -0.07004143433096095 0.04470640633725479 -0.01034684841161164 -0.0158816215900866 -0.001110377632434106
-22.8246719287438 15.73423523920892 -32.93721480176998 0.802874362527753 0.04255598837396748 0.1139653434950033 -0.07541770762894515 0.0363142458154008 -0.008664490387928858 -0.01345753689217444 -0.0007568643889784911
-23.28118062342725 15.24785373176586 -33.01054169684463 0.8138635569084687 0.07954869605640827 0.1119565077027416 -0.07061591692629521 0.03827242833141408 -0.007975969750972691 -0.01313931703488042 -0.0009114446838778414
-23.91377207031297 15.40754841570757 -33.23619948776735 0.8679524890311404 0.09850659359039533 0.08949452432318795 -0.0665434566561218 0.04251617275075206 -0.004992590568976855 -0.007170913599028236 -0.0007142660824327042
-23.83605846408273 14.70131617399735 -33.11815454770323 0.8289782534575285 0.1230495350685044 0.1001055804823768 -0.06490755797893051 0.03808238402951376 -0.0002692948820908071 -0.0004351996944237205 -3.386943697084206e-05
-24.57065867705763 14.87495165183701 -33.40240168122716 0.892293451563925 0.1461530264188859 0.06904337419058372 -0.05579514760951099 0.03613659879866344 -0.001326648474147914 -0.001781401923721889 -0.0002157728321199017
-24.39044732400535 14.11951539983006 -33.22367982988571 0.8416303901354307 0.1680705167088407 0.08991937447307718 -0.05757796618742188 0.03650642578114498 -0.003368912141182985 -0.005500890963441573 -0.0003780058224963725
-23.69849250325814 13.99664319111166 -33.0132143213741 0.7862244558989713 0.1450154069873303 0.1012359405047174 -0.05707421957748493 0.0293864018512115 -0.003935326920351478 -0.007180546994886382 -0.0003888735325658384
-24.25574071027391 13.39794495705442 -33.10247594247767 0.7970726617413288 0.1904830054669891 0.09549840751743684 -0.05153098477169474 0.03049053102932854 -0.00820462333720477 -0.01555626479380827 -0.0005936656594573543
-24.95587109983965 13.55188124456315 -33.33645668321289 0.8548611478980328 0.2130900242786916 0.0746516038253441 -0.04726815909223202 0.03240913503154772 -0.00916395890427508 -0.01511346817345202 -0.0009343534912289816
-24.85824929705732 12.61877651610948 -33.17769722269031 0.8009912850396179 0.244628600276272 0.08279837607771254 -0.03852837142606648 0.02796386276507444 -0.01488632742917659 -0.03172628597759405 0.0003648139339077354
-24.03982583185955 12.81769890126551 -32.99932080712094 0.7544079352812736 0.2041298073777442 0.08691488454991574 -0.03635558578684036 0.02151287781875703 -0.01311895060919171 -0.03143464306284138 -0.0001205224590468632
-24.11275576308185 12.19103910104304 -32.9556844925876 0.7293844862284216 0.2309069708519462 0.07521379872575827 -0.02653439017761174 0.01714312810854802 -0.01598247622022575 -0.04413074391571361 0.001815326320985118
-24.71543460319964 11.72237098246138 -33.01373993175085 0.7464747080130515 0.2726019045617486 0.07860349349478221 -0.02758617223191118 0.02065029565685616 -0.01215555024502632 -0.03286568205624649 0.002364631950020732
-25.42870807854116 11.80610363387784 -33.20132128247534 0.7984136265917037 0.298253334342473 0.07786350782096069 -0.02970362497947561 0.02712621980641423 -0.009418754675500747 -0.02327894345039909 0.001544935950145861
-25.17772681245739 11.13676203091485 -33.01871604908207 0.7474571681123137 0.3129307423859463 0.07980609857091936 -0.02102017253694492 0.02195923733938578 -0.007415328063559754 -0.02526448355928757 0.002765332782947176
-25.86236787104587 11.14427652947152 -33.19764695269925 0.7929051971218248 0.3403001063487486 0.07620293137890523 -0.01962793177998559 0.02604219144467623 -0.004043182534516977 -0.01362060721976944 0.001565076119079975
-25.55834835746117 10.51229847408163 -32.99141499167532 0.7403806598888482 0.3511937656380431 0.07751180375418065 -0.01186891937676635 0.02141184554685426 -0.003944895029020728 -0.02022412089486825 0.003070144925587155
-26.2910442397234 10.4679608216535 -33.18686538850983 0.7855737225217361 0.3823986392275259 0.07774108302317803 -0.006048920544335788 0.02589478066062048 -0.0007177645983985309 -0.005311693012148257 0.000914075641691209
-25.88498051791154 9.977438787676597 -32.96170760267612 0.7339263653019803 0.3837963844969611 0.08346741623958936 -0.00218240463026716 0.02250815268073967 -0.000809312334550933 -0.01036992867127467 0.001995713721388811
-26.3482775789974 9.808727949034129 -33.05877395357813 0.7549613518490982 0.4085791883339637 0.08675376142802173 0.002976663852230917 0.0268728999436198 -4.830108124162638e-05 -0.001607099312560815 0.0003339459056605138
-25.9557449096844 9.302537980109777 -32.83782339626279 0.7041701839728512 0.4110366335471942 0.08172499559037359 0.0100704511662181 0.02023283025354862 0.001247295386125245 -0.01932445669211713 0.004580218700961507
-26.61938845754464 9.369194462186858 -33.05362512131056 0.7499190131126329 0.4354059276379093 0.08522023092787025 0.0101980964986964 0.02708018529146532 0.0002145228379804186 -0.004639365517565598 0.001072038877740422
-26.94219909562752 9.969007897692844 -33.30470196697928 0.801956755174816 0.4270320886923821 0.06722321233288454 0.01131935152490486 0.02289018783102062 9.632372936546301e-05 -0.001158639324594467 0.0002900743035771426
-27.16543210273149 9.222394075676723 -33.22896881201922 0.7780164473331269 0.4630729707921857 0.07599879084307841 0.02012689748816525 0.02665678945255074 0.0007349931229325439 -0.004412712425843168 0.001236293743382273
-26.64596911594258 8.577956042378494 -32.89154259173773 0.7115272904050997 0.4647622895698857 0.0857415696103447 0.01882832788692387 0.02653605643464009 0.002618547488456867 -0.0196514606955964 0.005482569500577776
-27.39317781620294 8.660049662195753 -33.20823380755403 0.7645718003799952 0.4926848177868343 0.07677058558887795 0.02078061333470635 0.0293797287319233 0.002627321332653439 -0.0160628236876258 0.004496104510816242
-27.37769276623628 8.022512269958321 -33.06077597983966 0.7312692907710956 0.5145264081207137 0.08029270901353 0.02164094089888532 0.03116873722676067 0.003045640995602907 -0.01985827814822936 0.005942141838868585
-27.91288501105373 7.715879864605333 -33.24914806413246 0.751836593585149 0.5479594340572409 0.08593399866902468 0.02950296379372339 0.03835269758057003 0.003411976750881061 -0.01711407167389283 0.005520107964878756
-27.51804586407701 7.212287327742165 -32.93582258821441 0.6993985735604591 0.5484110519517625 0.08871630284842301 0.0220623249039296 0.03787806504407396 0.002298188916227186 -0.0188112584254607 0.005574024731562389
-26.70772022333097 7.542320126342712 -32.6621868352205 0.6629624029506092 0.503487604984751 0.08810918484864368 0.01373951424421606 0.03090999411217546 0.0002289927903910846 -0.003706052897162939 0.0009945973577751
-26.98996877693674 6.542850714973057 -32.52668069213085 0.6304645899178569 0.5489838146957852 0.1026635752038931 -0.002619909256591891 0.0437257492056554 -0.0005873715797600821 -0.005116234771856207 0.001072539553137712
-26.20735426191041 6.916796827561284 -32.32902695863298 0.6000018335019488 0.5048818328465426 0.09515249792114577 -0.006841694153157523 0.03227234431953053 -0.000908061599476712 -0.006601781185927157 0.001277780173265605
-26.03936118224742 7.517622915630294 -32.41836705922915 0.6192722305839832 0.4774966000731791 0.09589136672770067 0.007901048980254259 0.02763423851153224 0.0001957853375610933 -0.01820688564588544 0.00452624636679798
-26.1486912082937 8.008913569903468 -32.57738673167767 0.6507906855597895 0.4647171842051874 0.0931453472221048 0.01722804082258775 0.02513560802100507 3.662276763480341e-06 -3.435843047246013e-05 9.97805192586446e-06
-25.57543850738763 7.886782305051455 -32.38388642291923 0.6089989412476984 0.4462735837120057 0.08194806725335052 0.007522227366451233 0.0187564691929892 0.0004274522104122908 -0.0136619299552379 0.003611514523569835
-25.75551425339917 8.529786271968986 -32.59952151492786 0.6525166717684943 0.4306904153528945 0.08087849897537121 0.01170450671253636 0.01883031518957015 0.001608114347270092 -0.01998678910407937 0.005516298139306554
-25.01615229182346 8.362065399956395 -32.38206963913161 0.59832875631375 0.4074772142230428 0.05546631668663324 0.006012666829508012 0.01010056585167072 0.0002905201830829072 -0.004938762245822165 0.001344582833772606
-25.16042967729511 9.062820457433594 -32.5899705695239 0.6421901015505146 0.3880297567643504 0.06229064046211442 0.009315687348596679 0.01106841639875474 0.003040210329181938 -0.02954102714310247 0.007753441972686104
-24.34126242427135 8.893455455413291 -32.39351535643756 0.5830823732995002 0.3619580611957248 0.03297166430218856 0.008246798885150291 0.003627828374486539 0.004743624390097516 -0.02178168672863633 0.006401625564144475
-24.63682916772506 9.476592058035585 -32.58738051591753 0.6301788831509364 0.3523807157639467 0.04693055266368768 0.006827980735463898 0.006696054454718106 0.003975940409176342 -0.03630031390697056 0.0091493824761812
-24.01276100952876 9.558074948475424 -32.50681059364833 0.5953324243290242 0.3248859889488148 0.02256275870399119 0.005187642840502704 0.002213099881322615 0.008741820175616593 -0.04293450144569803 0.0115174556712624
-23.64990759213364 9.146059068223302 -32.34821634421548 0.5526935348031383 0.3258166821523956 0.01028471687209637 0.004302110059180209 0.0004955961607329448 0.01162316026940729 -0.02886661338619995 0.009375446505703027
-23.31393790390645 9.649416946471105 -32.42637589876784 0.5561508313178843 0.2942690812650575 0.001739412546950632 0.0006360723353541531 0.0001027760675033194 0.01636812507674254 -0.04702550395922234 0.01401785484698303
-23.68762055988864 10.14868732352978 -32.59293599729394 0.6036993342716586 0.2904287163267532 0.0148528556899251 0.00247540854621599 0.001539007652757887 0.008461895595092412 -0.0591610439101246 0.01349209636732589
-22.96797115282889 10.23023906417211 -32.51313632080799 0.5622147870289304 0.2593318355338671 0.001731227130400769 0.0005216835653432717 0.0001293120917683363 0.01926420830723495 -0.06825614097455984 0.01745688962365928
-23.3393707390432 10.66083389762774 -32.64631264763281 0.6062159685125527 0.257817199338026 0.008781843462802499 0.001062257551468127 0.0009497842246572927 0.006984262291551383 -0.06937219570394082 0.01300973450610416
-22.68585431231465 10.8534227309774 -32.5960957345005 0.573632491873352 0.2251669466300982 0.0001362921498692926 2.950220214465852e-05 1.247092487590243e-05 0.01555628848052911 -0.0783331796942147 0.01529969131183234
-22.2128806202105 10.36188711467731 -32.43486298519348 0.5204817901474887 0.2251995448905746 0.003615138053506918 0.001294326036073047 0.0002359846582430117 0.02441319666654056 -0.07178477529395659 0.01972936467279876
-21.90620991234688 11.00952832860746 -32.52347741545588 0.5309245737835352 0.1891418271319652 0.005953094369083851 0.001669698815177976 0.0004896953141573528 0.02342054844208632 -0.08895436468636075 0.01858760336710437
-22.39026895818852 11.5397758038197 -32.65739362315748 0.5863015787682575 0.1879545530942331 0.002813106298242541 0.0003786446688023135 0.0002881614085866605 0.008885806102454664 -0.07337975741644585 0.009675608006089154
-21.55698347388871 11.66439492157181 -32.57515515950101 0.5380806539473523 0.1510626068422102 0.01185329914367387 0.002759732263017329 0.001108570706650252 0.0182889003091862 -0.08345759445536201 0.01221104757455571
-21.16432675750637 11.11857618124422 -32.44339541373224 0.4881737147234922 0.1565169027378313 0.01994331557599744 0.006447642898365334 0.001680906304499638 0.02935530815915964 -0.09650217329620311 0.02187473375695188
-20.79362601340282 11.67987955689314 -32.47919204971126 0.4892816470023025 0.1211834686172689 0.02765330502875314 0.009409507638363911 0.002685291865104328 0.02941984176660853 -0.09115082408237596 0.01643341558139717
-21.09549874720912 12.30252438534565 -32.58112411133253 0.5363237083470699 0.1091910248271521 0.01813532863853383 0.005351329371128978 0.001799218996218817 0.01932371537997728 -0.06805831437631078 0.007648056054889186
-20.31043939725828 12.21337768401345 -32.4679517043049 0.481089876725013 0.08253168500829185 0.01877493149318336 0.008252975563963996 0.00203985373468103 0.03173220125554365 -0.07519887571351623 0.01217958845679736
-20.55571138709545 12.92845381081398 -32.55203729954099 0.5280909748740594 0.06470180725260113 0.01348782802690517 0.006254276533021147 0.001414412055396399 0.0254071394890216 -0.05615170483105076 0.006010385515325382
-19.69920978610112 12.80548914568596 -32.42436713698837 0.4663851465680077 0.03670939250691715 0.0176449484111145 0.009331945844739481 0.001927457572598896 0.03247823789969587 -0.06345361715708638 0.009893284817166318
-20.02577947517657 13.64135385647409 -32.50921279724204 0.52352910045057 0.0172217272050211 0.01870637797547594 0.007348270972733545 0.00215495605669014 0.01906257918929884 -0.04954938783674732 0.003485229701879252
-19.39750727548504 13.42849875391486 -32.42189288587468 0.4730088547761991 0.001507837291721889 0.03460085359721168 0.01790554965910865 0.004320873059341347 0.0328770353260939 -0.06544981925491945 0.007947815718832808
-19.41371959329606 13.9315470403116 -32.43698927967287 0.4952252509026913 -0.01711863559946063 0.03313971138800923 0.02040719131573523 0.004556924145305363 0.02992641948437676 -0.04965024999669052 0.004711345917382051
-19.76096451340584 14.50199947421115 -32.4775682454451 0.5421032199580451 -0.02594759691327692 0.001514075277656244 0.01803047566132925 0.0003679544890209584 -0.02746417572658758 0.00237760848258908 -0.003496580221327785
-20.52697873863571 14.26786895371697 -32.57069519713176 0.5832942172797341 0.01210270848838169 0.01230151068152874 -0.001853516072330593 0.00139730694775973 -0.002906038389116482 -0.01959885487974981 -0.0004137460528404909
-20.34855078250965 14.87406409705487 -32.54325348477307 0.5968780808716058 -0.01815385513669717 -0.002429042657378266 0.004999037352438128 -0.000225098912276911 -0.01172676467998044 -0.005763025687885724 -0.001442783675881924
-21.05137155480811 14.82487721247231 -32.62290693854229 0.6419234744978884 0.01035248320165476 -0.02019998659831485 0.02159162994164598 -0.002318305948397356 -0.006251955094360815 -0.005928199576885488 -0.0007376430907064616
-20.55303542152757 15.45156524502494 -32.56060644575334 0.6347439207450799 -0.03290760176862174 -0.01810828021627082 0.03304559571147197 -0.002232060688581068 -0.003568404275186312 -0.001985413338925581 -0.0004442092382874418
-19.88159941941654 15.30406937402305 -32.48082697933108 0.5835385525754372 -0.05244603774123726 -0.002976885756701062 0.01539483745006306 -0.000226056078038009 -0.0180481076691555 -0.003524400862539575 -0.002346425438087142
-20.1062351345302 16.00350098128692 -32.50673129427776 0.6276232222636123 -0.07116608239475737 -0.01645010983268612 0.04243607583447721 -0.002746273364975697 -0.00998791077564281 -0.003954654251608574 -0.001280928004789815
-20.72176154650534 16.04872028592812 -32.58744998305134 0.6710649812872181 -0.04984053683274151 -0.03123873953650337 0.05385331660350789 -0.005867191192805479 -0.003187155984311384 -0.001891075401722546 -0.0003882516521282001
-20.47479559922557 16.73662796299961 -32.58301404247901 0.682996013436045 -0.08588888385806702 -0.03474010593092588 0.06243317269214498 -0.00914655003255598 -0.005397935552295968 -0.003101445298604144 -0.0006678164997927545
-19.65296257377013 16.5907654598595 -32.45317580308802 0.6213364772853236 -0.1108613344757208 -0.01860746286933802 0.04460361861274447 -0.003924381676668134 -0.01014776360013987 -0.004357463217723211 -0.001410284101281609
-19.88176471161506 17.30790177604964 -32.51952248071497 0.6663186280803646 -0.1301237448698018 -0.03473857755370774 0.06028557332912375 -0.009921238957726432 -0.003476866456957092 -0.00207996773907206 -0.0004647254860806247
-20.0209581106222 17.92198230566049 -32.59607721832887 0.7011381967242123 -0.1487836234460176 -0.04384425479268425 0.06498921676295159 -0.01570482041244518 -0.0001274848068773433 -8.984022497150096e-05 -1.586579745804513e-05
-19.42957710176814 17.82449186559185 -32.47744921420105 0.6569048753405408 -0.1667351933407123 -0.03328371348733676 0.05713465677571551 -0.0105058887287005 -0.00103692384982922 -0.0006288672883248479 -0.0001349186524449757
-19.73688080282455 18.4426525434513 -32.59948851377415 0.7032418720001368 -0.1793239682350979 -0.04520454115805344 0.05870499279428193 -0.01679861205317358 -0.0007930289572517296 -0.0006359331743565739 -8.833719571213942e-05
-19.033627758229 18.38196661270603 -32.4538348025899 0.6529921160602427 -0.2025825242025081 -0.03380667694793237 0.05040743728213459 -0.01115147097622473 -0.0004953997538933532 -0.0003457356019152351 -6.096291971120953e-05
-19.35436463487079 19.01255550098954 -32.59055754945343 0.7005369271600497 -0.2151389179742468 -0.04570473433023736 0.05365462712829329 -0.01733249876418696 -0.001431042517856883 -0.00126698359381312 -0.0001485137396982764
-18.64576104810698 18.96120314816079 -32.43684182091327 0.6504911830041123 -0.2386812408573332 -0.03500604429261953 0.0449292204268022 -0.01165986126759173 -0.002105178128673196 -0.001701796294639059 -0.0002372602866943979
-18.96470309278452 19.5532928690192 -32.57641294890086 0.6960720825128047 -0.2498014878851769 -0.04716290204586099 0.05096632310725233 -0.01807042168259924 -0.00215164029066844 -0.002063431200203072 -0.0002040849437378097
-18.37183649424728 19.47257028252078 -32.43764123526493 0.6528452469544509 -0.2678474313271085 -0.03713152696368606 0.04359831867552239 -0.01265674220504392 -0.00545125394903551 -0.004800590979137619 -0.0005439245133731448
-18.5200578766992 20.02635134268819 -32.54227914449653 0.6851911665531568 -0.2835144852312888 0.04796916190108802 -0.04583287261384306 0.01758830123549762 -0.003475940063552168 -0.003733569058063437 -0.0002491578525702561
-17.85624285950376 19.80794929194834 -32.37549021022143 0.6321074265106177 -0.2987124577529643 -0.02865871720813899 0.03682940964160863 -0.009964359273409513 -0.005918363366074764 -0.004768824903441861 -0.000604183738204256
-17.99429559442552 20.47152981496172 -32.48929179574822 0.6679575407802505 -0.3186613130655308 0.04340120897390467 -0.03883802265688435 0.01503658091093365 -0.007034172903572918 -0.008012759009481989 -0.0003929156397232372
-17.26508142588736 20.29016211260072 -32.31838931327189 0.6126383690815282 -0.3373804677094924 -0.0186467309032403 0.03113503444104238 -0.007411799916126293 -0.008448636137377962 -0.005292996479746925 -0.0009792740255125064
-17.44346361417132 20.95975467045883 -32.44259900140835 0.6511572032356212 -0.3558648784274355 -0.0326090559870281 0.0382808308447968 -0.01240363621237369 -0.01194872274074334 -0.01048030559558876 -0.0009318426211665839
-16.66105538644318 20.82389371391445 -32.27181375225667 0.5948674528272047 -0.3779167416271744 -0.01134378756020693 0.03054099632531343 -0.006235839283391033 -0.008486024469677637 -0.003387204644820204 -0.00115220188803367
-16.87688017953655 21.59979663823009 -32.42728520461924 0.6398687188073936 -0.3986863432624889 -0.02714153071874274 0.04026050168028135 -0.01211842638211078 -0.009316004141561217 -0.006530989239165706 -0.0008326403391868762
-15.88719043979935 21.35901272117802 -32.20166306342943 0.56689672301481 -0.4238037691585959 -0.004265543167008266 0.02560246531165527 -0.004464273725571727 -0.009517070294627804 -0.001846503750621397 -0.001496228607058196
-16.16203315281388 22.04943312107954 -32.35628967057242 0.6119886764120648 -0.4390273232155822 -0.02450902313917412 0.03465787610552593 -0.0105142820425899 -0.01113370622720519 -0.008127415237513142 -0.0008372123533398065
-15.32366378489689 22.16712086124355 -32.22188306796485 0.5640204298112901 -0.4713857957951741 0.01077162027178795 0.0278346602302269 -0.00266955327644676 -0.01829003108467275 0.006663300627664646 -0.004323779833213519
-15.2556911324253 22.88438690479916 -32.33215934692866 0.5885187715156898 -0.4985623428838473 0.03179565734939615 0.02137913998336553 0.001429072401560844 0.01838022586434223 -0.02789475061845898 0.008365156777862327
-14.5273846066805 22.68846111661379 -32.18084855538593 0.5361432226387034 -0.5160251748480504 0.02754505628641851 0.03239252910132608 -0.001922855586949936 -0.01016766862347717 0.008458403238688001 -0.003161928288656474
-14.03977242736523 23.29123066439242 -32.23215335489393 0.5314746461735912 -0.5524797016959088 0.03000703909860061 0.0233526298186047 -0.001092653947038991 0.01097116980964335 -0.01389068286511746 0.004418916502993105
-13.67371983211499 22.71068829893833 -32.06489923089887 0.4857785623768938 -0.545395842333368 0.03598726542378931 0.02987209297220775 -0.001559159325377006 0.002472639574897866 -0.002930831466979898 0.0009193843043416387
-13.28183501285497 23.38316132260386 -32.16490792650018 0.4908368534323153 -0.5805724157604235 0.03792001006259924 0.01433104706749238 0.0006945204779725579 0.002691199210758322 -0.007213148120219451 0.001902987896199533
-12.78929012544938 22.62247190431605 -31.94512710039998 0.4300351917615201 -0.5724582113762776 0.04763326164093336 0.02754247091410079 -0.001470595194715813 0.004302940418001386 -0.007328964487938025 0.002111590958310316
-12.44436004306528 23.3846749843674 -32.09388307125857 0.4430493202342446 -0.608497726797863 0.04898787742304046 0.01215229026051541 0.0004542568969113004 0.002300749394984148 -0.009362777569163754 0.002356290746009098
-12.04947613284263 22.81944705155967 -31.93172852711011 0.3962494702180354 -0.6040019159494223 0.05501828084606816 0.0214105786531615 -0.001974210142718709 0.006807273804058353 -0.01706133545930118 0.004676015470020496
-11.67869007111358 23.33410631856134 -32.04538362759734 0.3982605828809482 -0.6327198855591103 0.05137181894895763 0.01077536898040377 -0.001202383322656431 0.005457128957866163 -0.02529447195269387 0.006474950378273218
-12.02751083475757 24.01203837455187 -32.21763144165504 0.4465504886332166 -0.6420515296058538 0.05145704375902673 0.0005703769746166903 0.001967225135878197 3.309508962654583e-05 -0.01412830483571283 0.00323068477401138
-11.2975551086266 23.94200822968186 -32.18830084194788 0.4041674188857023 -0.6641685367442401 0.04266383785640529 0.001159492586228871 -0.000120997686935412 0.0008505681975113385 -0.0305585532341393 0.007075240570762506
-10.93609047940466 23.2751504817364 -32.02454074229394 0.3554383224200243 -0.6562667793531218 0.0437050431523355 0.007037466222554428 -0.002115236079071488 0.006773381246179464 -0.03898880819759694 0.01023455448658699
-10.48110757359483 23.97352394031319 -32.20743904633229 0.3627212695597253 -0.6925291384259838 0.0203109885231166 -0.002141508601762607 -6.713597917832871e-06 -0.005041814767128167 -0.04785369115843829 0.01114892074010097
-10.22244890453754 23.15335115844791 -32.00702130901618 0.3121769911204037 -0.6773470158171142 0.02861367461676568 0.001661092199845523 -0.0013970868180107 0.003667987576598278 -0.05124745894492106 0.01419228099800032
-9.851152838002484 23.61102887667444 -32.14399990871573 0.314162199576406 -0.7034787562401409 0.008985346481446404 -0.001716493955750144 8.552562956360618e-05 -0.01240594282036155 -0.06413528532147951 0.01618070597540825
-9.476729362484665 22.99775587824703 -31.99528859136585 0.2665341610655491 -0.6989192928019506 0.01103304253345713 -0.001004275606607974 -0.0002298018693341435 -0.005819777220115028 -0.06850813549315332 0.01997894855466977
-9.291603990653712 23.71269949179343 -32.18863611324069 0.2907634881552728 -0.7254415028913112 0.0004976744307695973 -0.0001682309679533826 2.173306573879802e-05 -0.02521458938307366 -0.07237545486484379 0.017156511410429
-8.785655514138572 23.23887961427878 -32.0950983027668 0.2435880036551682 -0.729803412609322 0.002268341627774517 -0.0006841699593943858 7.985156963125824e-05 -0.02614020980846276 -0.08407847826724113 0.02217811138132543
-9.160346080440062 24.29739407306636 -32.30867573659626 0.3108489941475773 -0.7459215041707042 0.0006948115858897817 -0.000395331785887771 6.055230125992835e-05 -0.028973448612034 -0.04949033807772735 0.009347027785721593
-9.780951007448206 24.26214196275249 -32.2886410646086 0.3399346148943261 -0.7242775392369977 0.002849242853152695 -0.001208709649127375 0.0001799525841210569 -0.02120049268728218 -0.04846968418310504 0.0101114264024968
-8.851573031219079 22.56470041101255 -31.89805534082288 0.2139125320092941 -0.708882252411755 0.00213346281935732 -0.0002697228697070064 -3.268505527097559e-05 -0.009369582269286639 -0.07717060781118618 0.02524157859286337
-8.225983485937597 22.81243923665272 -32.00684108149593 0.195489720243044 -0.7378844465348412 0.009542797687115178 -0.002734320492953189 0.0003500108668985179 -0.02774204809244079 -0.09333447650662667 0.02722881333858121
-8.287896325356911 22.14975612187805 -31.79140273792084 0.1647458662701967 -0.7177332076033258 0.003109971509182736 -0.0002187799651240812 -0.0001081833333307705 -0.004921587608290469 -0.08506574163162682 0.0305470597359687
-7.610683317994188 22.39549835341634 -31.91179338969436 0.1447065379931597 -0.7487315636089296 0.02890703227519474 -0.005830074493778342 0.0005434451580643513 -0.02312590201788402 -0.1114022726060035 0.03499460372873527
-7.727031683087139 21.79357634191735 -31.69278167746683 0.1181839651021295 -0.7286283096589621 0.0268756783928351 0.002255668548393777 -0.002484776307791243 0.01127987837534443 -0.09364926932756748 0.03699032055143132
-7.357992428320972 21.98089352789632 -31.79049875546137 0.1106885427212959 -0.7471432885806769 0.05384928868994197 -0.00557962252347287 0.0001110707674516303 -0.01355638008855178 -0.1298658025853829 0.04861106093530712
-7.084574582888245 21.60954067386889 -31.64045324393401 0.07668354359820878 -0.7473194254065327 0.03531224413325254 0.0003899541463491629 -0.0009127522604441608 0.002107090188556856 -0.09495288305103952 0.0409517612997766
-7.670717710492664 21.19814770440507 -31.4319497234227 0.08177879516992444 -0.7144685296784203 0.007033829510157458 0.004563607420829213 -0.00231396027851363 0.03368989849830045 -0.04268738140655708 0.01822008445015574
-6.914988255747787 20.90957021093277 -31.31294498144936 0.02678517876338737 -0.7352653062441987 0.001236234257776038 0.0006857640773987121 -0.00035023264862726 0.02468728192750622 -0.03574785450172555 0.01714480135514094
-6.362638477800497 21.38266540455867 -31.54831133542096 0.02889268140729583 -0.7679191278828104 0.001229052846120162 2.8489484403664e-05 -2.033246834060236e-05 0.002539753607899496 -0.08279860203936845 0.03750660795394908
-6.533632967808698 21.90445554515198 -31.76854145384569 0.06735136977124859 -0.774766017781588 0.003756155343116942 4.421796386268886e-05 -3.144759933490535e-05 0.001768853684469269 -0.1185645254485123 0.04456325271470468
-6.992481684935078 22.19213286012503 -31.86699380871589 0.1047105247897592 -0.765579990337191 0.03105349913634734 -0.001107695818588739 2.874075613484761e-05 -0.004486106584872728 -0.1247047023914631 0.0408628623415564
-6.313175547797696 22.52675057156828 -31.97007621214051 0.09136680511848221 -0.7977354929127919 0.02450895427011293 0.002645150834839387 -0.001116592783340888 0.0127524702103988 -0.1054829390797418 0.03003012857491615
-7.0247810981463 22.83665765789527 -32.04482324911406 0.1399475128796568 -0.7805001304248593 0.008430192806726874 -0.0004687343574667064 9.720064884754726e-06 -0.005143806371637932 -0.09204176655527735 0.02264811702386172
-6.459515181797347 23.31865555517632 -32.15593761719266 0.1389135852194265 -0.8116795079380569 0.03680643603843138 0.004064721338886377 -0.001680529644042708 0.008207696186262492 -0.06856765924960914 0.01391681311667313
-5.779156662909651 23.13799785170487 -32.14163292555337 0.100462570569036 -0.8306875849450347 0.06205909079043444 0.01078460595718047 -0.005839468666706913 0.01566599080388 -0.08038098707891225 0.01803929082202292
-5.96010255085808 23.74401805817099 -32.25489886421873 0.1388739761110581 -0.8386592675691236 0.0679402966266144 0.01350497384560257 -0.006473804334653747 0.01003636386038372 -0.04657861958766978 0.008160657273583888
-5.743646129737863 24.38843571441789 -32.3828345103 0.1615944218725309 -0.8608390443959815 0.08559169740856794 0.02381721760705679 -0.01196902586111479 0.001915747058494562 -0.006393373759416552 0.0009774954625806228
-6.23995954687188 25.01494155095017 -32.45320826956724 0.2112436831584772 -0.8593400012388308 0.06822581238642701 0.04736286410706671 -0.01347870102625478 0.02070863434490225 -0.02873109531917954 0.003863609575099264
-5.475583564817773 25.13343245201909 -32.54904488930794 0.1863311318929834 -0.8867989225679157 0.1003166592697238 0.04565029174180209 -0.02321725729505601 0.02263262967851415 -0.04636790307845887 0.00662100156347176
-5.972493754814733 25.81220296624928 -32.64696044269243 0.2366443931186173 -0.8869868274379279 0.05067970902840083 0.1464059587049729 -0.04558959085974971 -0.06786879657908483 0.02383688163736205 0.001103116851254996
-6.579794580058662 26.18995352846471 -32.69478292127337 0.2777853392615211 -0.8773793149676283 0.04255552763795418 0.1765806649972374 -0.06077475667561761 -0.06195279255107679 0.01482738535161549 -0.000299535713394834
-6.133414339586139 26.51191708454899 -32.86176153352676 0.274038108088348 -0.8995903032452992 0.06844433129686051 0.1988403258865034 -0.09478514531770003 -0.06657200381881159 0.02235816116385454 -0.001168666588583268
-6.872428307431063 26.75591962037029 -32.90160021707992 0.3148689358471345 -0.883479533768275 0.0558748413275109 0.1778693642590754 -0.08571937565537999 -0.04582424770244804 0.01320918379687755 -0.002460510746635522
-6.233296431525778 27.06558606272874 -33.13932820961388 0.302945013057237 -0.9120042848580816 0.07129406821074401 0.1435236010471605 -0.09757740245635772 -0.05649461124820206 0.02439170974353894 -0.005400273388243175
-6.801832095535401 27.31151369541335 -33.20429800572332 0.3367317981067982 -0.901616046420934 0.07139456960098121 0.1261702800652395 -0.08636339877988458 -0.04037069948153912 0.01857171556544595 -0.00624165059974818
-7.465806025921603 27.24396343516206 -33.1036578778541 0.3613922995768447 -0.8793399026423597 0.05024114582387736 0.1401920750671005 -0.08047427758851029 -0.02942466389208996 0.008962313700103263 -0.002757197467939371
-7.961850586148128 27.71097470966532 -33.34283651849132 0.4033555904668703 -0.8785509532133858 0.03904543340488149 0.09473014153272949 -0.06147695455543799 -0.03023794866059546 0.009990576268840787 -0.003810291327548672
-8.802745681787354 27.69945959172583 -33.28574534775557 0.439930399516716 -0.8529460951882234 0.01468966395536261 0.1175740117461439 -0.06983815487823045 -0.02742480447338339 0.003066719476667649 -0.0006056094989539914
-9.258391776839698 27.18314277140967 -32.99968077353734 0.4385118990201317 -0.8233152590729623 0.02978208426777244 0.1554263566477786 -0.07096728773067408 -0.01561989268534257 0.002557891300804976 -0.0009529634960818568
-9.606128114838464 27.68491341972331 -33.249488802594 0.4760146583863124 -0.828444649800975 -0.0008086335849797 0.1541985271503717 -0.08869953875265177 -0.02903476208633582 0.0001911263765523135 0.0005969578902379297
-10.11411577342485 27.19486806351852 -33.00060454866291 0.4792455072361624 -0.7978886553894883 0.005082897234459571 0.1694874188423539 -0.07227811391299988 -0.02443736113798952 0.0006102668135246371 -0.000287501253025923
-10.11105163647068 27.65061418273066 -33.21590112176059 0.498043088429884 -0.8121769056167312 -0.00683255484048428 0.1814657117642245 -0.1027010975723338 -0.04692299147122676 -0.001318384076885518 0.0007922252978725724
-10.58792639103519 27.57056612453498 -33.18303900168356 0.5175783072950526 -0.7955010379165619 -0.01595846349994488 0.1848257449741834 -0.1007935608715814 -0.04751380841108142 -0.003710365379093509 0.0007190571632505475
-10.85530798360297 27.87536686152538 -33.37482857302164 0.5436414626345315 -0.7978288902029882 -0.01586750646287318 0.1628454544135172 -0.1087277117903072 -0.05272543822425136 -0.004659853216535698 0.0007154139083153023
-5.688361729579523 26.78512903504432 -33.06924141238119 0.2691352736369109 -0.920984456295644 0.07307942112603885 0.1707883965378329 -0.1121798561571997 -0.07018762981770636 0.02887821940438081 -0.001757949930586523
-5.490298944397821 26.30666127599609 -32.87306850305939 0.2400784211232043 -0.9143733527451297 0.07060334997728913 0.2137134843796321 -0.1019512954509928 -0.08381163166479236 0.02908936432676781 0.002936769412695289
-5.030571271814241 26.64765460871388 -33.15879307180379 0.2387582547894197 -0.9384599703059932 0.0190622442651331 0.1503814371292879 -0.09354593550784995 -0.08900406966903171 0.01974344853242774 0.01360220345934572
-4.961428128856044 26.17443543644026 -32.92382169322352 0.214585509162495 -0.92783921537173 0.0765544231136463 0.2226945089531733 -0.1128028532983752 -0.1230435424494613 0.04778307278157542 0.01082863140046403
-5.19678026350487 25.7621182465076 -32.73845517004339 0.2046347400538138 -0.9103647518834685 0.08107663461714082 0.1543663724273067 -0.0590882155038912 -0.09696159494653274 0.05216003681092971 0.00322290766743867
-4.577005226395968 25.79949171473493 -32.89919991974176 0.1840006309657768 -0.9315189843854439 0.07835200029160702 0.1744814815368892 -0.08017121496493103 -0.09940283993042562 0.05089821922998545 0.0136256554936807
-4.743358172351202 25.21450584749226 -32.70067991085641 0.162870772174878 -0.9126593439262585 0.1245561141403116 0.05677558394061071 -0.04328753178528545 0.02352137446558 -0.0473447999270691 0.005583647999612249
-4.036136816438621 25.33553756541349 -32.94388678812717 0.1438985103395136 -0.9394226926212063 0.07367258051943386 0.08038277403535933 -0.04863220635269149 -0.03685748525651468 0.03531127060326343 0.002529842767298562
-4.222921665583995 24.64332085182844 -32.70730065723051 0.1171043854742542 -0.9176423763275094 0.1079526433214533 0.03680222226737078 -0.03944259606779158 0.00105330068891221 -0.002706398159517797 0.0003576115260151916
-3.45221696274159 24.78344552040007 -33.0025326024599 0.09816939080619121 -0.9476852879678527 0.06883300174748826 0.01790340651163975 -0.03083356273473076 0.004954286396587247 -0.01497078181135118 0.002367238980980572
-3.675804443819063 24.03402475690103 -32.719740757512 0.06809577042003059 -0.9234690950531338 0.1027233368187653 0.01900830027112135 -0.03816467629371695 0.009701728632283269 -0.03782294441752185 0.00727489606502476
-2.908056364544478 24.19904169014117 -33.05165778655218 0.0522563614649546 -0.9546389390096232 0.0873398432985651 -0.007512750090291773 -0.03447942509358857 0.0006375786367098653 -0.02508319949084317 0.007080449479587951
-3.051282356245334 23.40483444271893 -32.7485929768044 0.01541869631573086 -0.9322574106412213 0.1230162445119448 -3.537516798114913e-05 -0.04742829742978683 0.007576741365743538 -0.06660252058637106 0.01970170540465012
-2.414029725138898 23.70902525338122 -33.1289164085721 0.0130111282874356 -0.9626605941769827 0.1208622700696914 -0.02809595776206581 -0.05148409899710819 -0.004765916909342941 -0.05775400596169879 0.02032927827914516
-2.435533463476181 23.18249099711697 -32.93984051267091 -0.01410874023114363 -0.9504702652355893 0.1420407903183615 -0.02410779883451737 -0.06342978721964276 -0.0004309819854345894 -0.07730236671820212 0.02841524405890248
-1.982059844366828 23.2771494577913 -33.22869583379951 -0.02082002362094368 -0.9705582351464813 0.1351247704138578 -0.04213715180073214 -0.06881986132895018 -0.009295162212684619 -0.08516077930127786 0.03389175711629696
-2.083286326067 22.73839776195091 -32.96665157979088 -0.04733835973869204 -0.9545378893825285 0.1484061779997984 -0.03001978872048198 -0.07832046267893514 0.0009122573796505986 -0.08833620699071737 0.03558736511455515
-2.659349575830943 22.74463550316851 -32.66161056222152 -0.03220863238833838 -0.9321040640736924 0.1548150168086879 -0.01147113912507869 -0.06630559738384022 0.00659986872051327 -0.07708133960739486 0.02874522864867178
-2.238810529982047 22.19884461288565 -32.63083598173435 -0.07444544846586353 -0.9357403148918336 0.1625523811247284 -0.01863831805587282 -0.08267818096746063 0.007963693859634994 -0.07812985697079536 0.03327028353945253
-1.667483510420707 22.19982791262385 -33.00757534315685 -0.08676714614805907 -0.9591151791631046 0.1396151789417029 -0.02900917453318088 -0.09023005794094333 0.006518092066823695 -0.09130162028976054 0.0394392878562165
-1.782871613109684 21.57033979780201 -32.58756736218488 -0.1219362212965946 -0.9389010477676273 0.1457510935999788 -0.0210266358153305 -0.09006387380527185 0.007202463821360198 -0.04919166899007548 0.02314026922810579
-2.412705572466681 21.68643500026169 -32.27358587044262 -0.1014665496001393 -0.9170225210830339 0.1749061482925186 -0.006784578035895405 -0.0831441011712265 0.008054122764009061 -0.04575154203024302 0.0206763976455083
-2.09757678602065 21.25185342368287 -32.19329322766988 -0.1362660997275444 -0.9189217612935653 0.1768598263259455 -0.01158292096182268 -0.09423140919938471 0.001397073755707223 -0.007560549263150955 0.003551464094459761
-2.554147350826918 21.18209314498264 -31.93288817688337 -0.130513047806237 -0.90045340284109 0.1743075149118469 -0.004074840545948684 -0.07131351255590387 0.002147117405833549 -0.01277472385800152 0.005978020808335663
-2.067585604542712 20.76728522769532 -31.93985399642362 -0.1687898664191334 -0.9097029452283983 0.1648552095027803 -0.009056230157158273 -0.08530264535683205 0.00068491117855853 -0.003772936455945644 0.001724210968255271
-2.646625915394367 20.53115116448918 -31.54405888201271 -0.1724714308927005 -0.8837784942958438 0.1578350039994335 -0.02018138963951565 -0.05000015130145549 0.0006091730311337035 -0.01441247168745865 0.007740227269815481
-2.006955707112381 20.2211797314916 -31.66290410338436 -0.2079011292943236 -0.9013331167027968 0.1401184074047585 -0.009862206716311028 -0.07039838093733591 0.000698042875853147 -0.004099522741998629 0.00196366727393405
-2.336017736587948 19.72335438144087 -31.2220703016518 -0.2386169752093221 -0.8806127952929604 0.1257023398159188 -0.01518681626125938 -0.04906302359866904 0.002191848438666083 -0.02716762596730879 0.01402502680452412
-1.595415985034988 19.6781208359473 -31.59100183882324 -0.2532255124615796 -0.9071239457371593 0.1077187991397129 0.01179491392551585 -0.07268345283833377 0.001316757639648264 -0.003687531924602583 0.001353064916596897
-1.454086954572203 20.35810733772344 -32.09622413690105 -0.2059442283590295 -0.9247572479505892 0.1161315150724851 0.005355297933319402 -0.08624663932970886 0.004205080641928543 -0.01286828552187213 0.004863133060583101
-0.935518633904632 19.62908038408746 -32.02166573499968 -0.2611739715487224 -0.9303767549354018 0.08335042120347065 0.02055420484062924 -0.07774529503786871 0.009120053702962689 -0.0181973075564668 0.004966591615461556
-1.13234140369048 19.040975368163 -31.50680180779177 -0.3050836944564497 -0.9142226040781554 0.08735505988373103 0.03558984720868703 -0.07814815505610297 0.00460290766695215 -0.007669641326569554 0.001652321949701149
-1.7973528541484 19.05648444695976 -31.12642275363798 -0.2992418828189917 -0.8907533683926346 0.09440879512557614 0.03495750841098187 -0.06752847553545865 0.01161767124230413 -0.02116954839619752 0.005283336773194075
-1.355431373404272 18.4982034896506 -31.06364102010294 -0.3485943124319924 -0.9000794402741531 0.08657595285983899 0.06713843186847832 -0.08240792957870308 -0.003640772690864964 0.004289932149157621 -0.0003298717451108704
-1.978219798902845 18.35634181531796 -30.69783809714177 -0.3557763131966936 -0.8768566831201807 0.06770004878302653 0.06483123443766492 -0.0582205273697536 -0.02640202930775055 0.0268805159898559 -0.0007681421000850181
-1.501901837227374 18.12956706455641 -30.80195057295315 -0.3801059201406067 -0.8919232034209239 0.08298005192289108 0.08943873887450519 -0.07964886176871466 -0.008141814606978624 0.007789344650183007 0.0002644226530036257
-2.323817914802504 17.72690565554965 -30.30606796657494 -0.4086145997759052 -0.8600862660918599 0.004911606010235037 0.06961027519187669 -0.02748044630395572 -0.04058903169063197 0.007829193562296255 0.01257748810108773
-2.838435295699046 18.34879807010261 -30.35754736853663 -0.3395149690510373 -0.8438777177589111 0.09293110355698814 -0.02326197540116752 -0.02268226885073406 -0.008316475957600065 -0.06054621202689477 0.02802035416038184
-2.977490307334396 17.57181341970778 -30.01377777726041 -0.4075474222235241 -0.8325570742542457 0.08706165336611739 -0.02580143211440454 -0.01993641343854751 -0.008048680231526007 -0.04012553191912138 0.01678159316493986
-3.500956070457081 18.02631005928405 -30.01753559729941 -0.346896982322246 -0.813229808161707 0.1444353490145662 -0.04315961698806794 -0.02123924433777693 -0.01471190676241549 -0.06312465501255766 0.02822683026817249
-3.564445231068108 18.63924042862664 -30.25961801741432 -0.292016775127921 -0.8176789347962453 0.1560425399930921 -0.05834217179736866 -0.009912864377820641 -0.01801253131359417 -0.05303120277663973 0.02857240796829468
-3.145110734807135 19.05889392027888 -30.56714317062546 -0.2713571544515118 -0.8399744053141347 0.1471320702565052 -0.04305252216990296 -0.02280161184316715 -0.01220718217172914 -0.05836962485808827 0.03144039062930466
-3.798016652418402 19.21411399000705 -30.49460064392971 -0.236798730517364 -0.8169291616829429 0.1530653661632101 -0.0400042862941411 -0.004661609043856371 -0.01073515897499363 -0.04389563833672007 0.02420465609557263
-3.414394033151892 19.60478709930043 -30.77410404536609 -0.219866079138843 -0.8381012359904647 0.1656594888202352 -0.02930543173184633 -0.02264793383742759 -0.005029077582219576 -0.05066955777040222 0.02877873316366054
-3.969776610858725 19.69583665591256 -30.72626640870422 -0.1929700115889082 -0.8187672023576927 0.1346250323282611 -0.00941306436992115 -0.01169094331569829 -0.0008278575369571875 -0.03823245641983244 0.02125014371513041
-3.727258836894546 20.11227190130342 -31.00309652676005 -0.1705643408075175 -0.8358720530876975 0.1435896536172358 -0.005980065273904227 -0.02165915349443706 0.0002503198907326814 -0.005643602323596815 0.003217690695842585
-4.408277882634636 20.08258765045171 -30.90781057631693 -0.1463393186741762 -0.8100268249566045 0.09459140531762454 0.009192156302561889 -0.01222263348413245 0.0004594737056349911 -0.002725408412398814 0.001506212505784721
-4.149387887838721 20.63613246667333 -31.24553217279993 -0.1170321051398966 -0.8312798271999448 0.1092235259327386 0.003029443690737005 -0.01438996949852819 0.003615800121349053 -0.03657552921363033 0.01974479043470027
-4.925544192355384 20.6009813845918 -31.17196744141691 -0.08741686341616373 -0.8020940224718023 0.06324330396897553 0.007455325126633139 -0.006696007311834161 0.005957173170144651 -0.0341798856103434 0.01820923244267566
-4.607643374759737 21.22221049625553 -31.51441275234791 -0.05926737963235183 -0.8276814585212779 0.08204981982039398 0.00733156191169206 -0.01001874078418203 0.0095069573192068 -0.06411515244172923 0.03094000854542414
-5.535519852830149 21.18339330596832 -31.4575242249839 -0.02183893890255903 -0.7932316650741501 0.03669051971074062 0.003227338925911725 -0.002213709015655444 0.008094231110130979 -0.06930588883442698 0.03311544233720725
-5.052920444394731 21.87473467915638 -31.78176332690649 -0.0002575394798258491 -0.8267363989223488 0.07118754151463805 0.009655330893756236 -0.008230913804383294 0.01671086130152908 -0.09210273534540349 0.03648716944503749
-5.885480279563295 21.88511426266701 -31.76045589164578 0.03643090796357339 -0.7974194610282633 0.03293708628927238 0.00295129666717486 -0.001589632042310142 0.01131304651671834 -0.1046234597975381 0.04016270395137832
-5.479568087129124 22.50715230184279 -31.98857057025889 0.05403494373456871 -0.8264120341381287 0.06306251852018011 0.009645977121987032 -0.006350005789460566 0.0190695561812151 -0.1040309133444324 0.03135342491815189
-4.636834432158441 22.61604191237029 -32.09059900441353 0.0260688496296467 -0.8583171561900146 0.1004491056862888 0.01892518945047198 -0.01891711510909383 0.02324701719095587 -0.09455853040459944 0.02884181766054577
-5.176588557059052 23.05350957293742 -32.16111422905286 0.07124107804514535 -0.8494825147597621 0.08776419954644459 0.01804526534832159 -0.01267333243998212 0.02041665545813929 -0.08512360176644365 0.0201820194988251
-4.704712319845997 23.30428581118413 -32.28210361432496 0.06624846916214142 -0.8714330313816565 0.1114390793970557 0.02561810901570255 -0.02412952094064499 0.02095604585273437 -0.07539670288022798 0.01673475013508477
-5.261198107364443 23.72248493507636 -32.30763019753934 0.1094583979026747 -0.8617825919875499 0.09612680728565345 0.02285079937085623 -0.0158802991098588 0.01349702384312848 -0.05035514826974476 0.009242295657108034
-4.468889879124836 23.91120475089535 -32.4758250268461 0.08919686583847582 -0.8930726956401218 0.1129320064597221 0.02732380209115369 -0.0304912320836123 0.01360343201225383 -0.04680670051642793 0.008439339208262538
-4.983700424465193 24.51223443370439 -32.50391790154635 0.1381151960185613 -0.8889148612452036 0.1146344154891714 0.03137643793483456 -0.02673182657025739 0.002166793862015146 -0.007019938125384245 0.001052247398291501
-3.966256035137581 23.21453319494495 -32.40339474588935 0.03475152818455404 -0.895236411041286 0.1180328864776519 0.02092867425990873 -0.03512393396778535 0.01989830369604649 -0.0787688004041224 0.01993306491219885
-3.904752392771758 22.501309146396 -32.16488210897138 -0.007406465266878558 -0.8814202398818773 0.123451895556178 0.01949077623214886 -0.03336190452105717 0.02082579251900922 -0.08363296760437115 0.02820318921331747
-4.144511288423962 21.86922299773806 -31.86408196789886 -0.03643266605112329 -0.8587389053735514 0.1084176704937372 0.01374528105673654 -0.02217602960680083 0.01568892580835394 -0.07449569319284258 0.03052812249272767
-3.451066965113359 22.09067419562151 -32.09765183989548 -0.04696145990984658 -0.8882830264331889 0.1443596493965603 0.01249615557377438 -0.04294473630847202 0.01401434518188021 -0.06838842190902719 0.02720970479280731
-3.312941608172698 22.69820191814048 -32.39469006063773 -0.0156469186935664 -0.9069577064372915 0.1426142755399021 0.01034298961180612 -0.04911205614474026 0.01495462873025077 -0.0785806269757503 0.0268770040892472
-2.8421662419141 22.1890141166741 -32.33783536966556 -0.059456193807109 -0.9125681652078812 0.1674667322243648 -0.000634046590372134 -0.06604087812868335 0.01089719747792079 -0.06939803684186342 0.02829943655545315
-2.985301109600165 21.65503643444482 -32.02146528786805 -0.08832427169081419 -0.8951914843716355 0.1676561123031033 0.004353406470998915 -0.05879166127342402 0.007608723954230131 -0.04167849816556811 0.0186115787585822
-3.512311349306884 21.59147801163871 -31.84496588112518 -0.0760223186495899 -0.8749022045553898 0.1392064056053976 0.008531985289679951 -0.03574600896042853 0.008683568395460148 -0.04894640536672917 0.02213389289038847
-3.153661050486722 21.13256444349544 -31.70086296387416 -0.1172811385285681 -0.8777276286592852 0.1531312577501992 -0.004977584255493356 -0.04050433161277223 0.002952548148060659 -0.03010729735250518 0.01486233686097937
-3.829795510911907 21.17992717112729 -31.57916614620605 -0.09185638167222067 -0.8545669550928552 0.1212530011560553 0.002908428733467848 -0.02180107801766476 0.005573741143149965 -0.04961488276688842 0.02438097282145289
-3.420465100566627 20.60760959674581 -31.35037207009935 -0.1449524480548103 -0.8571275005308916 0.1447086525962619 -0.01158526626995854 -0.02713879922107641 0.0007485592900173879 -0.03211580571091498 0.01770134201475485
-3.057229701386323 20.01872822960718 -31.10871505135756 -0.198992615102864 -0.8588767065497749 0.1558771464493068 -0.02733370395956994 -0.03246315620200716 -0.0006511300081838545 -0.01246474731707385 0.007368705124172034
-6.190479234684291 20.86947458255273 -31.29992205039166 -0.01107553063926303 -0.7614721128999786 0.005462539824028784 0.001024643594774666 -0.0005364562499807246 0.01076665917393818 -0.04537281840413212 0.02296988198973702
-5.698743998932006 20.49529977522932 -31.10170131373135 -0.0592056126009457 -0.7708058237865444 0.02815489711556738 0.006593296005886327 -0.003578939922412627 0.00719262108542255 -0.02384071401152128 0.01266258254235821
-6.423626049838695 20.40734878812531 -31.05811427498406 -0.02952873146394325 -0.7410938812276361 0.02251684415218648 0.01779318030352127 -0.00905706770499066 0.01762977495814895 -0.01761134533975351 0.009230918314420699
-7.045573708652305 20.35228467488256 -31.03472087317285 -0.001247469370279451 -0.7156619961521317 0.03673343602235953 0.03929806545946488 -0.01878458447914506 -0.02810360028043508 0.02118730086785153 -0.01063222168724868
-7.605055312067647 20.58811970542475 -31.14740548639216 0.04240878983964459 -0.7002966442742243 0.04045464882367936 0.04404724859009294 -0.0205864952365528 -0.03163866070277842 0.02399063453937465 -0.01084251894398304
-7.547523678996052 19.95511119628102 -30.86040978272512 0.0009133346228672738 -0.6855273977726541 0.06982441849680848 0.0828263806956808 -0.03259607397712312 -0.03051951030804441 0.02155389746184143 -0.01060789540663955
-6.731148536652933 19.89349961690931 -30.80095161465961 -0.04724259805826668 -0.7162035782547779 0.05051324904141848 0.05754907581006315 -0.02620599065676889 -0.01746445555654898 0.01231829845911979 -0.006612217156580457
-7.14638612674289 19.31571467885151 -30.56224520166399 -0.06169797944304123 -0.6850319259059917 0.0816962793812815 0.09450502190987073 -0.03145155024504862 -0.01934867920770126 0.01421978351187174 -0.00753139823069255
-6.275891639244156 19.3656020361663 -30.52123018364719 -0.1071377558688482 -0.7215729485313829 0.06186874791741107 0.06516236937347188 -0.02782934170899489 -0.002094775058409174 0.00160970481219749 -0.0008878733365706196
-5.953660173063774 19.93000425124705 -30.79806305232023 -0.08520372559838976 -0.7476230967249625 0.03929883249174507 0.0315386564356077 -0.01590365166176446 0.002967634060129046 -0.00290196899365266 0.001578275938258724
-5.445862614668908 19.40413346709041 -30.51039075099665 -0.1479719939468128 -0.7557525226566368 0.05808021076968571 0.04054824837276744 -0.02023148597305959 0.0130091911694527 -0.0147359493147097 0.007812556747144494
-5.160563194872797 19.99430367918623 -30.83021194281291 -0.1193239190405073 -0.7797366048691545 0.05379956882912688 0.01507528377190878 -0.00913185906593353 0.001234147228463097 -0.003317323613547355 0.001794486074213317
-4.557734868767218 19.44003256254566 -30.54259813701082 -0.1877063216323459 -0.7914893360320252 0.09494280177882568 0.002939502877340882 -0.006583389627779509 0.002248115318476444 -0.03313716713334335 0.01762550532221793
-4.971080463514108 18.84331246506731 -30.2183532074517 -0.2136982013492322 -0.7635990331665996 0.0889824966646684 0.03384678385959053 -0.01705073320050482 0.02092571531978311 -0.0441128931558556 0.02163794537410409
-4.222498246609034 18.80472496819811 -30.23042817583659 -0.2521789093204215 -0.7934272659733081 0.1470486174143191 -0.02628389991404729 -0.001763564920021985 -0.009817131878180743 -0.05689137607357807 0.02933351896633836
-4.552793940350151 18.30602999307817 -29.97086069926785 -0.2768394617602 -0.7717427562683679 0.140818793278847 -0.02299350033315296 0.003333179239750612 -0.01242320881647173 -0.0714525296762859 0.03194472952446042
-3.975346869189524 18.33299356471414 -30.0349948958914 -0.3015662313731393 -0.7965449744935382 0.1765585581468163 -0.051063679059706 -0.005859677747706699 -0.02092763785027258 -0.07654357302680731 0.03645983483388749
-4.110562715510959 17.83885326037304 -29.82116605067177 -0.3369833538022586 -0.7844578322320735 0.1709205420170335 -0.04221260786504507 -0.008431972617088673 -0.01261392450407747 -0.05561106938191084 0.02271229524481991
-3.622542985145776 17.37143844877472 -29.75379536176018 -0.4015333098056021 -0.80215444092174 0.1420680975578201 -0.02339467391884294 -0.02663064251666011 -0.002552373565069673 -0.02657606355643652 0.009730425547969726
-4.28762405464788 17.2175059172884 -29.57446646233784 -0.3814700386413101 -0.7688759411321427 0.1610322541085477 -0.02972632853173178 -0.01034846376208719 -0.003495016930691348 -0.02175548194884085 0.008107498002555311
-3.800385676535083 16.68639968193666 -29.48398944935505 -0.4577598334524015 -0.7883457960046438 0.1312151218966288 -0.005353189308800993 -0.0272469006471648 0.0003150010956976839 -0.01120530829493207 0.003718479582239578
-4.470678729309666 16.55715077352622 -29.32624962924045 -0.4277642494084338 -0.7515253404966674 0.1625305903961915 -0.008618297833223805 -0.01485124406230998 -0.0001033404695097078 -0.004784931434018654 0.001645786479984174
-4.682772589332574 15.96317814964433 -29.10333876741925 -0.4630503415753898 -0.7313918325206266 0.1753518965104928 0.009863108606768478 -0.0159607249065431 0.001072213065522948 -0.01230266491790468 0.004177258530248313
-5.13369192212717 16.44649511564198 -29.25339937563491 -0.3922772900743622 -0.7148613561228574 0.1782907743037378 0.00870688992830021 -0.0001494288356933826 0.0009165093499690766 -0.01865890932520115 0.006318004028877534
-5.267800919784436 15.88103574043645 -29.06955247641898 -0.4262419484745583 -0.6973321603207785 0.1812490100176509 0.01632430652094003 0.003514887359117353 0.001156716987905053 -0.01383418094370452 0.004603163518404502
-5.862103307051227 16.25382943903247 -29.25600000129009 -0.3545464784506361 -0.6732255345198211 0.1593190884417975 0.02382671012755962 0.01673097610037797 0.0006539389584835784 -0.005760181352568351 0.001976048044614166
-5.783090486456784 15.33046288811481 -28.94180177329796 -0.4262338464688746 -0.6568861436615083 0.1772374327243127 0.03456726361653438 0.0152304867620623 0.004087887814067252 -0.0250429044454789 0.009266804171474621
-6.480912996791391 15.74877948664111 -29.22441863658795 -0.3423951774868328 -0.6292767134996508 0.158516073149406 0.04650480075716948 0.02826551317559732 0.001866092844171299 -0.008253191494300391 0.003113593435089118
-6.483820261936962 15.18773693939164 -29.04680649954531 -0.3791513192770499 -0.6147174673078228 0.1758856936040788 0.06053754099748302 0.0329540900430928 0.002353137186198636 -0.008677003887830046 0.003380500335741581
-6.919029880740775 15.33823373504891 -29.23939452832395 -0.3334860818190958 -0.595356688370858 0.1462585122016851 0.06494595059657784 0.03657179646588018 0.002322718805287866 -0.006838379066988437 0.002854867477413419
-6.899015722468576 14.66893883850312 -29.04818154958008 -0.3759951429974546 -0.5774103483314891 0.1422202792215134 0.06531893764629557 0.0407590980360334 0.006153001687052442 -0.01814696694202411 0.007612017908201281
-7.535195609107374 15.15518463806357 -29.46392953512785 -0.2921669840365406 -0.5573760586573179 0.08766349008510052 0.06099091136576278 0.02653160870657986 0.01191567361997543 -0.02181169963503342 0.01077001798477788
-7.602541022300396 14.24735830804643 -29.28407671831789 -0.3375873560470089 -0.5257248317404288 0.07979162662716405 0.05424192762239027 0.03010863602430035 0.01358199444495599 -0.02771095955956244 0.01392844341517693
-8.17792370461269 14.63936672093806 -29.68373933434453 -0.2652784483593885 -0.5074501744078411 0.04636030597087627 0.04570354100627198 0.01616308890078201 0.02732447501014585 -0.03527545157598615 0.02137227777279671
-8.240699970167913 13.72389752926258 -29.5454330095615 -0.3072342862062794 -0.4735330455301369 0.03819376044307649 0.04269621642317154 0.01507405039261603 0.02761359918455299 -0.03288240166023215 0.02317140625614965
-7.657983087391764 13.53453489840048 -29.14447150719267 -0.3709997301073757 -0.4991796490696864 0.07442297682981237 0.05881345278530108 0.03046111168981259 0.01259141123366201 -0.02260119064829101 0.01287424295543817
-7.027675457615739 13.73434087417059 -28.8451992088592 -0.418649051660068 -0.541320026525313 0.1225477737271334 0.06726070212672405 0.04249507810600543 0.0086965074330272 -0.02272313257384665 0.01088681906084625
-7.378198894102802 12.98476312622703 -28.83992979282161 -0.4258649266344075 -0.4958916766944642 0.08584525574629129 0.06144918370372027 0.03716261037742259 0.008677510532665109 -0.01809815537187285 0.009880731183781294
-7.981878256991604 12.98131835521028 -29.22941462098465 -0.3684373509175379 -0.4616653308806044 0.04514242773990866 0.04500664832315072 0.02056174883455636 0.01569547798239542 -0.02260613511155558 0.01502276847816887
-7.728147201566664 12.29365002970377 -28.91080879859202 -0.4259399308053349 -0.4506724657589216 0.05239153763639873 0.04655717673158183 0.02577751526598205 0.01476484891482522 -0.02537815750959127 0.01582705790179703
-8.349964935578637 12.36731088352728 -29.36549746791668 -0.3625930722815048 -0.4186537416580792 0.01687750139838451 0.02609278056707055 0.006947750007334356 -0.02622425018455481 0.02295184905700669 -0.02249328800354329
-8.161821187103765 11.64144962531635 -29.09185649746521 -0.4135999743385403 -0.401227283519249 0.02367396319227643 0.03513603767677493 0.01090336575558042 -0.0289257955330237 0.02783545854174164 -0.02689440195718847
-8.823432408369493 11.74149607798831 -29.59135845088765 -0.3464328329979331 -0.3692179755779579 0.003944252756186055 0.0141008362190143 0.0005270283716503186 -0.05970830684594667 0.01833735678156058 -0.04376882168574071
-8.567737824498103 11.06793660530246 -29.30108265673923 -0.3991635958058607 -0.356132447233181 0.00746712182342576 0.02292369432352642 0.001893302898201031 -0.05376472698704122 0.02115505088144469 -0.04409445190663758
-8.952768756519212 11.16140799323192 -29.59934621584053 -0.3591731366250523 -0.3394514845553688 0.002271381666952912 0.01311847342426683 -0.0003464779407153891 -0.0793420691961519 0.01225016650085058 -0.05631711405842448
-9.03210743911943 10.59760222480576 -29.56860952460912 -0.3756416544783389 -0.3127427081479092 0.003930785373870727 0.02549218472165964 -0.0007542811637930983 -0.08618287914245912 0.0114843399827816 -0.06099248764543758
-8.437038594036961 10.40058744077991 -29.09092963351501 -0.4392839911335015 -0.3358953994457087 0.01025551348531435 0.03339297096547592 0.003101833577016488 -0.05421861903676609 0.02100309838305128 -0.04684844373351678
-8.005069117946197 10.92552622547366 -28.83052691475574 -0.4600367764067865 -0.3813364203558918 0.02614493728728933 0.04554309991806681 0.01202016925798374 -0.03126531138058405 0.02598840026139582 -0.03046235844468804
-7.848345921074878 10.18256389462452 -28.55114599291097 -0.5064835195166227 -0.3592530264831365 0.02667619942646529 0.04791232942139563 0.01414642812284966 -0.03151631816095254 0.02729507748138176 -0.03301435184664134
-7.522394825769386 10.8013145698828 -28.40136102020772 -0.5140250922210257 -0.4036421015478677 0.0501971383236231 0.06286348532970024 0.0267447438925226 0.01921385926773011 -0.02467646585552143 0.02193955942380869
-7.478889898106627 11.5027876785957 -28.54372795044771 -0.4872108814943628 -0.4344209105140766 0.06296801097668309 0.06251931893372205 0.03120971891648443 0.02027275333142791 -0.03213434955119004 0.02346969852492749
-7.122517816747583 11.03276983586322 -28.13654608707348 -0.544479940042957 -0.4361382895655961 0.08408244245500719 0.08109587770390177 0.04130703820084865 0.01311016729552963 -0.0219717597380918 0.01644959994841649
-6.792541896524929 11.54089139168778 -28.05820238885642 -0.5537409789693107 -0.4756323467395632 0.1074745317285751 0.0816229831984385 0.04462902850287098 0.01495030799721707 -0.03092637172384064 0.02055893662004779
-6.971483797782282 12.31529320534577 -28.41566087136631 -0.4985091220502824 -0.4949797624777422 0.1039017881761957 0.06600405204406848 0.04456569686945384 0.01458703663158286 -0.03585030922523831 0.01908747187724328
-6.180898999036467 12.04948173692833 -27.88009340338538 -0.5878722212751414 -0.5313329638728844 0.1371544943574169 0.0767387326340539 0.04054866689558996 0.01902324407997388 -0.04921279617249749 0.02879019889445241
-6.331316433947931 12.78829445398247 -28.21069643326618 -0.5356496298450731 -0.5498219648421956 0.1474455454610797 0.07999617387958215 0.04128663306984016 0.01093103063754276 -0.02743498457418231 0.0141198731460989
-5.663407973981839 12.66222409926558 -27.89514640338268 -0.604792334219074 -0.5855156581309604 0.1527502233304976 0.08341162083817642 0.02091309313466459 0.02340802038274935 -0.0499811564482541 0.02837595212263956
-5.887506543324919 13.18127471674649 -28.16895725473691 -0.5554266207948446 -0.5899438182764621 0.171121379886798 0.08890964124698791 0.02473879848417404 0.008826583753100022 -0.01994549166735624 0.01062821693991177
-5.297967837443096 13.20366678142989 -28.01122193327919 -0.6081626956646912 -0.6269888534429444 0.1689265241063612 0.09444419844561856 -0.001785853534682811 0.02360095928562984 -0.04175862703619525 0.02406018088254527
-5.703036810039649 13.78112743313496 -28.35350305950207 -0.5361242662125161 -0.6202018459705736 0.1855206989294673 0.07773495689743869 0.01513999303362565 0.01442932755323626 -0.03811029530845394 0.01886151663072006
-6.370756492099661 13.45536203883452 -28.45195386943031 -0.4951822193486575 -0.5702481598320243 0.1614989392361965 0.08134023150291615 0.037776393527116 0.00758767483250464 -0.01966359767033298 0.00990142560056498
-6.352579328476436 14.1663820397341 -28.68464488927632 -0.4545594346964419 -0.5934020974014298 0.1733696320629415 0.06952996879944111 0.03742044370947232 0.009971186724876607 -0.03241491131545122 0.0140326181793592
-6.830191093382103 13.05685086073426 -28.53996246512777 -0.4744094538841522 -0.5300269211495814 0.1289888176603732 0.07621148127098708 0.04528658125473489 0.006023461957372227 -0.01464073462275739 0.007481969868428971
-6.268904099863745 14.78697585049877 -28.85691571492906 -0.4229439256552973 -0.6157990328659361 0.1811218730755518 0.06542021492257878 0.03014974184753798 0.006684865500339775 -0.02283098693163375 0.009380933100940885
-5.753382624511685 14.52590268067075 -28.644440728695 -0.4838140104909376 -0.6383384323823957 0.1950829843134315 0.06240828355305287 0.0148354266157425 0.01068552803450156 -0.03710974214759212 0.01559716606643906
-5.212152146300571 14.81341521796207 -28.68770346587187 -0.5096293034013695 -0.6778704030788103 0.1817362958841041 0.03967737933160444 -0.003926039918228039 0.01231272943846413 -0.05419306655068965 0.02226950910231687
-5.119110802904565 14.22069107719998 -28.43921853035544 -0.5590250085089408 -0.6687222383146056 0.1842993547463948 0.06249935289142802 -0.009645871016372326 0.02320543014134375 -0.06381807521993239 0.02987365237943156
-4.850492585084632 15.34226275089886 -28.88466160506938 -0.4995569537925467 -0.710915994866777 0.1773283556316175 0.01873290362697158 -0.009890434760812316 0.007283571588771156 -0.05796381692653815 0.02080324895735878
-5.041929409394942 13.67546485240898 -28.18095484504217 -0.6023114222850209 -0.6581922086666956 0.1766371163878842 0.08257798487180944 -0.01429351839248803 0.02803271364354518 -0.05476286197131178 0.03004235229758557
-5.389038189446259 12.09940069552911 -27.54974122643605 -0.6600239211023891 -0.5810860964210974 0.1282013904125134 0.07330321520765579 0.01518134485585546 0.02410031785612314 -0.0489238397434682 0.03270991467994165
-5.744649267576397 11.53018990747225 -27.43893306682713 -0.6549843191372913 -0.5364104553055929 0.1356317595638713 0.08336782081959777 0.02954102555825854 0.01621079169587175 -0.03479274520473213 0.0237600805371947
-6.293773423397932 11.40339982539127 -27.68447294885118 -0.6090699003201799 -0.4990877217938408 0.1323672786298116 0.09060894166513446 0.04496837937050135 0.01227478590204648 -0.0268516385083029 0.01797304134390947
-6.051519471625605 10.94082950672005 -27.35328338018164 -0.6534941672391118 -0.4935919528409537 0.1326681421146773 0.09344289479845194 0.04288866415472176 0.0180115841316347 -0.03794189174917184 0.02694970381255599
-6.649149258303417 10.94415791250395 -27.75511396231729 -0.5955417609406384 -0.4596171476185105 0.1076812676954372 0.08883642716861695 0.04725660369973165 0.01311805006560503 -0.0254822556494105 0.01801196490426598
-6.451216203905986 10.35180394560234 -27.39858354339106 -0.6409933778638193 -0.4455431448066328 0.1099977119428241 0.0928454753635975 0.04953946365469691 0.02154521635291877 -0.04302116282707324 0.03278993536471511
-7.132513298986129 10.38056744032647 -27.96647022869882 -0.5714396963547319 -0.4082694061380064 0.06985302999659833 0.07378543354636136 0.03857808514146672 0.01901278639860024 -0.03090486638147148 0.02468313869226682
-6.847425380703966 9.728841116777447 -27.51506783001971 -0.6279346963899397 -0.3963780559036224 0.07939949982366909 0.09076592746483633 0.04387412478422542 0.02000730700760518 -0.03128387775597954 0.02851202197531629
-7.44735702831454 9.611552219527853 -28.05724463940399 -0.5704954932400216 -0.357438416170377 0.04205377605472738 0.06568091596208731 0.02523813418607144 -0.02818736198745112 0.03127070838718798 -0.03441236006817581
-7.143394100129806 9.083530748365291 -27.6202930128495 -0.6231940927798488 -0.3515701404724608 0.05032343411425032 0.08066702420830343 0.03153445576950799 -0.01822385526923374 0.02086699826088947 -0.02429696835477791
-7.668114166025783 8.89346747840211 -28.13251624354128 -0.5749227415785442 -0.3135905065508718 0.02398763973154628 0.05629173891208517 0.01462181137775555 -0.03548980785053316 0.02590324484973242 -0.04150114890140976
-7.33932549992348 8.422560462696053 -27.68460497547239 -0.6272030469464255 -0.311220048601766 0.02870440583748659 0.05983161585009084 0.02025525335536597 -0.01881718361855681 0.01730655447628138 -0.02445504063155809
-7.835348476609638 8.193250923300001 -28.20187167923743 -0.5825882148179533 -0.2731236355215976 0.01265570250485184 0.03868489596112189 0.00837757097082263 -0.04285778817653529 0.02482711651325776 -0.04989978641873467
-7.515292615810383 7.747878485501153 -27.77155185145732 -0.6323486019944567 -0.2711204423447134 0.0150658686757919 0.03496410827256526 0.01216129217557287 -0.022270007654179 0.01973719281520959 -0.0291561398856073
-7.933822273993847 7.591083193971162 -28.23696223514164 -0.5931376246504236 -0.2407155008558391 0.005385873781990048 0.01834834442816026 0.00381133473155972 -0.04641474595924675 0.02501580244221946 -0.05484026219641013
-7.743812229028793 7.128582218544697 -27.95559083972529 -0.6294807475225913 -0.230686368940015 0.005636669557977198 0.01743857604249525 0.004380717828831309 -0.03185061855390412 0.02052669344838734 -0.04072960176089607
-8.23582442368952 7.030389312730912 -28.50832192181823 -0.5814581216410618 -0.1994151958027534 0.001576287238768215 0.007503543486413177 0.0009285697456850535 -0.06312893025276863 0.02195331132019605 -0.07023521852870075
-7.929839636660541 6.602715823375485 -28.11445174646156 -0.627940267429323 -0.1970257526576746 0.002227687011800949 0.009670091729923459 0.001485293352106939 -0.04128241510549326 0.01738141472240321 -0.05124615599149219
-8.272026072219482 6.212697056130164 -28.46616581133417 -0.606160097182831 -0.1614169945588588 0.002134806965246714 0.01081843996802934 0.001297900652799421 -0.05965647210666947 0.01999081011853341 -0.06850626572417928
-7.840640273360321 6.037965525182575 -27.93216829707142 -0.6575501661157105 -0.1771663129948432 0.002322410753970695 0.0113434064672338 0.001439299341102129 -0.02679997716876037 0.009853133702709772 -0.0344108719906826
-7.565977232319589 6.590549760939814 -27.66043492988206 -0.6676866932214279 -0.2167891674222427 0.005728591296269958 0.01727614697773291 0.004734615579277403 -0.01315492530779461 0.009245446044558674 -0.01781908007240104
-7.403483430813285 5.98264459622214 -27.36712658679425 -0.7067857800057471 -0.1989420686418351 0.003909053821753137 0.0166533875635123 0.002727486293449962 -0.005620066915963001 0.002536452800610961 -0.007432260069448771
-7.178999947118473 6.581812643467725 -27.16788841209353 -0.70990630675014 -0.2378825056884271 0.01359413621215827 0.02463312831084826 0.01313116921409459 -0.005501317781625731 0.007268763933121421 -0.007940399644240415
-7.286913050436525 7.180439656076991 -27.40129105578242 -0.6771088395879769 -0.2585716923920101 0.01612561523880828 0.03138200570771491 0.01448070967312006 -0.007748708299622541 0.009059018056292834 -0.01100342948019821
-6.749347093938812 7.055615821723971 -26.72265705534123 -0.7383779894347369 -0.2821441847218111 0.02329383683917237 0.0458432286046556 0.0193141926645379 -0.01077652886907741 0.01182158099184121 -0.01506212243821315
-6.948254866463243 7.928998553761492 -27.13630164793587 -0.6865829772348044 -0.3107565301310521 0.03483596747116448 0.0582880551171372 0.02764789531694786 -0.005602947113626005 0.007115177071789783 -0.007940776229761115
-6.311901767886679 7.833268189294029 -26.38924654747746 -0.7551605957844307 -0.3399488807138799 0.0569892851918406 0.07921306115527317 0.04081308413705912 -0.007699090946174688 0.01145468663293604 -0.01148149210057593
-6.489400497108869 8.542602471535794 -26.77874591555769 -0.7117085514021523 -0.3631572884721969 0.06555976325833809 0.09424274078555447 0.0402770865413456 -0.001802276351876732 0.002361515640900845 -0.002592017060224614
-6.041846009357069 8.485926910209781 -26.30024085859944 -0.7576793109985557 -0.3834012642167992 0.08527581816551803 0.1056869685918995 0.04724348210535825 0.006279749781129915 -0.009210447284353881 0.009269288225234396
-6.06071559489097 9.123635808323451 -26.56136257319799 -0.7312096973195696 -0.4117648554370134 0.1042054311094079 0.1246685178523536 0.04395968610196647 0.0005012895657464673 -0.0006773264840756613 0.0007325847024453474
-5.624369866965274 8.796281187521368 -26.03606734572261 -0.7839897203373073 -0.4179026332359074 0.1025759291878011 0.1303062641234863 0.03326995236803305 0.005499708438423248 -0.006193002059329948 0.007299356970538557
-5.574119612841345 9.342698150491461 -26.24463621131617 -0.767339894680785 -0.4463501773916596 0.1214213806952082 0.1307407176835025 0.03040837045160952 0.001014609757269508 -0.001275208798021492 0.001431395211539489
-5.773137927581296 9.692993629444846 -26.57596485993437 -0.7347337453357061 -0.4527822408804738 0.1267527061582815 0.1180274738192152 0.03984278098756933 0.01065956814026189 -0.01711667280794026 0.01679372089170196
-5.21659302589228 9.855798225164929 -26.27268562040662 -0.7772714610633011 -0.4889565715584133 0.1147729366403836 0.104637532441065 0.01551367848018703 0.01643520066997762 -0.02151863689309949 0.02354959343062654
-5.729701995163683 10.33252954667808 -26.87530644030329 -0.7105845325684647 -0.4845685189230134 0.1271136543525286 0.09562258389245062 0.03691108951175002 0.02306677873378622 -0.04521874482350042 0.03770765642018401
-5.389721096387907 11.05138713318619 -27.03701861108772 -0.7101442452293121 -0.5365162807401324 0.1272841619234915 0.083577680725637 0.02245806175136322 0.02588351323953186 -0.04962284257613316 0.03797303670453351
-6.25412924682802 9.742769092433498 -26.99315873978468 -0.6867497133742542 -0.4296244544991772 0.1102138286831763 0.1096922819856548 0.04656793523312427 0.0159586373605361 -0.02651816566644984 0.02469457956850692
-5.168776710033779 9.172911855900626 -25.85131209119649 -0.8085581846886689 -0.4572340665842891 0.1041633938789783 0.1342208894308959 0.008114578126005639 0.008957183504654355 -0.007601115409553136 0.01074828982371807
-6.623678448807137 9.155950349321143 -27.10934063635431 -0.6743550199374813 -0.3835474225433118 0.07884610042957829 0.1046527678374723 0.04262166620671844 0.009679760326314771 -0.01291524802278854 0.01380530491735326
-5.178052168848172 8.510361506228717 -25.54073404305069 -0.8319103284043036 -0.424102376689678 0.08044684428465043 0.1358825312094773 0.009099047076233369 -0.006786583579187451 0.004532324883702671 -0.007682622636841857
-5.689507565174978 8.053931644864045 -25.82229922213015 -0.8049064083082001 -0.3798376874259004 0.06874223579539189 0.1037381564341046 0.03030157330265834 0.0150243834115006 -0.01558326629429929 0.01926532340772437
-5.142050940548293 7.820450466848354 -25.24550856158525 -0.8584320336830995 -0.392340984014756 0.04534593646763842 0.1306876841271144 -0.001928402599577537 -0.004549881992899239 0.00151071256270059 -0.004608546776554703
-5.534537423476872 7.351730848799336 -25.47125563244946 -0.8422579892748749 -0.3539539215842373 0.0327145710820661 0.1097658055029061 0.004629736350158964 -0.02560723282700717 0.008732496620805908 -0.02609217414634754
-5.950974743187869 7.481872164461023 -25.90296045754685 -0.8021428151124745 -0.3415444436969656 0.06180896509634287 0.09385464362101857 0.03889821942642624 -0.02941379495757906 0.03553428982185741 -0.03899977695744621
-5.915778493698403 6.918448810744382 -25.7534863233333 -0.823845530015478 -0.3171078042932043 0.0346588249184146 0.08570768773656273 0.02112444548032951 -0.04376903983371637 0.02982666791085706 -0.04920324427213266
-6.263233102442829 7.180141064243411 -26.16977437718241 -0.783284943602217 -0.3128203062470115 0.04377683260171607 0.07543185290692973 0.03374843999744478 -0.02862756024331979 0.03405768475310499 -0.03898877560500783
-6.343908412459839 6.543059576174685 -26.16044714161823 -0.7962447952450254 -0.2795083051542138 0.03897963902848477 -0.02876281946717174 0.04747228305843822 -0.01660298049850119 -0.04351196147115935 -0.01273055490263631
-5.886577048932345 6.213407274795456 -25.6390772758763 -0.8483465486999262 -0.2855672697819503 0.03752698466629404 -0.03854658346617755 0.0412191740735607 -0.02168242337890136 -0.04029627384685622 -0.01794329290115669
-6.328847130781389 5.763827672551511 -26.05796775048105 -0.8225789311338035 -0.2443697070381325 0.04436009410659909 -0.03544906368275987 0.05073667816758687 -0.01017917185939619 -0.02508488352100218 -0.008626631218442201
-6.859952517700336 6.063220330119936 -26.70239608745734 -0.7609491460633224 -0.2315915587802846 0.02670696026603358 -0.01841143838593342 0.03434558487031679 -0.008333777419751187 -0.02471764705460189 -0.006769940714468426
-6.713838738691821 5.238386715645957 -26.43697377200587 -0.8030859066307973 -0.2017793720712769 0.04127906389811701 -0.04277977431657289 0.05018682914528366 -0.01277676237643497 -0.02683221612004031 -0.01236307154781117
-6.292232011782264 5.110430660399943 -25.97061265312685 -0.8466033431666219 -0.2160307663162144 0.04677647321980583 -0.04931921441766345 0.04997043441094817 -0.01517105439920848 -0.02887010192588252 -0.01429249786880237
-6.533771565581013 4.560380215846659 -26.21102069351533 -0.84107993294122 -0.1791271454492508 0.04735822602076459 -0.04826122481100455 0.04991115196156469 -0.01240439187456937 -0.02545834495074953 -0.01284684664124775
-6.956725015913665 4.679784292534174 -26.67744238919819 -0.7974063416964403 -0.1642861371195568 0.03914736848043626 -0.05008790691354151 0.04739973236795537 -0.01079397647947025 -0.01932806899577287 -0.01150949000793541
-6.911211640867212 3.919751455263741 -26.61830129988584 -0.8247702409154311 -0.1312006494069785 0.04426022462705455 -0.04235698353321912 0.0478179257718395 -0.005674350952281521 -0.01293539729154048 -0.006205964761597195
-6.230476017258731 3.805785814013411 -25.92823843456818 -0.8897691647101748 -0.1571105265147449 0.04222914166135499 -0.03917901530150273 0.03888909043518331 -0.006428510296143171 -0.01369819772187399 -0.006819687043671836
-6.013322234587044 4.596135820092925 -25.69246908261204 -0.8863024792634029 -0.2043666088992875 0.0355534704872037 -0.04581277860053142 0.03351825392957269 -0.01574481152947834 -0.02336349906193859 -0.01523241988950863
-5.740551919841618 4.080943166519331 -25.45363895166809 -0.9243514011511322 -0.1917061823514473 -0.02637924127057543 0.0468830797482729 -0.02169818506162138 -0.01355029955172123 -0.01366015117369711 -0.01304179749978293
-5.807324335074588 5.374086739349716 -25.51080076425486 -0.8807270581832284 -0.2498601359379841 -0.03326912273503325 0.04480611003782002 -0.03345287846357389 -0.01471130188046737 -0.02084012993502589 -0.01328235618652866
-6.064008573392567 2.938330723074945 -25.82829597998039 -0.9280295967501221 -0.1226968807546062 0.0444361780143181 -0.03988043724666937 0.03648945081164996 -0.002180148751512368 -0.004554179980927903 -0.002322457834648466
-6.611450237492013 3.10648437935186 -26.32815171202154 -0.8760770419323665 -0.1068889090309588 0.04782414122070532 -0.03514237147835719 0.04536958103946592 -0.006207114952664631 -0.01742157617846811 -0.006951476132400105
-6.377423448651983 2.384191756208859 -26.15489570657314 -0.9165040934730035 -0.08259119113314405 0.05391777368418751 -0.03018185142016813 0.04678027827837011 -0.008123989909530257 -0.0301616562435879 -0.01009628833682811
-6.863000798110157 2.456134109307479 -26.61885063430333 -0.872014814870519 -0.06454007294717225 0.046884403031094 -0.0277077509436687 0.04567052204194712 -0.01015678009542588 -0.0394918592655145 -0.01353249320801503
-6.58206273934741 1.835685363178743 -26.4016526627613 -0.9138448079443393 -0.04713264538379593 0.05771768098807205 -0.01465608482885432 0.05355267995396461 -0.003728252273395116 -0.05107063447313678 -0.009958595465274167
-6.21867257766994 1.820100164459224 -26.07069466849847 -0.9447131916600405 -0.06187375019581293 0.05386263578676177 -0.009312262941927756 0.04614466540372819 -0.001653430854125602 -0.04339925641720167 -0.006828246355023058
-6.310005283417073 1.287766587887127 -26.23085132959827 -0.9507828042350038 -0.03165824005334322 0.04931442911789544 0.02150923231992054 0.04837388510387411 0.01068476708529528 -0.03385659378799992 0.004161670121098658
-6.660144029541069 1.283732926085619 -26.56063556587134 -0.9215934886811008 -0.01637335306220499 0.04308520506543499 -0.0223882975892745 0.03840192773284386 -0.007306910157742156 -0.03727192578216041 -0.01353148850261762
-6.965345879942717 0.9893027477057412 -26.92193526700127 -0.9024601641031093 0.01213890227760853 -0.02514305073522565 0.04116251309417341 -0.01805637589216309 -0.004042501117763884 -0.004603930578802497 -0.004866344307310109
-6.994692136700613 1.781048958649638 -26.82556046582726 -0.8786375664299387 -0.0257992391348292 -0.03304069644798498 0.04689659965562039 -0.02843819898382446 -0.01377418591823078 -0.01994660477179444 -0.01688993184844661
-7.433844405193209 1.618268503219206 -27.31240085903636 -0.8422824730170339 0.002682181068956153 -0.02582485671635147 0.05028261514880953 -0.02168683747216649 -0.01204870717788692 -0.01227011580370546 -0.01410152009002404
-7.465883844077495 0.734449734599977 -27.46034027925931 -0.864389140942625 0.04718263902366705 -0.02568651680318424 0.0450163856682119 -0.0188310919970735 -0.02929678913616106 -0.0302248076018925 -0.03229123034518916
-7.31049322697587 -0.04652747973774218 -27.42915618135042 -0.9018661747305269 0.07864316173857951 -0.02441293801054369 0.04281950211236543 -0.0152078917718977 -0.03874744153251116 -0.03631310316276893 -0.04004303282258153
-7.745208253073707 0.2010353045468598 -27.78423895271397 -0.8550520995419447 0.08497657299605282 -0.0277450055486208 0.0451146211679503 -0.01994796041255448 -0.0397143785894476 -0.04211920190261408 -0.04001994022938632
-7.564900638377686 -0.4869806109566195 -27.711885608564 -0.8929763199362237 0.1105788256445346 -0.02910139503428883 0.0440812939637592 -0.01859876264409013 -0.04929675574189414 -0.05255865066266548 -0.04743589583504459
-8.237274845604858 -0.1341998354455107 -28.23626837973329 -0.8206088271274532 0.1211986371035367 -0.02553953942242608 0.04055293997792023 -0.01908271108412364 -0.05047720094310607 -0.05240375909157631 -0.04380729918053441
-7.853913680938568 -1.063922056902756 -27.99635212018049 -0.8854664255539973 0.1492852412502022 -0.03181494881349979 0.04220532548819191 -0.02035880302767483 -0.0529316702061338 -0.06089129108826644 -0.04351524892455852
-8.341654254859094 -0.9757481329704962 -28.34730684387254 -0.8381459141256127 0.1638340168879997 -0.02664578280083626 0.03623551009211788 -0.0182354980683421 -0.0483369428145777 -0.05378892265051981 -0.03625310192108631
-8.146084795732861 -1.712462373452937 -28.2339256874024 -0.8795725840914548 0.1900916668286675 0.03031487311605599 -0.03683364088682936 0.01883205037494492 -0.04658260864194603 -0.05500512797405358 -0.03259832297133443
-8.689585338495196 -1.429743249033049 -28.59269388864685 -0.8210873402120626 0.1973264841982927 -0.0253381355570328 0.03327947634107629 -0.01735316866915532 -0.04731430556490366 -0.05215089672138094 -0.03092796800671179
-8.544767559167813 -2.303457813093699 -28.48992627584533 -0.8609485050365151 0.2310240711283622 -0.02834529572219895 0.03593173585405401 -0.0172886572702784 -0.04669584130453919 -0.0499830648999983 -0.02732258769458128
-9.122679771717902 -1.937653108519147 -28.85201939352576 -0.7981733944615464 0.2354235262222004 -0.0233174794029759 0.03041338652020694 -0.0159976207579168 -0.04830442086897366 -0.05109379295866667 -0.02672884560904332
-9.096724869453499 -2.87586049065772 -28.78177186493792 -0.8273873067985205 0.2754090967503194 -0.02995330331872854 0.04090949477072054 -0.01843257994226562 -0.04960518270861621 -0.04704292599938657 -0.02379825573485349
-9.605019491920537 -2.331666102522163 -29.10692865305768 -0.7681715039149681 0.2694622097756905 -0.02078722953632824 0.02773298736956167 -0.01448558766809187 -0.05054771382242165 -0.05021985299239914 -0.02360964752085818
-9.735638303347113 -2.99672102906667 -29.10638497840723 -0.7758713198050542 0.3023354098760183 -0.02821604634831966 0.03909914891925321 -0.01866603781080527 -0.04873526334276791 -0.04475978978075058 -0.02008745727161665
-9.498752810623005 -3.71715959125747 -28.92305156228168 -0.813327949130849 0.3254035937379153 -0.03540145204205692 0.04686450513148743 -0.01996138981238564 -0.05172680232155624 -0.04759892248141551 -0.02001343788998888
-10.371139617866 -3.48315543499614 -29.35347651618936 -0.7371433298370292 0.3441162248518581 -0.02214831506332889 0.03012859032020658 -0.01469518350019412 -0.0456343500469854 -0.04083821678967975 -0.01494870346534093
-10.02002209234938 -4.195120938046552 -29.1022965867641 -0.7809526679752212 0.3628273161952943 -0.03775191604085845 0.04378473412594529 -0.02094372567955217 -0.0449318882742084 -0.04505628596411644 -0.01320264752255693
-10.59130351732451 -4.353884199965931 -29.31366153413587 -0.7404520385420151 0.3877773329107663 -0.03156786706173903 0.036490245482139 -0.01846391645036179 -0.03788876891652231 -0.03749616924445837 -0.009325042200189173
-10.14494191510016 -4.856509806627962 -29.06920075574147 -0.7836281830328106 0.3949313127701478 -0.04214126886564832 0.04622747489412392 -0.02120755879406521 -0.03803148765859293 -0.03888824899587469 -0.009195325555643796
-10.80351872750247 -5.019563910141224 -29.28585918151893 -0.738273391769507 0.4223215689146647 -0.03610173908183978 0.0418011236361866 -0.01997044387435858 -0.03419331982554591 -0.03285713446480324 -0.006961629410190349
-10.36468308273752 -5.672827333186994 -29.04159479977215 -0.7796188283659805 0.4362883945910804 -0.04167503960956995 0.04652647727836035 -0.01897359853528657 -0.02768275150832297 -0.02697784373907228 -0.005349763670032644
-11.16423106091788 -5.619685939559155 -29.30694108419402 -0.7241476136606699 0.4584000627244244 -0.03464999788946346 0.04680067604728239 -0.01954964178089705 -0.02605889189778797 -0.02131528905428702 -0.004840466627691809
-10.94175919238369 -6.286348621954417 -29.1321789141953 -0.7488625610876773 0.479254307423403 -0.0364262029268201 0.0523943103991137 -0.01788698321020701 -0.01589324597703283 -0.01206799547335878 -0.002983381656586035
-11.66177974733269 -6.155259165388417 -29.37018186921884 -0.7009688559494608 0.4956058873294431 -0.02821248907824957 0.05286937512251677 -0.01785685044231171 -0.0252501996914264 -0.01517301042639859 -0.005029811793703398
-11.4433217017001 -6.922450365345115 -29.18886170097878 -0.7261419978544044 0.520347324019544 -0.02837632141222362 0.0614008308289045 -0.01548172112552985 -0.01443680137283104 -0.007419144799679638 -0.002963387497320081
-12.21366380230005 -6.676387208461351 -29.43834908162172 -0.6762486168282443 0.5335613944997788 -0.02405393841691761 0.06067938085310488 -0.01717984713202875 -0.03064565205991138 -0.01382788570200836 -0.005932469289553008
-12.09386797143009 -7.409706458951618 -29.29752217585237 -0.6954434496031386 0.5595408020402241 -0.02388594763917785 0.07477030662249978 -0.01470615055474231 -0.02687949811756846 -0.009669872098767105 -0.005506336748024055
-11.5063227756408 -7.619465366905143 -29.12880566639668 -0.731472817838756 0.5504592339094018 -0.0218348698549624 0.06981855190754278 -0.01127996210486844 -0.01265070038899134 -0.004402796885359565 -0.002763352041550132
-11.90650558087026 -8.201534685521544 -29.1865485547495 -0.717051048500345 0.5857319932121369 -0.0185528398496204 0.07385001690093786 -0.007988016936514821 -0.02825109376822643 -0.007740365107273538 -0.005944914252245643
-12.67223201503015 -7.923044903965678 -29.373994725031 -0.6718394855381015 0.5975552083587394 -0.02361361530325102 0.08171164858725607 -0.01320027385223452 -0.04111102571474507 -0.01307978948872585 -0.00742342298689617
-12.50465527276525 -8.563228276578695 -29.29299907715793 -0.6911333059215229 0.6180781857499055 -0.02215895365489881 0.07858276899160668 -0.007707645501272396 -0.04062857880821262 -0.01217527287383842 -0.007327770947653013
-13.15128250355036 -8.538431817075896 -29.4150889755902 -0.6573856699188391 0.6365620765994666 -0.02277391612731363 0.08166993380244807 -0.009737988526719692 -0.04964823642712046 -0.01473905558261824 -0.007501849204515722
-12.73595192192052 -9.166867280620451 -29.3204285441505 -0.6891579144778744 0.6491048878673962 -0.02083299238454919 0.07581711360984998 -0.004011570308410323 -0.0484233167290649 -0.0137158463354069 -0.007750902720159034
-13.51695236278509 -9.34073954804505 -29.42907873634395 -0.6538552292155222 0.6794417368711522 -0.02377657609954541 0.07359832445109646 -0.004841785279154397 -0.04591255772223923 -0.01517859597654466 -0.005261656045742315
-12.94472041750016 -9.744938402930334 -29.35599512637161 -0.6888192105239496 0.6784142321394139 -0.02381307020600878 0.07683959654503308 -0.001348772243482698 -0.05833183004899937 -0.01822095359758668 -0.008178370333342929
-14.09663744340489 -9.961903209825728 -29.47546315917255 -0.6379314272903305 0.7212951216441357 -0.02908306083585699 0.0581531855470859 -0.003092649370563375 -0.02557687620592167 -0.01289662208462303 -0.001980764579403242
-14.35845431916603 -9.261225518549786 -29.52379595386712 -0.6109742893662071 0.7016173752424292 -0.02299733240714256 0.0696326241187821 -0.006616142891403805 -0.01972000751572815 -0.006668567404082166 -0.001638761394158106
-13.90515795651599 -8.571381051210999 -29.52517813085812 -0.6194600954276075 0.6606733487263223 -0.02183341826271617 0.08037764111854183 -0.01051148962456996 -0.03886231127775017 -0.01108181545508666 -0.004017802453912653
-14.61575394858663 -8.563175795226307 -29.61302072094195 -0.5831854296387518 0.6819525810840227 -0.02288130722988721 0.08074759845023648 -0.01235606563521443 -0.01650608997252411 -0.004895497401060704 -0.001425918496202257
-14.22740339721847 -8.050645323845881 -29.62955732366918 -0.591943723811264 0.6498621507244073 -0.02373974987522202 0.09222611384934695 -0.01704090085564422 -0.03044789339925272 -0.008406722589827562 -0.003080469840668278
-14.80601507286472 -7.868881591963021 -29.74340869630914 -0.5575596973129248 0.6603661697237985 -0.01680163095789235 0.08231653921480302 -0.01758844160435344 -0.01919574505831291 -0.004319787409780808 -0.001880219181959219
-14.25131539266504 -7.572182423109144 -29.71747595105997 -0.5799733391707372 0.6316151471672972 -0.02106065815176345 0.08131356729501575 -0.01959961241117817 -0.03437146844437009 -0.00972779737234394 -0.003424361552633835
-14.61108525867947 -7.277070390837512 -29.83938053844842 -0.5537275502330369 0.6309118425577259 -0.01268002993521194 0.05888796361187257 -0.01551613757516161 -0.03098144149204461 -0.007512943502094305 -0.003195146844637632
-15.19157598508576 -7.304797784943421 -29.9190885921713 -0.5234084878706969 0.6498660768513191 -0.006545305562807561 0.056384587335013 -0.01427141075006098 -0.023638892934238 -0.003380956173890196 -0.002516222248128439
-15.45040193824195 -7.867088089116198 -29.82797142461302 -0.5240303879885414 0.6800679348493098 -0.008577624795785031 0.07300898003062475 -0.01559320571479436 -0.01112392354970728 -0.00155231898591242 -0.001148986533298588
-15.30275788517371 -8.470429385401012 -29.70646202732672 -0.5462769680904892 0.6992901834627875 -0.01747638267834712 0.08032149768162355 -0.01360204790534088 -0.005985521776520593 -0.001390219144439714 -0.0005189817548163028
-15.97542557502261 -8.270038442505623 -29.82085829242765 -0.5072501938290598 0.7120271179703068 -0.005057924354943213 0.0721070352165588 -0.01292749787499219 -0.001856836540424354 -0.000166656509363023 -0.000203084003891125
-15.88340900561868 -9.090314499223236 -29.69648486335694 -0.5321224539471853 0.7413639374745457 -0.01220784313723687 0.07352692099472016 -0.009119926950725376 -0.01494553331089293 -0.002656926467489128 -0.001414802582502979
-16.58030759780981 -8.769568739334886 -29.81816819976152 -0.4897069026260165 0.7501685779824107 0.006655856383914845 0.0731616590492007 -0.008953361152158855 -0.01971566795383171 0.001456431984062508 -0.002755353408409708
-16.52698513799485 -9.398322847813429 -29.7404813506198 -0.5082858043369838 0.7731810475193861 0.001776119576969698 0.07263753753944532 -0.005872401673803419 -0.03228312460962709 0.000449255825168694 -0.004207112205831793
-17.19067666377953 -9.329548405725198 -29.84309391695304 -0.4742229789065183 0.7908976085759118 0.01784361507257503 0.06749152683216007 -0.003050828787832244 -0.02876235217885175 0.007376305741822563 -0.005043286606643467
-17.26157583167245 -8.53659906157111 -29.94315919096648 -0.4496095046723986 0.7618342484956278 0.02538203035449323 0.0699663684339423 -0.006364492917521602 -0.01576719983378463 0.005446119594180965 -0.003010190281139448
-17.77781167384066 -8.995483095488563 -29.96616676551712 -0.4364869608949196 0.7956137257533866 0.0260492557904456 0.06666681795553546 -0.00227564478013331 -0.01506663696306698 0.005781427918608893 -0.003095947856744255
-17.93950433927635 -9.667125422774085 -29.94618242690228 -0.4468361845352602 0.8273306944498234 0.01516324284239412 0.04848119034979733 4.426424082762747e-05 -0.01821174490562432 0.005699315801009143 -0.003626033602187244
-17.43518325255775 -9.996593813928715 -29.84058191678353 -0.4798247753511639 0.8249119401393724 0.006556342018795258 0.0458040216516071 -0.0008631841561374914 -0.0330641901626701 0.00462494395074328 -0.005721961401304479
-16.83446593390378 -9.949273570120649 -29.74959696716736 -0.5072021212699978 0.804320231698276 0.0081285399533135 0.05155620152491346 -0.00114329515338689 -0.03758058955392841 0.00580058140371981 -0.005614805439629775
-18.53448155768158 -9.105521146019452 -30.09431582889956 -0.4020941772022638 0.8227990487387437 0.02275084606750914 0.05521212257111356 -0.0001895857226650036 -0.0007549535521008608 0.0003105376525681077 -0.0001602922150598197
-17.9762654261488 -8.353157377641416 -30.07743949750835 -0.4086805540532877 0.7762652095978392 0.03041754596543087 0.06727053544397486 -0.004551272304855218 -0.002343230261075321 0.001025021424776503 -0.0005100934270861266
-18.80085267916305 -8.134546316216394 -30.23659586064226 -0.3607423847490607 0.7922526908972579 0.02900368720061444 0.06530783102452947 -0.003794169892033206 -0.01317948813554753 0.005695291719432862 -0.002716431365170982
-18.10529817862876 -7.58706104885032 -30.219518841467 -0.3801134805699272 0.7501679373567194 0.03160986896182987 0.06587544809880906 -0.007811651713442841 -0.004498344401663433 0.002043889092984299 -0.0009665007471032662
-18.67956446614257 -7.329082068340387 -30.34087412963896 -0.3430522260619963 0.7573956705414507 0.02951011964588253 0.06708134444286025 -0.008253336503502779 -0.01427756388574392 0.005923929485481512 -0.002901549481118309
-19.3028185967432 -7.445763520231854 -30.40215642325227 -0.3146621864576913 0.7803504156919087 0.02787936136159278 0.06850848275768706 -0.006873789352992562 -0.0205023323282867 0.00796838968866935 -0.003737333634154911
-19.77319724390009 -8.291531758524002 -30.37033710508566 -0.3163014456658363 0.8265128415515074 0.03190380945569752 0.06511352169332664 -0.0004637000937308244 -0.02095511201436608 0.01023862011341761 -0.004044182845203585
-19.26068689102802 -8.879387454346464 -30.23794603429461 -0.359523261971936 0.8350365135592942 0.02792208545776331 0.05574191994416695 0.0009971850795208112 -0.01052457884804933 0.00531175179012163 -0.002225317136825095
-19.91307000323687 -9.266069839383395 -30.34063914261386 -0.3384276658214786 0.8689840820485352 0.03127109018869922 0.04817604172004167 0.004446270628808434 -0.01551291046530511 0.01037757142787183 -0.003338683820978216
-20.52927609675623 -8.901972927444977 -30.46102189977941 -0.2966169288690994 0.8710953645418925 0.03914100659562744 0.05745737429310299 0.005669197243439035 -0.01720442433124287 0.01203270012334645 -0.003169561359225635
-21.10217668738908 -9.309733369102087 -30.56691928299139 -0.2799960970796221 0.9017542927431781 0.04818745574061632 0.05136033147728993 0.01086515463706648 -0.008873108999218416 0.008663875233645878 -0.001602090101603278
-21.16103133443145 -8.642840343032066 -30.57138199850624 -0.256873184708718 0.8776237882430826 0.04807513812903925 0.06480314871731245 0.008194658561146066 -0.00377022265468756 0.002883820688309217 -0.0006866284904053592
-20.57898731869607 -8.09484806671021 -30.49779169464051 -0.269662214318793 0.8414275637245903 0.03858969464532516 0.07319007051218808 0.001049958075386015 -0.003357713237567736 0.00177857968571799 -0.0005726362595181951
-21.24040615558938 -7.92070083122907 -30.60196248547494 -0.2308275036400129 0.8530360516379307 0.04467071827653413 0.08012007633904888 0.002913940372330296 -0.01633591704529576 0.009218267051276456 -0.003030642571353668
-21.79295492559381 -8.432677340070715 -30.68658251283469 -0.2184308672397567 0.8861755747059509 0.05849749934082834 0.07292144973479013 0.01184193211469979 -0.01581008003108961 0.01316705029511822 -0.002981798047125919
-21.74907757526415 -9.230639685602462 -30.70276928620741 -0.2446656663890333 0.9143130312614136 0.05682081563410193 0.05017398741327609 0.0150192554050711 0.002204217626348545 -0.002609675547212508 0.0003790057856306444
-22.35979632950815 -8.864832684486441 -30.82539939946452 -0.2025582008033376 0.9156679485320665 0.06978503765973496 0.05085458530884976 0.02028355339737639 0.01389955610369223 -0.02003192067902852 0.002402634881929047
-22.36955768443016 -9.463629409675985 -30.8679766166618 -0.2197774811912954 0.9370071343781315 0.06052283286278109 0.0346633125849755 0.0189317670451729 0.00508786984835446 -0.009255593087494159 0.0006812475486748971
-22.99103780055992 -9.309456394726865 -31.03814732951733 -0.1832535367450157 0.9456798615106744 0.05835239048329375 0.0219788429858856 0.02000645541495075 0.006930633606902801 -0.01892565821366147 0.000577065327991238
-22.9372549946489 -8.482577016637279 -30.96057848662738 -0.1614932227833696 0.9172385939011701 0.0738183546917595 0.05157592985705287 0.02392110093478694 0.02159599110073516 -0.03304856691317546 0.00461224750050949
-23.50657276795547 -8.92097286336022 -31.17038980193756 -0.1453373492973927 0.9455533442929694 0.059426883451547 0.01485572832909761 0.02151757560482297 0.007379228312164509 -0.02967473137301243 0.0001075960735347426
-24.13106289149385 -8.903484749145036 -31.40008344249982 -0.1126134903716849 0.9610203252979498 0.0502091586679707 -0.002524401169248662 0.01932448982351734 -0.0003501515232750973 -0.02121768956042463 -0.001861945504059417
-23.65803353062016 -8.316809488449902 -31.18160840589127 -0.1192765293326034 0.931287017086243 0.06379531399222202 0.03570694103250114 0.02407918041319239 0.01692308767363039 -0.03300536206978118 0.004107566105974466
-24.44889891394985 -8.178145048273151 -31.47432006416172 -0.07376770503464314 0.9503039181676138 0.05371178300255925 0.02160523849556222 0.022931932482942 0.006352243467138544 -0.01733234213252727 0.00145121056842103
-23.76845402035599 -7.596860513371972 -31.19083063897148 -0.09107459355424075 0.9127746754101946 0.0742672867712655 0.05696774561837741 0.02627970932826081 0.01241482482664456 -0.01795006402597705 0.003826500681340126
-24.42443878747913 -7.289178930338874 -31.41668109314575 -0.04665674489797481 0.9244662609748078 0.07228865493627637 0.04791055053854293 0.02849653642796639 0.001945993249627288 -0.003292224445197768 0.0005986359492623194
-25.08673037365218 -7.715433730276352 -31.7115148580106 -0.025261011684036 0.9589673940284391 0.06342356832779977 0.0171022252371963 0.02918268654796356 0.0009864899346695077 -0.003944105768850702 0.0001674374096429001
-25.07040060374693 -6.945077855231958 -31.65299300136207 -0.0008505493256199163 0.93715820366719 0.08117201078443526 0.03764494279234423 0.03593918459140883 0.001774547168308281 -0.004284266302315305 0.0004796268521501019
-25.5968205592366 -6.668333300117366 -31.86416728688475 0.03716555283291136 0.9495654440442214 0.08672951334875098 0.03139740725048999 0.04262374090861407 0.004998518943107662 -0.01526282392782805 0.001072031273657292
-25.12246560997325 -6.130695091252104 -31.63019403780718 0.02886199947251695 0.9146709312378075 0.1016183376495085 0.05559379977126584 0.04065336943322043 0.01026549812412039 -0.02083493995752752 0.002832006973419241
-25.8590535779867 -6.134893461837365 -31.93879002759001 0.06938076219373479 0.9442469639050523 0.09745614374610459 0.03783102287645709 0.04918541500850583 0.009716730535499629 -0.0273631194027752 0.00179361520630747
-25.55138285379425 -5.583918087251304 -31.75577220567414 0.07018164290021944 0.91362674616595 0.1149289960152775 0.05220747228681834 0.04841663447228556 0.01510238472813838 -0.03598803542464957 0.002956472489428446
-24.86691313322073 -5.240299811389294 -31.51657904175283 0.04464287873438376 0.8763556791609243 0.1141509489524307 0.06472087393912437 0.03261626192507858 0.02325654718136489 -0.0435450964515325 0.005013442937528546
-25.64445077909435 -4.891311031369936 -31.72840371951844 0.09770194320027685 0.8934037470685392 0.1303065807312601 0.06239723278223139 0.05112858761826149 0.01222142151779804 -0.02672298827102585 0.001465107361924733
-25.02402643970775 -4.578740820349344 -31.52537244125712 0.07487779565504203 0.8593683777530094 0.1246971092230903 0.07395071480310243 0.03194144233128728 0.01253822083428001 -0.02195327210538037 0.001877819761623442
-25.42681728580445 -4.224984084245433 -31.60274360199584 0.1077752456846888 0.8614178700663124 0.1366467563095494 0.07645846457945843 0.0391883179828193 0.006912469410871452 -0.01285769921409891 0.0009827780020267964
-24.80263075449802 -3.996581021255668 -31.46965607555953 0.08282792337926735 0.8312139961563221 0.1061956189453188 0.06307062249540046 0.01779846459746005 0.001757763234561502 -0.003032233115861287 0.0002572174408576786
-25.25031136999687 -3.684611367915579 -31.54224350070561 0.1166434413932745 0.8358650606791542 0.1274754928007425 0.05522754520258611 0.02680601261028006 0.004384196347892365 -0.01045359203232932 0.0006882275547759589
-25.88221527423911 -3.757711185659648 -31.70334527514764 0.1472253868874721 0.8611826867642763 0.1392139262727176 0.06748755616367103 0.04509653012095653 0.006869521200559246 -0.01498708505118586 0.00122201699399673
-25.41246389657451 -3.057191024844405 -31.56802461248456 0.146511823385229 0.819119626367383 0.1231431301309086 0.04842664387641313 0.02457632143068453 0.004408208425171143 -0.01152213388553688 0.000615946152434717
-24.73003461181749 -3.319366849401341 -31.46207602402313 0.1021798355987837 0.8048417775547317 0.09530018429827726 0.04055932266420377 0.01150482078070569 0.002925494744981381 -0.00699685197035408 0.0004335042182715258
-24.77655101038185 -2.712692750588628 -31.47391685082286 0.1256164594475415 0.7848991403406735 0.089366294613667 0.03411979510330602 0.009392815733760626 0.004350153073507871 -0.01155395523106558 0.0005814575831020091
-25.18726080868363 -2.306267346615281 -31.52268543568512 0.161023932225474 0.7843900619453708 0.1007451498060964 0.04067341708949653 0.01303058777938841 0.001704476291093181 -0.004282243958660294 0.0001884623597969477
-24.44103680203407 -2.055681971387106 -31.45953988403659 0.1313992688902324 0.750108287541476 0.05797193595478569 0.02091603472501297 0.003397557923916414 0.003049111366631226 -0.008510309204545532 0.0003646836949549591
-25.05061690625529 -1.627791663914264 -31.5100603104444 0.1781340294798303 0.755513992568927 0.07991928395481253 0.02471843365184137 0.007301015687013909 0.000418068455471821 -0.001366865598500646 5.136888046787756e-05
-24.48539127053576 -1.383956126730464 -31.47371259575641 0.1577256129627245 0.727718877323704 0.04901662641545832 0.01026089089986609 0.002503524032411583 0.001511280331761744 -0.007270414250150763 0.0002089310826904859
-24.89775855268373 -0.9392328791638871 -31.50679138842898 0.1952526307460441 0.7258901812705268 0.06088905948418275 0.01227834089662637 0.004404468278814956 0.002368562802558808 -0.01184998282998531 0.0002902887131354383
-24.188381840645 -0.8461679169096801 -31.47094431387217 0.1617761178679699 0.6985604927242194 0.03148902219302596 0.002594562660467412 0.001241795113054651 0.001123484894430248 -0.01375336822102405 0.0002468481832969975
-24.58458790658554 -0.2632310430201681 -31.4935817382761 0.2039674735886568 0.6913730034253305 0.03754372535572091 0.005109590875139571 0.001915810195059631 0.00184693502973687 -0.01362239485050712 0.0001378231100758707
-25.38981713772689 -0.3320709763640348 -31.54754972618167 0.243112769617598 0.7210696265486046 0.0674078388676565 0.01771176785967641 0.006405918451788134 0.003137132415293132 -0.01201053916416416 0.000196781335593503
-25.01075988401874 0.3764462823540065 -31.51547666273108 0.2502737473786019 0.6833757062100285 0.04060106236394557 0.006947909652473323 0.002576110570438249 0.0003257548147090222 -0.001907318173613308 1.004724010147694e-05
-25.81469054155718 0.35901259165826 -31.57800749357717 0.2911207839507428 0.7112454855833549 0.07723430645251392 0.0188378523533024 0.008483487253703169 0.001346125751500427 -0.005539208508802518 4.475791813181822e-05
-25.44495668405301 1.039716641822699 -31.54060295493505 0.2984563420630139 0.6751324472378634 0.04848754238607256 0.002457174916558572 0.003749671119922441 0.0008026049847909771 -0.01587036711793216 2.131514388251171e-05
-26.20410275849384 1.001938915793883 -31.61231420038668 0.3360881450143224 0.7022973984650627 0.09457755092038805 0.01438659951887682 0.01243509831494884 0.004273577664894604 -0.02836487100856665 0.0003127864607527673
-25.90618999371937 1.669856034961803 -31.58169571187347 0.3474064858928397 0.6694000161303764 0.06943663068045618 -0.01101942875294177 0.007288682358927556 -0.004167763654206733 -0.02630963378255606 -7.157251977733266e-05
-25.09122868381099 1.773265411441261 -31.51839482969343 0.30891108004339 0.6376580855673323 0.03222648108999224 -0.01884809969729847 0.002381294917273658 -0.003228825775584666 -0.005544779195842347 -0.000191012998719616
-25.65634994112571 2.507615784970623 -31.57664401623448 0.3685019462097484 0.6323332984102931 0.0544767521301582 -0.03329205470885397 0.006638719557028797 -0.009358001214748337 -0.0154170167656273 -0.0005227895182503915
-26.44550782549549 2.175078138400062 -31.66010946561601 0.3960422106380667 0.6711355001626813 0.1078220617536149 -0.02173786101575108 0.01779020314041855 -0.007022035870198193 -0.0347356246645801 0.0001153558485236451
-26.36887766221471 2.911702681845172 -31.68183483322054 0.4230518225721761 0.6440446247761596 0.1045531731122907 -0.04279335795425609 0.01971837243080963 -0.0146079606519992 -0.03576673983930526 -0.0001658484718053039
-25.82825902503536 3.25561682710261 -31.62604767251158 0.408957524181039 0.6132648911662855 0.06511123059008224 -0.05563974919976512 0.01221524296397339 -0.01480603001919984 -0.01750762093177661 -0.0008252642255696116
-25.15329453418683 3.241261529429089 -31.55116206893706 0.3720495196487318 0.5895298500497894 -0.04202434159868974 0.04930357955179515 -0.006417215167164425 -0.004681388030271822 -0.004029927538743125 -0.0003050549503541708
-25.56014336165083 3.904083439385582 -31.64192642065478 0.4222925481126935 0.5817760849684305 0.06276072504225817 -0.06191198958601629 0.01458687983107409 -0.008440884769298234 -0.00865727937790476 -0.0004273252841559188
-24.78864044695139 3.966578447808073 -31.54933901447822 0.3825867711647221 0.5515250318556736 -0.04080103485068087 0.05586723370979799 -0.008272308254656618 -0.002756501066025172 -0.00204196874996593 -0.0001947520899879127
-25.17740427926062 4.632287055548268 -31.65707363954741 0.4327914904141061 0.5430249058006206 -0.05631770125614243 0.06120877480418352 -0.01532497343925427 -0.009835852904705927 -0.009177731816963833 -0.0005106106410009571
-24.42417781610631 4.682294355210485 -31.55784202213182 0.3926905419577006 0.5134839685920065 -0.0364014159455545 0.06094010060931258 -0.01022923924432491 -0.008651015061727189 -0.005277049485114639 -0.0006525146954327061
-24.76729286585909 5.41441581570958 -31.69186554890147 0.4441157756680633 0.5009491355121517 -0.04504695445088398 0.06146005200742431 -0.01598927441009331 -0.01641190209950601 -0.01225303101463987 -0.000860934444332596
-23.97104387229722 5.328525528621759 -31.56349392138569 0.3947031781384717 0.4742271207405934 -0.03431988704161679 0.06371400962750143 -0.01210575228644728 -0.01229512546184952 -0.006790456197297282 -0.0008822148565273644
-24.12544241253117 6.031522520838177 -31.68503547442557 0.4345464836444928 0.4554108996217694 -0.02995694913312631 0.06084279592607802 -0.01472381829392053 -0.01502183398140681 -0.007661707779675122 -0.001096957738429493
-23.36801761422478 5.913450751065994 -31.55798260466018 0.3851734717536249 0.4312038743063808 -0.03420156030214227 0.06826644010355842 -0.0139951562690208 -0.009515336726462584 -0.00489012057434663 -0.0005996189168026369
-23.62421299345642 6.526304253182907 -31.69380462331395 0.4273076970154779 0.4191061568906912 -0.02246439421937883 0.06140544176692541 -0.0149331727207439 -0.01045002449681437 -0.004032217127427092 -0.0008602729206616719
-23.02550936290299 6.628154535209367 -31.62205252187961 0.3963593999286426 0.3929604332680871 -0.02754219039797844 0.07029892570153901 -0.01677416746676511 -0.007051226071217871 -0.00289004035232327 -0.0005341857369377495
-23.41111494140961 7.283106319453919 -31.82070336363063 0.4491374913237756 0.3840919724873681 -0.009834370535502904 0.04829547084620662 -0.01267632058006598 -0.008125793279734637 -0.001890953272895962 -0.0009002941021247597
-22.68103986271329 7.157723804433694 -31.67289676181156 0.3993367326145502 0.3609874979296192 -0.02274616325657558 0.06613901625186677 -0.01750689601926831 -0.00687184995738641 -0.002506773386375522 -0.0005419181518752779
-22.56936346698089 7.816522749220118 -31.81018520414104 0.4226139529066142 0.3328833508363119 -0.01050778351257423 0.04496920952626112 -0.01296474833020011 -0.0003685754303324938 -9.682857280360312e-05 -3.713095975993378e-05
-22.04655482923259 7.334427045748956 -31.61362274380636 0.368810745672579 0.3307145079279518 -0.0309302249157883 0.07224350044313183 -0.01956244989592005 -0.004001095861051527 -0.001774964465562515 -0.0002287469762868891
-21.7552118552582 7.991125858084756 -31.7169840807653 0.3804322625286907 0.2957243013578245 -0.02265683044489651 0.05848391100760185 -0.01792395425473935 -0.0006514623865246212 -0.0002655497691218562 -4.297691356203917e-05
-21.2455332955338 7.494767436357324 -31.52973235744626 0.326994664471036 0.2948188353476915 -0.05206751498514249 0.08412989350278444 -0.02284878968144723 -0.005554085989446986 -0.003466689750261941 -0.0001078737231509445
-21.05765812319093 8.213875371313341 -31.6537440455453 0.3470927960429371 0.2612444978231125 -0.03511635123379878 0.07237527209632239 -0.02308321192160609 -0.007779071728965858 -0.003887236293134365 -0.0003538142498867456
-21.5124538244575 8.646119699712413 -31.84712906432607 0.3953220765197442 0.2623605706888532 -0.007496549759895449 0.03328473543978501 -0.0104454159495724 -0.0003903046953189717 -0.0001008285573926994 -4.117722929255684e-05
-20.80260493697913 8.832899605552871 -31.77224426708586 0.3591057320598829 0.2285976020779749 -0.02235726712181417 0.0411500142151424 -0.015141802694071 -0.01117115252666182 -0.006158835966612881 -0.0002430190481337833
-20.43345807146859 8.406584454086708 -31.59944066448761 0.3166326343172111 0.2306419425197917 -0.06034392708597546 0.08645346318136705 -0.02885447004448504 -0.0229844006578138 -0.01592201311139006 0.0003623640668166601
-20.15021250500623 8.952100190027121 -31.69589396307092 0.3231965219300693 0.1995461853008909 -0.05595066992274103 0.05525613770345367 -0.02303112159841012 -0.009512312719060664 -0.009211545391663368 0.001008454947512952
-19.9095485148673 8.535937867948489 -31.5591616614789 0.2895814200735326 0.206127330470744 -0.07872131000089844 0.0928030284836827 -0.02906225210155229 -0.01888860406297922 -0.01561303490606834 0.001307494432594063
-19.45686355954338 9.030343449023361 -31.6258654239249 0.2829465699554596 0.1704342012382123 -0.06872990475334897 0.07260835799064901 -0.02430826088080024 -0.004837201429639073 -0.004421604223651688 0.0004695922601770969
-19.88454406698457 9.457050110744152 -31.79262120975061 0.3291514163102456 0.1704661097750476 0.04720412590237601 -0.0358219708454811 0.01707025055858901 -0.006818147837414635 -0.008409163178108178 0.001207475582534899
-19.33210337128725 9.871694223803955 -31.81636944806418 0.3124142754971596 0.1338355204128037 0.04379504733771623 -0.03492419649500358 0.01561498314684517 -0.01629939893554887 -0.01941450495498981 0.002292475228487963
-20.05864028027926 9.988116090503945 -31.9717702694611 0.364642741570555 0.1569700550613546 0.01665522157153417 -0.007410865753254675 0.004978705905427336 -0.01177458922936062 -0.02350291803417816 0.004405044721330239
-20.48673865781196 9.437117949577495 -31.88957102296774 0.3667902436723718 0.1939861119704392 0.01984882351343177 -0.01249509740904269 0.007035399546213367 -0.0007631272980973085 -0.001109296956144236 0.000182847545073841
-20.85495170803924 10.057249745114 -32.13500205205138 0.4192515413634824 0.184606481670626 0.008692341897155826 0.002236878813490493 0.0009097198444719719 0.007533668980263855 -0.03359233932766469 0.01061509835128523
-20.25987512446562 10.59186795396198 -32.17234869966195 0.405462827583146 0.1418038708664028 0.0114366747233415 0.0001890911455085652 0.002060541130233673 -0.001616308790213519 -0.05819442173475976 0.01431140942614415
-20.83355693318566 10.68760644335647 -32.30069033097872 0.4471545239209892 0.1600587789677148 0.02193763597981424 0.006933974373930246 0.002019526360745243 0.0219821517144531 -0.07589440049424169 0.02179391497069022
-21.44380183017193 10.51511593291323 -32.35545469838768 0.4784585392639319 0.1898919738769381 0.00985891676117474 0.003737405152701534 0.0006331288917128746 0.02654820783532525 -0.07367257247209999 0.02149274964589074
-21.73316411933382 9.843938054527001 -32.22784092764099 0.465518734966702 0.2261126045185321 0.003683073997048484 0.001865955064975561 0.0001100007086126352 0.01909766046434926 -0.03849616776699396 0.01358193583576674
-21.24315046458935 9.319870450843899 -31.99208219070428 0.4096517303875238 0.2270406388332454 0.0008744654518031547 0.00165445469131735 -0.0003187247707648694 -0.002614718665559173 0.001224514087648853 -0.0008175645140356806
-22.12948326632981 9.079988522342248 -32.08010604091924 0.4544954496990243 0.2697089858419998 0.0007619581201684933 0.001132309597917845 -0.0001871166523561175 -0.01007887132552157 0.006206967943531437 -0.003481616756084572
-22.5566351464889 9.713153207127563 -32.32690299040912 0.5115752509911593 0.2626047399284812 0.003288092528453555 0.001503053833920497 0.0001281845185002493 0.01924072699863172 -0.04330638640621763 0.01424929824804692
-22.99705619847799 9.103767086258063 -32.23290133833314 0.5100191607572515 0.302103831907775 6.822763869430865e-05 4.449031818067291e-05 -1.011735273133642e-06 0.01287556417484712 -0.01957646384191233 0.007419169349000851
-22.76690110588818 8.49486577497869 -32.02474989615507 0.4665866362120489 0.3156274231152639 0.001282995299075855 0.01552033838710347 -0.004036750076324332 -0.005265804289416464 0.0001907394807091655 -0.0009402764087501536
-23.57534255564099 8.52561968193119 -32.16762403608428 0.5179767727933783 0.3455613480989009 0.009264137880037536 0.007717241339419476 -0.0005533077863524169 0.001227733396829999 -0.001431390333994215 0.000591907104675638
-23.2124680739318 8.005646377483156 -31.96645231037658 0.4708506238013238 0.350489784873992 -0.0005334085902569807 0.02917911298265053 -0.007696332482766862 -0.000848402912569203 -4.934008629360424e-05 -0.0001282629815151208
-23.75084834981383 7.884180014990052 -32.02430999656158 0.4979082589553064 0.3755063303487064 0.001482012343077556 0.02789679596704334 -0.0069280758405036 -0.01274836989654347 0.0001336932063541249 -0.002188721629215406
-24.31162677902187 8.133708709352346 -32.1872622889194 0.5440416243422269 0.3881800747132758 0.02824805940241467 0.007667656976831097 0.003097189158780689 0.00242605690747985 -0.01019338218211475 0.00310861167222318
-24.24733625546298 7.452609191191554 -32.00146507121342 0.5073658184737779 0.4099968996624465 -0.005498973962909787 0.03302951238804427 -0.008981296361613546 -0.0260712572120344 -0.005263245035623866 -0.003393413521728432
-24.93219330121727 7.673703232779 -32.1860116636186 0.5593160198147759 0.4286244360941783 0.05022914386104529 0.004440256951697968 0.009244322003900358 0.000932889443135301 -0.02286432181342235 0.005913384000378858
-24.89036286206025 6.964093365422529 -32.00744214943847 0.5226564621250051 0.4519175181831341 0.04845072810137044 -0.01435969844605249 0.01306858507365275 -0.009884283249369937 -0.02918330649016975 0.00457870832973536
-25.54334510346884 7.2319037632589 -32.21422587568153 0.5747871720850194 0.4678954715378404 0.07966835757797401 -0.0001108901069471152 0.01994292932628781 -0.001266084082068632 -0.02228417407417683 0.00493386619978694
-25.60342145368683 6.419239209168806 -32.04499911660792 0.5392111768623409 0.4982652621457722 0.07750419630070189 -0.02207357180901865 0.02393076855396768 -0.00668236393828609 -0.020391620047636 0.002832978675509302
-26.3414762936291 6.23264386208281 -32.20703937178625 0.5744483483704665 0.5333703812300946 0.09748055051539882 -0.02327872700450996 0.03665195176749369 -0.003221969424811531 -0.01102676384751518 0.001565819148976511
-26.05234793467248 5.5594414847329 -31.97756245462138 0.5248038621627497 0.5446911434160346 0.09198638821987766 -0.04641311181731522 0.03341963938335404 -0.009324699540716604 -0.01771231382953635 0.00106709199531894
-26.83179724191627 5.704290355248059 -32.24790526209336 0.5781322082129248 0.5702763451097543 0.117403885773227 -0.02809580089455638 0.04931767301167547 -0.002713693498992628 -0.00920148272139794 0.001218125905696314
-26.71431571435918 4.944475785757266 -32.03584075018854 0.5339617828665902 0.5904770024166398 0.1255946675778717 -0.05287783621595191 0.04960139610411804 -0.009100583792205489 -0.02018794502110621 0.001521931875172614
-27.427792135425 5.082678556765787 -32.33362291471624 0.5834442996619311 0.6141420727863212 0.1536525352532647 -0.01623443717145065 0.07337842717766122 -0.004120713837601149 -0.02204107803511369 0.003752242208488665
-27.21862965918857 4.394090827029211 -32.08096525518052 0.5364842550372304 0.6275142436897927 0.1682762448353369 -0.0454795777286712 0.07051962631469913 -0.01625697104951885 -0.0525981191171058 0.00487129345110972
-27.71184560038525 4.42360903327456 -32.29462365042239 0.5672670978875715 0.6460054198084333 0.1816459517992416 -0.02231544074538888 0.09580543159634188 -0.01071490591433001 -0.05494413219436181 0.007517493997544965
-27.63094831461684 3.840834381657606 -32.14204807455904 0.5339548510050914 0.660823014315669 0.186306464020509 -0.03860738470096589 0.08891546189164992 -0.01491970637126144 -0.0627334488751385 0.004022510104586393
-27.05430492992476 3.760098072503308 -31.91883234533164 0.4973955848109574 0.6414160247004168 0.1619201077728902 -0.04386781365452232 0.05507322745409401 -0.01635405622170167 -0.05654606020314121 0.003041378212174998
-27.47668483568989 3.093721200346374 -31.97755306791151 0.4905114089046572 0.6783335542888506 0.184723972679171 -0.03638940658829874 0.07289365898555845 -0.01056181747197927 -0.05000332183067499 0.001803033008678324
-28.07850622768601 3.325797350234331 -32.27872564338981 0.5358531763907123 0.6942824527581648 0.18677621153071 -0.02887741558916606 0.1062254931701697 -0.01056061458889561 -0.05662808067408727 0.003174369491203456
-28.06406817921225 2.527574647527548 -32.16994023597738 0.4976018346490214 0.7180859225944678 0.1974667482272237 -0.0213444358609469 0.1032563492986142 -0.007985197520083776 -0.06289335646397044 0.002269959927019153
-27.51265319918362 2.378151469494679 -31.91713367729094 0.4605032487133872 0.702228850651563 0.1925221349401747 -0.03229753519603362 0.06972316706698171 -0.009574595194721657 -0.05563212557807114 0.0006675109026978869
-27.79519388919409 1.842599865742912 -31.99477441893221 0.4524211334404561 0.7294791388728965 0.2041083049853074 -0.01600796653065415 0.08420013275200712 -0.005620112597298603 -0.0697205495424895 0.0003684962418953516
-28.29418586243965 1.850632750409925 -32.23813244730113 0.4800728722516653 0.7477433511036611 0.187527650373044 -0.02430307574094831 0.108874195310354 -0.008017952661452414 -0.0682806206833998 -0.00143138851459636
-28.0947115271573 1.169066933107438 -32.12686422050493 0.4401203933607638 0.7620914035198725 0.1851657801077123 -0.02123552563629774 0.09179247291759313 -0.005188439204694431 -0.05945552182105626 -0.003288372732291476
-27.5322216876818 1.319089535397558 -31.88741378281206 0.4166545586654316 0.7370721345158909 0.1910560234088583 6.930626413681041e-05 0.06430897044591234 9.127688275215996e-05 -0.06715008042441416 -0.0001988070551966741
-27.57124750456637 0.7747747032723433 -31.9156635837513 0.3966892738613064 0.7565181681940842 0.1817070362710007 0.006229762591419497 0.06417018777415086 0.001949057692155634 -0.04382165973358033 -0.001264745562943739
-28.00960970875491 0.2736481737712744 -32.12442867397849 0.3994845142533645 0.7888223138941935 0.1641416366409116 -0.0007150702979721688 0.07524573834252897 0.0006451681522076853 -0.03632645388481012 -0.001752589947557333
-27.15876458411712 0.1444543551424378 -31.82482993483978 0.3511056192369604 0.7639848033088841 0.1517184820834683 0.02077146072119793 0.0436078592340794 0.002130831519948631 -0.01529944158420046 -0.0001260042101640127
-27.63649809332135 -0.4716830212702927 -32.01167333987419 0.3517345060475724 0.8016141222983291 0.1614842978158071 0.03283296690570729 0.06506007131392234 0.007332313525926377 -0.03646623919696559 0.0002035245790943086
-28.21406349697546 -0.4026105151373738 -32.2643500357795 0.3838085843975371 0.8192153422637555 0.1495691424209827 0.0209731521183421 0.08039398474422682 0.007697651042416172 -0.05238808763685103 -0.0006541252313934272
-28.0065065357594 -1.036045437344228 -32.23544640343034 0.3499774631919986 0.8348068533710578 0.1387895395819644 0.03027420144123894 0.07310874596537754 0.008774661940097208 -0.03850032140894664 -0.0007148912770482257
-27.32807651108995 -1.146753646262438 -31.95737284339961 0.3113612851693082 0.815304683395759 0.152176098856462 0.05458617496905856 0.06025472746808412 0.006709093875432527 -0.01927255854976578 0.000515337494311707
-27.69392753806359 -1.74251468030592 -32.18439199155471 0.3092185542697845 0.8503851795286006 0.125477424194813 0.03747079125384851 0.06425774381765002 0.002441992432750977 -0.00820350981050506 1.520568939190367e-05
-26.9618133486008 -1.80311801541797 -31.8957151245134 0.2695124964823276 0.826943269046394 0.1413509338981437 0.05749410971781029 0.05310731723988213 0.0007129407684372949 -0.00182061754704266 7.34351078883112e-05
-27.31510883452984 -2.416671753973754 -32.10323270778792 0.2668144791659952 0.8628217154597052 0.1216178312811824 0.04619566473029074 0.05974602796066554 0.0002267867350720178 -0.0006220431627794603 1.932156081556983e-05
-28.03571187483391 -2.363983966696514 -32.45905356159996 0.3063362168033526 0.8873107927783062 0.0870318269139277 0.02152150999541886 0.05201774362519881 0.002643404584763498 -0.01017082638644805 -0.0002147111306380761
-27.65193279171933 -3.010425066285059 -32.35867341436487 0.2653995694101521 0.8992288062865647 0.08674815932651882 0.03477346889425983 0.0517952236952197 0.0008765128355309136 -0.002316433307862504 8.716144358743947e-05
-26.93565937288943 -3.052364317609506 -32.01915835828067 0.2259620395399151 0.8736112361240255 0.1249452386355033 0.05322847369170972 0.0588217426941579 0.002499383048263385 -0.006222602046260713 0.000321880941287506
-27.25701468665228 -3.615068319162404 -32.24831897752158 0.2252745432152946 0.9084866867532483 0.09275586876339328 0.0479191651776081 0.0550414562417058 0.001145738769440759 -0.002458120484519925 0.0002092438568161802
-26.58283191513174 -3.649340117860675 -31.93824852427314 0.187827054740544 0.8833222679786666 0.1315058334034923 0.06490720251707398 0.06005419944732962 0.001540310014951834 -0.003378003748727164 0.0002780325332739883
-26.86380906677343 -4.15441564948966 -32.1300233490732 0.1871083399240941 0.9141873706070284 0.1024005764319433 0.05721354294179623 0.05937472806271517 0.01055624340059405 -0.02096467510665958 0.001995763756151969
-27.04085485303434 -4.585179489015131 -32.29756833348448 0.1840625340329107 0.939269126626384 0.08078645434203549 0.0334196122471434 0.04976893007362147 0.005186384566187963 -0.01304818115538436 0.0003430962803819234
-26.43247611533814 -4.689896827335589 -32.01373622574388 0.1470054584912279 0.9174386484596573 0.1125467991584716 0.04843503687268549 0.05870570919989678 0.001219867491992613 -0.002926007975343327 7.544619790220586e-05
-26.23973730564212 -5.481495273342009 -32.04568612321285 0.111827226370611 0.9387560190039581 0.1017967898428017 0.03901655709489525 0.05383586612644526 0.01337404241190917 -0.03702076056279309 0.001541500850862375
-25.94749894076366 -4.355660818012382 -31.76742152538711 0.1310821011776355 0.8854836847171156 0.1379830757716775 0.07664117459654733 0.05627466343007165 0.01111427027287175 -0.02114598964992431 0.001547273359995579
-26.34285254918333 -4.137424970532589 -31.89041136216873 0.159255224028254 0.8925767745622147 0.1321200384551704 0.07360079386364228 0.06128912358409212 0.01579123238139311 -0.03068319422495583 0.002805868540589135
-26.21088002801686 -3.084507766022975 -31.76129417699545 0.1869376313473083 0.848295161247248 0.1368583048214533 0.05575958928729312 0.04509867287964316 0.004297868045405172 -0.01098733398696605 0.0005421511072033356
-26.58668038509354 -2.452653558196344 -31.82936370959375 0.227821533751408 0.8380796777521192 0.1366567655108209 0.05624409355507581 0.04851486435748462 0.001076128967382741 -0.002720351829601775 0.0001225071724002858
-25.86856153960031 -2.447938164765647 -31.63819824670596 0.1910364275721083 0.81283818513511 0.1288517286015806 0.05284719744656038 0.02995181772312266 0.000664791035692059 -0.001662284544825796 7.30374852451407e-05
-26.22374808184527 -1.829524443020675 -31.6919007424281 0.2309272872452622 0.8025492847071743 0.1288872692040995 0.05522775530288317 0.03200991910726997 0.000488498067834908 -0.001177330136818411 6.435876096072378e-05
-26.59923035233626 -1.157638314382579 -31.74738136924222 0.2741121592635767 0.7909994590714016 0.1313586730608999 0.05293156399810856 0.03397008451108674 2.204053385347816e-05 -5.611342532926379e-05 2.206532144417088e-06
-25.72420432584994 -1.16530297829277 -31.59040289395183 0.2294161934653375 0.7618123765484408 0.09768768275466658 0.03316691041890626 0.01416166770802261 0.002631405612933463 -0.007881888235461126 0.0003080120514200585
-26.31927906783686 -0.3388763965662651 -31.66306937124538 0.2902849478716976 0.7525750470693662 0.1093761071521288 0.02774697024095986 0.01952236101228748 0.0001404565406740755 -0.0005586021545200907 7.013891144304286e-06
-27.01726173153472 -0.6033931698511044 -31.8170267358912 0.3155313627109373 0.785246742976326 0.1448439887966812 0.03857760577448863 0.04145611566789788 0.004948136608668792 -0.01891148572369917 0.0003100145091069952
-26.50085131685841 0.4283582394670518 -31.66542074644869 0.328760091270095 0.7319804816391544 0.1183893525431938 0.02258333361758302 0.02135831987042551 0.002878034503478664 -0.01512772840546765 4.241419730331449e-05
-26.96380939051312 1.00036973635647 -31.74213096153193 0.3747746513176068 0.7281795800746617 0.1471290861572835 0.01632854340835912 0.03340380835934038 0.004628852119291932 -0.04219602476371716 0.0002383213213381716
-26.54313929475106 1.533492902053111 -31.65802129708396 0.3747177915492347 0.6958948417283189 0.1152378551148949 -0.001036739936823002 0.01896952524860571 -0.0004334585504554715 -0.04201207362458151 0.0003371322685483716
-27.13012462003321 1.833087615913477 -31.78350323320379 0.4172654193900191 0.7062805851375675 0.1640893222503616 -0.01524554072167509 0.04188057932166054 -0.005101298864962586 -0.05432052487873209 0.0002130557750465382
-26.98489763779084 2.601270144145575 -31.78210992676681 0.4422406479290973 0.6761525453020044 0.1591796556142321 -0.03685938096196935 0.04117740077837983 -0.0104370801939762 -0.04464633297432147 0.0003821182236462862
-25.60651399862915 -1.88433861626311 -31.57400506234463 0.1974392129956076 0.7835005695033251 0.1133860299840238 0.04359624176457593 0.01822413804042288 0.001767594511120606 -0.004687908186992058 0.0002170009052802284
-28.46660253447354 -1.621590324409958 -32.58704013670196 0.3535045731861911 0.8735821012241977 0.09145599843286772 0.0006044811628431538 0.05558336782189232 0.001706816797212685 -0.02231166410687695 -0.00256572531055981
-28.62049520695982 -0.768505859302179 -32.54751539939503 0.3915025153103957 0.8469705407845193 0.1136200493207642 -0.003734528764815593 0.07151911519688554 0.001747052049307711 -0.04957238505939234 -0.005364015436950003
-29.07292448564572 -1.129741997844018 -32.90958288454391 0.4021637586904409 0.8767127210122019 0.07397580928069679 -0.03728042094955527 0.04762705453083498 -0.006298171120668554 -0.02231493536760623 -0.007684663306015561
-29.15712083010205 -0.4055471800843069 -32.87873590408888 0.4334955385531233 0.8538508122463777 0.08728199323302169 -0.04211048713558548 0.06140801613620529 -0.0115343533265007 -0.04293351963348065 -0.0130473206534317
-28.71018867812003 0.03837084499724774 -32.52456741187163 0.4269589461604851 0.8220334993397058 0.1314263425892943 -0.01308365572219181 0.08359694587842788 -0.002328528350027849 -0.05922178178054412 -0.005607949363288185
-29.2421142473812 0.1887471439388957 -32.89377253672937 0.4618000513052792 0.8371228161831789 0.09292958409503238 -0.04629884507366428 0.07078516744391888 -0.01608048656226041 -0.05606815408339477 -0.01556170439336084
-29.04607475470986 0.7189061747568726 -32.72731771215665 0.4733618887972829 0.812578071095911 0.110747559051172 -0.04168899564307344 0.08322772635203204 -0.01370529707894946 -0.05786982469901888 -0.01075010349788519
-28.54492972796506 0.7215006190394 -32.38223932185379 0.4457080165297163 0.7932146263026584 0.151627362621515 -0.03230292699252921 0.09097440403378131 -0.007449312026672266 -0.05160572978359333 -0.00590821771634766
-28.75204331836151 1.443337236919733 -32.52683508661588 0.4885488045114753 0.7784981555033241 0.1329758935973935 -0.04380668651356889 0.09516533920779945 -0.01248839702645821 -0.05289537196689353 -0.006898680013596868
-29.33256361572071 1.31168477419186 -32.97632721735327 0.5169968814122587 0.8063903646292593 0.07886576888369004 -0.04607681366099438 0.06961260054920194 -0.01790126631413822 -0.04928776514180821 -0.0123429671003663
-29.15367774675273 2.074992117469784 -32.88965451139109 0.5429764513294727 0.7767022291437321 0.08096202585811794 -0.0423945593012045 0.07354226713354918 -0.01484850814920297 -0.04229720274181237 -0.008036276174480052
-28.64019045110046 2.291264929478278 -32.49875347785638 0.5207038114534458 0.748180500819269 0.1491564887783293 -0.02639164432113869 0.1090501511839969 -0.009685362698769469 -0.05928331735921516 -0.001099948344190271
-28.95847736784237 2.944839101876281 -32.84102614502476 0.5739143917935516 0.7431635946834859 0.09898874014330031 -0.0182341250173231 0.08740662664914041 -0.0100885327578627 -0.05380743379155564 0.0002004387270201865
-28.48161343836087 2.923561491639123 -32.45961863520174 0.5409961837683432 0.7227113534681187 0.1710606803274728 -0.0133896775242762 0.1177164491527203 -0.007580207081005097 -0.06314263651386288 0.003833073819286366
-28.5554659941488 3.533942823310389 -32.62217480718083 0.5764820607008675 0.708039366986838 0.1484120796352444 -0.007879626862525073 0.109979909197392 -0.007666228264590024 -0.05800185040254612 0.00618956631412072
-28.93578635241554 3.673086227025904 -32.95922992175735 0.6106841536273333 0.7215038886446689 0.09950490129999918 0.01425748505214927 0.08316283664824513 -0.001181896168444217 -0.0466231760851178 0.009407251234276987
-28.63590164831218 4.302122940805623 -32.87011830163713 0.6232606959528297 0.6896599914602558 0.116028888813806 0.02203463458685965 0.08455382421318798 6.914263755910918e-05 -0.02425327167271665 0.006225495302392306
-28.13158501053669 4.031711148361567 -32.44383115264582 0.574133955860021 0.675233898566249 0.1653866555486314 -0.01832227227189281 0.1057070177203437 -0.01003152773255375 -0.05564129697500887 0.006050741405695311
-28.0701303162596 4.749980747375887 -32.58590732100008 0.6075000363648547 0.651093135382468 0.1470328516325601 0.01226994269334892 0.08800445409003256 -0.001304635440610639 -0.0238562776443271 0.005505851195334865
-28.48889372231221 5.143214137868038 -32.97774809860724 0.6582264403412763 0.6579705881526622 0.1102067904918075 0.03498525024739002 0.07130905938266427 0.0003534110579772242 -0.003474814179572014 0.001158603772462709
-27.94664931742806 5.494466968536843 -32.71191837909216 0.6385849864263136 0.622884819214668 0.1327020803603974 0.02054510449299672 0.07247399221929765 2.33406651644801e-05 -0.003457651050995378 0.0009374459062930922
-28.35163128415181 5.794092017699493 -33.05152602522213 0.6832297577503413 0.6315433637237302 0.1078953392901813 0.03920901587354626 0.06264706603179364 0.002519508204485388 -0.01675642707085093 0.006148090354975244
-27.86831258701638 6.335524110600421 -32.90023789079353 0.677904758683432 0.5927288431447589 0.1059078964167234 0.02494436552355021 0.05287777884963854 0.001767448942891788 -0.02181786538069796 0.006752288337401518
-27.42055172761688 5.836114859673384 -32.52537131083641 0.6216089931841119 0.5898090813718657 0.1256932717511013 -0.001528329819896857 0.06011440737108556 -0.0004459343871552372 -0.003874600600303691 0.0008338980065258258
-28.22834826630885 7.109961035844323 -33.29407639903476 0.7432539742638272 0.5827522328729478 0.0880457129838557 0.03426714509966991 0.04449969898337348 0.005285563552507159 -0.02439240059749966 0.008325600567326256
-26.86430489797808 3.216895101285806 -31.80084751149126 0.4625844952417468 0.6518628593134559 0.1535378984682323 -0.04677937763018226 0.04236028715644884 -0.01461190282349002 -0.04702639450540656 0.001029629115243273
-26.35121516030208 3.709217683959772 -31.74864098581941 0.4567574927377882 0.6171469846654899 0.1051441580788043 -0.06057272925966809 0.02683556095465428 -0.01910816637223774 -0.03314713408859049 4.843151066402328e-05
-26.68277856838233 4.287683704277086 -31.89653605408986 0.50103084872809 0.6105367628463181 0.1294475785684805 -0.06427708642874445 0.04402938204278372 -0.01936280656067622 -0.03807346401765351 0.001344944750927387
-26.01076480998501 4.609603503324732 -31.80217391953062 0.4784224656161532 0.5748045493440013 0.08788015935715129 -0.06620503183536315 0.02799142906213018 -0.00969914121314391 -0.01290721987308868 -7.719602884409482e-05
-25.47638345667857 5.201587659224097 -31.78027121830777 0.4749681432343753 0.5348439014254822 0.07182544645632835 -0.06108611850616291 0.02347903624221059 -0.0151679595285726 -0.01791851413621613 -0.0002183655647155594
-25.3478240149126 5.76983079571097 -31.85130126022132 0.493580133407731 0.5106603482661974 0.068450972610027 -0.04965086132058358 0.02329963557195311 -0.01736257909766673 -0.02355923894978514 0.0008046872785473167
-24.82217617430295 6.230066287399552 -31.83889074298818 0.4842535913371529 0.4748475423658556 -0.04669116651671652 0.04617323179294772 -0.01767522746363191 -0.01854487347309405 -0.01869517758500138 0.0001507764087657276
-24.18727383483501 6.752839755714099 -31.83110439124321 0.4709595624032765 0.432429164330368 -0.02145307229511788 0.0475301274664991 -0.0136512561720033 -0.02023736300771676 -0.009559550685324715 -0.001480673329558078
-22.1403036254712 8.410915609953124 -31.89311157240041 0.4236825046943918 0.2948414645521796 -0.004823119496605185 0.02963193472590072 -0.008868272457913414 -0.003816212601363545 -0.0007579713330060043 -0.0004571473961981598
-20.49281089291108 11.14528586738087 -32.34327775244722 0.445854718054724 0.1298243610481099 0.02650618181466573 0.006736308345056835 0.003178676112812816 0.02075196760274058 -0.09194979054779572 0.02181622557376084
-19.77941661446724 11.15853624604844 -32.21374599321131 0.3997229966426974 0.1021140805263667 0.01028584426319817 0.0007349533689979114 0.00176724226883301 0.00264791595574291 -0.07584016532418635 0.0161284812898811
-20.18195383849772 11.62637449797088 -32.37607828620473 0.4470146196375057 0.09982049265295762 0.02301864101286142 0.006775728877243431 0.002934713005813629 0.0244880173680386 -0.09112033410887553 0.0183070024590314
-19.5756393056029 11.92916683613898 -32.30918247215581 0.42036395427873 0.06522167898262868 0.01418769345866375 0.004287402873622328 0.001926199760707381 0.02036233508027933 -0.07367687495846759 0.0140109441114962
-19.18311211541704 11.38660735661507 -32.14719489768837 0.3706459266865157 0.07075818578688817 0.00278114900490198 -0.000101697638000013 0.0005471455247112685 -0.004986849076149001 -0.07079518633341017 0.012189567149195
-19.2253380178782 10.92158743952635 -32.05855802206906 0.3527234610920183 0.08996101992416625 0.00589268981444157 -0.0009808902099362133 0.001329546458704002 -0.01229212147993596 -0.05891208732430712 0.0110168164816555
-18.55233761724731 11.05587679115769 -31.95865540313588 0.3143168729858056 0.05922128985757572 0.02714244003881119 -0.009326493411873481 0.006734639919916182 -0.01727826183223719 -0.04595346966808653 0.005997269954225508
-18.82545268582409 11.8720412423889 -32.16004689014304 0.3682452805595444 0.03873140739265629 0.005376702568956291 7.131306372163929e-05 0.001034299863339927 -0.0009465944560694919 -0.05882136729561283 0.008976399482326225
-18.0983156318628 11.88613171155697 -32.02070958250709 0.3205191501375242 0.01037060958344924 0.01849508145932998 -0.003480522001200274 0.003938175052187212 -0.01070389702872936 -0.05060057538421996 0.00554902493943795
-18.47865556454254 12.54242216765405 -32.1829498039987 0.374163855764079 7.681877260450321e-05 0.005487489788795503 0.0001079988544701004 0.001059743307638614 -0.0001121519323424317 -0.06007335815424603 0.006702836806944693
-17.66189442223549 12.65016703232023 -32.03614251078476 0.3242625262925338 -0.03532412791081543 0.01181214262623326 -0.001289932751710832 0.002315516123720601 -0.006500828919761651 -0.0520934997804877 0.00414231918863189
-17.43678834215147 11.9334253793339 -31.90945053714195 0.2786321182922156 -0.01679597398006311 0.02171612063291608 -0.006507650889633675 0.004612562407301131 -0.01380390466850951 -0.0435938934490533 0.003484705046994328
-16.89672425378729 12.34921563113621 -31.86633781763268 0.2604413745680155 -0.05334433936715209 0.01842621489213921 -0.005550176942131787 0.003775042086878139 -0.01311445124964387 -0.04200499235457926 0.002255486614893666
-16.97027875938265 13.09142734128228 -31.94866524586702 0.2967825891953087 -0.07862144163405727 0.008407300720906027 -0.0012069010820457 0.001618451453427901 -0.007102330372392063 -0.0465535991531464 0.002178525689728044
-17.52718689117151 13.40173940308045 -32.07347971462572 0.3470845909103747 -0.06897160769200043 0.005631415156462577 -6.521182593705791e-05 0.001052046792429924 -0.00111206689637012 -0.05015223671662234 0.002843971832459901
-17.03539746070003 13.78345816579312 -32.0008387796107 0.3301877697171765 -0.1023123297742199 0.001844205325665387 -4.149349991571247e-05 0.0003424587346252248 -0.001239702066724331 -0.04240025127638419 0.001538668101151569
-17.73306944621914 14.12883840400437 -32.1410386564329 0.391241922596498 -0.08870237707580016 0.0003582048123369449 6.280817678138779e-05 6.459671186370546e-05 0.00640273321502284 -0.03871734784155322 0.002140607068355591
-17.02748272140614 14.46722908817744 -32.01782538001346 0.3581168266652099 -0.1285105558330548 0.001513478457782531 0.0001127933262778673 0.0002765259779625955 0.001857244705153271 -0.02685252180612445 0.0007879382725158254
-17.52281424145845 14.95046418119762 -32.1124558485528 0.411234369653903 -0.1279581673193721 0.004099685386574692 0.002181898696053698 0.0007235746763008934 0.008120958577956194 -0.0157662282984607 0.00152981826938702
-16.9404922914407 15.05469305121846 -32.00709982172919 0.3766273016122826 -0.1540606994600516 0.002458391916677624 0.0008823747204268507 0.0004456498295207199 0.004233565876899416 -0.01221655801277584 0.0008343273260299832
-17.19629111361707 15.5875816500205 -32.05396499342886 0.4156990894187233 -0.1645079152482349 0.001164618113174463 0.002734819401332532 0.0002053577279363919 -0.007612078161794709 0.003344171441605052 -0.001366107993971786
-17.89926504749475 15.60965850230644 -32.17787522973823 0.4635546889488293 -0.1387967215589818 0.001305677852574344 0.00459457363004197 0.0002328959570399642 -0.01340831117842381 0.003926448548426769 -0.002290387609148997
-17.49999088554699 16.22412608701552 -32.10842302329468 0.4621482599302465 -0.1771545227745087 0.002052667009739965 0.01625689638182557 0.0002633338385472587 -0.009456635354483092 0.001220770254910575 -0.001650422624018251
-18.19006893807032 16.32338254288519 -32.22569283445475 0.5122848005118062 -0.1550954887250976 0.0003994430453495558 0.0207145946089403 -5.400049296407591e-05 -0.01333407951399556 0.0002514108526868574 -0.002191302853216034
-17.73098868350842 16.89648881686884 -32.15573118268733 0.5051394687800564 -0.1939614189487399 2.910077127388523e-05 0.02774897821159131 -0.0005740260646778968 -0.009305837028196833 -2.281796399632462e-05 -0.001574810407161122
-17.14731296532243 16.72416445583318 -32.05190026297577 0.4592081375513343 -0.209205034848702 0.001374047223659578 0.02306586069757484 -0.0001661161596440518 -0.006906167750886289 0.0004026582010238841 -0.001214467340877061
-17.12377275251997 17.44033744214735 -32.06722873084563 0.4871014366410493 -0.2368956507193855 -0.001363671690115846 0.02860442679320177 -0.001301642048110278 -0.007120638752671759 -0.0003954962656709083 -0.00123131432188652
-17.9671242392591 17.61304890727526 -32.21814890240044 0.5502065471555093 -0.2123157881440717 -0.005467357685012198 0.0348721104371992 -0.002503466898236217 -0.005529584704304688 -0.0009309481518965652 -0.0008915274005859001
-17.47503858791738 18.2389058713423 -32.16778159528387 0.5431185341982628 -0.2538234442369054 -0.005426416045071795 0.03131414755479334 -0.002923097054046753 -0.004361369309013549 -0.0008224220799273161 -0.0007139147033657925
-16.6921772051057 18.16371174889423 -32.02435252704102 0.4883254036915351 -0.2796108573763768 -0.001642536815853715 0.02959723826631737 -0.001990216569677055 -0.005453513064564039 -0.00036745345704789 -0.0009637200116638542
-16.94268035661601 18.84320345911964 -32.11547995001722 0.5327260688802606 -0.2955476052423611 -0.003092598060238569 0.02898031172628649 -0.00283027354783744 -0.00227747794200181 -0.0002810879226384467 -0.0003896060703136298
-16.31177901992969 18.67941707185038 -31.98869210712641 0.4845988792891931 -0.3123969418202844 -0.0006558793766743632 0.02910174623614665 -0.002242647617872298 -0.00456425510591134 -0.000166213529786785 -0.0008220208811807561
-16.23292920403529 19.35613581647549 -32.03069961892839 0.507363665566239 -0.3398410463629027 -0.0004724807512110615 0.0267284052779024 -0.00254427920542614 -0.003692173962780567 -0.0001287240875119936 -0.0006666361336817879
-17.10454602020812 19.57494198770927 -32.20987486280295 0.5732037610707134 -0.3167050097751933 -0.007935576077140081 0.02860640651829596 -0.004327307010857174 -0.003203474668202359 -0.0009632473626030152 -0.0004930615475708406
-16.47776142981969 20.11908417451633 -32.15240972691448 0.5544784295590695 -0.3587791730894258 -0.002914991328348655 0.02650116150673942 -0.003498090024358874 -0.002633776960263908 -0.0003486608698552364 -0.0004466668988676098
-15.6061590566976 20.03800615622526 -31.98346607547656 0.494939406278352 -0.3866939138379964 0.002716115536461928 0.02576124360936716 -0.00233383157422992 -0.004331202688614083 0.0003796439111780694 -0.0008500817519763917
-15.98094052952875 20.62539888103678 -32.12041911093536 0.5430758682075687 -0.394431812497911 -5.439110940487809e-05 0.02539464474978663 -0.003176094301321298 -0.001871314338627177 -4.629152089398603e-05 -0.0003380799696848448
-15.27484171783547 20.77848999301226 -32.01088384207614 0.5043332886505458 -0.4245410391745155 0.006013425102890271 0.02473857503093021 -0.002122964813246954 -0.001668053155949561 0.0003749200873384681 -0.0003559757585246964
-14.92414040523226 21.46729822312329 -32.04312975762145 0.5106123988138128 -0.4607238210370899 0.01321106601054878 0.02564023689848135 -0.00147550173560314 -0.002410871457203599 0.00120720793699668 -0.0006079860511828883
-14.48553129734972 20.89624409814594 -31.88136989576988 0.459419212301075 -0.4562899592439307 0.0140080832949782 0.02976668560469728 -0.001665656641765111 -0.003689715313158821 0.001684949578070419 -0.0009188418866891791
-14.79985155615988 20.26327110309125 -31.85721369625797 0.4527355810887557 -0.4232942928718567 0.006575743850544249 0.02952545621628814 -0.002331128159093413 -0.00517564515077071 0.001064830796022128 -0.001112809571174291
-14.17560896370132 20.40256796325087 -31.75485111562747 0.4190531223832975 -0.4503322134884419 0.01152021747968902 0.03439355023135069 -0.002301524703709776 -0.00177931865394788 0.0005683157493483497 -0.0004135265570397048
-13.75566372467923 20.87276667596703 -31.74315392164571 0.4127970345803867 -0.4812207190396688 0.0217316996009347 0.03966999667216706 -0.002184138315308267 -0.0007897923407777955 0.0004211982991753857 -0.0002081346071839594
-14.04860679420108 21.56239526919189 -31.90683155094228 0.4602569818262534 -0.4942135731719705 0.02711080525232978 0.03438979710893474 -0.001229837323317828 -0.003316238219372453 0.002579171012311949 -0.0009828297533082649
-13.25248275406139 21.38277845163995 -31.74242834675875 0.4038028464219309 -0.5159518608815221 0.03817903372573623 0.04677441196408557 -0.002602278689989432 -0.00157085305185126 0.001255011494496222 -0.0004885053189983608
-13.40327191381653 22.05477362443294 -31.89681237025198 0.4419145208751223 -0.5329051471934821 0.03984953058484696 0.03761311650525419 -0.001951320645004624 0.005611590163842562 -0.005844127065682032 0.001949142331066775
-12.68795510470206 21.81971997685504 -31.74967929892389 0.388968807057838 -0.5499758292407287 0.05253047627237944 0.04372127856399995 -0.003069789528656398 0.002599365024852326 -0.003052156878422967 0.001010389028219992
-12.03780645509972 22.1752824878111 -31.76739133595557 0.366853946303113 -0.5840287297432832 0.05873256070084747 0.03411422578002898 -0.003833905970292888 0.005506192875108253 -0.009168292763860969 0.002770959430520108
-12.0697715864933 21.44529711188896 -31.58896948398762 0.335620261264625 -0.5596595731355849 0.06022249271536247 0.05404792865845957 -0.005784087811358866 0.000397574134670185 -0.0004275870263534188 0.0001439660600802103
-11.36243722222553 21.75424107266859 -31.60513749963204 0.3088364366424102 -0.5945422932870024 0.06323803896476519 0.04333358413490346 -0.007717854347398238 0.005477099326724789 -0.007560392951162925 0.002428407657301772
-11.32728123809431 22.58562217930425 -31.83810481435605 0.3453670090764934 -0.6216361301044875 0.05707919285733679 0.02203005827728492 -0.004329298296687717 0.009370442223225845 -0.02297738989568179 0.006620943716953515
-10.65099259966716 22.0661999205679 -31.66997793707999 0.2837700168479912 -0.6295392642180969 0.0598550509345941 0.03044873980596812 -0.008547857403341876 0.01043653919089827 -0.01884260085875325 0.005960105747236293
-10.61895663081756 22.69381078005409 -31.86369680440285 0.3117590704346517 -0.6497487865463752 0.04911891116559337 0.0134871286504815 -0.004401033034258329 0.01089398868579148 -0.03620809891571712 0.01062422705459514
-9.979823049268893 22.41894740913885 -31.79101567501046 0.2646504811775243 -0.6641706413295264 0.04292755036715919 0.01052068390577072 -0.004690277539969594 0.01156841034471532 -0.04137908930252746 0.01306259562639434
-10.00280872574346 21.71953496327643 -31.55246172843703 0.2314119254763558 -0.6424359541204895 0.06537409806109899 0.03823104867241538 -0.01300904906345301 0.01080534261524137 -0.01658067749603069 0.005572493345716367
-9.550832870458045 21.99005095647384 -31.65879671323882 0.2208500973922512 -0.6669972175613004 0.04605136659167356 0.01685183994450875 -0.007841898525146437 0.01340343412043578 -0.03160842423362492 0.01078646349644973
-9.452530434334626 21.57596702881151 -31.50987057721491 0.1945388100073489 -0.6583741207378734 0.05564893686807802 0.03555669979209732 -0.01432123500701155 0.01297022673246081 -0.01782144768897344 0.006152225224908174
-8.974294392377633 21.90526719650192 -31.65631908177516 0.1865518870556043 -0.6856726246834123 0.02177460417895967 0.005701084284231359 -0.003264301873942637 0.01330651612365932 -0.04220144740765567 0.01505685285983087
-9.364025274075262 22.36491898608571 -31.80174779588497 0.2299340650135198 -0.6847619169645472 0.02191941746198654 0.001603638841570562 -0.001663107076301288 0.005717062634982764 -0.05797505765893377 0.01944771248300162
-8.993278197224061 21.24201659944919 -31.39715165865644 0.1525746365499349 -0.6657538868336677 0.05441232401187813 0.04207979314823762 -0.01740616527542551 0.02077904339721466 -0.02335509276494338 0.008494609073266294
-8.333438745632622 21.51033384384826 -31.53655680325479 0.1327975607111641 -0.6982349729717511 0.02040417711053622 0.009005600987232902 -0.00478800067797928 0.02506953093651965 -0.04715548439790197 0.01814111532170463
-8.345739161462031 20.81977019600759 -31.24022581705356 0.09495424298052058 -0.6782249351084292 0.05416323984948589 0.05334075440016027 -0.02303558221750312 -0.02591806265851612 0.02238836685636324 -0.00909870062420204
-9.106245522121609 20.61023084971233 -31.15996682396593 0.1247958656954024 -0.6431239407260576 0.07340124678846829 0.08693908224994304 -0.02818802098878503 -0.01797051014746091 0.01349034344515939 -0.005187301795607979
-8.614287277695677 20.29362916454578 -31.03020598115866 0.07992048278561069 -0.6529617906176493 0.0775067631566352 0.09833434410447672 -0.03272303717464643 -0.02184679115359524 0.01512727951578293 -0.006287404109420099
-8.098839402410068 20.2887332581438 -31.01536320916546 0.05108844935428965 -0.6728915663874424 0.07142525199748948 0.08666149977889616 -0.03324384075823122 -0.02793864422473584 0.0197517385591649 -0.008537203011712942
-8.382229907015532 19.75378559400883 -30.83521468573282 0.03637280403981496 -0.6469734726032483 0.08284953043858329 0.1078893707101665 -0.02860891997408235 -0.03416095307501043 0.02344128455472495 -0.01052655894122171
-7.825169482947953 19.43664299081973 -30.66989870799025 -0.01481380076992908 -0.6606192450575932 0.08854842712821931 0.1100247745825921 -0.03049555354384379 -0.02560456883681306 0.01806983453768792 -0.009152640093608356
-8.321170435315452 19.07884409604134 -30.62105293527728 -0.005915231103417365 -0.6308145788689254 0.08135290628075205 0.1113388778749839 -0.01871552199023195 -0.03446460795191512 0.02321418402493544 -0.01170978937748587
-7.732015430531373 19.01054953243974 -30.51363440833823 -0.04597990011392036 -0.6531267203334884 0.09089944240689594 0.1111560305915289 -0.02337412989559722 -0.02543089189035182 0.01878871160922669 -0.009547961414146761
-7.320550967798214 18.67514717839538 -30.3420718192167 -0.09186229672557507 -0.661632267856967 0.09433464290913748 0.1040343594125947 -0.02039174059659615 -0.02175724282931902 0.01785201387874161 -0.00957441097128111
-6.605498980961414 18.78410812054812 -30.28524001031376 -0.1281117218822707 -0.694403452567193 0.08722605430672375 0.08721381224558558 -0.02637359474682969 -0.003772324046205378 0.003244109202498996 -0.00174848410573571
-6.906512955908067 18.30323561788076 -30.141973598716 -0.1416925301596338 -0.6701342892781964 0.100164081610014 0.09401611933612428 -0.01563733986288209 0.009427834621097314 -0.009248544679527614 0.004784580802963466
-7.490982727486731 18.07020671784903 -30.18751179946977 -0.1186010743046323 -0.6388940948002558 0.08954144932633697 0.09027831591059021 -0.005522833708211245 0.02364566203070845 -0.0227444126946932 0.01157731292234185
-6.916474536880708 17.75096688180632 -29.96507187197675 -0.1770104060830704 -0.6563673884520924 0.1013544091452735 0.07853508073955284 -0.002979843953160653 0.01365523479616088 -0.01730052405572756 0.008497156679922225
-6.209911047096607 18.14707179831387 -29.98437406607928 -0.1955613560677428 -0.6968996372114907 0.1000971799151797 0.06908028229750435 -0.01451924052119525 0.005703505818942614 -0.007499954341957445 0.003636959169322493
-6.346386094052759 17.51262239609452 -29.76369314850619 -0.2314186432928296 -0.6768370189249664 0.120677200892911 0.06592934256541434 -0.001759595577670478 0.002706316473485599 -0.004894239168497825 0.002225923992625477
-5.61399279433248 17.51731733507466 -29.67032429559326 -0.2783185292284201 -0.7107787864800987 0.128951933867263 0.03014449434564656 -0.0007033180219539213 0.007740311661746681 -0.03279996850235601 0.0133505642793294
-5.314997729814715 18.23614764983806 -29.94458417915025 -0.2416939795753565 -0.737751364258077 0.095816574887078 0.03232086820924974 -0.00990772551572762 0.01726337920145743 -0.04501154011813751 0.02011620221920872
-4.798933841434009 17.71110464900443 -29.71869292072417 -0.3116906616967911 -0.7516497416236774 0.1433558725782952 -0.02592245453444167 0.006470539146643797 -0.008528840477665743 -0.04291944074347712 0.01701281994368365
-4.9702357073936 17.06769187106515 -29.47109639222031 -0.3536221075759163 -0.7334794800692835 0.1604845341264268 -0.00882746345012563 0.0006970356104075569 -0.0018355808703928 -0.03243184073364265 0.01189530637465615
-5.544330477888986 16.86661309707241 -29.41644406583236 -0.3320491210635495 -0.7016456777829876 0.1613802178057829 0.02264908406179081 0.006250812748768634 0.004173015686123742 -0.0330487597067223 0.01201155104456952
-6.145176310816657 16.9629500585089 -29.53689837150561 -0.2836940611557469 -0.6742830455300686 0.1343280520676099 0.04753892956864909 0.008364565978885394 0.006264943418322359 -0.01903918078091805 0.007596882928798703
-6.643857008920248 16.42562413347036 -29.48033282097059 -0.2845261439665634 -0.6375024818439097 0.1286372010474107 0.04868694962678657 0.01992253979362353 0.001110434720436686 -0.003493436781626088 0.00136737416568105
-6.852695459612681 17.0929658489672 -29.74109036594335 -0.2248842299101182 -0.6434917291935248 0.1073301398911225 0.06631235122365389 0.007793528128758288 0.005572761639595206 -0.009536803417098373 0.0043988513060512
-7.3521452540672 16.52631301541624 -29.73323246791269 -0.2243056343313959 -0.6051167461604744 0.09555447875181797 0.0637737304001977 0.01639789494272075 0.01446519049959933 -0.02463847712315282 0.01153037386499151
-7.129595169347599 15.86459215330674 -29.47257619930173 -0.2830757841263053 -0.5985794074908339 0.1183415633058654 0.06290823396997763 0.02649759519322386 0.007572449034485577 -0.01747718495270187 0.007673276833745355
-7.781289880151273 15.90379207443668 -29.74891658641588 -0.2281348558460355 -0.5666280476891543 0.07452301687449743 0.06312248883395223 0.01735684041528554 0.02196098576768753 -0.03040800659146706 0.0162950247176077
-8.148579123542831 15.35216131283716 -29.80328315474943 -0.2292807704531401 -0.5315669120586269 0.05269422507947407 0.05360965661246444 0.01529981823286919 0.02953555633516761 -0.03503619131894665 0.02104109521725722
-8.49358122851403 15.94287691345061 -30.07143504170185 -0.168920953170675 -0.5326048537158429 0.04432377897384804 0.05277319581803239 0.01041172570743295 -0.0506227416598784 0.04841597832377225 -0.02989655136584762
-8.701162461091219 15.0736310843997 -30.03342728290047 -0.1981050463375614 -0.4947630344300877 0.02829678097964777 0.03809263924250465 0.008442220382514444 -0.05020926388905571 0.0443233305449954 -0.03170162409088134
-8.777015922525912 14.2542382237936 -29.95326880908675 -0.2331056946444245 -0.463464488900914 0.01791105596698692 0.02763219515948761 0.005869049673520323 -0.05017879713107177 0.03969568533014613 -0.0337573698098659
-9.277286434478587 14.67660663827278 -30.27191568974872 -0.1706611369757102 -0.4529908464204853 0.006518515031638279 0.01364041561939925 0.001638858092278392 -0.07888425002861169 0.04287548233023666 -0.0430978311230262
-9.284614504172325 13.99822761703414 -30.19849595586117 -0.2024968378840327 -0.4289790985257936 0.004186984120933876 0.01064062178499052 0.0009126963543650999 -0.08203645699710173 0.03630841299131664 -0.04695838573729244
-8.942372052498897 13.40851685787938 -29.92695498276867 -0.2596129668129689 -0.4252481162615588 0.0072166369334555 0.01486889485433805 0.002165747494776843 -0.06243339803561943 0.0364793667807792 -0.0424097006196574
-9.56354090713106 13.44785686263675 -30.28044502951799 -0.2050315584543662 -0.3955994027954212 0.0004929795467040471 0.001619954438572008 7.520410138847514e-05 -0.09702133815149376 0.03197567810135681 -0.05278443982188995
-9.33096293274485 12.87215109942831 -30.08716922743011 -0.2505136827177956 -0.385823183505313 0.0008702214694663942 0.002820022205228414 0.0001254376587032439 -0.08867529627232837 0.02979655284112515 -0.05468687868281985
-9.819069863351139 12.79694086412228 -30.33733210126675 -0.2134178368593412 -0.3593263331385304 0.002030630171907181 0.009158995748231124 -4.841746447119398e-05 -0.1105652796398837 0.02421214974147164 -0.05696738345456818
-9.444912974242181 12.15540827834678 -30.0516605460461 -0.2730194427930379 -0.3533442368406556 0.0006616971672982041 0.003307801167504123 -6.962174188802968e-05 -0.09196539224369003 0.0172195260164351 -0.05593757309820851
-10.04673975414102 12.18310173661965 -30.37730888103587 -0.2220593690506448 -0.3255226695607177 0.002885089987578204 0.01983959245679023 -0.0008968288362253406 -0.1224733710503115 0.01512329185343288 -0.05943915653890273
-9.830180374213487 11.68517283856077 -30.2084069386505 -0.2610034842986603 -0.3165654801271516 0.001270623955848338 0.01432174778766974 -0.001279006965964425 -0.1174450932953721 0.004831615954167496 -0.06257304773561384
-10.24129009474713 11.68367964109021 -30.40720835611815 -0.2281733838575102 -0.2974385642510887 0.002278592181528541 0.01800242213995636 -0.001357299337701629 -0.1268390084702372 0.01174633976845872 -0.05713684796552361
-10.05334960055148 11.15888327487412 -30.24414240317891 -0.2656785878087757 -0.2857661191568818 0.00150567672895122 0.01539971585181328 -0.001399190682102731 -0.1140738018393592 0.006021931153732405 -0.05647710578453737
-10.72445375601881 11.33649612337672 -30.55306354495895 -0.2061605387449579 -0.2625131673180147 0.001886380728794661 0.00955985424288623 -0.0004307753125773575 -0.09943034208643595 0.01784447926086904 -0.03940072678178688
-10.46095922459616 10.4643941205211 -30.3473153029011 -0.2624650179104264 -0.2397357598563923 0.003874258842932504 0.03438076102864277 -0.001732895307694986 -0.1012665207035452 0.009134150033326438 -0.04518085050232735
-11.11530044508146 10.74581099319832 -30.63059924079463 -0.2015632045322683 -0.2223867690892715 0.00520456338927295 0.02889733893721707 -0.0009736929806660086 -0.08595749409107446 0.01442785022466235 -0.03126729811871146
-11.15395622536282 10.05954701479372 -30.58496767161083 -0.2263541040231179 -0.1933152073476048 0.004205745826820693 0.03056499323102391 -0.0006920740176752118 -0.08331685423422763 0.01077121398178897 -0.03061439819300355
-10.56235424403183 9.590468828534116 -30.32058954405462 -0.2890383126921375 -0.1996175263256212 0.002809533616555913 0.02549767838023338 -0.0005174924847444948 -0.09549278510145419 0.009667423001268665 -0.04211336023522438
-11.2067630031452 9.247423634130779 -30.55503603865988 -0.2539706061596232 -0.1579647885203408 0.003754420814857454 0.02882332402288561 -3.47243977586713e-05 -0.08165136493530832 0.01059879316295231 -0.03055875856218527
-10.54296017572165 8.711286060759859 -30.2588547415886 -0.3237529748762509 -0.1638676714013904 0.004259759644438246 0.03294384505613621 0.0004207806607641239 -0.09700892415116184 0.01311828432330755 -0.04499262362845934
-11.31452467332074 8.4207318757318 -30.56674487669316 -0.2769772978155638 -0.1192184886427689 0.002459962628338796 0.02963197231798754 0.0003212936597781341 -0.08328782133397394 0.00724993129670893 -0.03095248011094651
-10.77557644856134 7.855234227060942 -30.34310621121265 -0.336992266756438 -0.1176973423656805 0.002119351564063451 0.02567213970308603 0.0007461701081079304 -0.09962111671711001 0.009502363462329612 -0.04397634323556276
-11.48197731278906 7.545872755884083 -30.62117963196065 -0.2964091891105234 -0.07571062473708064 0.0003290703023014782 0.01308483502568432 0.0001764537758955309 -0.08407092333433717 0.002517158243556445 -0.0298738645139764
-10.90390507980298 7.220874599408782 -30.40153028787724 -0.3495196052460811 -0.08525617117486499 0.0002328336041026928 0.003456221283698505 0.0001182579510435678 -0.1033163027681433 0.008472199200762056 -0.04419396763782963
-11.26371699917414 6.78689074644773 -30.54870221303751 -0.3384603902504801 -0.05231144748367646 0.0002973850369169312 0.005527039631322627 0.0001343146189532033 -0.09623796002585018 0.006075885513520727 -0.03694259621314396
-10.67850778188577 6.64640566710846 -30.30085183677931 -0.3858732845537178 -0.0698849657417018 0.00010313939549106 0.001607056393694307 4.436224347179283e-05 -0.110563216243862 0.008537067596660218 -0.05220939241151565
-10.36288663432362 7.252706663083434 -30.1456356625639 -0.3890100290131313 -0.1091332488319148 0.0008607678166318581 0.008215102088356064 0.0004059475008695405 -0.109481232149752 0.01427866671883891 -0.05681223205406005
-10.05729285509313 6.557163439946475 -29.97080481228163 -0.4362773896939038 -0.09201181895043602 0.000667368713514013 0.006626192761519624 0.0003052774484393853 -0.1147160966946604 0.01467228005004892 -0.06768735161340021
-9.727158650159687 7.261492451059621 -29.77980774001547 -0.4388557808013097 -0.1371180971318778 0.001677269255118451 0.01209237133234102 0.0008039253661993826 -0.1086450777118527 0.01969932678866503 -0.06963895942765946
-10.08866647621366 7.96099788130604 -30.00635070404615 -0.3859374212101678 -0.1516007642012767 0.003557761429010828 0.03068974138487119 0.001179848798214609 -0.1055775232112298 0.01448689546068367 -0.0584646400547424
-9.359848052182159 8.008456972638216 -29.55831528099334 -0.4438939774605258 -0.1866142072761863 0.002730990853465241 0.02572653752809831 0.0006760890233814546 -0.1070865492387044 0.01333908799041872 -0.07501402851121466
-9.805889048936603 8.671347822266766 -29.87884943147978 -0.3831458316369491 -0.194698552157095 0.003585101348435395 0.03130751248511206 -2.701005756656019e-05 -0.1089974155690746 0.01242628543057642 -0.06407595641217192
-9.20756929110947 8.823760829575503 -29.50554589203403 -0.4279934699444085 -0.2292558659134057 0.002879543468284252 0.02762662631184573 -0.0003113324578115911 -0.1047321605277951 0.01006535126073241 -0.07551127484310476
-9.584879129629629 9.311259814021138 -29.79861871741265 -0.3774870271810303 -0.2319975059692812 0.001677586224328409 0.01514055362776103 -0.0002578212743059232 -0.1132543055548871 0.01135326515940571 -0.07020034672200957
-9.11968670964977 9.418038117971516 -29.50005451659922 -0.4135840289137708 -0.2589323859288333 0.002374562571439107 0.01643912799194405 4.196244277534408e-05 -0.1007515164367528 0.01474177907420953 -0.07390449359801927
-9.36525037044526 9.922727296860343 -29.71501323967694 -0.3729149270785942 -0.2682220162926482 0.003199648979129665 0.0244474984776796 -0.0003280136521732951 -0.1054769951546974 0.01287972426345844 -0.06893713232586032
-8.821517062075259 9.87944514098383 -29.32698393027828 -0.4231745240632226 -0.2936141016316492 0.005153377204775458 0.0255833711121776 0.0008871111733636791 -0.08264935240556358 0.0189148511090412 -0.06536087980725949
-9.705669196972426 10.5367145888871 -29.98160685113349 -0.3199479476922271 -0.2772571220455475 0.003089709105193111 0.03449238833373858 -0.002229132431906067 -0.1045069502397836 0.005539069130258878 -0.05914424391142035
-9.955416772403243 9.837137224836903 -30.04977445800014 -0.3271165056385636 -0.2368937516889213 0.00207287391590678 0.0230879781571569 -0.0007944149916550653 -0.1081713250296482 0.007728922233711908 -0.05762772716228497
-9.400820960603941 11.28170091666972 -29.90246921741649 -0.3146622013594749 -0.3217054054334069 0.0008950469268135913 0.01000781164537535 -0.0008713485095546768 -0.09328987532141637 0.003392833884061024 -0.05685896424938793
-8.640600994313729 9.184284327771135 -29.09746000359236 -0.466569630698879 -0.2733662095577593 0.005309490016210356 0.02784907026566084 0.00117738355739046 -0.0760466589721078 0.01727652753922424 -0.06571032211405621
-8.353696783497782 9.800312876736859 -28.9344197086603 -0.470895200759143 -0.315040489816747 0.009898530995980198 0.03072999339680707 0.003992387423725693 -0.05577959774714975 0.02464974502364289 -0.05143549529930688
-8.027892470011739 9.384295432649164 -28.57433714026501 -0.5193819272494283 -0.315009418950618 0.01592189388058858 0.04207406477181355 0.008033905744049129 -0.04569370787882153 0.02629847572496732 -0.04716926178474637
-8.212080810447182 8.643829614695873 -28.64746214722893 -0.5279873042044856 -0.2724837349939392 0.009779293784161943 0.03883310604144863 0.004751209741230202 -0.06077696019185236 0.02280880357278863 -0.06132773644313746
-8.764611164033006 8.371829390963166 -29.12443383434141 -0.4841404157413989 -0.2315070336822947 0.004480047768793955 0.03298083339076594 0.001167109681987392 -0.09117569536290081 0.01513897731866538 -0.07782012220139164
-8.351263329575946 7.837119012871061 -28.70389286571772 -0.5421502407961897 -0.2291336055901932 0.003804050426971949 0.01750604967340409 0.002236072619357757 -0.0733095432471179 0.02547579622990423 -0.07473252591765252
-8.846325481774471 7.745103132860453 -29.1568751070431 -0.4979378858209552 -0.199563503792492 0.001263538100541248 0.008659911771309691 0.0006031891234764256 -0.1007719512155544 0.02069384608138434 -0.08600566460502788
-8.6629098619019 7.279089885645295 -28.96573638713275 -0.5307837405330367 -0.1880639568030274 0.0001260749086101811 0.0006741371559890877 6.599903341119146e-05 -0.09240397961877128 0.02586713774881084 -0.08770091152465563
-8.789629915141152 6.549523108878941 -29.02515764734133 -0.5441650629901403 -0.1496939957598818 0.002060924619142493 0.01159230451353331 0.001148863281605548 -0.09269855699174975 0.02517457964883206 -0.08772728368977778
-9.12627109346257 7.23255416304257 -29.35621792337397 -0.4903605986084751 -0.1633750165163769 0.001069177307964524 0.006705187268557371 0.0004944718459428975 -0.1077100350712323 0.02347960334573535 -0.08549326404168842
-9.422230677093395 6.552638541320437 -29.55353169163095 -0.4879329883192438 -0.11976102756326 0.001671904450463616 0.01113041725517178 0.0009103538614860415 -0.1118845055928669 0.02362127312111177 -0.0833241075881079
-9.164401020789853 5.944481019414418 -29.33267052180537 -0.5303132513050244 -0.1048665852192253 0.001245277862937407 0.007949740183416723 0.000738097761525214 -0.1090816958482447 0.02571021188116225 -0.09287724065533746
-9.732402778821129 5.766475890828422 -29.75672794242139 -0.4883870726991639 -0.07150720659344335 0.0004710094472050328 0.003474502191525119 0.0002860245961075488 -0.1214705202722087 0.02332235646004564 -0.08327890800650323
-9.231047880752577 5.258381078866877 -29.36228095013024 -0.547316373040572 -0.07170946528967136 0.001576879743823385 0.01029744879681806 0.0009501420037982352 -0.107439879853832 0.02499581138070375 -0.0925896521316978
-9.717954673158584 4.931563703987463 -29.73758713068179 -0.5168578668920729 -0.03569841385868665 0.0044502623245802 0.02583946289055469 0.002447771451851707 -0.1218568974155263 0.02950614807403596 -0.08992990684534252
-9.263699381593133 4.427242027636377 -29.34507258769597 -0.5726635077898083 -0.03425452612584131 0.002351471426470354 0.02335864602808026 0.000473129136990721 -0.1010203189295153 0.01197705986865669 -0.08923886772635563
-9.828176935607566 4.200180684848802 -29.78297627720213 -0.5326341858986831 0.0002939724863899456 0.003578168180824574 0.03166957193687745 0.0006166914521495247 -0.1213206000865624 0.01543215482394442 -0.08857626652560303
-9.475386332483907 3.630080614718713 -29.4631556335947 -0.582092770442707 0.00917170940816798 0.0004315619638098115 0.01061409046687144 -0.0005910738875307669 -0.09981224827725126 -0.0005423459474932042 -0.08261518544463732
-10.03651857768673 3.484206587762881 -29.8760986592608 -0.5407440266700688 0.03914354215542432 0.001401827129021996 0.01371879815347387 -0.0001591038695785332 -0.1209307756625266 0.01139135352682723 -0.08326863679112353
-9.698425897004249 2.839748129618917 -29.56856213954165 -0.591166671538686 0.05207918973819235 -0.0002047993711085358 0.009240657182208525 -0.0009693709230606198 -0.09705973532875957 -0.009973798354832796 -0.0745707106810691
-10.31676032273104 2.760682751896181 -29.9982484884761 -0.5439426334007476 0.08068574838940687 0.0007759798009947367 0.008110828317888405 -0.0001898881425285652 -0.1117869055072293 0.009024862348111236 -0.07133289846770793
-9.992331202691307 1.895356496490738 -29.70341880700597 -0.5997529809575067 0.1039811922008173 -0.0007532875821032474 0.006453205611418031 -0.001017498414133742 -0.09099139221151602 -0.02024427538221013 -0.06102985990127244
-10.70748327376457 2.132441711868113 -30.17932316444404 -0.5356312792411421 0.1220044090399126 0.0009111370753241822 0.0175981260566407 -0.001060124414153793 -0.1117426042623259 0.001951882698960886 -0.06363720234331523
-10.68141396686979 1.359117351676834 -30.09099698244922 -0.5639407186643044 0.1530478844219215 -5.612876579049963e-05 0.000627196585055787 -8.930495651404502e-05 -0.09880765796571132 -0.01656945987975802 -0.05426750036853453
-10.16522102799295 0.9054607337636327 -29.74127144280125 -0.6192029266247363 0.1525304340645579 -0.000214349979415943 0.001366326012542471 -0.0002431400808782703 -0.08513932938696933 -0.02265675910665091 -0.05226166652508186
-9.553678051106381 1.143719793397087 -29.33577123989357 -0.6613808859284221 0.1184927915912764 -0.001016353323207653 0.005057479942029945 -0.001081054128508385 -0.08476420861109812 -0.03024450766189169 -0.06180135109221191
-9.511617937277046 1.726542216993706 -29.34495054686466 -0.6451061354142724 0.09183889736776159 -0.0008263152864130802 0.005177732941028998 -0.0009367186572240718 -0.0924460575507428 -0.0275326569976849 -0.07063716950428554
-9.367526216014941 2.212650233259228 -29.25148398345978 -0.6412841034204552 0.06473027274325671 -0.002597372660385829 0.02022854562224954 -0.003302941899010233 -0.08582184213803135 -0.02254442816549638 -0.07058243661805257
-9.155396164837653 1.598230317158128 -29.03892996121093 -0.6807094793937989 0.08231422260875085 -0.002839230072084011 0.01330793578777499 -0.003054967739716456 -0.07705188345598879 -0.03146025173747067 -0.06543538341556909
-8.822949824381354 2.13868659985964 -28.74991788733507 -0.6931779035550205 0.04383483081388975 -0.005930656338660527 0.02914372531165766 -0.006618125628663564 -0.0612477180187341 -0.02572894804309244 -0.0584150632552389
-9.056275844974031 3.004310794316519 -29.02552709251596 -0.6418823173506248 0.01682969883353117 -0.001744069898676014 0.02267508926355884 -0.003509010685323054 -0.07771335027909182 -0.01716301636972753 -0.07228117438608289
-8.396629929228054 2.775175652357473 -28.32626488665278 -0.7129780063349661 -0.004555682821077161 -0.009475058990967974 0.04288422082832938 -0.01179460499365023 -0.0436023747940478 -0.02256474841643678 -0.04701612143898114
-8.634028661568772 3.586455467355144 -28.64599084249055 -0.6612770880387049 -0.02824127069430108 -0.001394431031797503 0.01546883630375531 -0.002864382205694029 -0.06236956774107812 -0.01798491131462906 -0.06676329296608728
-8.231397084609119 3.506221310848582 -28.17372219823939 -0.7048290393283313 -0.04519182150504499 -0.006861704723767327 0.03355629995602073 -0.01023514931949401 -0.03410003797130471 -0.01897975196356264 -0.03936492236458673
-8.336083503827837 4.137171529902692 -28.34808968884819 -0.6720836744104839 -0.0673473050831746 -0.0005871361376017585 0.00964705239707761 -0.001495472798835499 -0.04176091225342027 -0.01012693066687097 -0.04893147511519965
-7.931741535917117 3.910607784662531 -27.83017913459962 -0.7223471252040677 -0.07881032990533864 -0.00865901534494537 0.03312546730893889 -0.01268585057615151 -0.0105732224121135 -0.007625544563169075 -0.01269493370281832
-7.985310912618672 4.691050556266732 -27.96041474394976 -0.6897901109394167 -0.1103447985668476 0.0006628931729577716 0.02041278978177584 -0.001055140743707281 -0.01763364182773668 -0.0005737618398888227 -0.02217836885174508
-8.466902808694018 4.840217924481992 -28.56558194899035 -0.6339592070802034 -0.09105198937119739 2.769876343208623e-05 0.0002501022752650104 1.144814674862015e-05 -0.05733184146247344 0.009406940138345494 -0.06679474284160464
-8.762352800019324 4.27924087712678 -28.84909560111128 -0.6240862103603236 -0.05166779235058155 0.000333658295750462 0.009832225704584273 -0.0004723854065693179 -0.07731606538998537 -0.001300843630754965 -0.08168612802064867
-8.876449937789777 4.880626220768066 -29.01699502850571 -0.5921369318601791 -0.07200579644388409 0.001543380913275513 0.01286460861069413 0.0006858955408128499 -0.09186153892970871 0.01596088234578145 -0.09265719753225339
-9.031165763486449 3.790157182038916 -29.08136232706735 -0.6158448835543231 -0.01770311039024497 5.052003101384316e-05 0.006138722303746682 -0.000504642242578678 -0.08847827034802769 -0.006259186798709571 -0.08499751100385013
-8.701201594658709 5.592324816838181 -28.87742827701059 -0.584984340692644 -0.1119681724349482 0.001049382138268568 0.006108716379956735 0.0006809753341095378 -0.08191038179514416 0.02360159192814876 -0.0854952252948841
-8.160985027859166 5.457656933444746 -28.25814878739217 -0.6441327426111146 -0.1343021068788225 0.002691941966163065 0.01399690089300857 0.001798105491122052 -0.04141009797018471 0.01451426229765028 -0.05098761491978262
-7.707603635845003 5.369104588750898 -27.67824926233142 -0.6957248561349466 -0.1552319216162388 0.002599564077758324 0.01768979727067491 0.001205388155760667 -0.0058636399741714 0.001380724285256662 -0.007617317962884671
-7.59289034353057 4.8092147497522 -27.46565991710522 -0.7278507405059643 -0.1369495392872845 -0.008614283149344905 0.03445227289190536 -0.01424880380184384 -0.00908518010135047 -0.00675733469538293 -0.01084604906072519
-7.232819360018437 5.228933305431037 -27.05777351702466 -0.7511245386989958 -0.1747510435832164 0.02118649878094964 -0.02984993798711529 0.02925277636066982 -0.009864292531257292 -0.01713159022908028 -0.01033703880076357
-7.321087977499199 4.44308235676306 -27.09852682192334 -0.7684706705449736 -0.1349554800565662 0.03215681905704698 -0.04274730392351109 0.04098108074489075 -0.008453915614720571 -0.01531340991173162 -0.009339820861208119
-7.672750412608885 4.311935781711593 -27.52553829022923 -0.7363582669096432 -0.1105837672796822 -0.01456190094572853 0.03649725026739265 -0.02073125739440564 -0.004876068795390966 -0.005238331555259265 -0.005797037037669854
-7.482755894779308 3.705543188611477 -27.26492136154932 -0.7757204283009861 -0.09312687839494502 0.03023224855681102 -0.04285299204907807 0.03699665945139372 -0.007310354676602925 -0.01235669754173296 -0.008338942122397962
-7.836325323399065 3.105657831227838 -27.68210892289526 -0.758747458405992 -0.04763498484218821 -0.01800337078192235 0.05109040374142113 -0.02172185111430056 -0.01018337862794674 -0.008715423981673322 -0.01205879680195753
-7.475571390316232 3.110398089080141 -27.2458686093108 -0.7953791198253506 -0.06634662276024249 -0.03087983907243789 0.05190555572588254 -0.03469966944572253 -0.01268361073317703 -0.01761879400032163 -0.01506773533754912
-7.387681633183916 2.491675573179934 -27.18117317341517 -0.8218436498823061 -0.04141312797652179 -0.02838974777935696 0.05051568206381094 -0.02806302998207255 -0.007409510345936458 -0.009099628541503884 -0.008884279871809651
-7.137512959980501 3.132521728751049 -26.86982926859743 -0.8272087717580296 -0.08378000750072587 0.04306705639033322 -0.03779296342249313 0.04554009385905645 -0.01094797312461635 -0.02767105187389519 -0.01261029626314926
-7.875688377553811 2.218368367828196 -27.74631956535656 -0.7822149591901439 -0.004707204284559838 -0.02020434967311652 0.05117297280133374 -0.0200827346071379 -0.02049419838230498 -0.01726038785336232 -0.02336302385868853
-7.84744350267311 1.463341737305889 -27.76247510158798 -0.807603053857216 0.02941204960384124 -0.02378991823951524 0.04770046869498795 -0.0208521290217264 -0.02729040331154605 -0.02685905766034155 -0.03030641019631488
-8.294692728520019 1.816346161856846 -28.21328620152528 -0.7538521767090992 0.03389993718122179 -0.01465561746755019 0.04072858467204768 -0.01426109109847376 -0.03950592211573768 -0.02871036742544918 -0.0413957771074826
-8.12581246300126 0.8834743040307798 -28.08246032802556 -0.7988627494963677 0.06930139131072598 -0.02227538699014089 0.04225067403053737 -0.0188918651540157 -0.04091355222983799 -0.03998208378831797 -0.0411767061536282
-8.669823661020764 1.352129725620859 -28.590066004873 -0.7332110363617328 0.07200858878784368 -0.01056624541492567 0.02892814175297023 -0.009973330957927082 -0.05389624962746766 -0.03700075850779785 -0.05022215633734291
-8.588925852887527 0.661000178405768 -28.51879040188472 -0.762957777191696 0.09962677083299648 -0.01521364213521588 0.03092615898761407 -0.01316703351572687 -0.05371315433973641 -0.04677141850120107 -0.04779266459786721
-8.882984379625269 0.1980055467552244 -28.76310249832445 -0.7514144862834193 0.1324933645812706 -0.01273124296639577 0.02564349019950565 -0.01086693209790195 -0.05755524573539515 -0.04760428984924357 -0.04490598803408269
-8.785473048401482 -0.6031225177382566 -28.67002750325576 -0.7862284823043074 0.1641189166637021 -0.02066831137714594 0.03293531678291112 -0.01573706980778041 -0.05047733271278367 -0.0491986405375878 -0.03667084078848688
-9.362759409704633 -0.250330126928004 -29.108829860331 -0.7239719981243681 0.1710315993725021 -0.005389493776503695 0.01336833855090882 -0.004667370835244144 -0.06143096919760577 -0.03931640889403594 -0.04167511976068938
-9.21452593818422 -1.112500099181156 -28.95672857356579 -0.7645881738902723 0.2028270760847347 -0.01419620675149773 0.02268294100498247 -0.01071918527697766 -0.05057920637258698 -0.04652015204239308 -0.0314558415230202
-9.743703208245869 -0.9029259259597318 -29.32122051646794 -0.7126750065387961 0.2134066991721399 -0.002205195172344077 0.005566268904740899 -0.001869966277475489 -0.06077696171895706 -0.03614543169649172 -0.03592050334667785
-9.617068605710205 -1.61728509925576 -29.18133612193899 -0.7456752387958767 0.2393363179047675 -0.008635308505631573 0.01319117319517317 -0.006448155933043474 -0.05196903980362173 -0.04762577115332955 -0.02783293491272985
-10.1015394228457 -1.455921826196096 -29.48974946391862 -0.7004228560531315 0.2498294526668345 -0.003493982440036593 0.007837054496109254 -0.002861478958862108 -0.06094246385310811 -0.03863926582060639 -0.03141247399077972
-9.963616235511033 -2.000475095661999 -29.34938787919176 -0.7282870460993531 0.267940703208883 -0.005062962850943403 0.007566311844813244 -0.003771293348110739 -0.05437812578483568 -0.04898665969248767 -0.02527883776644226
-10.40332773050945 -2.024685088350141 -29.58994877954602 -0.6935036997223051 0.2842608720402831 -0.005082586023401388 0.01019005365930293 -0.004127941854977064 -0.05978834846161616 -0.04054981807179499 -0.02648423878390797
-10.1392045187725 -2.582816092213182 -29.36892738184113 -0.731195488891994 0.2985210131482928 -0.01204974996362252 0.0184833717486925 -0.008892811601016634 -0.05207926652846683 -0.04424490435176256 -0.02139400717095359
-10.81121579180088 -2.656876750196625 -29.69929557610568 -0.6805299412495212 0.3243777240921965 -0.002571021984057006 0.005266830303916274 -0.002113187490422825 -0.05350826771667212 -0.03421562939266608 -0.02017662006694878
-11.11780620556127 -3.356199329995752 -29.71803456026126 -0.6770270347379361 0.3633618190595181 -0.003801059179176222 0.006308745450868332 -0.002864358634605121 -0.0436767628469027 -0.03233817019515533 -0.01326486261641172
-11.11108836356125 -3.996795121347148 -29.59193551396093 -0.6940161936233927 0.3895405517725909 -0.01432235392748538 0.01960002609176198 -0.00967564336553 -0.03941541745251316 -0.03378921532785894 -0.01010247478115548
-11.8190684868454 -3.703885316294219 -29.94397995780363 -0.6358971096020205 0.4003363049136234 -0.005009043596504351 0.009659859086161703 -0.0040158306192419 -0.04152850409122312 -0.02615658891696957 -0.01111871487011776
-11.68361896841372 -4.483808238405295 -29.72316688609345 -0.6650565790527181 0.4278129209107286 -0.01112725637211648 0.0155458667671098 -0.007557447279481409 -0.03896607686873556 -0.03180813584249804 -0.008058212321100679
-12.49617468263876 -4.43015954458073 -30.03784122312258 -0.6088471800863441 0.451294137478371 -0.004278537207716642 0.007804095196031863 -0.003427968648119659 -0.05217004061228304 -0.03323457154524814 -0.01054685849315995
-12.13786757346616 -5.114036371049925 -29.74514386328801 -0.649245727548215 0.4677662436491679 -0.01404428151118801 0.02474785573410132 -0.01053892294947044 -0.04157348856890819 -0.02699897654635788 -0.007998635162047813
-13.02116929097137 -5.233758969710392 -30.00189224505674 -0.5956661812942525 0.5000831259185232 -0.005254060968372362 0.01769818967717366 -0.006263884518351896 -0.06077096085499423 -0.02235134997852499 -0.01217840108619818
-12.42797064953259 -5.911675086866421 -29.65442994250961 -0.6482846057936736 0.5091338096742375 -0.01743199599711001 0.0429934959328034 -0.01466326079041813 -0.03983970203014147 -0.0188131186070977 -0.007798825488860447
-13.34927991218772 -6.130907178476546 -29.861237386002 -0.5974317183434975 0.5463067197986137 -0.009779591939323382 0.03600411335337897 -0.01112613255254897 -0.05221936111035754 -0.01699439971283566 -0.00909428771985246
-12.83783088432675 -6.540114734331054 -29.63315072361867 -0.6366710751626724 0.5470763077794291 -0.01753916779702208 0.05189935929480798 -0.01531935777555777 -0.04117649676551147 -0.01612499752456744 -0.007485663287695936
-13.38744821261367 -6.843262119362301 -29.70675432181314 -0.6112459738874488 0.5760585750520371 -0.01746559377658669 0.05730339191105047 -0.01616054184549536 -0.05361870554610687 -0.01869518368986871 -0.008342226963911256
-13.71685322747732 -6.563913196175644 -29.84485288918897 -0.5861874991163536 0.5749643898553067 -0.01157307958570502 0.04033230556664917 -0.01213351035043935 -0.05846537282317107 -0.01928359975106907 -0.008334572763680213
-14.05162425598933 -6.986892934169136 -29.813361935518 -0.5772267010070373 0.6021620048939856 -0.01570554826020641 0.05305356359393606 -0.01507826130263051 -0.05175119432502043 -0.01693923940981577 -0.005697350214487498
-13.55763793904913 -7.701009086215247 -29.58156047827659 -0.6198924074914934 0.6155413482965821 -0.02248239807209281 0.08186291944774472 -0.01684168252616347 -0.05169698045664223 -0.01562539188634804 -0.006939217824499802
-12.79736645102525 -7.173672747791713 -29.50234741166134 -0.6515593210018161 0.5713198930627 -0.02306735030863534 0.07257150253469959 -0.01753067447576603 -0.04142653963655393 -0.01496246231547715 -0.007429712425616683
-14.07341722207112 -6.31174091155073 -29.98449401032183 -0.5597853375236823 0.5758503063867556 -0.006519791940580738 0.02740848355257423 -0.008359060451379871 -0.05475621970929564 -0.01530349883245818 -0.007470520933800257
-14.75587795046124 -6.670134431036828 -30.01532743063064 -0.5306963150095029 0.6112055817770763 -0.005772336878925608 0.02938872570352022 -0.008638263100563244 -0.04138298149822973 -0.009403803225401169 -0.004339909871073691
-14.59050780511468 -5.996781225880154 -30.1703161448429 -0.5223887693000413 0.5792613389361251 -0.0009571846064074317 0.008014098550344231 -0.002325102304018657 -0.0522235023985727 -0.008350105132925986 -0.007281844253969156
-15.23014228540544 -6.100794708883113 -30.24659111978235 -0.4894782144671578 0.6032362365098768 -0.0001081909384339211 0.001374643603966644 -0.0003922487681575291 -0.04082792725439588 -0.004585943709599308 -0.004810280051227698
-14.92236240287109 -5.367319033598694 -30.39713554449605 -0.4866394782741657 0.5645934037274156 0.002067754795740556 0.01361017072496681 -0.003294249045599301 -0.0490495515561777 0.00517291133581902 -0.009415875546821079
-15.7366257294705 -5.632768038486395 -30.44416299712372 -0.4485637415240138 0.6004962271839481 0.003977431400385615 0.01687709837468736 -0.003991134725148031 -0.03386993277864194 0.006546468160903195 -0.00607094189322308
-15.83571991344406 -6.213259735466147 -30.29758146124171 -0.4594999307391655 0.6264995813975462 0.0001396002091186313 0.001828241858432887 -0.000486518877279339 -0.03036440645666551 0.0012219450408112 -0.00412083993535773
-16.39205097176287 -5.95544831654596 -30.43202745839437 -0.4221276667077742 0.633648889570975 0.002266533500605551 0.006250890397957233 -0.001444383311135781 -0.02065310483394507 0.006560408296084249 -0.004017327483810473
-16.27940596820226 -6.656313645678784 -30.22705636011009 -0.448164353920378 0.6577794540360711 0.004808547643142524 0.02549111927740123 -0.006219821529242747 -0.01975861728927868 0.002978602470660689 -0.003067988630996256
-17.09356307505864 -6.403806193918435 -30.38167999441045 -0.3978295957749376 0.6730448761455347 0.00724455390079796 0.02022343130976992 -0.004570847490496041 -0.01115441889711513 0.003530729049811283 -0.002057678043189647
-16.83049061186073 -7.220047790073933 -30.1449148673759 -0.4351365441243722 0.6969820933929728 0.01335269597255735 0.04792945991899406 -0.009764576083643412 -0.007518643108681851 0.001830456112119507 -0.001296664861702661
-17.57056180826421 -7.060510411669036 -30.26495999351559 -0.3922162283458047 0.713409283069643 0.02189152078629207 0.05194359098194986 -0.009488943542305719 -0.004402189785726851 0.001695228074432589 -0.0008762193012244283
-17.78465590551467 -6.501858718927485 -30.42341611161537 -0.3645050092011703 0.6981827507269441 0.01605887386614606 0.03477929828984478 -0.007155826567502763 -0.004277789336688842 0.001794175098878 -0.0008798883506113642
-18.22837850485135 -6.896026124336291 -30.37452055038215 -0.353297852907638 0.7270448838247314 0.02710199434363631 0.05796886986467174 -0.009870004420227528 -0.00689897389558904 0.002981480185273134 -0.001432918773771634
-17.3984882460278 -7.788527400723442 -30.08883917079817 -0.4219862889896177 0.7366461149996972 0.02672376768285306 0.06344076673953579 -0.008651979268504507 -0.002821133999928355 0.001109761639270596 -0.0005764230551253563
-18.26873182210947 -6.320115569715554 -30.51803228448054 -0.3336914783833708 0.7059650172428297 0.01908022432358477 0.03249496898688951 -0.00620059683836579 -0.01225316901775551 0.006645281733620586 -0.002879559848167062
-17.77198410024176 -5.862442576379031 -30.59090856273337 -0.345754860440515 0.6729294351051411 0.003708523736208473 0.003921819002739132 -0.0006909508201331862 -0.0126228827279891 0.0112165160894381 -0.004085839671616297
-18.58831998130949 -5.756941978107708 -30.68957011981386 -0.2994607128067199 0.694117276326897 0.008828790547786352 0.01073238439127043 -0.001910767794173202 -0.02317911146488436 0.0179423743489124 -0.006321574939400486
-18.98000578208125 -6.624550257202179 -30.51855435297966 -0.3060761288848888 0.7393104473147105 0.02434003349358956 0.05161188957387328 -0.00853558720100334 -0.01935709349531146 0.008506143663150159 -0.00376472711433844
-19.36056158633272 -5.838054258010439 -30.72865281555881 -0.2616301424825066 0.7210066739931249 0.016937513205217 0.02283123832065577 -0.003911110055676248 -0.02052048577807091 0.01441159631356825 -0.004738145581070484
-19.88514867886848 -6.511297363584102 -30.62633297717804 -0.2558499586013365 0.7622172199204797 0.02473882830929057 0.05149668987101588 -0.007525932630832541 -0.01140564175194526 0.005183319417473302 -0.002024788323533912
-19.55208026555211 -6.978119839344732 -30.50444579457815 -0.287611248412164 0.7698829315766976 0.02682743539012386 0.06703706363649256 -0.008767318144152382 -0.01773905946640749 0.006700933289232589 -0.003043414182503716
-20.05773806298971 -7.373991050121489 -30.50239362458997 -0.2739667131434824 0.799623568098916 0.02997519776997619 0.07296327359490586 -0.006001497199018872 -0.01260111740867506 0.005004611573804785 -0.002094167927634532
-20.60340386627228 -6.880632967734345 -30.62808720533812 -0.2307444595354753 0.7971277568714848 0.03275409254653721 0.06859446621296467 -0.006917627571526845 -0.005945920645878627 0.002735367859242196 -0.001029563507866696
-20.74167407999116 -7.488290970802932 -30.56420970272637 -0.2427849467066343 0.8233830570071068 0.03741738595420258 0.08086525320152564 -0.003409964766215755 -0.01125197373150241 0.005126210604848284 -0.001902402452085044
-21.25034049236246 -7.220253766788595 -30.6599292187632 -0.2084858442929474 0.8280464682430713 0.04428210768588849 0.07712043868933613 -0.002241994408230773 -0.01504368613150281 0.008551367267864292 -0.002979906708091614
-21.93990607200226 -7.689920687660109 -30.7297686190083 -0.1881007730573988 0.8639020527519042 0.05977460736412639 0.08128019099899107 0.006539909900899734 -0.02319422059512483 0.01745687151666021 -0.004965270534384806
-21.83330300850583 -6.890043076340076 -30.77741407207045 -0.1682035915901884 0.8331375703812617 0.05558318302506902 0.07194534922192651 0.0002593589417303719 -0.01178109429994677 0.009111437740317793 -0.002679103434145016
-22.56680974250883 -7.238408239366338 -30.87184580283686 -0.1418468385633256 0.8661524078089859 0.08313792467483404 0.0765001733977228 0.01261726534780952 0.02012661411222185 -0.02275737909892771 0.005362375860318833
-22.32226230284168 -6.568726431323059 -30.88333490529996 -0.1327790001485171 0.8365178138146465 0.0722432616755754 0.06617554936054031 0.004083241216945223 0.01234163897972496 -0.01368690389452244 0.003462477281165042
-22.92784684682485 -6.647065977153495 -30.98652750043823 -0.1041515229772735 0.8573572757645752 0.09138110914144155 0.07142859951393869 0.01334704303800583 0.008485654238255907 -0.01136391009896804 0.00271818163661309
-23.22172907713569 -7.209795206073755 -31.02197170728422 -0.107246783800146 0.8843358773482058 0.09343903476559093 0.07574733039221043 0.02263610905105103 0.01630189415621059 -0.0215862012108578 0.004941832537215099
-23.12617292045509 -7.790756408021863 -30.99242782080751 -0.1305543749509639 0.9000423825826899 0.08522023638555457 0.06730882333129869 0.02461846824145401 0.02149802596567276 -0.02935180949356363 0.005831756209634408
-22.58012248328636 -7.892940112808382 -30.84893919968649 -0.1618226674229691 0.8882155517908479 0.0825030485381278 0.07718101324169067 0.01874925220202177 0.02676484434262507 -0.03020960047517765 0.006582999740785922
-22.32202594016201 -8.270650651030781 -30.79122651002393 -0.1866116265539371 0.8941073445748893 0.07480778876596005 0.0755979559150565 0.0178550997309112 0.02858759121210334 -0.02970240110010794 0.00598519895297105
-23.69398720155969 -6.772693099039977 -31.17118327021658 -0.06837161829881946 0.8851523737869205 0.09043669037305614 0.07216811676208042 0.02388547201843088 0.0004443207517746727 -0.0006041049045424095 0.000142941074405309
-23.2248257198261 -6.169512627249059 -31.08777036866746 -0.07297032366218294 0.8509692127709229 0.09198692863399899 0.06796520253520646 0.01326590176408894 0.005239112663467069 -0.007418720043124346 0.00167986526656196
-23.81152764959611 -5.986156899937399 -31.23167387790206 -0.0361685108198903 0.8640097129338999 0.09485757676323804 0.06866081700025353 0.01935799355847452 0.0100076227880186 -0.01471041508992546 0.003137219333795544
-24.43338313603347 -6.493270953702007 -31.3986528654899 -0.02016171266417308 0.90099496663034 0.09109207542300478 0.0638856515932763 0.03048971216759804 0.004366485395836592 -0.006866281076128591 0.001341587724253159
-24.43232444981466 -5.805608353066502 -31.39759687685188 0.002627664588757884 0.8793353277747503 0.1002739872243248 0.06651598843885095 0.02728194762395713 0.01600810429783795 -0.02609224969316464 0.004778080175354527
-23.89414633720793 -5.149503059659112 -31.30027358178555 -0.003578935066964932 0.8393948752340208 0.0899406607193446 0.05778569714950188 0.01366930124147046 0.02451722885530622 -0.03975411465410116 0.006739442343647673
-23.15287218102312 -5.509866611304234 -31.14078165379988 -0.05451666094839438 0.8269041430220195 0.08139133859754007 0.05231531854006297 0.007696440617547646 0.01371717026370005 -0.02200475403925639 0.004512068520004012
-23.03283112544302 -4.728183562496055 -31.21011021456387 -0.03423340716829976 0.7964585073294493 0.0649689735775929 0.0379341907918998 0.003341734745831105 0.02238622165196852 -0.03891218928430904 0.006491409726543718
-23.56686104476283 -4.26752875187049 -31.30604015682179 0.009284553083885537 0.7983361120816432 0.06703759341432489 0.04243321438581631 0.004448415382578751 0.02433716274561118 -0.03898386391380029 0.005104252209036301
-22.83396514584877 -4.000002380927857 -31.26729193001656 -0.01979330744073053 0.7646186688926481 0.04614542099029015 0.02479122494109046 0.0006967340402984976 0.0219386370508638 -0.04098845909851185 0.005434594286484439
-23.25032668646524 -3.608252050534313 -31.32674943676649 0.01534561386224079 0.7647657909890367 0.04650710705544281 0.02424676192415204 0.00127650723298593 0.01832130140303016 -0.03533834419772169 0.003736518436313255
-22.5694643317653 -3.28372777186549 -31.32083651253685 -0.009128401981873245 0.730603712833568 0.0232283684984358 0.008725016594606401 0.000137692434128789 0.01592273722251377 -0.0424553871995124 0.004101533547934166
-22.26261268625346 -3.772691290742337 -31.2616562042906 -0.04190282905762224 0.7377641133804493 0.02433551211775516 0.0114267637951903 -0.0001655302540890272 0.0211283657570171 -0.04491124241915797 0.005916997115686262
-21.95360181152242 -3.369550002023216 -31.29364238240105 -0.04441997994416393 0.7132537496195295 0.008666715606467463 0.002846258196140199 1.657507655727388e-05 0.01676443605551573 -0.05108021022865867 0.005723498627131419
-21.92384594841511 -2.794882091582732 -31.34108021245178 -0.02642906692144263 0.6917266748735572 0.005111556996937738 0.001165886415244939 5.131323242923123e-05 0.01046834268457233 -0.04605053375936178 0.003511013058846592
-21.37317088568927 -3.141132375100193 -31.29739144286339 -0.06736613626278992 0.6859538113811982 0.003385165016490804 0.0008445601402052038 2.331571214910464e-05 0.01355143844003186 -0.0544739082330458 0.005688706553494693
-21.22090395637299 -2.411850902373487 -31.34914556201604 -0.05083453651407888 0.6546169127241037 0.0005312417851243355 8.510167941488783e-05 6.978157166738989e-06 0.007311933976659721 -0.04588159099069875 0.002894114962001878
-20.66052438278549 -2.847056399428705 -31.30441558069512 -0.0954819966830014 0.6518965781157458 0.002414533608641995 0.0004672315787146676 2.710837686659111e-05 0.01088013745948511 -0.05653356227605352 0.005304928094391686
-20.4644102797655 -2.14497009980351 -31.34756799598408 -0.08256133222087088 0.6198415345485603 0.005412665842705578 0.000783968688663874 8.245400360009759e-05 0.006807186389425409 -0.0472733709227859 0.00261742725230014
-19.95279033776048 -2.570735196292325 -31.30683443324294 -0.1244254419999721 0.6185574470651319 0.009772320936029982 0.001780299580478474 0.0001685663372425775 0.01013861516299865 -0.05610179529687171 0.004747100900909179
-19.7674466787125 -1.927126737100492 -31.34031105276304 -0.1132314630073094 0.5887645957803567 0.01007138837862558 0.002327104853056879 0.0001835495889819989 0.01031108434820514 -0.04481134329790136 0.002363172739358603
-19.29412905073692 -2.306273278904014 -31.30329662263395 -0.1516087015447118 0.5871730892228627 0.01322541199591341 0.00286951834937286 0.0003159018067712718 0.0114768509995398 -0.0533546193424328 0.00416577656120649
-19.17302862911409 -1.757808920897791 -31.32875319822658 -0.1403116891265499 0.5628311789631774 0.008728859464179622 0.003446143320030755 0.0001609744243646102 0.01540192665458143 -0.03911688160360539 0.002243381174870644
-18.67847218844682 -2.012075136013927 -31.29523858604307 -0.1759519558920718 0.5559893565245732 0.0100587736924315 0.003961806417144586 0.0002268924522005664 0.01728037842609778 -0.04407200680827507 0.00346130280736182
-18.60169273851584 -1.317233381270679 -31.32406151222122 -0.1575967601374411 0.5274596232576522 0.0006225339641131972 0.0004600761989967953 4.268025886934468e-06 0.0203338953212997 -0.02753118768702293 0.001851845534859692
-19.4893987797767 -1.24136181050131 -31.35398364323174 -0.1056940601691412 0.5541859769860155 0.002768487730121972 0.001463957569826393 3.520030831045785e-05 0.0136265582250667 -0.02579337113676643 0.001006857008422234
-18.86692189307067 -0.6434845318681894 -31.35252712825304 -0.1203838819762914 0.5110967901939105 0.004323517244601486 0.003784507623071347 4.375409574689384e-06 0.01774385450424936 -0.02027208473232886 0.0009138047894119324
-19.53071643101446 -0.6037754777848345 -31.36677855318012 -0.08188506791143785 0.5319289012581175 0.003836482338226168 0.002699340281911879 2.945648093107442e-05 0.01274797879998888 -0.01812367338154554 0.0004944956193186791
-19.14264590311376 -0.06935162867048206 -31.36810651812474 -0.08541637056139714 0.49894871776473 0.007223589148216931 0.006189614515582048 -6.207892861619058e-06 0.01452872284193641 -0.01695532016198342 0.0004234717912157531
-19.87694870848744 -0.1724707398042007 -31.37561873771604 -0.04775755571174038 0.527657936689144 0.007001372652562734 0.004180491928837624 6.258133481997179e-05 0.009148441990463125 -0.01532448253268179 0.0001953294211354228
-19.44948520656761 0.4584287649872127 -31.37538203085554 -0.04986685110823433 0.4897219893923125 0.00943475798907463 0.007079698846961624 -1.452758767347806e-05 0.01125280022847812 -0.01499577900656629 0.0001271727321591738
-20.21641778489378 0.3633247991337143 -31.37889446961016 -0.01004669563945499 0.5194461831965922 0.01110928640060143 0.005763912970921786 0.0001055209109549546 0.006885212900956146 -0.01327058677879394 6.6832269506e-06
-19.75779950764218 1.00759746139999 -31.37591902745471 -0.01307381823372689 0.4799017091984794 0.01184403052447057 0.00739514630487751 -2.75193537066345e-05 0.008737593547738478 -0.013994332657167 -6.587178837517797e-05
-20.5553161649926 0.9116454177526743 -31.37640385869717 0.02849438101557561 0.5109123189299752 0.01465888606986392 0.006342724222909676 0.00014513370823359 0.005154016844336117 -0.01190900484174689 -0.0001144616435994808
-20.08993179579471 1.576813427928546 -31.36953723978042 0.02623977533477186 0.4703220936978518 0.01484445814953748 0.007418950379963711 -4.468097749193072e-05 0.006828656411944289 -0.01366465084685318 -0.0002162501403837048
-20.91541775281375 1.466678385032036 -31.36886031691964 0.06890813135247659 0.5030323965934401 0.01805667089789657 0.005997044578033652 0.0001959003442093382 0.003631954933851797 -0.0109289446718978 -0.0002023813101460524
-20.45023215546051 2.214847808246979 -31.35488627312661 0.0701824031468125 0.4593683451651973 0.01940073870426672 0.006991314689296517 -6.989071441082001e-05 0.003834230384643704 -0.01064269619169575 -0.0002795277520731562
-21.32878536635965 1.989666912864115 -31.35833480255399 0.1115716354379715 0.4983682356192551 0.02251325459339854 0.00342837800291388 0.0002728321548984437 0.0008711255651166281 -0.005708580847018807 -0.0001491709308574724
-21.02774794737351 2.646638290613295 -31.33820360320046 0.1192860200680795 0.4638400121862352 0.02675891297092303 0.002941468551288553 2.89257199248334e-05 0.0001343225960155173 -0.001221600335242025 -3.552853489492818e-05
-21.76176861694969 2.481713457886384 -31.34917208057973 0.1545669011882268 0.4957225740680681 0.02706951216490718 -0.002699747675505681 0.0004323765415401455 -0.0003376317298710703 -0.003401969804726299 -0.000103922967898982
-21.43580134299796 3.102936828317805 -31.32660166679547 0.1599512822261242 0.4616590934876185 0.03208748647035931 -0.00610019800133952 0.0002051397367046173 -0.002020422944578226 -0.01063711139170978 -0.0002836688498836952
-22.14724772018789 3.009153091763509 -31.34466690189071 0.1966148608312902 0.4903290305771077 0.02877033367312705 -0.01270584986485657 0.0006510894635439159 -0.00463815880738847 -0.01052191986932669 -0.0003817564960182154
-21.77017103848996 3.640417470147453 -31.32168344109788 0.199899486950034 0.4541027779170734 0.03429922376853185 -0.0205689828735992 0.0006041269448181515 -0.007845772792967861 -0.01309396925295817 -0.0003736179132604518
-22.48066252330614 3.58227965378989 -31.34844437181306 0.2379454752116464 0.481653883392262 0.03029554565613501 -0.02979013319056136 0.001242865174351199 -0.01047006322386757 -0.01067123582445649 -0.0005642270067745889
-22.09616462393468 4.220072823650954 -31.33022514446607 0.2414702269654027 0.4449203163922031 -0.03836341553022379 0.03961722131579934 -0.00207038413254711 -0.01095648937477491 -0.01063133173173723 -0.0004131926281186403
-22.78580606483874 4.166870132406213 -31.36828319477156 0.2786375484208461 0.4717699722245205 -0.03511471429126571 0.04753535162988768 -0.0033032369783013 -0.01126365794079768 -0.008360866088346687 -0.0005802123755867991
-22.41487318840299 4.807108802640951 -31.36194531341895 0.2834583965798759 0.4354215122759992 -0.04190444214446371 0.05649981657078035 -0.005362897446359061 -0.01040990397508082 -0.007760986523957707 -0.0004238559811086593
-23.08588180530291 4.745239719263774 -31.41274716231173 0.3193729657867739 0.4621371293329403 -0.03940583844190151 0.06042151684195479 -0.006930382166559691 -0.01149462927093728 -0.007565369234261889 -0.0005996178137919108
-22.72404220367769 5.473941861654258 -31.43200280168073 0.3289119637577205 0.4229350227452006 -0.04193165952425844 0.06680607473663194 -0.01019733980114565 -0.007934356710870871 -0.005035555501319744 -0.0003633254446376743
-23.38182296883446 5.22941872817447 -31.47812896637581 0.3565897580772126 0.4558863569914478 -0.03951743109773954 0.06604764726651209 -0.0108012729856775 -0.01249768198332897 -0.007591001944408806 -0.0006935786342953046
-22.70460024031033 6.162708679604009 -31.50370769610709 0.3569935007239751 0.3976038925854847 -0.04038140663190531 0.07608228222565398 -0.01517667837228306 -0.00821476482761683 -0.004447396804494955 -0.0004377993521772614
-22.03286470525374 6.088790226056366 -31.42004813858517 0.3142332632664925 0.3753112603560257 -0.04845572802801679 0.07771202793654626 -0.01296926086999279 -0.007105166855973589 -0.004474035419035133 -0.0002621840011166654
-22.36252435178507 6.701478479288607 -31.53982293297869 0.3600058156963867 0.3654869720153113 -0.0370539340801828 0.08126624992578078 -0.01828985185260041 -0.007761849715088576 -0.003638271029295111 -0.0004407676533530877
-21.6876112423482 6.817917290159791 -31.47011568571999 0.3245493954473764 0.3360656753795913 -0.04873230917993639 0.08893918000931512 -0.01935808711479199 -0.0095889523916723 -0.005337993098678195 -0.0003856236613096243
-21.36220493026574 6.38550626171889 -31.3809864305397 0.2868122849130273 0.3397083213289707 -0.05710294641071006 0.08682061129986166 -0.01334587383594125 -0.01346234547152523 -0.008911353318755649 -0.0003708674816868351
-21.32746846352825 5.696459678323041 -31.33363043352412 0.256435359660289 0.3635119491597698 -0.05235912673384674 0.06451632732104488 -0.0063599330090486 -0.007343692255776277 -0.005973026430624447 -0.0001333999555739211
-20.67512870739964 6.436942857196579 -31.33714411061726 0.2479702402727931 0.312417607796213 -0.05725180743668869 0.07928881031539332 -0.009235697258859596 -0.01444645578949817 -0.01044192978956972 -9.122055273675233e-05
-21.086162732193 6.889416241043699 -31.41149114892482 0.2913807974287221 0.3110715845687967 -0.0614874074913838 0.09127246797030072 -0.0178308412810244 -0.01405149561719519 -0.009488969130175835 -0.0001173020439309006
-20.47277346099582 7.305970449082482 -31.41114749491702 0.2718039880650617 0.2729283605218074 -0.06802650367141989 0.08666075663336616 -0.01719014828606043 -0.01315009933135553 -0.01028858137115635 0.0001709720059838661
-20.65215807751612 7.887189424560083 -31.519409405413 0.3074880052885982 0.2581417334304731 -0.06723120830672763 0.09601561939708607 -0.02691500417788324 -0.01519332894592474 -0.01064029442900426 -6.26405000695746e-06
-20.09286364902998 8.000464389844085 -31.47521274029319 0.2778643266586696 0.2330009517039822 -0.07605739949985552 0.09820222454211287 -0.02414547615774217 -0.02509479493022615 -0.01923594703142532 0.0008130737860245278
-19.67236880422244 7.574884368894048 -31.38584066234093 0.2342027259945805 0.2331226701765906 -0.06488831504086912 0.08320378792950589 -0.01300707042369786 -0.01950689405685921 -0.01509834572163545 0.0007326731700979997
-19.91853299713107 6.850132752067884 -31.32866963835935 0.219377693503002 0.2692039148569632 -0.06359714153686123 0.07771000394592767 -0.008398726076622098 -0.01789288380234844 -0.01459812741082821 0.0004186021725052874
-19.18383699576843 7.125760228326663 -31.3318252796913 0.186006290579943 0.2316939802405611 -0.05657043569641856 0.07651615423207325 -0.005479720081457654 -0.01333194666769236 -0.009818652711444933 0.0005307728149343268
-19.45265963607021 6.426036712614311 -31.29980525569852 0.1741552276515464 0.2677430228931331 -0.05523862330388614 0.06903589208580677 -0.001680668494881563 -0.01686735548161378 -0.01348480686132911 0.0004723265220696921
-18.72626538652781 6.639704450239746 -31.31828890942028 0.1386291753683636 0.2329517210909902 -0.03741886990895466 0.06159568257476376 -0.0002031510508852115 -0.007085975706175216 -0.004303822822668975 0.0002574374290148666
-19.04582463128925 5.940824061588318 -31.30678609688139 0.1303597117314854 0.2708945982244483 -0.03192486082423429 0.04283785390048082 0.00141438504861882 -0.01098141421091806 -0.008193540124393283 0.0002923916935230401
-18.29173915774525 6.129816990538689 -31.33585312690712 0.09201736376406895 0.2361558767319885 -0.01617120057290045 0.0350723025413802 0.001180926851155789 -0.0005141566753183856 -0.0002376987108378122 1.872290202300661e-05
-18.62283375982221 5.435318516128712 -31.33634939962614 0.08506950331933737 0.2744161899837033 -0.01086553205030668 0.01537774725113694 0.000916028231133103 -0.004257564523515638 -0.00301537182030528 0.000118906743968674
-17.85036096684225 5.622880967357755 -31.36974273048247 0.04541595077681097 0.2392320960657695 -0.0008566965093145483 0.008921759043770766 0.0002821643486061047 -0.009854893977782189 -0.0009598032749261146 0.0004269861819080734
-18.17358024098325 4.937660608532173 -31.37449464306038 0.03882360336231343 0.2769185301687298 0.0006959461015238337 0.001090654676547848 -1.870810357807714e-06 -0.00760588388962422 0.00485416837860139 0.0005004255196022638
-17.39145359719175 5.127552303898417 -31.40444292753807 -0.001438015533718071 0.2414806487396925 0.001465487725298454 0.004252016943086143 5.395121073667656e-05 -0.02623826319912287 0.009028429071734539 0.001164371811867999
-17.70318140848975 4.452805061715153 -31.40848534762387 -0.007832009124951573 0.2784185226731691 0.00378391614256105 0.005754348592263927 -2.393255647472224e-05 -0.02256451668948365 0.01484258090038272 0.001134252384783299
-16.91416218594386 4.640992487905268 -31.4279529809969 -0.04867704566971612 0.2429869387327069 0.002930779836414098 0.0079779376189073 6.892658497702325e-05 -0.03917681248838887 0.01438510888884056 0.0007995570882490462
-17.22188163424578 3.971500368317782 -31.42984444529529 -0.05461404099818262 0.2796438692245395 0.00477870048634679 0.0102935044350478 -9.8313442681117e-06 -0.03200581895190306 0.01485920886261527 0.0007231704079797809
-16.4173202991903 4.15023217933155 -31.43346463613424 -0.09687127782401292 0.2442137050473934 0.001710902040621312 0.009088550532254916 5.487922919182077e-05 -0.04619013821049798 0.008698231617594112 -0.0005013896376693009
-16.74753014201647 3.484043663221203 -31.43579347886884 -0.1008130132024638 0.2816016348580742 0.004054249289846816 0.01568008864124038 -5.230107195242199e-05 -0.03686722063228181 0.009532212541953253 -5.669983374088802e-05
-15.9678622509112 3.624146636905818 -31.42393990081818 -0.1430582877345455 0.2487476663163168 0.001389929887442451 0.01446609151028693 4.928689238504711e-06 -0.05199498940031561 0.004996401082731727 -0.001827163309749984
-16.30458668092916 3.003879818235239 -31.42774169774847 -0.1445000299711472 0.2846191058438876 0.004972606975476737 0.02295218687766898 -0.0002431565277886189 -0.04424836466841763 0.009575750726958515 -0.001008842438722075
-15.61387256251966 3.083988138219051 -31.40384396180397 -0.1835403163598596 0.2574085123234218 0.00243710790490948 0.02333842680732821 -0.0002110759695768771 -0.05889161572816903 0.006118336495640956 -0.003472085142424638
-15.93615201367228 2.602514313628993 -31.40953851471375 -0.1806676269965394 0.2873726222450112 0.003647655864983515 0.025012106734107 -0.0005825643306316246 -0.05263021321867782 0.007621700632063743 -0.002303807746689271
-15.36852502960418 2.52489589792004 -31.37453044489627 -0.2177315657594994 0.2707383414269448 0.000365205374011206 0.02358588395223922 -0.0007013862378830212 -0.05994901323315004 0.0007949964550625864 -0.004481136780433619
-14.92172589726445 3.03805006446548 -31.34781376142642 -0.2275471681385013 0.2350563079796552 0.001347723659551077 0.01902302849366336 -0.0002463199432000112 -0.06253759010100321 0.004347398868064511 -0.006425371934391174
-15.22158279062221 3.642302517080403 -31.38305886237698 -0.1881397716454796 0.2217806614703256 0.001537173431588752 0.01529143769414159 1.017582801815836e-05 -0.06190939039798658 0.006226709700165318 -0.00490115731665795
-14.49991564270957 3.606860743737873 -31.30889140837763 -0.2341850963911113 0.1977442395869519 0.001450623849514408 0.01630722708410413 -1.297128596009395e-05 -0.06273623596216889 0.005574386794274702 -0.008009137022843386
-14.82323191028047 4.135409774269289 -31.34996556509573 -0.1955919470434847 0.1882342308927691 0.0005364371879701295 0.009334111463222544 5.054168681629689e-05 -0.0637710204137482 0.003700172561689191 -0.006503072610584479
-14.1392214668794 4.247416800585391 -31.26317360868007 -0.2347173810186178 0.1593939861876986 0.00059172678895559 0.006815410492197429 6.876109962441285e-05 -0.06125229389526742 0.005409127990574506 -0.009028425682261842
-14.7460945809266 4.840131654444726 -31.33920005574864 -0.1755216600301227 0.1575270118740113 3.727740140445591e-05 0.0004681709955100247 3.453794888979696e-06 -0.06224620140025822 0.005005152995994347 -0.006627731538912554
-13.73666946528273 5.030985753702863 -31.20209937915932 -0.2330253240680462 0.1134142246447481 1.87763361203934e-05 0.0004335110849227999 4.029717206486335e-07 -0.06254978723027008 0.002718867077846927 -0.01043047729725781
-14.37570504945999 5.626019765991633 -31.30068128564486 -0.1707647054368103 0.1128457428337941 0.0002808708617194524 0.0022331862252318 2.022444608806151e-05 -0.06624141876977886 0.00840599516537433 -0.008250818863744847
-15.15499206780267 5.520524000690427 -31.37810923290476 -0.1251927740058905 0.1454006364315336 0.001038472527641177 0.004991505831453454 9.817766280974377e-05 -0.06597945348932287 0.01382083361091671 -0.004776256773465693
-14.85722913028948 6.170010833291649 -31.35184783476462 -0.120199405619914 0.1088506173572913 0.001716147466655221 0.007905025596400906 0.0001860254261882738 -0.068757730211047 0.01505996649178445 -0.005649851772309817
-14.16223784745339 6.321018027324992 -31.2777250428953 -0.1591908941659539 0.0772409161615724 0.001635136600156396 0.01442123398227436 0.0001856497271601699 -0.07628841055244022 0.008780507810600304 -0.01014698694481169
-14.58476315470474 6.807968540823008 -31.32271813103111 -0.1140128974022818 0.07345754682513524 0.001103164577111857 0.01066979767718116 0.0002342213245535261 -0.07281283015074932 0.007676742139023509 -0.006766038338839636
-14.01169347608484 6.876377323624964 -31.25650992151502 -0.1485634267791804 0.04939344947303568 0.001193499038584507 0.01536298709921972 0.000321131617432888 -0.08279086860366713 0.006675808513468773 -0.01167601626150247
-14.221040200827 7.464039673703477 -31.27258664344821 -0.1131220562495229 0.03366925332638463 4.561507138494404e-05 0.002157913159060519 3.879007150991721e-05 -0.07613229865558467 0.001774833866169256 -0.009207436418033099
-14.97810684294279 7.329456076990749 -31.34479636291201 -0.06916569204548953 0.06739695742370518 -7.827675890339636e-05 0.004636390893742026 6.547049547841407e-05 -0.06388919699471253 -0.001017552092542317 -0.004326681993857259
-14.71225131217687 7.913564638187666 -31.3167885874207 -0.06412331573249742 0.03428176357672696 -0.00103942098425783 0.01832372089957681 0.0001069523816466677 -0.06578607754724727 -0.003698119468693178 -0.005760698990622157
-14.08033510442679 8.303501052722467 -31.24359641180781 -0.09065467444553657 -0.005251291343697019 -0.0002008110647095631 0.02294942056097758 5.518648803956081e-05 -0.06909832319517009 -0.0005825597596069987 -0.009174327690170413
-14.91953616600404 8.592383136229444 -31.33025821896604 -0.02442735250543512 0.01530968246198096 -0.004561545499618539 0.03297937320236357 -0.0007100196817490827 -0.0548832718434145 -0.007684659321224206 -0.004341719089269031
-14.21810161833957 9.094001058151662 -31.26778115352703 -0.05097094553035415 -0.03137859861558839 -0.001692457706644679 0.02667928846074409 -0.000727595903262134 -0.05943682824420651 -0.003969743357972812 -0.007305717525653888
-14.79957328944006 9.333802806292368 -31.33618315160847 -0.003110115473265997 -0.0184174602266205 -0.007319487083941452 0.03433995883515271 -0.001794739536981041 -0.04670658848586008 -0.01017183436624301 -0.004141047825834872
-14.2692656106152 9.912976320241048 -31.29739027668366 -0.01520529623972082 -0.06165157602458034 -0.004507491155070079 0.0283682949269991 -0.001757929575901021 -0.04657244172700334 -0.007754240398236946 -0.005716787256623486
-15.07517913010168 9.869823372280896 -31.38519174822961 0.03648419956892508 -0.02872248168961671 -0.01261822091625543 0.03646349098517204 -0.003304931021204286 -0.03761527254789589 -0.01328364249314571 -0.002944133902381023
-14.72414459438616 10.45002136889255 -31.38196418212904 0.03676124106891159 -0.06486685196961121 -0.009323598127364236 0.02836260218632479 -0.00292573787327994 -0.03383091851463495 -0.01146807179104343 -0.003362731033893293
-14.01088468184455 10.85470041978601 -31.31020491489907 0.00549014652042858 -0.108492549095062 -0.002941051662692851 0.01924580661707983 -0.001650620442255597 -0.03627640252335348 -0.005985086941972212 -0.005147792730696873
-14.82541728476447 11.10081331419967 -31.44139916273038 0.0702008592673921 -0.08604205894921815 -0.00842431252593223 0.01687209740259782 -0.002442530532001149 -0.02495450750427493 -0.01279146664525872 -0.002290370966036498
-14.25479621290401 11.66217642808629 -31.40406318276466 0.05520037564656723 -0.1299589265813996 -8.408429682336781e-05 0.0002296705986673742 -2.95299008881807e-05 -0.022219767038424 -0.008487670954723737 -0.002744167099138129
-13.50704783743736 11.61178822224726 -31.28042310299935 0.002492695596190752 -0.157674155099211 4.452502711251062e-05 0.001861570951483043 -0.0001238597587230515 -0.0332723405562288 0.0004124873187138513 -0.005761172654836899
-13.7971952109541 12.24481174456904 -31.37276618855058 0.04854052958009585 -0.1702848229576425 -0.00218000434279887 0.01616350051619196 -0.001405341556090161 -0.0219856516319199 -0.003262346408904077 -0.003417049618051378
-13.10574211794146 12.2397127354526 -31.25295550974042 0.001220588862287596 -0.1977432687075605 0.003393199035841071 0.010557165602493 -8.145716094049894e-05 -0.03343883702720656 0.0106947626485509 -0.006853285749342772
-13.42607845292436 12.95027104244094 -31.3506887864684 0.05287686927318867 -0.2117548495564064 0.01184872386365934 0.01009777159634105 0.001505827643187395 0.01622465211303384 -0.01959606072259313 0.003742209620732292
-12.74085423008489 12.75360680424257 -31.21914345856668 -0.002221682877269753 -0.2319241583049884 0.006383369469863403 0.01344089284853043 0.0003895182783024089 -0.03738566055782494 0.01799454252185879 -0.008256951876942479
-12.71249190416529 13.41512416659459 -31.24867144143774 0.02381939579127476 -0.2578518600501464 0.008000949788714929 0.01260185630971178 0.000900359652121374 -0.03411248243088597 0.02218068849643521 -0.007314399494799776
-13.36454660219945 13.81570945290315 -31.37559711842225 0.08519447037822309 -0.246562420714392 0.00916426485043632 0.003936623244520408 0.001394708321977102 0.01027737440639924 -0.02479689841755781 0.002460346454638346
-12.66214818781659 14.20152228148224 -31.26883424171792 0.05389787801275917 -0.2889742500027741 0.01064902422591776 0.01064525853204196 0.001568672805735295 0.02790251972233564 -0.02875114454262781 0.005691918817254405
-13.27129261866164 14.62904509215703 -31.37632862653899 0.1133752124702962 -0.2803192168002943 0.005371429550012491 0.001197172704069964 0.0008554094399444227 0.005386669616667421 -0.02495817202031234 0.001104881343301744
-12.60962150725833 14.96541797566383 -31.27222111589371 0.08309408922841663 -0.3189897250093212 0.01609427168912143 0.01013445638625966 0.002635605762216216 0.01752848135613065 -0.02862909046501798 0.003047545110080037
-13.15271555563425 15.51927022529088 -31.35519566988998 0.1433274447778995 -0.3175223859252378 0.0007026953329592075 -0.0002091326972497869 0.0001111990038649745 -0.004112724965313811 -0.01424338535605933 -0.0007982531814561432
-12.47770517775667 15.58828870941676 -31.24703446678413 0.1010446978423951 -0.3467777595945756 0.004886788418405123 0.0192513991571723 0.001078992136453713 -0.02333539927131474 0.006136779524738651 -0.003805804633462985
-12.5699277902321 16.25612972739937 -31.24767069844353 0.1360991571563685 -0.3670270002099594 -0.001128970862387388 0.003692127303559755 -0.0001176297015013952 -0.01133756909884482 -0.003529666136751252 -0.001973919427546779
-13.32034623605957 16.38326600501842 -31.37035743543534 0.1914142761216813 -0.3421377770808818 -0.01031191471762817 0.01212141317804137 -0.001612276118728309 -0.0029511119425589 -0.002581084593073882 -0.0005301685712234702
-12.78698533593247 16.98151287149638 -31.27159862827575 0.1819377387056052 -0.384180264948858 -0.006577432370830834 0.02538794626075456 -0.0009495268863251688 -0.0009181692324068661 -0.0002438661192250192 -0.0001601470171721443
-13.4401724302942 17.1351794415043 -31.38497621765915 0.2315141127001465 -0.3643199853524325 -0.01349781981591757 0.02889507971808697 -0.002486304021189566 -0.004107769256389277 -0.001981862078004664 -0.0007320639192061738
-12.91900654812239 17.68650597238968 -31.29590363700574 0.2212105167480555 -0.4037162217537222 -0.007611557053839564 0.04002583875095021 -0.002060470039734287 -0.0084381494830427 -0.001680005545508278 -0.001463828538171364
-12.21626717384564 17.562268674054 -31.17226228866537 0.1699318905193067 -0.4266490353781646 0.0007077735211580348 0.03847102901339321 -0.0002870708073139151 -0.005682392256695075 9.717783140382171e-05 -0.0009869188977385543
-12.38490367767159 18.36336996130597 -31.22216414943679 0.216358961648167 -0.4474113364533842 -0.001386080104002149 0.04651791702327415 -0.002389380208069996 -0.005423574140433808 -0.0002104394436448719 -0.0009507471274716961
-13.16752271496139 18.33703512859207 -31.3621355608895 0.2656324841287179 -0.4167075481132057 -0.007317011060742906 0.0454800639585323 -0.003605017515898969 -0.01213124356428035 -0.002121168912993208 -0.002137702370484687
-12.77123092958661 19.15759305322753 -31.34481506908555 0.2761991194056618 -0.4594823956920235 0.001078775566462152 0.04960154123002494 -0.004135753594362445 -0.01239454343125955 7.873832517806859e-05 -0.002288673179489273
-11.86183282098604 19.13410387411662 -31.17774500020879 0.2175897898443383 -0.4929602060467455 0.01409318535196733 0.05882664735330723 -0.002640262457679434 -0.01497315397730942 0.003458176238368784 -0.002873396250283904
-12.12703855210687 19.87754943247355 -31.30285421497509 0.2678346155146547 -0.5072048667453095 0.02492206067421704 0.06749942589031238 -0.004582592915031295 -0.01747892469866545 0.006191485149462295 -0.003860069875526021
-12.87818377772468 20.03325380117262 -31.46031117337646 0.3215937295961291 -0.4846935314054363 0.01801607119349949 0.0505341284340128 -0.003387953334447412 -0.009925334388552814 0.003387740857057097 -0.002248850158091951
-12.2619978913222 20.67778171396103 -31.45411786005115 0.3123361741771256 -0.528151579544894 0.0466141501391266 0.06616538799766715 -0.005000221298793237 -0.006644306133956028 0.004540444504228927 -0.001859599973426724
-11.64711870026235 20.38587252282004 -31.30183688160827 0.2615977023148791 -0.5412030598473466 0.0532912947435714 0.08396408789374529 -0.008082031082659187 -0.01870969957296008 0.01141378535763658 -0.004790384637398263
-11.49104074957155 21.00483159975461 -31.41954123614941 0.2812011044583548 -0.5664339108678756 0.06314129975627669 0.0680400134777456 -0.009616833896044357 -0.005431126239609059 0.004795049306032368 -0.001733746332802573
-11.0114406115471 20.49536297694068 -31.24845705732493 0.2287193364018117 -0.5680605887061315 0.05932073061836399 0.08761411630096824 -0.01322881612156353 -0.01449524244219895 0.009278462292812225 -0.003548624254323178
-10.65447993846822 21.24145045325952 -31.41776703989101 0.2440996708195299 -0.6041832127718869 0.06531097837593604 0.05993118097189506 -0.01381372725785395 0.0001353405236277051 -0.000136643163325409 4.705723879411456e-05
-10.35387941580676 20.59088011500944 -31.21286498741552 0.1948020212179385 -0.5954196323010544 0.06364935958739977 0.08868540464529197 -0.01840202680757269 -0.001815307269470609 0.001210382034743321 -0.0004455989938118085
-9.760747636015168 21.03957490382532 -31.32096843782888 0.1837429880352893 -0.6310551098585588 0.06895937467847027 0.0685029381224858 -0.02098167017650676 -0.008373599073994483 0.007609870382952938 -0.002675653344802581
-9.793506600839617 20.27674066115371 -31.09181928495167 0.1464833852385071 -0.607143566579656 0.06846712514886856 0.09959724640388319 -0.02139244069492614 -0.01096284933496799 0.006964504917451937 -0.002662120974089438
-9.142845966498353 19.9549912897554 -30.95450237316922 0.09171814622661473 -0.6227849924152997 0.07558987195979354 0.108460943677749 -0.02421074757830243 -0.02107129129475303 0.0134704938100596 -0.00544195259264234
-9.839443744211357 19.54477687709274 -30.92849327987208 0.1118775674016159 -0.5836228326321582 0.06063979806953562 0.1002325356569951 -0.0119854611310465 -0.01691053388695273 0.009752451130033847 -0.003999717156852344
-10.57612773664114 19.86740722166377 -31.07763661916046 0.1725028948607298 -0.5650216019632855 0.05494153475897928 0.09590222864721799 -0.01076403304332006 -0.002465292914279434 0.001352793648744756 -0.0005305679110739163
-10.52582491174916 19.02017741217793 -30.95005162949979 0.1283996422146235 -0.5407518668183126 0.04107115087893796 0.0792148809982931 -0.002626510813850744 -0.01650648816393733 0.00843794068966008 -0.003628387216279056
-11.14344803290457 19.23909374271819 -31.06812843392254 0.1774184588993541 -0.5237122190870147 0.03476204123209338 0.07238501654445256 -0.002155152476054431 -0.001668514617375553 0.0007912407051534122 -0.0003373322307646612
-11.37302376541606 18.29442958267502 -31.04306715113625 0.1481625565785297 -0.4842985598469246 0.0151384458129515 0.05080788703625602 0.0002690678492515525 -0.01159346409109543 0.003466169987689997 -0.002236407126459074
-10.34513010750999 18.22204946355806 -30.84501173011423 0.07815270213541778 -0.5229164123029232 0.03213025656017384 0.06623172950815509 0.001327885091726799 -0.03073703929605468 0.01505480854195429 -0.007167072455810833
-10.90948993968493 17.61432000203497 -30.9310155512503 0.08639588418734775 -0.4803387761195875 0.01462094983229541 0.045179336752655 0.001770355430215938 -0.03464779028914818 0.01150143848917954 -0.007367875852744298
-11.5792565805108 17.16123698201451 -31.05867864775107 0.1100929843534754 -0.4380919184454023 0.005642687766387446 0.03103494266704475 0.001051515901668208 -0.03156299765207825 0.005940968579780814 -0.005969932103123719
-10.82895589044346 16.87241846825304 -30.90526036366389 0.04660365393542459 -0.458814679238625 0.009582938628385435 0.02571407880986652 0.002006342629029351 -0.05326238234941795 0.02080106059565335 -0.01219630678993514
-11.4761650319477 16.36754622086796 -31.04897043725597 0.06763476102881404 -0.4148203012514676 0.002159630184955118 0.007209857497141606 0.0005400652647861275 -0.05182266109565038 0.01629651534148236 -0.01032795572848565
-11.9791870737505 16.52104780782878 -31.14082492598402 0.1082714514088349 -0.3998736385458407 0.001607556431687489 0.01139289466536294 0.0005085601244882813 -0.02952346421454366 0.004396870932595551 -0.005176285913334185
-12.00933127451281 15.94162536224411 -31.15948318270239 0.0848459459821797 -0.3782074390666346 0.002597691470391331 0.01013178081148449 0.0006612732061818589 -0.04010485018859249 0.0107479244762142 -0.007131073315959872
-11.4924652834586 15.65445469199473 -31.06259026854237 0.0370766300716427 -0.3890718528370326 0.005060757385739075 0.01302041669821563 0.001161780717601355 -0.06528120544990207 0.02662162374654477 -0.01398912160131067
-12.03114379623066 15.28217575533741 -31.17264039472199 0.05757172740064063 -0.3537504633988332 0.009520401215412994 0.02457718690122862 0.001831800550689041 -0.04999577028343771 0.02006054133056571 -0.009308808998213073
-11.52352389515243 14.96526420233501 -31.06828394721371 0.008875947958274911 -0.3632033501494586 0.009501386221247762 0.02717025937287217 0.001763772028220586 -0.07723742287353362 0.02817874119563466 -0.01800749820439985
-12.05899733659351 14.59483627788104 -31.17146506634368 0.02964130859548856 -0.3277924514027172 0.0129274422136713 0.0255575150191662 0.001874986771307066 -0.05319038085045488 0.02769762532720103 -0.01080908987620549
-11.5608926943613 14.36432958285092 -31.06212643164641 -0.01480983052272392 -0.3399642640074366 0.009155704569243844 0.03014275653955482 0.0009069288990583654 -0.08170190531633856 0.02542188931606047 -0.02011989322177023
-11.97035224602633 13.79955991795729 -31.12172919738582 -0.01091167694633103 -0.3024040245921936 0.006680953129933312 0.01699272099724558 0.0005457569067479367 -0.06022293392364387 0.02412823907426906 -0.01403158761396013
-11.22756892390388 13.88083048568077 -30.95056542332809 -0.0595699496616621 -0.3364513373169795 0.00423966837992302 0.02186283181028441 -0.0001918120068020364 -0.08822950863845952 0.01688733037317448 -0.02533206527689033
-11.4583049283194 13.17239932389667 -30.96370146974416 -0.07394346788969558 -0.3005817036118603 0.003300256059771558 0.01567799272240403 -0.0002551557323032808 -0.0777965976499862 0.01602599093634138 -0.02152929704974903
-12.13999552560837 12.96546468975464 -31.11042797360802 -0.03483492972938337 -0.2644375071475897 0.004860918540530206 0.01372115036170368 0.0001720835748171184 -0.053746757117317 0.01920303411072872 -0.01295364924666589
-11.64596812550898 12.4551088126007 -30.95618311226749 -0.09133486736991339 -0.2658014421666503 0.003783326403425287 0.01399590622202755 -0.0001876464207599061 -0.06972991733539251 0.01858682750237503 -0.01956628141661926
-12.35009253587343 12.18242066904104 -31.09880847631552 -0.05335515392315204 -0.2262566103881876 0.002143653995569276 0.0069025579253916 -6.166806576719201e-05 -0.05082345879605614 0.01567437392273349 -0.01223707216227022
-11.77316422996684 11.84184605767539 -30.93547562285042 -0.1082460894252606 -0.2371411214340402 0.0002357945254343251 0.0008511114843474226 -1.648319871906184e-05 -0.06848386055624119 0.01859577154340234 -0.01947708599225881
-12.24516806139603 11.31917985882574 -31.00461280226137 -0.09675450328115902 -0.1974470047355727 0.00338202345834281 0.01490881840147042 -0.0003904457436431317 -0.06118723998384316 0.01347002985805808 -0.01566018341853138
-12.84666623691244 11.67030242902001 -31.16336551326278 -0.04032732657946136 -0.1864507186564502 0.0006135558537313023 0.003240625305472041 -0.0001169477315195907 -0.04492374248899645 0.008159669350743448 -0.009583718972349654
-13.0527579226049 10.96865717177642 -31.1534180855729 -0.0550570412408674 -0.1510315662667636 0.001468483001454524 0.01872376991072991 -0.0008731261389445298 -0.05048130697876415 0.003491433547226271 -0.01003078753688647
-12.46557796280095 10.66986582460435 -31.0112801564165 -0.107840694008514 -0.1630739802142187 0.003405802733637588 0.0217952240151589 -0.0005081182586593455 -0.06478222651784263 0.009753751578397238 -0.01584332660562272
-12.86321043098292 10.36295856798085 -31.08301859999996 -0.09254763752609081 -0.1348961325623602 0.00193152641943177 0.01966124012891653 -0.000602742141312827 -0.06380704247799548 0.005847967216634615 -0.01371515282101073
-12.38749640995029 10.09537162359003 -30.9596125558082 -0.1363033539580345 -0.1435203577464949 0.003191952930810563 0.02258334897589236 -0.0003799842460581775 -0.07057846110498622 0.009670831995730893 -0.01811483502473899
-12.96763564986078 9.796829453557216 -31.07867688035209 -0.1078438852387809 -0.1082949350297708 0.002318014335856719 0.02409183782607839 -0.00043917410298165 -0.06747251582911648 0.006231448721441605 -0.0142886543334703
-12.44056382998189 9.402944419050698 -30.94292877652931 -0.1597180297893759 -0.1136328259243657 0.002845043971886267 0.02593374170970396 -0.0001590636252815782 -0.07330122622010345 0.00792534252805167 -0.01893220842050931
-13.06853239556661 9.114228909225364 -31.08047689749718 -0.1275033841034385 -0.07699734983960217 0.001604209123275671 0.02374684421599337 -0.0001426215330854546 -0.07196845300775094 0.004771651020970919 -0.01501032423838563
-12.54386326352605 8.685996962695691 -30.95201644803537 -0.1799309517950947 -0.08045665344095969 0.002027738624877476 0.02320144066036302 0.0001729510058421145 -0.07563575367506443 0.006753951882367444 -0.01926484704049911
-13.23185125305112 8.359633015592712 -31.10466183780695 -0.1451901868235839 -0.04019796912289889 0.001337765981064066 0.02001991777278422 0.0002382923329160336 -0.07564711176371 0.005232863710102844 -0.01495376903485429
-12.63127839918527 8.061422040449564 -30.97088520110416 -0.1972075206730747 -0.05149354753811492 0.001221068356866713 0.01551838174331304 0.0002928722761934355 -0.07528044026570277 0.006280487086722078 -0.01891757293748564
-13.052308824812 7.635599578813462 -31.07159626635528 -0.1842610090059071 -0.01773652052245896 0.0006285771535403338 0.007264451081425658 0.0001799937201492267 -0.07666891141229215 0.007053559366010558 -0.01693342890637474
-12.3246785536058 7.414013654828906 -30.88840333727033 -0.2420162308403017 -0.03689058033923894 0.0001224983537067153 0.007188048490092659 6.959487478626584e-05 -0.07154662562730182 0.001413725215961305 -0.02008167348060552
-12.96108632189103 6.944189037430472 -31.05571515305494 -0.2156310796178376 0.006978634175975119 6.267804074374396e-05 0.005127078824097187 4.948472013351244e-05 -0.07206940812936513 0.001041913635799217 -0.01666785297176679
-12.34966939601054 6.591291761163038 -30.9023574890239 -0.269625725176042 -0.001858790224407558 -8.417698246898623e-05 0.003905907911109816 -4.783628674377128e-06 -0.07108996571009651 -0.001556248416640297 -0.01973903313474262
-12.96965910356532 6.224047063969087 -31.0607198907087 -0.2408863854598984 0.03673853921989668 -0.0005350984632664208 0.006885023658506715 -0.000121591691085556 -0.07059874003067644 -0.005770525037547831 -0.01606132860828055
-12.3775242165301 5.859130825008705 -30.91326467047308 -0.293454279463406 0.02947170600126446 -0.0002255814622486592 0.006948441901277362 -4.370181327504782e-05 -0.07625723952102052 -0.002606667651238462 -0.02082428769359867
-13.00806885818548 5.498319467689923 -31.06717299329062 -0.264029453522879 0.06779390806905633 -0.0003164857371385987 0.005777565302624683 -9.676541204583602e-05 -0.07073849202188584 -0.004133946654157852 -0.01546444053413996
-12.40926243660662 5.149451793254402 -30.92125724495477 -0.3159099473840619 0.05995337401431435 -0.000212768673830407 0.008398083415472343 -0.0001147119603510781 -0.07814936577681762 -0.002266285367432563 -0.02096308558046163
-12.98292744989049 4.856628355761511 -31.05845450343544 -0.2880537749681337 0.09305714995490058 7.47539526771241e-05 0.003781290953907811 -1.785326626911482e-05 -0.07022279675395127 0.00131561574747015 -0.01538685955453765
-12.47730506980338 4.336040520801552 -30.92952442533058 -0.3392876636963706 0.09589467458883834 1.856769589979812e-05 0.003120603830833432 -2.640442926763741e-05 -0.07571468135160761 0.0002819187082819684 -0.01992433057749314
-13.32962605140606 4.276419281092404 -31.12417215913112 -0.285537127135189 0.129190772017042 0.0002545346928152876 0.004601680658399649 9.109929078721914e-06 -0.0629955654561353 0.003509282547385726 -0.01251828857021122
-12.95056445395088 3.605814044346859 -31.03788354479456 -0.3329079334279859 0.1428212607073445 -0.0001125158622931303 0.01192449802592704 -0.0001925251121714977 -0.06625490820010137 -0.0008628673211782675 -0.01472291852615912
-12.2922827264446 3.626323417495612 -30.87663560041198 -0.3753700795248173 0.1184039868231916 0.0002208104647875297 0.01303540889642188 -8.07631193725225e-05 -0.0827596730405937 0.001258955843467064 -0.02306990718164996
-12.54520718862558 3.003158610359825 -30.93092619619672 -0.379479231552355 0.1529659290329467 0.0010771783638556 0.02170024531232261 -0.0002926640512854992 -0.07907786964258659 0.003652522665601103 -0.02022910692454693
-13.36647842388886 2.811487943167544 -31.1073068113281 -0.3327946886133025 0.189678907495849 0.001026399791413243 0.0187907048927538 -0.0003014124256400749 -0.05913892568902542 0.003041200482342797 -0.01179075547621491
-12.74645236600075 2.275188373956119 -30.95684169145661 -0.3904373671211514 0.1896634840489734 0.003918048004370018 0.02660831619037701 -0.0001212980776864169 -0.076796578002588 0.01122164063813042 -0.01899219637498084
-13.45366244032811 1.876355336512094 -31.09085009383472 -0.3582125619180317 0.2302924457141331 0.002651013552249378 0.02533463352829645 -0.0007165267764077838 -0.06115384300973217 0.006054231841872952 -0.01219482909702671
-12.81070347044236 1.622465992404919 -30.94118342844066 -0.4076537813953072 0.2183086210608284 0.005934606399597434 0.0263135265267754 -0.0002095421782924926 -0.0811512153932938 0.01813653085233732 -0.02082843920521117
-13.19707613127719 0.995823668785575 -30.98397480058339 -0.4032625049675007 0.2567821691703123 0.002019497984765067 0.01292849327792533 -0.0004923944617684692 -0.07659434743867424 0.01129048348482718 -0.01769554927037325
-13.8747027681951 1.269510893099312 -31.13452497804303 -0.3515765261509362 0.2689775888588623 0.0009033854872152264 0.01919328381340559 -0.001069757951831729 -0.06295030811936965 0.002358843554120357 -0.01083837792021835
-13.92188752744584 0.5704616756900389 -31.09341915334715 -0.3712525658031617 0.2983680372378815 0.0004699860310074155 0.008881760813649386 -0.0005610208543138467 -0.06541865212208811 0.002756015382022259 -0.01117174735067615
-13.29534520336804 0.1192906288340723 -30.94130426905377 -0.4249455844340201 0.2952451618297734 0.0008783564607218814 0.009296729458158844 -0.0005122925281097701 -0.0860770340454816 0.007061339305384622 -0.01943998261295752
-13.96887533507276 -0.3210232778596502 -31.03319598678149 -0.3965249386061229 0.3353257447476607 0.001103448232435769 0.01352979384004053 -0.0009142723879214263 -0.06468486650547772 0.004524742798102988 -0.01110999796938463
-14.6214949969163 0.2509627397659226 -31.1719627336358 -0.3384192008874713 0.3345434998409511 0.0009140761624129589 0.00866844642089184 -0.0005035796183494988 -0.0536382194277297 0.005239648115746956 -0.007168298092196986
-14.70449055598559 -0.4320375168906025 -31.13157405135345 -0.3550059849380905 0.3641755801697608 0.001528233907954203 0.009541842624904583 -0.0005709894965844023 -0.05062025023852858 0.00768939730880385 -0.006985354137920622
-14.38975839448424 -1.167243167558404 -31.02527648203219 -0.3968297314944628 0.3826852688629465 0.0008341496957276791 0.00627726097535335 -0.0004252347157397213 -0.05760321725887315 0.007037264333008529 -0.009112523590279404
-15.27278389634849 -0.8490893766158294 -31.16124582554895 -0.3339922138612427 0.3993268474852427 0.002037331451198137 0.009649788274724151 -0.0005565076360818545 -0.04614667628398694 0.009427228084829101 -0.005472197914358576
-15.1125884792631 -1.621142186737799 -31.0801482793735 -0.367243456062475 0.4241633878240661 0.0008214795352544692 0.01674656137505537 -0.00139126219167811 -0.0443382649741885 0.001745093126327274 -0.005174199516682084
-14.40994290280907 -2.104136060245605 -30.94679654482152 -0.4235511945542771 0.4201868006696304 -0.00162136759870508 0.03161462265533364 -0.003205821976842905 -0.06973770769390726 -0.004564228171519992 -0.009740369839042674
-15.16208625411875 -2.350251216721622 -31.01557214959541 -0.3861792742953103 0.4541659216532654 0.03692296507528368 -0.007233285093697203 0.004848538502906679 -0.008216263000053412 -0.03964697074860497 0.003421845420890871
-15.7589194569089 -1.920336245220268 -31.11684464557997 -0.3384224503248256 0.4568883780480719 0.01167512313250506 0.02147640195989557 -0.0009970776090318964 -0.03111837464440908 0.01671952207035854 -0.004248093687156966
-15.77501989748546 -2.530968447032572 -31.05655554791351 -0.3559345707040084 0.481018349488217 0.02403786320812555 0.009185112685679141 0.001089280925698048 0.01526290595566761 -0.04066487073385756 0.006080868912663477
-16.40898134380868 -2.269727932449646 -31.13333711869145 -0.3116541939820995 0.4915322290394142 0.01105408904567696 0.004405311594637712 0.0003607217027812886 0.01397080470868468 -0.03542901264059979 0.004550102946348052
-16.21557810202127 -3.009090301484481 -31.03356381818049 -0.3450912015706847 0.5136905421827839 0.01329422955108124 0.00400578246802554 0.0005716277020450496 0.01325188829010248 -0.04499457075770243 0.007110953106521741
-17.13085361666964 -2.806827283963472 -31.12792405562222 -0.2873039936939595 0.5355100541541384 0.004536764629991474 0.001177183820880666 0.0002019757516291131 0.01119111039300236 -0.04414064163306772 0.005892862696812111
-16.74074093993597 -3.620067419914109 -30.98829467664071 -0.333877921442382 0.554033514583532 0.006613215539956699 0.001441180838471993 0.000331692260352401 0.01066459115654524 -0.05100047783207979 0.008965151727085589
-17.57413530321876 -3.549077325038686 -31.06746084914769 -0.2854918136753047 0.5780101211915127 0.01238774416250777 0.002261322141058578 0.0006405317598014609 0.008911956046560345 -0.0511272809370122 0.008143578866879157
-18.0712028429659 -2.934258722809263 -31.18156765013659 -0.238949462364928 0.5707717605143585 0.01479300351269468 0.002851360133114045 0.0006517224581721839 0.009102800655506438 -0.04860858767480408 0.006049855887592107
-18.24693812064897 -3.596482805505673 -31.11041909772235 -0.2500728707162196 0.6013620871530615 0.01975905381986427 0.002177926771518283 0.0009558276411463058 0.005352169436661158 -0.05202057886893825 0.007891807175059336
-17.99157129288796 -4.139523829906814 -31.00483093845875 -0.2808840419964559 0.6137310104418856 0.01904986921475921 0.002824523822074604 0.0008848651035041055 0.007663914150527197 -0.0549262622377167 0.01033374903253787
-18.78193475629374 -4.081284150228711 -31.06365181058137 -0.2363988263009719 0.6367052496033975 0.01595299516045585 0.002145305806676687 0.0005110364854669286 0.006521094429687952 -0.05063450357225319 0.008992521639350017
-18.79446699854494 -3.306480600423637 -31.18082165342681 -0.2111164504281575 0.6081066220219481 0.01615705732059785 0.001553486855867209 0.000654693072630521 0.004746202375047892 -0.05230340924758406 0.006977307604622739
-19.48320560066223 -3.669350527380063 -31.16411347666545 -0.1855869711410969 0.6438067533437671 0.009527831021608658 0.001157604570395308 0.0002614780474538888 0.006051066270288549 -0.05157169064407072 0.007825084700791206
-19.57456675468623 -4.427579282094085 -31.04200295546569 -0.2052014006695706 0.6748546117492444 0.00331503015634842 0.00071299063787932 2.798455264340691e-05 0.009117054603391614 -0.04271423195898472 0.008273726816137266
-20.22851019887348 -4.019346504923929 -31.14135391048766 -0.15727306716357 0.6806602168413025 0.000797816885168615 0.0001819541581655069 4.856662860583271e-06 0.01032890699199107 -0.04549465968474495 0.007693780995302945
-20.37727670988016 -4.894939913549502 -30.99121873485917 -0.1781517363508624 0.7174978559317081 0.01320874893396401 0.005934389302780567 -0.0004007456623987255 0.01293190450534898 -0.02837173044803658 0.006102090194347777
-20.99375443212361 -4.330426507364555 -31.12408007482268 -0.1272067923914099 0.7165276542371195 0.01319324024030515 0.004738351274915998 -0.0001147804985841528 0.01391473006232428 -0.03857512333744401 0.006951457390959263
-21.16609363463029 -4.992252741661906 -31.01879428139916 -0.1402170555617094 0.7458471442885841 0.02491156439432484 0.01359569290746643 -0.0007969883281125466 0.01335750674455617 -0.02417402433990626 0.00513655973024109
-21.71590621936027 -4.671041302235867 -31.10815623307507 -0.1008544975100027 0.7518297067221111 0.03042161236813318 0.01543202422563256 -0.0003934883333700983 0.01623350525003671 -0.03184772105583186 0.006034743667108917
-21.76008634159889 -5.416963352069494 -30.98897599531418 -0.1235504362281017 0.7795806532353678 0.04339152750333228 0.02808344950110147 -0.0006281276927498453 0.01088193649278122 -0.01673051643474476 0.003714584184808092
-22.41716257890856 -5.09731887638519 -31.09963850659683 -0.07876754924843489 0.7892027987948217 0.0550895372304295 0.03206938523982449 0.001166816566372973 0.01540267875461512 -0.02664883854273516 0.005215408227411321
-22.51223896622341 -5.934029532624457 -30.99481705427469 -0.1019671047437921 0.820852814251403 0.07181677777956171 0.05042250016710106 0.003748744120709945 0.003825276032721371 -0.005542325871023247 0.001264137593223257
-21.76217332176266 -6.160296802145181 -30.86700810707233 -0.1481064342253159 0.8056744350283742 0.05025893505194701 0.04883461256707249 -0.001715409688659227 0.001430898076897528 -0.001459065091998934 0.0003862255408844412
-20.98370338845282 -5.694464263027546 -30.87554158418489 -0.172875766045545 0.7654358206113229 0.03160535819285357 0.02599825171914059 -0.002252404214010361 0.008280380796784968 -0.009849222716966916 0.002504803350543512
-21.16122168349391 -6.505834423852527 -30.74633634203201 -0.1902071762184394 0.7999244174019037 0.04201174479089487 0.05733452629385207 -0.004354045002042244 -0.004036571917223378 0.002889568909943723 -0.0008983289262240779
-20.54771889268977 -6.249695876507584 -30.731265435935 -0.2134341558163052 0.7723941725642022 0.03000491406805614 0.04287021210481474 -0.005358564644195441 -0.001703057251481356 0.001146603466877106 -0.0003629614995215763
-20.11966024405582 -5.713013835813117 -30.80820226284585 -0.2181907161167815 0.7396355078695004 0.02119945330374734 0.0205186044642002 -0.002791474246246888 0.01134341430179028 -0.01129412562026822 0.003128986569133776
-19.57476930628132 -5.156404417281632 -30.8953693681471 -0.2286447647282729 0.7020301261738584 0.006141311332526021 0.003301721599782096 -0.0003646365535984554 0.01646983318511903 -0.02983034843069009 0.007280859298798613
-19.02613391709976 -5.329984552604985 -30.82539289461928 -0.2629697415034462 0.69143808635939 4.978554449783107e-05 3.734182396070415e-05 -5.471030638626731e-06 0.02383442718281472 -0.03052138762553944 0.008569802371422658
-18.991659293521 -4.796048144228061 -30.94141245568493 -0.2478488658021547 0.6701975221343198 0.01094530392541395 0.003418766412948604 -8.757495750323332e-05 0.01475664791757061 -0.04697513312662933 0.01049374190097161
-18.61586524534488 -5.151460392395935 -30.84078354237091 -0.2789667970017994 0.6718487328979773 0.01100503373864535 0.005628872200713486 -0.0005371712345909204 0.02106162100628447 -0.04015362565633524 0.01073069847887647
-18.36848027851516 -4.682712206990914 -30.92646187446275 -0.2774547045770399 0.6462744169057174 0.01745870848408105 0.004330974103476926 0.0003011405619841149 0.01289290181815858 -0.05279244144348114 0.0117861319330241
-18.10041167538413 -5.2351049365828 -30.78121155267198 -0.3089735498641064 0.6589322904930558 0.009838771666262448 0.003934610167547523 -0.0001627986680507547 0.01550514571375637 -0.03833686476489326 0.01050973238552504
-17.71631833492462 -4.73715800954405 -30.86609920166707 -0.3142045306563873 0.6277842822556049 0.01636245983865403 0.002804452770929612 0.0007402865192423373 0.008808416512494085 -0.05470128908226839 0.01253544414379642
-17.5354069344085 -5.263868405790602 -30.72750437168232 -0.3400561891163302 0.6423611851522174 0.01299812945675522 0.002778410121164082 0.0004618898182678715 0.007883561357040311 -0.03859280947228497 0.01029488236112868
-17.04717459853551 -4.910800182278875 -30.76720742170955 -0.3557594516520627 0.6134003557043155 0.01276835809626817 0.001814789056553098 0.0008009119548956027 0.006150992587833908 -0.04846886347563061 0.011764947386026
-17.24232607477779 -4.225419984452616 -30.92830699119235 -0.3244066530217322 0.5932090241474193 0.0112165513741412 0.001912945182957507 0.0006218671073296747 0.008825321807322912 -0.05536690743257396 0.0111345066198519
-16.37049951994866 -4.420339707283675 -30.80902537787356 -0.3783457788901298 0.5730672974223168 0.01241147696068744 0.003407794681616332 0.0004864033989839732 0.014092361023192 -0.0531025135969001 0.01244943860916031
-15.90159564345899 -3.726038569125148 -30.89773088026522 -0.3841748389337815 0.5312712615949982 0.01956251156416248 0.006559890397626803 0.0007643484956898567 0.01759760572605609 -0.05374817226713658 0.01089653956879858
-15.61489699025014 -4.306911136810175 -30.75948213600905 -0.4172744854057848 0.5446880736632326 0.02543043796040097 0.01235858910926196 0.0002458262236877012 0.02744225931204585 -0.05677095511650043 0.01521495404703289
-15.13879768800622 -3.885781011248666 -30.7862846735112 -0.4322985295769053 0.5131684977580361 0.02652053103616948 0.01784352862130674 -5.672769780383209e-05 0.03769834578660471 -0.05598086520313582 0.01558284546092377
-15.33523696041114 -3.111547793421469 -30.93693060303372 -0.3985543465763215 0.4893263357756246 0.02607857018875919 0.01127499583475224 0.001133038572567848 0.02130796441514383 -0.05025386419321057 0.009647389015158801
-14.57496779091722 -3.457550337954654 -30.79092311487954 -0.452834591855435 0.4784814416939474 0.03085785667890333 0.0306837280448347 -0.001088808017847652 0.05637099542059517 -0.05604451435174217 0.0182157556125979
-14.60031383819 -2.803422336178155 -30.89666123056693 -0.4325204992379164 0.4537118782906058 0.0445050550906422 0.03372179593221138 0.00126045716986136 0.03932567590816304 -0.05235332915928399 0.01210426651260819
-14.05945003154091 -3.115955666306057 -30.77101145338997 -0.4737232464527371 0.4486326809847623 0.01977794115319548 0.07157010921056083 -0.00824175904593488 -0.1060800445867089 0.02659286260647872 -0.02363461456607832
-14.09588944791813 -2.64041875693408 -30.84663992336633 -0.4579247380911784 0.4311251558701813 0.003572109163031438 0.0711026382798936 -0.00813840538249574 -0.1070699544848164 0.003223139085189756 -0.01883561530742139
-13.81887872880367 -2.334226821042984 -30.82766119814399 -0.4660879761447388 0.4101390228324137 0.008954568503566684 0.04307950445291531 -0.002518328351172625 -0.1072620152226821 0.02087408725602475 -0.02431761061544765
-13.72903999160308 -1.769469375706633 -30.85943957587477 -0.4553599285517023 0.384850573876713 0.0009783615270769444 0.004197373778801421 -0.0001935316119152122 -0.08719070837803063 0.01941605613692374 -0.01967425187601161
-13.26982560624772 -2.308222123995895 -30.69571953506915 -0.4997933385514706 0.3912966826963489 0.009897172348253741 0.0235363607195253 -0.0001687903119974327 -0.09134927097366395 0.03820166222751167 -0.02945297264206604
-12.97070252202889 -1.590304897618926 -30.69782748694605 -0.4980969477001454 0.3528510546411984 0.003158506666842 0.014638929075896 -0.0008336674487457374 -0.09144793499995389 0.01819174245084215 -0.02702670578699235
-13.55524017056555 -1.05647813299797 -30.89378844240546 -0.4448916930419249 0.3508338186135601 0.001941296653630697 0.01030931962289664 -0.0006381137857076804 -0.08285261201532707 0.01447400698685903 -0.0182167106536594
-12.99068117650759 -0.926901991643982 -30.77963749148293 -0.4767757588241017 0.3269716198376161 0.002375299980620562 0.02292576604269014 -0.001798805972292265 -0.1027600073606641 0.008438313547757649 -0.02814702757356277
-13.31280881624361 -0.5180087817775529 -30.89654919850981 -0.4436313739254901 0.3213384919845955 0.002512915980779364 0.02351779247960289 -0.001479463011677423 -0.0947414490862393 0.008763928988348053 -0.02160854171055812
-12.7745941452192 -0.370708202639161 -30.77212290084422 -0.4737525923868109 0.2973931308518835 0.002226985961592955 0.01588127099788444 -0.0007886693786516838 -0.09911669298687781 0.01243761126378227 -0.0294247620397073
-12.61550716668995 0.3839948020876172 -30.79126730530145 -0.4605020179243764 0.2615549914699914 0.0007854819548251508 0.004451818459822643 -0.0001565573107697354 -0.09402545187014047 0.0155950314905611 -0.02829025770374244
-12.09406422025768 -0.1858618406532475 -30.56926580193864 -0.513436742902071 0.2667806405504489 0.0008533602807779194 0.006732477077896724 -0.0003864508705065878 -0.08874633403790981 0.009369676179198979 -0.03273758036110827
-11.93023651357105 0.6338324013401291 -30.59335607290859 -0.4983400833710382 0.2278035167448723 0.0008202403428466417 0.007373208397511751 -0.0004248123358920252 -0.1023807884358976 0.009184647541576258 -0.03826756252663597
-12.42729140150401 1.140141980713459 -30.8024379009683 -0.4484874349722229 0.2245223219831452 0.003029334411888943 0.01564358083909191 -0.0004282735573509531 -0.09756254852279114 0.01806972383817847 -0.03006116004148896
-11.78820230657845 1.387786083942615 -30.61357556586335 -0.4832802809945689 0.1921204016675715 0.002658965779381882 0.01834188211320627 -0.0006658330960201292 -0.1154544739750116 0.01512502558435681 -0.0444076140482158
-12.24763786891014 1.832492691214766 -30.80238954771924 -0.4376437780257553 0.1901972908934845 0.006471768316324475 0.02919692520296965 6.800230322934799e-05 -0.1013405898980604 0.02253729885407794 -0.03186671563578189
-11.659466737698 2.067116638438868 -30.62242801617376 -0.4694909588826249 0.1598065289658957 0.006490470045116156 0.03411619543727636 1.515623626678681e-05 -0.1260984433093044 0.02401145369599796 -0.04890910763803322
-12.08540321187594 2.510640777624769 -30.78867389056333 -0.4260980267978662 0.1568027121687206 0.004672154854626452 0.03039633282888857 0.0001712900113147818 -0.1020233825390274 0.01586139373619737 -0.03187086671588257
-11.48264807151697 2.694849723080647 -30.59024978438997 -0.4608357121687248 0.1276006200256102 0.005517959380047302 0.03180186757768579 0.0008103838336476762 -0.1294977675335258 0.0237831282715605 -0.05156133807654986
-11.87395183189042 3.195386053159366 -30.74354875669554 -0.4176468932008974 0.1210725532758601 0.002243857363765873 0.02107544858192196 0.0002437803327862769 -0.1023268189273066 0.01128373858227443 -0.03364941727678784
-11.23384199144701 3.342622417520547 -30.51161730399606 -0.4567100005113703 0.09154612825950195 0.002319401682902488 0.01136402018528703 0.0006017977464943521 -0.1249708941453949 0.02831140930860249 -0.05296418081971513
-11.66162631985626 3.996953906552342 -30.68281123926306 -0.4054774991077128 0.08006469290579726 0.001233346823807458 0.01017011702075508 0.0002941498754823208 -0.09351705585298695 0.01227043762300209 -0.03213607586337098
-10.92423236016537 3.986177782651509 -30.4011184655398 -0.4570084884494862 0.05304167642276986 0.00397548223880273 0.01859593980085919 0.001090548325437274 -0.1313581868263184 0.03156181389286779 -0.05933662085298652
-11.1271965219877 4.642754303748435 -30.49822872266055 -0.4207452893724732 0.03311860444254086 0.001273178088354146 0.02293932940811815 0.0003294850992682705 -0.1068490853497138 0.006537015051464611 -0.04223810853462671
-11.78585507632088 4.849828244476894 -30.73302043110795 -0.3683173101896398 0.04915379853543862 -0.0002264297630420088 0.00793703022364676 -0.0001405272889860689 -0.08188640507580187 -0.002807868038527389 -0.02664688271684433
-11.22539635998321 5.471744597852533 -30.53344471815335 -0.3862053366962037 0.001792828102813443 -0.0001046761000691115 0.002709218933386647 -3.459145520683882e-05 -0.0981295223387026 -0.004284354574803396 -0.03860603213578841
-11.8880507889287 5.503887844736701 -30.77050108510356 -0.3389939733149748 0.02576614761358513 -0.0002065832357522195 0.008752197363562584 -7.431043142015038e-05 -0.08337678681021986 -0.002194749831678632 -0.02670738477344897
-11.70065812832179 6.189173583459457 -30.70559261275275 -0.3283760033757166 -0.01005267571677713 0.0001318750262422281 0.004138599916749989 5.341658370130001e-05 -0.08494608790409756 0.003075356384461612 -0.02855671402933194
-11.05954600651169 6.191670765629076 -30.46855768854694 -0.3735503171878873 -0.03516192512024054 1.624008880245988e-05 0.0006153148366303703 4.367768100063306e-06 -0.1043711423913094 0.003062204984014128 -0.04332270722329931
-11.81559623402553 6.908470920188675 -30.74118655103169 -0.2952641974616306 -0.03570183543618485 2.034936483734436e-05 0.001634613507598644 2.052256558702982e-05 -0.07838005037544953 0.001292911738432792 -0.02526130315028836
-10.48814763110267 5.852757470816774 -30.20327137601052 -0.4269138578871932 -0.04359308168055739 0.0002300256252351873 0.007810072226018774 0.0001454305088765559 -0.1199374538236254 0.004675347843526133 -0.06137719384851371
-10.61978307302882 5.063893440549828 -30.27944231127963 -0.4430123345066906 -0.004290953047073381 0.0008477770861982363 0.02338347064729223 0.0005553388858156283 -0.1354872225577577 0.006459501144564709 -0.06515407722589084
-10.1368316081889 5.258040878268083 -30.021575509785 -0.4727754299334228 -0.0320619291412423 0.001970402497755762 0.01631783337300335 0.001257576863107945 -0.1399168913824551 0.02333061706079632 -0.08350386565612122
-10.19992392478322 4.665183528482562 -30.05354933745451 -0.4874161594070525 -0.003957902135684488 0.006071495424846167 0.0419121302339804 0.002592348794402207 -0.149236001573524 0.02721398785174554 -0.09046255764607131
-10.6306263544172 4.481751589415637 -30.28485279241642 -0.461339415679644 0.02098984366425537 0.005983788167963746 0.04026417462663301 0.00201385880511566 -0.1484478162212269 0.02571475347765011 -0.07304535842662505
-10.35818113375396 4.03988624311268 -30.11968856185947 -0.4965241039456339 0.02886404458120966 0.004728904598181916 0.03008304291823491 0.001018241826228184 -0.1472572350421022 0.02607443588489545 -0.08645584538008751
-10.61754527249813 3.401402354074045 -30.22379144814061 -0.4990200145795557 0.06576182906881227 0.001864311232162472 0.009444540573681281 0.0004290598208619547 -0.1362306744686133 0.03030159635605701 -0.07506710740354076
-10.91324685733073 2.771557831708139 -30.34048906899217 -0.4986230455268477 0.1033370284183863 0.004299394425079268 0.02122196699899006 0.0009165870326457797 -0.1326121331589384 0.02982822388091074 -0.06858237635798967
-11.18579863083929 2.27564654384321 -30.44317797945818 -0.4955380098414766 0.1340791108614899 0.005840569395217697 0.03625499012711966 5.086435553590033e-05 -0.1381713338087532 0.02235094635709854 -0.06554837731549149
-11.21092343160429 1.69922861282901 -30.40191076914475 -0.5132792988470801 0.1586585633997554 0.00127921516062241 0.01893050792788043 -0.001211364457458787 -0.1254673535688187 0.00468494151375819 -0.05928143090081765
-11.28998355248281 0.9584910321526978 -30.36420761896276 -0.5324496302979875 0.1919132487385193 -1.657864573851427e-05 0.005920726198913903 -0.0006014565760869923 -0.1082257617248297 -0.005282440885156391 -0.04901708743688003
-10.77137395727447 0.5285864635608313 -30.06340368764024 -0.5847556907533596 0.1908963263326652 -0.0002786260310218294 0.002325960039995175 -0.0003699452214714339 -0.09249456314577302 -0.01864118027981994 -0.04754013942618422
-11.40111739136315 0.136094259827594 -30.32863093422809 -0.5514363118357016 0.229610037669729 -0.0001023426788823759 0.005209264621886909 -0.0005943973681323982 -0.09279109018204625 -0.006395827502425817 -0.04007600044609447
-10.85482874951132 -0.2966487061842891 -30.02454450251145 -0.6052914579666302 0.2281563671330545 -0.0005114709861208654 0.004899004000541682 -0.0007570827766564014 -0.08648372872879174 -0.01555884006748411 -0.04225284566549634
-11.51252516369193 -0.8102553546363858 -30.27233327077919 -0.5735113519830607 0.27226455127317 -0.0001919965679360361 0.01241766271833125 -0.001451283066998729 -0.07810910913404964 -0.004995547404528623 -0.03241017755541267
-10.88541264703752 -0.9723036350328353 -29.97119294130671 -0.6241928941068742 0.2572843551216086 -0.001560861970424202 0.01589124687418736 -0.002471892037654078 -0.08336546389292813 -0.01436681984084747 -0.03972046398264945
-11.16999472904662 -1.534648493938278 -30.04033627416468 -0.6202787254577884 0.2903281058402575 -0.001919140144304281 0.03097247315676273 -0.004756706220516209 -0.07444830013850713 -0.009639518081677184 -0.03272915886341146
-11.87728355511562 -1.724276187957763 -30.3138109949361 -0.5754441337799346 0.3219551077522964 0.001995615912510557 0.03163867118750482 -0.003310474264613776 -0.07116723280497554 0.00153589690720418 -0.02822215717206727
-11.34203223522373 -2.2178535861713 -30.02160905446154 -0.6280658023172718 0.3241760744923075 -0.002483195099796478 0.03618026975597566 -0.006722572940769124 -0.06340797495835285 -0.009293184011655247 -0.02659331974589981
-11.88388816406052 -2.439197962034934 -30.21538236213159 -0.5958365183152261 0.3512064275424653 0.005049192176106428 0.03975819272226055 -0.004425582010710753 -0.06514077991355594 0.005321344942110367 -0.02651431116878162
-11.5218759225611 -2.908496638088552 -29.98068973921201 -0.6350544395985601 0.3583118867032638 -0.006035439706430501 0.02707017452183497 -0.007615433063902339 -0.05353751731567911 -0.01748128476853286 -0.01970984059603894
-12.22136554730312 -3.015064824392057 -30.24202753814366 -0.5890459216622438 0.3855076314221037 0.009380875793409625 0.03390767517142942 -0.002781839145246362 -0.05530429624601317 0.0134009651139978 -0.02315272684502419
-12.64110777366904 -3.678646606591883 -30.2650652581596 -0.5791541216571725 0.4256986531245736 -0.00497519348853479 0.04281507005001139 -0.01073199877236194 -0.06089480163128442 -0.0118716832043326 -0.01913190001216067
-13.01230362417157 -3.016776505811615 -30.51610385838 -0.5364727313268335 0.4111608401346046 0.01729294543322107 0.04667061078984069 -0.002360697477393757 -0.07698570588285134 0.02706424289002138 -0.0288918276828732
-13.3040730982721 -3.689277260959011 -30.48102846063085 -0.5364767501753733 0.4472280456858934 -0.003605375986427454 0.05483696077093968 -0.01264721206416033 -0.09761940451716052 -0.01230399693393255 -0.02552018094572306
-13.04794397865879 -4.147419042740298 -30.30160126253006 -0.56529482992875 0.4573657816826825 -0.008924667755247325 0.04399449710348358 -0.01326621141294962 -0.08279877896534443 -0.02301924790786273 -0.02063653548696968
-13.671802269688 -4.283629708692899 -30.4393003360757 -0.530130611206385 0.482431834904889 0.003018039258905408 0.04560100401826696 -0.01044188947586711 -0.09155999777622999 0.0009561780604022737 -0.0222880149035522
-13.16479555500059 -4.605378033334157 -30.22130871052547 -0.570214896516396 0.4793359620745056 -0.005743771494431413 0.0269573492681723 -0.008859211787335321 -0.0827137303169293 -0.02376435253503093 -0.01868509174405101
-13.61521786774801 -4.896898978227107 -30.26553851382771 -0.5502450786352432 0.5050667222429462 -0.0002572706585391611 0.01674846601688907 -0.004700922856384635 -0.0790838116267084 -0.006305003942297807 -0.01813541778315894
-14.26465695179467 -4.800303476939821 -30.43385703050443 -0.508912871954321 0.5215430226171802 0.006758478721327042 0.02490689196901715 -0.005228500318004758 -0.06455047999189314 0.01408998076084675 -0.016319290739429
-13.97493332767571 -5.535254592736404 -30.16910291583796 -0.5457792631183064 0.5417770705892786 -0.0005610754192898095 0.01000344088842324 -0.002841812477883166 -0.06021011614213347 -0.006683308428160895 -0.01163822908713135
-15.00274835874396 -4.570605816795076 -30.61857888841628 -0.4596616340453219 0.5356686767799942 0.02193938726947289 0.02449733944595187 -0.002644250646620486 -0.04576051385961323 0.03922761933388235 -0.01625614757525857
-14.42461982555742 -4.117798113108845 -30.63268834432371 -0.4804422366280302 0.4996153797070665 0.02250116162716531 0.03341871337502451 -0.003673584896103593 -0.063052783558231 0.04025215156358868 -0.02003104872650753
-15.66928756437863 -4.923544874967034 -30.62002744683886 -0.4320361764816218 0.5705163275480076 0.01882404426423679 0.01631800768295691 -0.001746770456370247 0.03124808550757248 -0.03471718391242413 0.01242296655207219
-13.92748970552441 -3.666254364839784 -30.64043668145804 -0.4973203490096801 0.4660857690714801 0.01204198117009352 0.05788353242220568 -0.009760477231998481 -0.09934741334094709 0.01660505566486772 -0.02409517457079582
-13.57725598244925 -3.269410135977767 -30.64140059309081 -0.5075547553634181 0.439294434184422 0.004236160042765046 0.07158877273660572 -0.0118938833076411 -0.1138948616488627 0.001887465715521607 -0.02920454983894107
-13.62973391956317 -2.79371390862004 -30.7293842739682 -0.4908835304320668 0.422189523325787 0.01690143518406221 0.06735350033821123 -0.005374834899095726 -0.1149994138435687 0.02633221452751966 -0.03164531048678216
-12.5124926248852 -2.266004547192333 -30.46981726315718 -0.5479896020449694 0.3648741287910524 0.009971678042304173 0.03030941726542853 -0.001137784845763012 -0.07315830458881394 0.02301926906391545 -0.0279582105488146
-10.85640407689007 -1.984105976508364 -29.83193335531955 -0.657097836240217 0.2981691805137129 -0.006600474349708536 0.02981721583733906 -0.00758531597429956 -0.06945224461358712 -0.02321221013054733 -0.0308102814984071
-12.42319791527093 -1.670795917531247 -30.52606382519982 -0.5363962766239891 0.3380165971897808 0.003064014766136347 0.03041751017969408 -0.00279400907854765 -0.08797149717634015 0.006080454933612151 -0.03027680445157393
-12.3697179538356 -1.050305702011723 -30.57430974481359 -0.5215368430377725 0.3111535851362802 0.001503491279273064 0.01898595923841363 -0.00153907721880319 -0.0876396640115666 0.004482297189250865 -0.03031995942771874
-10.61313565833568 -1.455991668853455 -29.77639688187702 -0.6597976459204565 0.2678737732199842 -0.005392351525429275 0.02555562731989427 -0.005873414017793755 -0.07444335828058561 -0.0240680699797449 -0.03637575513693414
-10.32886825519227 -0.7507086198021575 -29.69362229722827 -0.6601875653974678 0.2282968024744251 -0.001537771974567232 0.008631347861121803 -0.001732564465570661 -0.0768942388545025 -0.02213001321773282 -0.04199903563956304
-10.28495056720151 0.08511650299312734 -29.74752929204468 -0.6367052412188876 0.1915961218971 -0.0008704162724864426 0.005590220634089927 -0.001010770736221853 -0.08359766191552845 -0.02167723343279907 -0.04789983585584786
-9.88676833753015 -0.2815080190089461 -29.46785790110279 -0.6807047400587363 0.192298691672171 -0.0004677003725560808 0.001958012460181389 -0.0004684169729912588 -0.07235551127753759 -0.02793184719779064 -0.04451206183887731
-9.753899554357895 0.3618750192313236 -29.42890279158737 -0.6705893608459916 0.1598729737287909 -6.476145436413277e-05 0.0002971488156889496 -6.527568446914556e-05 -0.07807038138331961 -0.02831785923494061 -0.05145356836434649
-9.311123170022414 0.4916345170373564 -29.11520367110043 -0.7038473520034754 0.1369352329684288 -0.002631346522395145 0.008355010388627194 -0.002457042740688679 -0.07091468340231125 -0.03775153051116903 -0.05242616333725827
-9.024845948448224 0.9243171564229726 -28.90099016970854 -0.7148104707810814 0.1063052436951381 -0.006222361922359826 0.01758395952769873 -0.005745751823966654 -0.06730837072505463 -0.04194328059391753 -0.05546913878829376
-16.37526162769028 -5.238977084575565 -30.62022914139871 -0.4021612566007877 0.6050434938233339 0.01642098258588715 0.006063605519296788 0.0002263161618794152 0.01229527253831343 -0.03366047064183734 0.009735757743916077
-17.03601524720039 -5.601778533957672 -30.59271280732337 -0.3770886034314854 0.6398819286821386 0.0112079846824482 0.003922747265704632 6.636200768884736e-05 0.007376463562798665 -0.02118188539470369 0.006267025464449764
-22.31757432453127 -4.353366239964355 -31.19362768344455 -0.05876112850355888 0.7600433431256581 0.03861755915300959 0.02066490662011529 -1.337023343942077e-05 0.0210255601574465 -0.03928735841003223 0.006448669084587224
-21.63660550730548 -3.88096144256718 -31.22055191508719 -0.07840582267417523 0.7211267634603512 0.01403541982269414 0.005536807798587118 -8.504155014512007e-05 0.01809396418565759 -0.04576245354946259 0.00680225026900524
-20.83362937063485 -3.574306646931552 -31.23027010701708 -0.1104917293295881 0.6839696451450628 0.003629313098575175 0.0008865672787980785 1.922567859008005e-05 0.01293841044245963 -0.05312468058075802 0.007337114540755566
-20.09703323529379 -3.266818405189557 -31.24286988923386 -0.1395674115949319 0.6488165353339114 0.006175985398312555 0.001079249089652796 9.610416433120296e-05 0.009771418245412392 -0.05655002896163486 0.007111355444041965
-19.40109492533457 -2.954524088869412 -31.25129632347478 -0.1668689605300021 0.6146779651761434 0.01279309693205853 0.001912025669978227 0.0003374775640971958 0.00822686069161541 -0.05615697233474125 0.006301297046496194
-18.7532305159001 -2.636296127826244 -31.25233988635358 -0.191935837562846 0.5817517601183463 0.01561696223656812 0.003053803062739252 0.0005127154809470236 0.01012646715819794 -0.05268939934853606 0.00537996999804148
-18.24372917345335 -2.331105602192689 -31.25127953910334 -0.2102882017735296 0.5536926753254697 0.01237759361677365 0.004270144739629592 0.0003630728229039506 0.01583100210600197 -0.04628481730028485 0.004663412952822043
-17.96592571369829 -1.748742828126009 -31.2745868101712 -0.2072005248703171 0.5226591946545233 0.003144889283449342 0.001861324729727569 5.158961903502651e-05 0.02042454208789955 -0.03459860093155815 0.003223671726985067
-17.72000842930458 -2.34849628263667 -31.2168096148846 -0.240016009453569 0.5372542680156837 0.006846912442643056 0.002382450320140416 0.0002471928675682953 0.01466617226200879 -0.04263803823579208 0.004712961622996049
-17.16370227509274 -1.94802502574364 -31.21253303192022 -0.2587459133408672 0.5038738054672552 0.001216430728609117 0.0005683106103476714 3.205349404617115e-05 0.01544154551022429 -0.03325938458652727 0.003684175526517748
-17.33277215481404 -1.121917874772926 -31.27871777893416 -0.2229100283612973 0.4779901758440235 0.001353183691621266 0.00117018317927967 -1.828678655979878e-06 0.02064625140734752 -0.02387121699164004 0.002446632692089049
-16.40268329576328 -1.42867661757629 -31.20525056309791 -0.2859726117097209 0.4590158192468644 0.007143735219535314 0.007380162848840431 -0.0001196416677428715 -0.02165846432837771 0.02091535634300581 -0.003039063042417364
-16.51146713179584 -0.5408167195486353 -31.27403728592409 -0.2514986717474004 0.4284646520968257 0.002299907707146298 0.003824041123383434 -0.0001219766285551007 -0.02577482453960775 0.01542707432177268 -0.002344309663444188
-15.93681800153661 -0.9081152005005499 -31.21495459795646 -0.2966936200856054 0.4235673303478196 0.003765310512395478 0.01082212258245305 -0.0005208369987429128 -0.03654376393772146 0.01254271086786466 -0.003570913728081679
-15.79887560713813 -0.4215871916393397 -31.2395164758788 -0.2893729040744599 0.4001440661087537 0.001952086530811869 0.006995231353701763 -0.0003379992082087863 -0.03953722097079493 0.01085518037530712 -0.003685151861703559
-15.99553843351376 0.2317452547166479 -31.29434738447151 -0.2567216296395444 0.3813882146964843 0.001371385161153188 0.004438282709789388 -0.0001968867998115017 -0.0390415703208298 0.01192537109043121 -0.003112762705312866
-15.277881061084 -0.08792047096436661 -31.21942269255176 -0.3096476824854065 0.3697933407133452 0.001501758710044207 0.007820040526717151 -0.0004066644186697764 -0.04717784639681827 0.008797616470934059 -0.005045989548441919
-15.27895478689346 0.6455192712103806 -31.26924413266138 -0.2859218207635774 0.3411712707235286 0.001119327934256773 0.006880423086917484 -0.0003496733883733839 -0.04981120535078366 0.007848101863558653 -0.005024152240454725
-15.82567586019581 0.9101307417655686 -31.32819441820277 -0.2445072505202724 0.3493389384634528 0.003111277190520403 0.009802103178399338 -0.0003914039293119308 -0.04757870205812609 0.01495160682848876 -0.00376423827654719
-15.37599629609854 1.405174205801641 -31.32418458252797 -0.2550372813329123 0.3147823804576664 0.003313702350105144 0.01427148898186881 -0.000544046521897322 -0.05411919763752095 0.01237799224985538 -0.004930704044268703
-14.58541516616848 1.103011958396556 -31.22554917055802 -0.3130608992173006 0.2997517035010304 0.000880726930421994 0.01333396085939441 -0.0007704979146171103 -0.05780632292830058 0.00339070556191181 -0.007397878690163952
-14.81201883636962 1.742897611095076 -31.29328845694526 -0.2780250073779081 0.2822755521996939 0.002021332039833685 0.02533125824380322 -0.001143707252779354 -0.06210585550211636 0.004637481615446392 -0.00705015305826888
-15.21793879964741 2.014195534804691 -31.34479299486564 -0.2442022763879406 0.2855428598914714 0.002195809674524514 0.02526312641426519 -0.00090451739321244 -0.05950688086373586 0.004991798587508842 -0.005038428210204942
-14.66931373815166 2.356346241709827 -31.3018226792464 -0.2662718322655871 0.2531840963049889 0.0002150361064285696 0.02536519773685431 -0.0008161930991806326 -0.06281586155470387 0.0002935484074540992 -0.007426875939471958
-15.88349656636715 1.983960968573072 -31.38271496422962 -0.2050430578938979 0.3095947759934905 0.003207441449822011 0.01497545548981092 -0.0004843774715072255 -0.04818944179223944 0.01023631611031605 -0.002624640560977212
-14.22600310131537 1.790446918289537 -31.21971646916404 -0.3125773838719093 0.2603064502973277 3.174682423934068e-05 0.02612452975541612 -0.001323367635199501 -0.06062064646694106 -0.0003790040331045631 -0.008936152611244178
-13.97728754112324 2.363585320964114 -31.20601865994655 -0.3090572329841075 0.2289406414322998 0.001151381317374569 0.02367873736036004 -0.0006320678627369258 -0.05853896985300241 0.002590141426559657 -0.009602446223297204
-14.19051763272468 2.96477930613367 -31.25473173735807 -0.2755090954398157 0.2124075236041137 0.0007724974140446162 0.01676748973837703 -0.0002605289165784259 -0.05967251197022726 0.002610805354039432 -0.008905764604799842
-13.73952067988505 3.586636334513218 -31.19318464845842 -0.2828522878430388 0.171657229901497 0.0006930762761784241 0.01335930617717101 -7.409564594396917e-05 -0.05814690351376575 0.002960317671161013 -0.01015510693389574
-16.04782196231467 1.352680789757222 -31.3628579878948 -0.2165413002419659 0.3397196640234735 0.004055142660554558 0.01062670408999987 -0.0003138879123510605 -0.04407201904644922 0.01673708406310855 -0.002734367492820143
-16.72977934281403 1.543212503220794 -31.38940756482453 -0.1696521905848264 0.3556780163805788 0.002393132392981074 0.004437927215352956 -0.0001194930216308134 -0.03059219574013571 0.01646470356571027 -0.0011885091632435
-16.54029116663262 2.347605449452631 -31.41527391689754 -0.1532450425654324 0.3181696520778526 0.006039764964857673 0.01301196831559591 -0.0003122084149136997 -0.03589200114973917 0.01663489603902541 -0.001045810600222282
-17.36129378431633 2.064290838533181 -31.41028772316334 -0.1144193397567138 0.3574540368222112 0.001145243872099381 0.001525305882675339 -3.963044034502976e-05 -0.02432628315423604 0.01825494760796247 -0.0003822248467615396
-17.06078212015288 2.803265725673044 -31.42772361947815 -0.1062539682269951 0.3187355824337928 0.007550569358311133 0.01109831749006523 -0.0002088103051800306 -0.0277821526487663 0.01889812277864348 -0.0001614093425559585
-17.89843788126733 2.561421858851022 -31.41255586015197 -0.06521546327931398 0.3571899786464118 0.001018876429493887 0.001042849695422826 -2.94483131674884e-05 -0.02047771049121518 0.02001250939676258 0.0001963704857586368
-17.54890869449282 3.284840761757963 -31.42488291603308 -0.05994965220043848 0.317430383694055 0.006129916876031776 0.007607508880747087 -0.000140834715916099 -0.02393152251310572 0.01929232140771501 0.0004847009258612802
-18.36961212286923 3.067459191901813 -31.40134113268978 -0.01918147225021288 0.3545559484518295 0.0002002497166730092 0.0001607375724365279 -5.629874468737285e-06 0.01606730078561807 -0.02003825090264609 -0.000608783724111578
-18.02674091676006 3.765568471359178 -31.40768047752524 -0.01391138295708597 0.3160443324878361 0.003903137339847664 0.003758785607581538 -9.268773209917938e-05 0.01817289303771319 -0.01889276136718049 -0.0008905399237322973
-18.83352438626307 3.540930565237353 -31.37818802424773 0.02563413469497893 0.3531337943977461 0.003473128559503936 0.001837710096422684 -0.0001075506865629075 0.008297047892753916 -0.01571642050243737 -0.0006091141130906878
-18.50361735907075 4.241328608549065 -31.37788768277611 0.03227602360387548 0.3150563030518198 0.0001704549797597188 9.94110864709051e-05 -5.296987309766345e-06 0.007433686311477576 -0.01278061721094879 -0.0006468191720683358
-19.32207138288531 4.006430721310674 -31.3465191291068 0.07197061175782073 0.3531156019356728 0.01209191279327093 0.001141637951974905 -0.0004577442309154278 0.0006411090237408975 -0.006871967427442308 -0.0002033109487002903
-18.96791612054643 4.73189025482192 -31.34115617737622 0.07865229079654391 0.3133008116214675 0.01162750380994414 -0.001664367432604768 -0.0005742495720165049 -7.755237475352623e-06 -5.375566707151303e-05 -1.227465781886836e-06
-19.78107263938424 4.527269481455242 -31.31422324894394 0.1190370598259612 0.350216672137566 0.02823971338122845 -0.01093850759571855 -0.001123619979574241 -0.0008428460533847523 -0.002172830672260633 -3.04428187230595e-05
-19.39580914115555 5.249037298555571 -31.30769023334575 0.1242332262944683 0.3094692990430843 0.03121312138542404 -0.02138739167553981 -0.001516028056171872 -0.005381433125814844 -0.007853783089390214 4.021587307932305e-07
-20.16839504205326 5.102066416119134 -31.29327903872425 0.1643509879840542 0.3429670611974294 0.04639517718625592 -0.03377483726866795 -0.0006876349391005096 -0.004648141693405788 -0.00638416679751294 -3.950173094485893e-05
-19.77279035840409 5.773338245657781 -31.29006456688101 0.1673756257775393 0.3037301096670496 0.05227152109282285 -0.05008165560697887 -0.0004670788903799837 -0.01291965701780295 -0.01348552342846737 0.0001010872193037527
-20.49559784892146 5.704344077510455 -31.29678655845661 0.2076233563783607 0.3327207120736485 -0.05559501914516112 0.05896901780510291 -0.002765814653691521 -0.009633063459169729 -0.009085802756307054 -8.334508999838184e-05
-20.06393581120193 6.235933572282805 -31.2972247985082 0.2032414883086551 0.2972939673349316 -0.06094058465437881 0.07246416185536711 -0.00410396565413638 -0.01796814615919466 -0.01510383953428623 0.0001223839303179436
-20.94843245825009 5.0061139691762 -31.29935230242112 0.2064091351484876 0.3748272304985286 0.04697920506832921 -0.04405344554330734 0.001421151297687488 -0.005269791394305131 -0.005621950700463014 -6.733164145460734e-05
-20.59311082828289 4.385681592962079 -31.30120271214657 0.1611815110197566 0.3846876828905486 0.03782608029622823 -0.02217024088283681 -0.0005693705594791242 -0.003103849647730879 -0.00529402341374354 -6.444253185333925e-05
-21.36684077139482 4.298858085277665 -31.30652934085159 0.202671310456724 0.4157437830241211 0.03980968622448817 -0.03107162341827766 0.0007049723524826594 -0.007539965860782008 -0.009664576878887225 -0.0001849976332167107
-21.04105100498754 3.714418938786801 -31.31131543379026 0.1609908718143537 0.4253267574839211 0.03407061718847904 -0.01290585041187414 -0.0002175798601040503 -0.00365336786210261 -0.009641643610733705 -0.0001787284615415186
-20.21954308367207 3.719775802194894 -31.32289548250268 0.1136435732032619 0.3957909573084022 0.02447769539045065 -0.003794238000862329 -0.0006723561437753426 -0.000275668952770435 -0.00177225609097385 -3.477211757931323e-05
-20.81768152391406 3.21517132886493 -31.32324477759316 0.1289082200545481 0.435612852151048 0.02931793061117865 -0.001772232728382688 -0.0003128050445639935 -0.0004482439335588536 -0.007383996058162346 -0.0001771872333882444
-20.33238336824982 2.956209031148556 -31.33845623743262 0.09115989545516077 0.4279301256935089 0.0210709614064565 0.004904964541366453 -0.0003229690364367363 0.0004846815385112548 -0.002086178678003405 -6.169771068051529e-05
-19.61964101237387 3.294193715970394 -31.35186332151945 0.06253971356297382 0.3902128700527044 0.01267428306986782 0.003903948631503986 -0.0003487050971842833 0.002445336658820664 -0.007961025618905663 -0.0002481926876775373
-19.83446056676253 2.70555632074023 -31.35681562291156 0.05302591306277106 0.4196319007131878 0.01477394797754342 0.006746001176253415 -0.0002639063209882317 0.0052633162623821 -0.01154111379989507 -0.0003653062162899572
-19.1680094748651 2.86472587658364 -31.37540275937583 0.02021696793277286 0.3902639974414781 0.007722474772490443 0.004629400517247177 -0.0001957006149777094 0.009656867586343846 -0.0161309306080646 -0.0005192737071527222
-19.59320655599181 2.227547288469148 -31.3705629858655 0.02148539482475954 0.4289136839282475 0.01233085872238132 0.007003689806557467 -0.0001952359074144582 0.009152481537351511 -0.01612466002516486 -0.0003798494710781817
-18.76317224911105 2.357314519143068 -31.39076830160382 -0.02188589740181875 0.3950782436760759 0.005415078679464791 0.004249595924312241 -0.0001322338965224884 0.01445104260008113 -0.01842551160802085 -0.0003588062843513751
-19.24828175324459 1.665439163435678 -31.38043858038979 -0.01870075745651256 0.4378416557252265 0.009095435720638137 0.006472977681268947 -0.0001322399382154003 0.01140002868856018 -0.01602229150245911 -0.0001792737375187735
-18.31454014706409 1.738705259180547 -31.39525968020543 -0.07005615417591844 0.4027766816211495 0.003565353499476698 0.003562424067610462 -8.659889246398699e-05 0.01743145650825063 -0.01744528587304357 2.076472505433581e-05
-18.96896670596015 1.082616790039499 -31.38134592428033 -0.05538151756834095 0.4499789904041366 0.007385055248586662 0.006091773325142191 -0.0001011674502370139 0.01325338107296746 -0.01606608026123177 5.962668287294744e-05
-18.32608680656236 1.071617308725444 -31.38488153653106 -0.09270552754840515 0.428334339897126 0.003862026297866068 0.003910922919187306 -8.029273647879799e-05 -0.01774206995637894 0.01751422829699941 -0.0002932256706349874
-18.7127469510717 0.5353959868154075 -31.37468367032448 -0.08904706241375321 0.461720977644027 0.006683041698343536 0.006238140842952576 -8.649220830857678e-05 0.01617771606059313 -0.01732653032687126 0.0003585816433661965
-17.98556108398054 0.6447717717338914 -31.37389324810756 -0.1270022263612579 0.432836190216119 0.00323388107958031 0.003546152054993008 -7.274928312631412e-05 -0.02057585777716467 0.01874928951847356 -0.0007154105700807569
-18.39285862464378 -0.005805145671537559 -31.3598989785716 -0.1257336121607123 0.4712092966500954 0.005762803762711979 0.005883299414645796 -7.33766036390891e-05 -0.01920698626576442 0.01880346644041038 -0.0008131968170634075
-17.61912108226243 0.1053701462597427 -31.34988879643619 -0.1662942559721622 0.4408795610562914 0.00290188777723502 0.003392448533763684 -6.769287545919798e-05 -0.0231836670734362 0.01980472746092985 -0.001327783387246207
-18.01280245079685 -0.6468002337166432 -31.32985808268937 -0.1687383097014982 0.4826098505303101 0.004089917019833122 0.004156255095652256 -3.589623435971713e-05 -0.02173057827022639 0.02137034008192707 -0.001551055643489641
-17.26541083237488 -0.3936293112771523 -31.31667527624749 -0.203146392707751 0.447992747503568 0.002194537338571477 0.002554499540722881 -4.944638752319671e-05 -0.02308508472903321 0.01979537203479648 -0.001897239319645024
-17.98330438181577 -1.202170166578725 -31.30574933780114 -0.1885912663620463 0.5025988391163145 0.001695694445542242 0.001452458766502699 2.754073487927071e-06 0.02235991914779765 -0.02610863995396229 0.002226622102832595
-16.84031541384271 0.1853774242375454 -31.33084531663616 -0.2087108016918085 0.4115852453155336 5.017696102657261e-06 7.433953988070185e-06 -2.026060734712109e-07 -0.02711049414879623 0.01824545570344221 -0.001956222900798105
-17.20981811497147 0.7870939522176457 -31.36883381290642 -0.1671225920431231 0.401044929554663 0.0005039843098505138 0.0006454800776897655 -1.571677802719966e-05 -0.02511612450018331 0.01957997100168989 -0.001250349720299537
-16.43964829871476 0.8490214779923271 -31.35199369175166 -0.2101595382167977 0.3725223727346134 0.00283538396312632 0.005258936053997776 -0.0001710463207976536 -0.03469768193619285 0.01863589688815927 -0.002199760123799652
-17.65204762629013 1.319355949351257 -31.39073216935467 -0.1232201526114633 0.3958545217519713 0.001202812302748025 0.00148136820157546 -3.493068619353401e-05 -0.02187445203526902 0.01774845205345637 -0.0005401418286397331
-21.70681431395994 4.894360871303775 -31.32254337611317 0.2460898958332841 0.4064726868365852 -0.04601969214999169 0.0506675276497396 -0.003408439170477207 -0.008851556309957339 -0.008053521531133099 -0.0002071706105312311
-22.04651836967646 5.387358304675457 -31.36301402239766 0.2858753493776253 0.4010976715307196 -0.04878790367485734 0.0638397988494273 -0.00766320605176544 -0.008467810705872035 -0.006500486187857988 -0.0002431094229672338
-15.69639934050801 -1.340213575786034 -31.16279691510857 -0.324258113103829 0.4323750672102052 0.003676997524269639 0.01400829490400211 -0.0008463352718769762 -0.0389029307680876 0.009960446910879172 -0.004155684555175129
-13.6259391329555 5.8780302974363 -31.19142833627928 -0.2100403601615261 0.07521256009426928 -0.0001388010144030026 0.005430156549617829 -6.441227494711891e-05 -0.06995514387451948 -0.001933596425001327 -0.01226297875204306
-13.54355026420551 6.576051300953511 -31.18001888121229 -0.1902201085434113 0.04396184345172145 0.0001757904981377261 0.01471002431473698 4.433349435095656e-05 -0.07726761193018523 0.000966388419688592 -0.01427104200203914
-13.56518621129975 7.216595917336304 -31.17906526220816 -0.1653926914101086 0.01887252687462104 0.0004608686899077533 0.00603156906964524 0.0001548737183125057 -0.08113803585218628 0.006571920205925022 -0.01449574777315358
-12.02545671155245 8.185543976252522 -30.80233607767644 -0.2347513199914252 -0.08059627345428551 0.001304284417679231 0.02092927238044342 0.0002079842587162558 -0.07595265784588802 0.004963066312116093 -0.0231243393536238
-13.62724926716009 7.79837178990951 -31.18255360820012 -0.1397276633915358 -0.002276766295488538 0.0007038448257279114 0.01022755038833558 0.0002450532578218934 -0.07933811498666227 0.005779400139399964 -0.01333336456221789
-13.63880150505414 8.882605396274695 -31.18277625575025 -0.09782481016543822 -0.04540015887933737 0.0004143904638459297 0.02360382870188881 -0.000252500734669169 -0.06970893322850368 0.001101375626148519 -0.01144565207901664
-11.88595911635253 8.951360178055602 -30.77303016566503 -0.2160823915738142 -0.1177390870173997 0.002883828329433063 0.02698182092620203 0.0001069869832654622 -0.07625727943771173 0.008244478306377215 -0.02372376944551472
-13.60213919835243 9.513814562297503 -31.18757146811948 -0.0757644702796165 -0.07197648359329036 0.0002127937507749789 0.02357580804075823 -0.0005776014176460945 -0.0627596047314193 0.0003116012281048063 -0.0104026769417868
-11.80854192073215 9.726637766262128 -30.78046257855529 -0.1918196106633394 -0.1524412075334722 0.003809256622751629 0.02723344484651752 -0.0002438687861952891 -0.07481606545343858 0.01025648009799394 -0.02326787219116964
-13.45875891029815 10.242214783945 -31.18923684958408 -0.05662369879998833 -0.1064020553545881 0.0002361510694731241 0.0233071494616753 -0.00101240805518687 -0.05375822615880477 0.0001407496320465915 -0.009299204842711737
-11.80109829596331 10.56443879100051 -30.83036617480193 -0.1590963429678716 -0.1862567200238265 0.005023672927199284 0.02632349673325369 -0.0004859527609915516 -0.07314442528069912 0.01355143918220839 -0.02208528251295844
-11.46835221718635 11.29431634747631 -30.79702571579477 -0.1530917374192854 -0.2288584469477857 0.003480752695216526 0.01468652841778033 -0.0003833497858626308 -0.07767057814969494 0.01775673149426727 -0.02495718763634198
-11.19369438331844 11.93820172740869 -30.78088763424795 -0.1458631533015671 -0.2653337599049189 0.001871868824208839 0.008225573597278766 -0.0002674799903360908 -0.08384185587403256 0.01817632949177728 -0.02777860206318096
-10.59316078510973 12.07903858449295 -30.59445583305245 -0.1842742099338529 -0.2968185599663626 0.002796394319500435 0.01952205881939817 -0.001084391150300922 -0.1096624177203727 0.01334427895619307 -0.04255988558913337
-11.00644666422971 12.61478908882677 -30.78950908374308 -0.1305566443787924 -0.2990279531939736 0.003072364678024911 0.01835634651917197 -0.0006937209626589573 -0.09250992194717995 0.01433203779435767 -0.03047387294918976
-10.39706670897494 12.73196258296902 -30.5865837999275 -0.1709331048075028 -0.3302464974179302 0.002373163167377814 0.01588629008582037 -0.0006043211155859304 -0.1132833787747106 0.01516149258966451 -0.04630000814003963
-10.79760683398644 13.31203941530371 -30.78152002859921 -0.1156273400191681 -0.3340917041069885 0.002520438637258701 0.01714101840093056 -0.0005048432398436018 -0.09889028622552777 0.01354565198310264 -0.03379391266626331
-10.1620578017556 13.42301845106161 -30.55439308881456 -0.1585890614571833 -0.3665542429231293 0.002462314278434516 0.01140480684402016 2.182809185115969e-05 -0.105723978508674 0.02291392131990489 -0.04595843029338213
-10.56828459429535 14.05282303067422 -30.75633962081886 -0.0998749206693437 -0.3712645061414735 0.003425615130147004 0.01400598119315434 0.0002653432011761589 -0.09418478694463769 0.02368616840415969 -0.03432233416554781
-9.850353061027448 14.21050100015655 -30.48854872098704 -0.1472174637621483 -0.4094647899684002 0.0003035139476495696 0.0009424140618288255 4.661065781533202e-05 -0.09753805051713393 0.03363425834132832 -0.04490902638289431
-10.35218461075897 14.90947724057906 -30.73255952494142 -0.07713668440962552 -0.4113999448063855 0.003250221423973194 0.007882389878316706 0.0006580762514788509 -0.09049087646301535 0.04007719574936888 -0.03310968405708912
-9.738672785342898 14.96763014271014 -30.50977521973056 -0.1203302791787618 -0.4411250274480895 0.0004216427091629788 0.0009643629835450069 9.203343237410361e-05 -0.09201795303709601 0.0441829563575953 -0.04139483344672591
-9.910126821503535 15.48571348210021 -30.61207828661017 -0.08290091196047744 -0.4511080713528395 0.001632247089776333 0.003339781899106464 0.0004042950811949839 -0.09151126711307733 0.04912552270101136 -0.03635842422437735
-10.3908272475507 15.73825236227555 -30.78124662502687 -0.0361459222170613 -0.4385462019547893 9.229977134234245e-05 0.0001877324567293406 2.198785069060528e-05 -0.08493344230716633 0.0449051290365953 -0.0268699700499163
-9.759198172236056 16.24999516413262 -30.5981205458493 -0.05749939039748762 -0.4836752685355742 0.01655602445557983 0.02885242738675847 0.003792927364015518 -0.08251294339289332 0.05135152917326023 -0.03045931199525389
-10.40178298315937 16.38778778233474 -30.79727204997859 -0.00526101930902106 -0.4603282815986702 0.007871421721164696 0.01597921266500041 0.001870756728862389 -0.07453593182138805 0.03918778906904644 -0.02110710711347195
-10.06422649975807 16.99652043075107 -30.72092976644342 0.0001113785395157444 -0.4950575229610794 0.02240468399112604 0.0409757486875597 0.004201093802111853 -0.06465192124633923 0.03724105546322729 -0.01844145078082514
-9.173089057254554 17.1939046239419 -30.48536172730443 -0.05214429301038138 -0.5399093235579052 0.03830363599862404 0.05596816272800019 0.005131624713601551 -0.06430710584900522 0.04620975339436133 -0.02398441622296855
-9.786836984596643 17.73166366400154 -30.69081913127507 0.01715790033495227 -0.5304178372357516 0.03613726041075348 0.0630126427642945 0.003409496910422525 -0.04840887498252132 0.02849676795454254 -0.01357752737070683
-9.186364896322328 17.97696139450806 -30.57643294809705 -0.01045210794601106 -0.5631879097790511 0.04681733312419829 0.07399497008552999 0.001185098525793793 -0.05378461767480543 0.03429828945676108 -0.01674842999705951
-9.524797829035036 18.43649644702541 -30.70708350093316 0.03563943438026903 -0.5629451188564905 0.04931264708025924 0.0828034926130215 -0.001486163974324846 -0.03954311850722659 0.02335613200854206 -0.01077037489684537
-8.807065470817328 18.52691465107142 -30.57976031828478 -0.006036718099475227 -0.5952805165275928 0.06147533527971823 0.0954782031460429 -0.00588668539090333 -0.04643133842220768 0.02899023823985366 -0.01468504520522476
-8.61699034164692 17.92198634208417 -30.43238504075447 -0.0515799285734509 -0.5858534212667624 0.05731686015002771 0.07947125456427072 0.0006952164793878835 -0.05407432693356368 0.03917961765095418 -0.02054429653969476
-8.050196078997999 18.46504873213896 -30.41415600149856 -0.05838044595261657 -0.6253077393033214 0.08108467596312391 0.1000896432403974 -0.008894876978097004 -0.03489944269422855 0.02703508470253837 -0.01392689517900982
-9.128268766474028 19.18427003205342 -30.76738088268798 0.04971011429634254 -0.6011326353238279 0.06699142754456863 0.1027347581723022 -0.01264837969416419 -0.03521695741948521 0.02178415783179574 -0.009585738837895938
-8.054770748110485 17.84752713776422 -30.26768256746046 -0.09413975663888702 -0.6082854793484063 0.07418845395799215 0.08319820728246873 0.0008286538625119056 -0.03790080497727062 0.03397060721030726 -0.01748799567947463
-7.69324524899688 17.26845967651447 -30.03803073400603 -0.1534273052210125 -0.6087323847744565 0.07863984086406588 0.0718822123229217 0.006392044571751361 0.03111225351673844 -0.03562989903516188 0.01791184349949134
-8.406817536493921 17.42176475531935 -30.28476669286791 -0.09392568716379122 -0.5807098040506488 0.05599594378345272 0.06799304195221605 0.004788416013620043 -0.0473407710993519 0.04049314945855562 -0.02137685039836997
-8.469867118037254 16.79499755826547 -30.20124255245836 -0.124117844514131 -0.5594914433016415 0.05147823782670701 0.05915359588801141 0.00816744860121052 -0.05537919128399634 0.05203766220003019 -0.02784121116298991
-7.966177413791807 16.50226359050797 -29.95842182715137 -0.1785732601573407 -0.5746615517737447 0.06582498483547282 0.06289222366303585 0.01184271270071298 0.03785715599901434 -0.04416264876758953 0.02411106910301869
-9.043239670486985 16.35527199696913 -30.35186298744906 -0.1049353567264088 -0.5195033267033575 0.03417535772219712 0.0473282785112051 0.007350468679180086 -0.06803672485294254 0.05405376779926777 -0.03171122510160059
-9.281806162774174 15.54220674216844 -30.36238898147431 -0.1279646516856608 -0.4820408728620268 0.01609214626821972 0.02624747600879264 0.004262589479251793 -0.07578337837065995 0.05250865203234078 -0.03723144717662661
-9.874480386653129 18.89415654911306 -30.82719041945192 0.08119965474462486 -0.5626434626111579 0.05132396560483485 0.08754064763260788 -0.003727545209616865 -0.0250103075202694 0.01440662091522866 -0.006026281790520958
-10.39326730807473 17.49513850273456 -30.8182802624273 0.04640801031583533 -0.4975421262762831 0.02142680264819402 0.0485607837642353 0.002970081612992464 -0.04537942559773615 0.020697051014995 -0.01101957002873294
-10.93063234424422 16.0581434726645 -30.93176348308677 0.01640992244991962 -0.4266022678666487 0.0002757030502117795 0.0006324956743797043 6.589808897244452e-05 -0.07046603160366192 0.03252740722398949 -0.01738661221253861
-10.95712936767704 15.31867501806705 -30.93222406471294 -0.01508275726708042 -0.3995905856496168 0.005302564036750413 0.01148772242391484 0.00119825814252418 -0.08054567623179719 0.03952703920605426 -0.02251355328080805
-11.0316013273892 14.58216389511995 -30.93232204885857 -0.04262309837212756 -0.3701818163597443 0.007309177603359012 0.02285933632838541 0.001158665150392772 -0.08858980940093962 0.02967094967046931 -0.02653015578335317
-12.23170551024521 16.89318903901361 -31.17699526357731 0.1414310299730643 -0.4028708104844529 -0.0006944902987376563 0.0242869142743058 0.000193706823945107 -0.0129944886505063 -0.0003535208352005108 -0.002264329553313546
-11.38898745288752 19.84066583686291 -31.17704613077738 0.2206298947339181 -0.533505579638633 0.04124215335081407 0.08456221476834208 -0.006173781027069887 -0.02068481950464185 0.009768103398707369 -0.004385325693408002
-12.65098750715613 21.21802197716863 -31.61449903722164 0.3600465848979241 -0.5317429948999735 0.04899045635092329 0.05628308814220342 -0.003998853322986817 -0.004387157667291839 0.003720232837969931 -0.001386063210480098
-13.05289303677918 20.73966992366335 -31.59516039539648 0.3634962040932643 -0.501766258865521 0.03084313763313288 0.05046185367946276 -0.002809137785176343 -0.005876224017800718 0.003503424802481489 -0.001584783917620288
-13.60068652567186 20.21851561182647 -31.62034288467157 0.3749590491742709 -0.4646894503775389 0.0142015278769558 0.03925178433607521 -0.002454992890211594 -0.004691194210667583 0.001628279910886551 -0.001103560612712465
-13.518241899088 19.49550325982973 -31.51915045151651 0.3384447017687717 -0.4432135409642496 0.005667073636302819 0.04120093345750549 -0.003174590223911608 -0.008431331579162045 0.00102557582076289 -0.00174079026725816
-14.29631471422606 19.73267022675723 -31.69909847810805 0.3982449122919162 -0.4229547379724645 0.005815785937090672 0.03321782227175998 -0.002427997943104976 -0.002087399679951122 0.0003329970190423344 -0.0004441659068269404
-14.11563361543604 18.96740538964959 -31.58961621458773 0.3539862953527473 -0.4030476318821329 0.000650510508935045 0.03794777459018757 -0.002946915680880912 -0.00111118448013706 1.854382875858584e-06 -0.0002214069043613278
-13.49700354324648 18.83791336059629 -31.45524663409178 0.3085853737020904 -0.4215332293591476 -0.00319216088994971 0.04361148132482763 -0.003847555569024285 -0.01117322497436222 -0.00100259936894371 -0.002094345808044463
-13.93466640600548 18.22253897819364 -31.50496738796115 0.3104066681124467 -0.383804859130003 -0.006574978350153408 0.04048566694165816 -0.003279969325406005 -0.004707628960229337 -0.0008358823536631514 -0.0008807082604027109
-14.56704532681544 18.45337172537531 -31.64232283949229 0.3613409308537069 -0.3683209083555549 -0.002823071162175371 0.03660858196090896 -0.002833979628403843 -0.005128692057555862 -0.0004713309080867296 -0.0009795742722407668
-14.64013478960535 17.799074223289 -31.62446293186205 0.3384441656688315 -0.3423372688429221 -0.00619051539725096 0.0337366566563513 -0.002456577902302302 -0.0051216727018519 -0.001008555242376306 -0.0009441948526625869
-14.06158028012694 17.41078873333322 -31.50280826007702 0.2840772537881912 -0.3503372693155683 -0.01149797966859801 0.03278442200948916 -0.002809085455249544 -0.0001352356887524196 -4.953677072649553e-05 -2.45977553340151e-05
-14.81084814879688 16.95052910743045 -31.6355373218227 0.3139330078637312 -0.3053466390267048 -0.007949347675519672 0.02247863267767083 -0.001808569379215597 -0.003218544336425903 -0.00118413997787352 -0.0005709040936475821
-14.03210770480003 16.6233694437518 -31.49181641595094 0.2487188284258443 -0.3232475644574866 -0.01275820608741826 0.01890567548445962 -0.002272283763669872 -0.002499449720665855 -0.001740071791285547 -0.0004439313348271046
-14.62601572239787 16.07370934902513 -31.59622530152058 0.2648579773003131 -0.2804530807130793 -0.009757018058461214 0.01089504924760503 -0.001719864482052069 -0.002236775284646271 -0.002063886213549498 -0.0003848472364937364
-15.36190787367685 16.22307949996912 -31.72676098902076 0.319929901084852 -0.2578123523689252 -0.005459637847884015 0.01137142445407322 -0.001075737703465401 -0.0006736735507307047 -0.0003345325772971839 -0.0001172203178036379
-15.11894707983205 15.52172454489865 -31.68041329106685 0.2744966874240213 -0.2411968467455519 0.00926933028861875 -0.004477443098188828 0.001620719762437643 -0.00105832505844101 -0.00225444508757646 -0.0001753449823898271
-14.50338862357045 15.33787791843575 -31.57596935282571 0.2257994213047716 -0.258145779521245 0.008026572624515192 -0.003293769730623558 0.001340261841000415 -0.00296851756140772 -0.007435305931193167 -0.0004948016872636263
-14.95958682708231 14.96184430024551 -31.65155695158946 0.2404782983385916 -0.2265657772690933 0.009896090596648916 -0.00209485768152629 0.001678554973043301 -0.002456300335794978 -0.01188338675007501 -0.0003492488299464227
-14.5069886239472 14.65738472901336 -31.57524389696382 0.1974902319486338 -0.2328200676345085 0.005671995162828304 -0.0006260428440772532 0.0009344777900144809 -0.002009890894696854 -0.01848295474351229 -0.0001830221369346118
-15.17785828345406 14.33728393421348 -31.68213072976192 0.2289687685810187 -0.1948229879695942 0.01066860024035041 -0.001241407676880682 0.001817500437752523 -0.002680644430882757 -0.02310228492402394 -4.436314670607711e-05
-14.56274056247637 14.04652581062124 -31.57573091356074 0.1756113093849735 -0.2078976568920732 0.004379817330171254 -0.0003188270253138879 0.0007208904436170422 -0.001892071762181835 -0.02536703860756583 0.0002763682545981134
-15.00438422171794 13.55279686994118 -31.63254698606425 0.1845439765067712 -0.1721591274978674 0.007388829871135756 -0.001266109294088061 0.001260264183068512 -0.00487745621035355 -0.0281864869539244 0.0002789264718334584
-14.17620511327859 13.44356905050198 -31.4944272778789 0.1243237616848208 -0.2005197549133572 0.003207635751007728 -0.000236090656703022 0.0005267977791722573 -0.001877159552453717 -0.02415112312069426 0.000606284965016007
-14.82052633991458 12.75886142823186 -31.56397578787448 0.1389681144014114 -0.1494209582277414 0.003484897597330365 -0.001214566664464646 0.0006152299437715629 -0.009407292353720757 -0.02693443774916903 0.0001134215025346873
-14.11933370894786 12.73124935683721 -31.45411449450025 0.09065426256862057 -0.1759519239260303 0.009962658220511135 -0.003094159200047009 0.001754558401659815 -0.007175056668567862 -0.02305536128438554 8.302891092931373e-05
-14.39687968239249 12.25762601270194 -31.46866595397165 0.08956595417134385 -0.1470591423429669 0.006288635642243132 -0.004066962880819893 0.001229579702209031 -0.01304315231308863 -0.02035573210701557 -0.0006200284263649324
-15.0100107983776 11.88673060777572 -31.53098427159357 0.1151983093806648 -0.1089059569277434 0.005959772295323094 -0.004598753188542401 0.001229014966298981 -0.01532699773583678 -0.02002555481124375 -0.0006079401671307441
-15.5734599100403 12.39877951176265 -31.65689519866935 0.1742955526553513 -0.1064165622277329 0.01223639702748873 -0.005118499445903354 0.002299407190083525 -0.01328649467584924 -0.03155850654197026 0.0004551719735451766
-15.69562934217111 11.78747840505247 -31.62094964752336 0.1567764131787646 -0.07843669467340869 0.0147634015912492 -0.009721430814317089 0.003043380364546956 -0.01712124721088561 -0.02598304532148921 5.765657204101953e-05
-15.51850553009658 11.24328561263057 -31.54345973132313 0.1222253637343501 -0.06452972383308229 -0.01736119218856746 0.01874321971817204 -0.00404167733431167 -0.02039009173149673 -0.01906137844306475 -0.0008103821076338475
-16.15017040467492 11.37204823622076 -31.63952576078914 0.1694696679022173 -0.04499523674689464 0.02261303543902983 -0.01677351044575634 0.004934559546147922 -0.01868975296308592 -0.02509288490475932 0.0003518609960210389
-15.99242090189563 10.82047264269362 -31.55701327657477 0.1359096561942251 -0.02998866147250341 -0.02560630786281491 0.02894372810956146 -0.006113542022271087 -0.02125965832122027 -0.01889042869579441 -0.000388984978601091
-16.58836313630521 10.82947186006735 -31.62773280767576 0.175482512509652 -0.007367624772812885 0.03322115628564053 -0.02869431963568076 0.007719213835114566 -0.01853659974113742 -0.02131219796478102 0.0005529392701809212
-16.26361367191948 10.16930476522059 -31.51371997636698 0.1265945579350473 0.005460419766973674 -0.03313608593443836 0.04421159692585518 -0.007713391427811537 -0.02129538788154654 -0.01600426106169803 -0.000249972573526758
-17.05160339561528 10.25305224848099 -31.59937574914831 0.1814148835462998 0.03246316773977607 -0.04284661184559598 0.0436449395269923 -0.01075826583207383 -0.01854843372811634 -0.01805290068703976 0.0006339108575828148
-17.19870656709456 10.85999085162662 -31.70871203970426 0.2168158248607716 0.01490227404085233 0.03876370618490447 -0.02690784281045673 0.009355725215765626 -0.01859217078155738 -0.02624287827638568 0.00155650167411727
-17.82504222202028 10.43656025229534 -31.72177717986184 0.2395976862513001 0.05502286310307292 0.04618044016466292 -0.03433089884319041 0.01234579963558211 -0.01804507387368448 -0.02358112704109883 0.001925202735812996
-17.57301802912477 9.682857755438365 -31.56284493968074 0.1910528248957993 0.07419172183079673 -0.05062939457030558 0.05959957358614817 -0.01341402458392118 -0.01367956139647128 -0.01149241327426218 0.0005699244712890851
-18.16629421016259 9.770729387975619 -31.63399055066023 0.2328933739138487 0.09342399916428284 -0.05741458786778504 0.05725543853722063 -0.01697012850852486 -0.01157094252307663 -0.01135078217429327 0.000851312650189313
-18.12108260494138 9.130457731127795 -31.52183250266756 0.202768678182642 0.1160949662919095 -0.05731467707813435 0.07373431641812629 -0.01523208102258999 -0.01048001108856217 -0.008058862311113814 0.000423037908534832
-18.73698342506643 9.440316411902229 -31.63418042476538 0.255185751816863 0.127659312683924 -0.06011056725871926 0.06413009457629369 -0.01983363174205715 -0.01305384085604704 -0.01194402250449546 0.0009429682960030179
-18.78973652747849 8.67120188245177 -31.49642726860663 0.2255712020594159 0.1588206196140564 -0.06195521135269525 0.08320219289139243 -0.01751826533876621 -0.009231670547804867 -0.006770615442131925 0.0004920605865539967
-19.46713335931537 8.282915184135192 -31.47330535381452 0.2512689058039422 0.198973097811956 -0.06879859263045485 0.092923621498214 -0.02037208876127154 -0.0130749071268324 -0.00952148706855302 0.0007247243429294778
-18.92814171416208 7.883673036048157 -31.39363438799711 0.2012827587117358 0.1937313183384775 -0.05609317938064309 0.08436103483828654 -0.01088216021985532 -0.004827899051532582 -0.003182272811968119 0.0002161684744897482
-18.06503514000244 8.267188944128023 -31.41495711203145 0.1634182114897725 0.1468000671966241 -0.04934150455845761 0.07615420858638797 -0.008488744957311724 -0.01089252840721977 -0.007015574177266484 0.0003755844739319767
-18.41278833590795 7.385740729451298 -31.35040427102409 0.149242426463187 0.1932210870858389 -0.04297343864428495 0.07231452709610227 -0.003560546178765376 -0.001352707036908999 -0.0008011902467716629 5.414311044434068e-05
-17.61002646457334 7.569723721101057 -31.36844246046194 0.10681922612916 0.156270183871682 -0.03288255755084202 0.06156290089112934 -0.001875943339574251 -0.01331279832655764 -0.007099738084548858 0.000361623440013434
-17.96274221222257 6.835970240330801 -31.34512429329933 0.09958411563659939 0.1973027716461337 -0.02458801759099134 0.0520939852469637 0.0003223635019664802 -0.006470249009310242 -0.003055308976679173 0.000225286971332139
-17.19306424215287 6.990566691346805 -31.36967077038877 0.0579259459459894 0.1628906519093055 -0.01435530365227048 0.03874457618205058 0.0004638953576726923 -0.01832149498861552 -0.006793389485935765 0.0004233121625469113
-17.52796361036067 6.304577598939709 -31.36700589243323 0.05196400228329151 0.201488685956231 -0.006646986130614595 0.02487361651797192 0.0007123815823015461 -0.01406840853721112 -0.003773161969529742 0.0004768055099330041
-16.76861654678665 6.453212929227401 -31.38977681794568 0.01063247692024187 0.1678878213943644 -0.001321561826741802 0.01382285222550761 0.0003154329381641052 -0.03063653525699813 -0.002942683075733206 0.0005966333261820342
-17.0838926194396 5.792108518849849 -31.39742832315085 0.004883378796189499 0.204868556894466 0.0002101327747344388 0.002719268808807919 6.316028734737567e-05 -0.02865610071535284 0.00219239246783585 0.0009480878642277969
-16.33036915967907 5.936953144851524 -31.40925827835463 -0.03628490955845454 0.17182666044657 0.000221475311923408 0.001509681123766599 3.256565447600132e-05 -0.04707093663916499 0.006899107410428328 0.0002947321796097689
-16.62441114588764 5.294765639426387 -31.42081454582294 -0.04215894660983278 0.2073664540940508 0.002045895471217316 0.00751797165927124 0.0001239415831366432 -0.04391300325612578 0.01193856883298296 0.0007067228642513874
-15.88743453739747 5.437160609022955 -31.41502936460532 -0.08246247752983236 0.1752029742500708 0.002091984827305019 0.008969278815150571 0.0001784270865385261 -0.06030503789028847 0.01409293976506537 -0.001380293800868106
-16.14245427467364 4.810572929834024 -31.42662943728286 -0.08969869407158916 0.2087991154426581 0.00177591130134477 0.00812123003421718 8.381311079449447e-05 -0.05462720456818597 0.01195509446132884 -0.0009187374982649921
-15.49049850147992 4.988810108991338 -31.40289467835906 -0.1235593235463325 0.1784393127764358 0.0009894272420755234 0.006880310699879026 6.902819976299788e-05 -0.063956986283098 0.009234340702678612 -0.003684705588348065
-15.53903501717588 4.319176758173107 -31.40415395224134 -0.1446641934008064 0.2064299090303396 0.0003716773676341267 0.005243848774771158 2.58143235405803e-05 -0.05901554714078213 0.004199373854054688 -0.003336838499048497
-15.58981596279947 6.056492503931977 -31.39621502323785 -0.07809820680037925 0.140144719521944 0.0007872849315212492 0.003946528584599265 8.922561749187167e-05 -0.06147427981112471 0.01231043160913052 -0.002081196723411964
-16.02109554843879 6.579640783987744 -31.39452529674947 -0.03131702014674485 0.1354935529352045 0.0001993434413137562 0.004943229300648918 0.0001000192113961612 -0.04805070069562513 0.001945250948894458 -0.0003722230256298147
-15.28872219793046 6.693864433583849 -31.37332577980411 -0.07328417157079013 0.1040267198432097 0.0002833145567355497 0.00272106394830749 5.724579623469014e-05 -0.0611401489251054 0.006426473340758776 -0.002881447052634645
-15.69851143203686 7.226044435067909 -31.37755575205189 -0.02705540831416876 0.09829970512791941 -0.0008447545679657169 0.01256654859077662 0.0001648973227589859 -0.04974252354435216 -0.003326966797030221 -0.001284035834605049
-16.43741949339757 7.113993164110129 -31.3832225896362 0.01537852752901836 0.13010681266976 -0.004926523691033469 0.02402096007277754 0.0003064720276791398 -0.03245572745293464 -0.006658052240532637 0.0001269180289901466
-16.09083961488572 7.77014449093507 -31.37802255029765 0.01894893502827857 0.09170786956395852 -0.008813505292074602 0.0339160770916856 -0.0001458411435508544 -0.03464410230062889 -0.009004721054673114 -0.0004719828162021118
-16.83106790676807 7.670752667183498 -31.37805206380726 0.06194992259284534 0.1232684239211946 -0.02039383963490313 0.04730604747584612 -0.000574687283962382 -0.02102166080805047 -0.009060118283553676 0.0001983578257580824
-16.45113930874258 8.312618367471698 -31.38901842840959 0.06327614821489493 0.08422363709128906 -0.02255662214536775 0.0533590968167757 -0.00206542289094761 -0.02211765852615935 -0.009355554527585946 -0.0001473178682044742
-17.18307874466176 8.277619420146758 -31.39820482798763 0.1083435725702971 0.1131733349332963 -0.03642582983590063 0.06488704468212184 -0.004158401009432318 -0.01522807587048831 -0.008535741809425746 0.0002010965756863723
-16.71003860952166 8.893206257361731 -31.42377590288556 0.1031110490799279 0.07163122567944669 -0.03509223372855005 0.06389607006199351 -0.005811315158353564 -0.01558670021613351 -0.008561176585594642 -9.191015011182136e-06
-17.41986451815826 8.965763933837914 -31.45954204310572 0.1513590343789586 0.09578207393706238 -0.0462776425203944 0.0703899584339546 -0.00968999608750021 -0.01194683523680794 -0.007823298103971506 0.0002259796561614318
-16.86963296259375 9.559906276548496 -31.49301953723459 0.1406500569256749 0.05207897452900048 -0.04208722088320545 0.05962810634494075 -0.009499966701604296 -0.0167801653262287 -0.01181749555319466 0.0001658577355508827
-16.1985022468914 9.412021355110813 -31.4386618638588 0.0912652331805634 0.03214932738231095 -0.02972336527496537 0.05459737667332925 -0.00594744541227864 -0.02370064523367947 -0.01294484537002106 -0.0003853188979740369
-16.12622398938576 8.845495843834776 -31.39987998147721 0.06372634962184993 0.05129958111999187 -0.02301368472317702 0.05603974846908116 -0.003492255199655382 -0.02572449603184255 -0.01059568625724764 -0.0005051610701843541
-15.51125586619962 9.18728087106718 -31.38609869122386 0.03762901659326972 0.01460087497059111 -0.01504272910137766 0.04474608910225939 -0.002941136365954235 -0.03815261959989241 -0.0129500965922976 -0.001885888365098423
-15.7460855533116 8.429844831909138 -31.37442544359994 0.02274856865406567 0.05303414937223708 -0.01141076632545226 0.04306791306663117 -0.001188956879836651 -0.03884310710714292 -0.01032682428695997 -0.00128276484783455
-15.3598072055693 7.876257654609651 -31.35835438978 -0.02370126591949936 0.06013420083780034 -0.003147433407968093 0.02426973622755392 1.688771169403777e-05 -0.05343033207245355 -0.006927394896126279 -0.002508646011301902
-15.69954402751192 9.826806212345113 -31.43665885717162 0.07570985292573365 -0.003000280583741226 -0.02239702685592826 0.04375980544736766 -0.004966095158310662 -0.03007915925419652 -0.01554019097020217 -0.001279072520464002
-15.44276635166625 10.4974219721984 -31.4656469539212 0.08629235339252198 -0.03881125809678373 -0.01911726766683353 0.03309469330155831 -0.004790203804328839 -0.02616251736158135 -0.01532987172283389 -0.001499217167628403
-18.60314589303435 10.17786021534778 -31.77608588084183 0.2788431577938089 0.09452672022431803 0.05238791363197745 -0.03767476110633139 0.01594882776454454 -0.01665113105757069 -0.022140106730001 0.002394833298168345
-19.05404657021781 10.50531366011981 -31.92637566819691 0.3227678913972886 0.0992271795293663 0.02999350624613851 -0.01586600381791944 0.009163112486961144 -0.01884022267453271 -0.03301429203368546 0.004504959758337114
-17.66128269676303 11.27863018728817 -31.84698848155005 0.2652741323854839 0.01668489029210053 0.03204122579745623 -0.01438221921563751 0.007543265612011232 -0.01693333651227699 -0.03605615176535969 0.00318129854717929
-19.60692999590156 10.50619234398365 -32.02843898865137 0.3589680077925747 0.1202132541275786 0.008783655647386954 -0.002802840719277875 0.002300988737894894 -0.01447962682490099 -0.03946239275320812 0.007204404945908326
-16.87892075443989 11.52061375932997 -31.76111663382204 0.2239696532987468 -0.02255892945314213 0.02936833123887568 -0.01518656229927767 0.006450277551102679 -0.01732081831176023 -0.03274440642128158 0.001768693106321778
-16.23270762089642 12.04712704655007 -31.72549998673741 0.2034293203970853 -0.06750932134545549 0.02015435790923932 -0.009231947952058337 0.004019612217203442 -0.01562316851936087 -0.03365121315062328 0.001047036743338555
-16.20925210438585 12.87486049872895 -31.79606957535544 0.2367742345532122 -0.09979415292538764 0.01576435554311028 -0.004342999025706081 0.003008495310140094 -0.01085342915649969 -0.03868903919239746 0.001020728387570985
-15.48342182934766 13.05367641415996 -31.68782889063657 0.1957461418020236 -0.1346981474180571 0.01171956421075448 -0.003135881841596676 0.002090730488628741 -0.008941125999780274 -0.03312515574733629 0.0004350277894183238
-15.81898665421006 13.70117288503535 -31.77478374010107 0.2453083160301338 -0.1460977741901409 0.01300628167160127 -0.001936587077889861 0.002344223713665504 -0.005016643319479551 -0.0331586345005174 0.000440782575020212
-16.49804880574205 13.50991077241655 -31.88903426375503 0.2827846752057932 -0.1126413520445074 0.00902590444873363 -0.001206018827907484 0.001712299477508519 -0.005730919791103903 -0.04132461183223173 0.001102887980184569
-16.4599532247343 14.11850303582139 -31.90522900768052 0.3056464055366307 -0.1370979903877413 0.005662524371470203 -0.0002416779632978576 0.001049011662075428 -0.001498337425986851 -0.03247897160352609 0.0006052558871759115
-15.90769973110229 14.49298663789035 -31.81183482557112 0.2842748047324583 -0.1724613129006685 0.0105796933143195 -0.0005793648118266643 0.001909152767499592 -0.001241592818501279 -0.02220156875195631 0.0001429238892854723
-16.47370029637113 14.7788296503515 -31.91890070684414 0.3339999299387998 -0.1614782605205681 0.003033752970637983 0.0001942818451494077 0.0005566122952125451 0.001019534389595225 -0.01695877041404779 0.0003624888026004657
-16.02461451856908 15.06312429373975 -31.8386317311654 0.3157841012467533 -0.1893698474839521 0.00707721138383284 0.0001508930079307705 0.001279007929059252 0.0001809664548511727 -0.009313660511357069 9.744145615405456e-05
-16.47990478850255 15.49497370166771 -31.92362292556138 0.3640693357099552 -0.1881924938399866 0.002306923903369151 0.002056164633414688 0.000410269110133743 0.001920551027157023 -0.00222646241594241 0.0003592963775679829
-15.7669671157515 15.58179783762328 -31.79485206329267 0.3201471115677683 -0.2186102059272688 0.005845972582197802 -0.001225148071850037 0.001052589319756296 -0.0003167718813373526 -0.00155260742084321 -4.781946190409024e-05
-16.11891371460802 16.2245452310623 -31.8626864114408 0.3702439805381995 -0.2291579319135311 0.0001567009992383158 0.01182578095976271 -9.543129055748085e-05 -0.0003159431655186022 3.728116929358136e-06 -5.680228684578125e-05
-16.83201858362103 16.18675611553278 -31.99021383687639 0.4161026715478515 -0.2008460761765844 0.002388979706753484 0.01374749294448848 0.0003153958774204703 -0.004706941448854027 0.0008373305882902773 -0.000844680516165114
-16.54186093515253 16.8596986320043 -31.94770625636578 0.4245933454429678 -0.236889634924771 -0.0002119283987220266 0.02170423090756844 -0.0004970200044049079 -0.00477476577307389 -6.609151010385907e-05 -0.0008501809344066482
-15.72264185058995 17.00926048030849 -31.80340854622291 0.3765715360786744 -0.2731015877858097 -0.003057160455068157 0.02173483833616742 -0.001051832009302412 -0.003088829075564627 -0.0004611889317494675 -0.0005521991787535786
-16.29605826898885 17.56508627059867 -31.92424161960009 0.4374926040599765 -0.2721496212539888 -0.001835664295188341 0.02758920666460829 -0.001402554578967607 -0.005450127878178166 -0.00041203666355818 -0.0009719119202644104
-15.69620260799464 17.70809982279938 -31.81979352540608 0.4039121639722248 -0.2996373645271818 -0.002428217670078372 0.02934585507594523 -0.001649195576569401 -0.005345259169783453 -0.000496646234641975 -0.0009671719238531045
-15.99009900776967 18.19650731288444 -31.89826119149914 0.4435254015275098 -0.3065622233246396 -0.001175953756947504 0.03043371757013947 -0.001963826192168496 -0.005696333486411724 -0.0002867137046444786 -0.001032239591543636
-15.24542239800198 18.22486454870046 -31.76125427279821 0.3959542661635415 -0.3350403808978538 -0.002293628975260129 0.03251115103803749 -0.002285125498079729 -0.007426997145801672 -0.0006204881852042367 -0.001373232785833734
-15.69563264978046 18.82017818854478 -31.88587294389068 0.4501937502382715 -0.339922152816686 -0.0004047413196557892 0.02950893260757378 -0.002316449382697416 -0.006969633966470504 -0.0001965343090307595 -0.001285855349746167
-14.91296968456289 19.04589759640908 -31.75481676892333 0.4088388633597902 -0.3765070888203257 0.0009872866082053149 0.031253655167273 -0.002410199169850234 -0.007060761743667535 0.0001166543553068116 -0.00137960404282205
-15.48879311643774 19.3964010287409 -31.89566679213754 0.4607486929116368 -0.3680598844954419 0.001088169738920947 0.02759354344432488 -0.002374497832511148 -0.006739461358735917 0.0001548452717219269 -0.001289092848553621
-15.01420294852995 19.70017526434427 -31.8350506847479 0.4428447132798592 -0.3959138165222195 0.003225819661541067 0.02899046422778136 -0.0023516844988713 -0.005976164894069192 0.0005675762936210237 -0.00120072653474483
-15.22349721384417 17.53798103525053 -31.72565307526324 0.3657320959757338 -0.3110873798673329 -0.004506299924737803 0.02913328238836879 -0.001838027237601133 -0.005213362980441264 -0.0008657879731742497 -0.0009413725047969298
-15.49260457026258 14.98757473978722 -31.74321267296092 0.2771261449748881 -0.2069670492738488 0.01107197864701174 -0.00132943999766947 0.001950344202125202 -0.001251806874344943 -0.01063571500221827 -0.0001433418493658013
-13.95918246487562 14.26610445870347 -31.48206127857107 0.144314109258149 -0.2397389851674913 0.000266930736487529 7.404986379391053e-06 4.30579681130179e-05 0.0005805524725356743 -0.02385561831626139 0.0005035822773464381
-13.88570610139607 15.0322342885069 -31.47559312604275 0.1716926826639294 -0.2709351351055722 0.003693333566630872 -0.0005110400564774058 0.000598894560967122 -0.002109077256891719 -0.0156329135473942 -0.0003331457783630442
-13.92156105482354 15.82148393643619 -31.47727426735234 0.2074359327813364 -0.2984439100348716 0.009211636293353075 -0.006443877500152217 0.001500274733774862 -0.004009394128823046 -0.005895895278626407 -0.0007061016452005705
-13.50546711657649 17.75549821119377 -31.40361203175241 0.2624070682300096 -0.3836890158987419 -0.01156243032812598 0.04046975466777283 -0.003212178709291801 -0.00970897030449731 -0.002912612653901846 -0.001747544999855181
-23.73429975832454 4.693349527645394 -31.47460873722475 0.3541255067896062 0.4877246353882294 -0.0384562454924903 0.06151785968592181 -0.008659090976944306 -0.01292874138571101 -0.008203943034370579 -0.0008659296734319548
-23.4324279324776 4.133929716806687 -31.41642647240771 0.3138542713839092 0.496378745345203 -0.03764147317508993 0.05263358472451794 -0.005018658545582551 -0.012374100019808 -0.008922055955861161 -0.0007612460727355894
-24.07318045785693 4.058190701983987 -31.47509463166574 0.3466790926348698 0.5223140468390234 -0.03644993761069205 0.05509150374149133 -0.006383198803895091 -0.006431690329744878 -0.004310672913585132 -0.000477306408625294
-23.71542737579351 3.610993403133214 -31.42745016984654 0.3083408567363389 0.5250124272890888 -0.0350454190743334 0.04575798407573518 -0.003635443499810932 -0.00753745460863974 -0.005815418879213123 -0.0005359975902032001
-23.15312322495473 3.572701322471609 -31.38631118273457 0.2754015828327736 0.5061356871829306 -0.03120578824198455 0.03814954693703466 -0.002165184505159169 -0.01046751237531907 -0.00859939157993383 -0.0006539480126025193
-23.57668332079172 3.042674521168093 -31.41662335928412 0.2777430080478607 0.5400468487049797 -0.02867212898068231 0.02934571696831681 -0.001782620712611955 -0.002453816398267879 -0.002408389576323322 -0.0001793867803264586
-22.87565210520131 2.965094015708703 -31.37628768187668 0.235729265165415 0.5178134763587736 0.02560320415283471 -0.02012322540967795 0.000966256736975694 -0.005285652130830498 -0.006743181183347447 -0.0003776680982558587
-23.33944277129025 2.289040929771381 -31.4134937516506 0.2348748559054044 0.5582662431010624 0.02021187012754582 -0.01464896872442775 0.0007623734380982424 -0.001291128083590231 -0.001786507576315924 -9.756434856630821e-05
-22.50499397304718 2.373839793174021 -31.37376192976945 0.1920292827382855 0.5258208522627598 0.02252207618203833 -0.008209370791327329 0.0006265354481131733 -0.0009373987396611641 -0.002579451524927085 -0.0001013640632416739
-22.78040587947742 1.724021696650979 -31.40164063264393 0.1823446889255235 0.5587592111964979 0.01591494876022419 -0.005965874501070905 0.0004600763895669566 -0.001253970153537801 -0.003355156723529648 -0.0001294854614331521
-22.07714221121056 1.858632887059761 -31.37469671454787 0.1485343663663339 0.5293158886436617 0.02108402623231537 -0.001364354466800045 0.0005028148466286088 -0.000142395956837091 -0.002224665510979976 -6.553553049121224e-05
-22.34325917999013 1.31648342408069 -31.39723594993016 0.1428526230331811 0.5581254442238741 0.01492813468035306 -0.001589805928424288 0.0004058916634384825 -0.0007249515877111353 -0.006857474928375591 -0.0001967996986883897
-21.69993393716259 1.347225313983987 -31.38049252664219 0.1083792773296761 0.5346444859426579 0.01784139678169919 0.002425171513091437 0.000390612957590067 0.00113611019712479 -0.008328117423979962 -0.0001860657177622148
-22.16192530741262 0.7018348770116294 -31.40675712034885 0.1100426566741774 0.5739737479603106 0.01052698084172937 -0.0002074779829934244 0.0002783944386829068 -0.0002412839226780121 -0.01256962568692015 -0.0002440039872102361
-21.33532255616542 0.8175618172370802 -31.38608465540704 0.06864044597301351 0.5412534237328327 0.01417652717747687 0.003453720232981215 0.0002899027692974992 0.002722705624923498 -0.01116293306061679 -0.0001547502193190053
-21.65839853498465 0.2524070036806503 -31.4017187571616 0.06600277182837702 0.5728928923846351 0.009245059568690246 0.0007944579106878082 0.0002144235604150436 0.001256820633839491 -0.01458364986500328 -0.0001552330582873041
-20.98733902568761 0.2750272485809742 -31.38841747669757 0.02977243217196383 0.5490675267258632 0.01086612601985367 0.003049201671079126 0.0001961631256738693 0.003791121385758408 -0.01350519663422353 -7.511395852786184e-05
-21.4845187670925 -0.3816025228106046 -31.40319152588582 0.03377767680995158 0.589940796133294 0.00531955387677363 0.0002720154079139524 0.0001167946956677544 0.001010070014231969 -0.01975109464439034 -4.450489609746288e-06
-20.64160984768695 -0.2814334273534307 -31.38643690248146 -0.009045932280234079 0.5576291941922054 0.006849634476173422 0.002007364462699201 0.0001151059160137549 0.00475167877123153 -0.01621827690257787 7.584292470418205e-05
-21.00270054598219 -0.8589068421158821 -31.39190528498772 -0.009344372222736373 0.590953388338086 0.003142864962083034 0.0001778163061660845 6.243451400177207e-05 0.001291751902611864 -0.02291691602640562 0.0002434480728149291
-20.2482499403574 -0.8982363068053765 -31.3763304537195 -0.05213783692870981 0.5669554698557194 0.0005541579503665789 0.0001643351477850763 8.50704848045427e-06 0.006052616584566821 -0.02042935199508731 0.0003708663956663281
-20.96226025874763 -1.572558973705267 -31.37840363462986 -0.03618774646950213 0.6155644863342812 0.000214666937511926 1.031905301752318e-05 3.976536836201613e-06 0.001504999748425904 -0.03166667637920838 0.0009295589723553216
-20.19239875769433 -1.55563895103273 -31.36415274040811 -0.0775590409159343 0.5892223365253241 0.00567291893946447 0.0009936312489220685 9.812568036059778e-05 0.005833166603256344 -0.03340879015676339 0.001069410040164355
-21.65221583423306 -1.154582740895279 -31.40199763336912 0.01567020094243834 0.6236097815377201 0.0022008468858431 -6.365673080631478e-05 4.985025006649556e-05 -0.0007655734504267456 -0.02612990607794452 0.0004326065973408501
-21.92461349168635 -1.990469630173658 -31.38387120326639 0.00123666083959992 0.6628981669535726 0.002254985911627595 0.000187551186203856 4.251042773884818e-05 0.002619030596093584 -0.03179804598751312 0.001361645852302182
-22.40222008918172 -1.36143145660292 -31.41461300898158 0.04874234883446274 0.6563854742643305 0.001928640067565945 -4.054937817405249e-05 4.439974844217962e-05 -0.0005392609383367757 -0.02499801912079537 0.0005942853854802569
-22.12081893974322 -0.7614569052153364 -31.41791926771847 0.05486733445004442 0.6252933356703222 0.002280963304583254 -0.0001904748468390368 5.535820888847004e-05 -0.002023704544822725 -0.02419342489692712 0.0001401220245526194
-22.75863765212781 -0.7830245943542593 -31.43255287319651 0.08838877297078689 0.6477325455879958 0.003278231076142857 -0.0003850126162400027 8.360557955796451e-05 -0.002657057761443791 -0.02258562461106414 0.0001758124736282438
-22.2997113693671 -0.1213993394385078 -31.42182303142724 0.08750904223599784 0.6083510354413885 0.004657625685753911 -0.0005443839494740565 0.0001183695088303376 -0.002241879843751287 -0.01921855635754554 -0.000172649770049406
-23.10245221392985 -0.2035636475177665 -31.44440546875056 0.1277885705398621 0.6387331372461659 0.005448762993162677 -0.001056111175006968 0.0001522459912936302 -0.003866252961507596 -0.01996255500454401 -0.0001075979931085099
-22.79829665483843 0.3497509737916342 -31.43182564604311 0.1317449504507058 0.608538121153204 0.005772522191882174 -0.001287131254204831 0.0001591655733489902 -0.003663710412349375 -0.01646945455046552 -0.0003109970997625976
-23.45296264408432 0.3901597272827804 -31.45158182903364 0.1685004793212979 0.6295896118318332 0.008264310552918104 -0.002304273395896341 0.0002503406633452413 -0.004231212990333662 -0.01520472038174139 -0.000270729090213511
-23.83345469163295 -0.2255729977473742 -31.46518514757518 0.1658947605009669 0.6644708943348046 0.01540909301181675 -0.0009729130603808172 0.0005110678171978585 -0.001073962605413506 -0.0169964900853735 2.481567594367985e-05
-23.48242062032227 -0.8209400378244283 -31.44988535097691 0.1255451065211601 0.6736878444349466 0.01118739547972533 -0.0003943391795356785 0.0003140994424486612 -0.0006403560966714207 -0.01798134093072504 0.0002329506578316826
-23.88693119423656 -1.440465471338413 -31.44888934744708 0.1245024772210319 0.7094596997652913 0.02600900758103917 0.005509046915101179 0.0007886970737291212 0.002655619142417527 -0.01259035366364297 0.0003687481707772046
-23.15389813448524 -1.427342721149268 -31.42946699636042 0.08638778721612948 0.6841638631840226 0.009071744706230029 0.0008783076533667674 0.0002035001501018873 0.001891882852120255 -0.01966791110294486 0.0005493784592710549
-23.61039313210817 -2.105843850492805 -31.42039883511384 0.08637104585501866 0.7237674541040536 0.02698278392132429 0.009046831840914912 0.0006868715400490213 0.005836823399465601 -0.01747015644061633 0.0008092095036912693
-22.80698376890668 -2.056483880595268 -31.40063463276573 0.0458328687721224 0.6948989004190531 0.0101961440545037 0.002110733078202626 0.0001662283340238036 0.005020014354790848 -0.02433570119358414 0.001091149559396108
-23.26722433752769 -2.865704332786475 -31.3753933662983 0.04185412688434127 0.7391586608412331 0.03167302008344182 0.01336020663204097 0.00067725768378491 0.01224490271025252 -0.02913325526146303 0.002057209137496333
-22.49750866895993 -2.595853137891337 -31.36748863419202 0.010735613592696 0.7037439755079972 0.01130588495237316 0.002733341386648697 0.0001441873872227496 0.008403085056778547 -0.03487594105745727 0.002243886930445034
-24.13607534677988 -2.784921935729979 -31.42124279811205 0.08995332967640353 0.7656587367702546 0.05574411913468388 0.02438919519033166 0.003028935022354283 0.006755385356749002 -0.01555068033937116 0.0008899405210632915
-24.01604872562084 -3.623095138901643 -31.38465253525889 0.05473154447172453 0.7911181778526492 0.06429252721266814 0.03818149643343694 0.004620662643950206 0.01412391208491721 -0.02405164295131534 0.002221698116938675
-24.36436734576071 -4.483361472445461 -31.40201249735922 0.04354625534003345 0.8329071192834431 0.09347212158342288 0.06137609911188648 0.01456171745246929 0.02294158721341195 -0.03590516397177642 0.004073700332750572
-24.21576084292192 0.3960972589051295 -31.47786419654048 0.2093194644877413 0.6555411011110179 0.01909068076377983 -0.001924761994424798 0.0007696835313499704 -0.0009401472294018356 -0.009355869120821826 -7.765617773196888e-05
-23.80496505062543 1.039414431584731 -31.45655215371373 0.2118715096323409 0.6187156798653668 0.01338058980660651 -0.006486436228439645 0.0004639836623530372 -0.004430147388898129 -0.009159520210056104 -0.000290223003317347
-24.62104906877003 1.073010868723535 -31.49169600051041 0.2565980512921602 0.6456942976878082 0.02308574733524717 -0.007228010415025041 0.001164380688857812 -0.0001659346386930383 -0.0005317777168939655 -1.113873948522025e-05
-24.15182107977279 1.83239501003649 -31.46287153313635 0.261167705991269 0.6028671289169183 0.02046815168919035 -0.01538441214937421 0.0009945909859214344 -0.003392436619326701 -0.004527926856259402 -0.0002237961350168874
-24.73681869461831 2.534561930333586 -31.49901465892216 0.3205888701601005 0.5989810491658099 0.02969797263511378 -0.02956939821577733 0.002583606500271454 -1.489322231173662e-05 -1.504450785235216e-05 -9.902959230444112e-07
-24.02773984333678 2.589736882437594 -31.44924985037729 0.2844173630523178 0.571988194381588 0.02582421077690869 -0.02534755484271899 0.001634728929195088 -0.002892980632856182 -0.002960388327556825 -0.0002016627015105897
-24.30292585288938 3.286812856880054 -31.47443743953698 0.327614345019725 0.5574707129840312 -0.03255313160896199 0.04250855290074764 -0.003714432577319827 -0.0006443777317196298 -0.000497556593077663 -4.681674731852948e-05
-23.41308322516204 1.569638952434106 -31.43140030367563 0.2110247147287366 0.5863503407839593 0.01411277060227584 -0.008523780400963963 0.0004517037508318994 -0.004056193684217351 -0.006731993180600544 -0.0003052898015843824
-22.96811394031627 1.005429274112652 -31.42582073070231 0.1653806826837885 0.5909601170459206 0.009640600759173617 -0.003333675777595942 0.0002696061760548598 -0.003691472044352669 -0.0107029548950681 -0.000341881222769679
-16.66879867044198 -8.000283428790254 -29.95591886151785 -0.4649843453409123 0.7226804640551052 0.01136260444854757 0.06433668824831101 -0.01079009763004633 -0.003810910586381553 0.0005750383144931874 -0.000584407020923922
-15.98905039651108 -7.432847517046785 -29.99481453740659 -0.4847698255786644 0.6794770780320317 0.002485522168704676 0.05427532248620268 -0.01222731537483611 -0.01256411204732532 0.0002054653351602834 -0.001641953371013429
-15.54560885519141 -6.727899503461932 -30.11707610630336 -0.4893437448211818 0.6378998131020365 -0.0003547681861843185 0.02776839364913877 -0.007463011966904311 -0.02843424698158629 -0.001308851651935034 -0.00351830357347998
-11.76745105788301 -5.566941676665119 -29.51760803069319 -0.683283725150121 0.4747667070212314 -0.02376462656782034 0.0414056802031078 -0.01640808175034467 -0.03131618397259053 -0.02041496355001386 -0.006160259072946067
-11.4446306067084 -5.061322575226466 -29.51112029112006 -0.6944678760067489 0.4440157151454772 -0.02408721537518522 0.03234599668355629 -0.01518925631401117 -0.03469012374356885 -0.028933141712307 -0.006602220793092539
-11.1228696076839 -4.58219286961226 -29.4855538336039 -0.7066540508834901 0.4141406365078366 -0.02421164178177741 0.02937001505461539 -0.0149540447612205 -0.03665609263899354 -0.03417743204635933 -0.007776324833283275
-10.08515861277903 9.222362846589695 -30.07216623452555 -0.3401262210992334 -0.2053541681582292 0.002236564193320256 0.01853536804638737 -0.0001986515641830386 -0.1074928148802806 0.01236786300022458 -0.05623760472223293
-8.896359945128129 12.58428583265647 -29.77520683841226 -0.3019284090348655 -0.3974118977841637 0.003321059904227455 0.00896414342686142 0.0007294769176617912 -0.05775637684379119 0.02475328882200575 -0.04123453835117094
-8.486722584191735 13.00751207919336 -29.57400324137301 -0.3196813818827554 -0.4348166779179435 0.01709127015034708 0.02619368661843112 0.006656802904840226 -0.03464885252089431 0.02972203203230362 -0.02799191992713292
-5.796881914474364 18.80897113147181 -30.22867216769315 -0.172509030555018 -0.7287549051512793 0.07273748253669916 0.06359302474386332 -0.0248552024157412 0.01497066457387506 -0.01422624731147331 0.007412466518377504
-14.03499955956662 22.21069500325976 -32.01652653946098 0.4865590390651586 -0.5165042362236406 0.03341267684203169 0.03462967548896047 -0.00139385978805576 -0.001297882351988709 0.001235320514784336 -0.0004211148489736868
-14.56497070793673 22.02197463756154 -32.06741281427765 0.5111207522156644 -0.4920853472858183 0.02401475491416003 0.03106851697655474 -0.001239585254885004 -0.004290118809688255 0.003265613639360318 -0.001265244942028713
-17.81835873145995 19.03191847617755 -32.28912238484988 0.5981923412819802 -0.2710476817497815 -0.01588794838129434 0.03389487974065084 -0.005985699968673765 -0.00325652823376203 -0.001606132549577345 -0.0004510946337707137
-18.2824017874671 18.32654506937737 -32.31397206132112 0.6003507464765737 -0.2277566478325613 -0.01712037259244453 0.0385882373570139 -0.005896415354549106 -6.393136584301737e-05 -2.975002532203696e-05 -9.068600448294932e-06
-18.72492538683294 17.72520227815997 -32.35035849401775 0.6054089869243646 -0.1887664023520227 -0.01668859418836121 0.04460993188023127 -0.005404709781826098 -0.001944712792110696 -0.0007620048885667862 -0.0002846523926391971
-18.4506426627296 17.03172502937828 -32.27753087270661 0.5587036637055927 -0.1724205735895562 -0.005134359023623926 0.03493703356150864 -0.001774299458471975 -0.007944105279045145 -0.001231272902468446 -0.001256346036847729
-19.17455458910351 17.15849965870798 -32.39689723380989 0.6124243314087847 -0.1505078745169256 -0.01696353100689299 0.04620606702009426 -0.004586401388163679 -0.003660262697974935 -0.001396606209129267 -0.0005321602107338277
-18.91534490291696 16.44987924809956 -32.34104214447706 0.5659950874232016 -0.1328897198326008 -0.004963508282316002 0.02988256240886088 -0.001079535716811175 -0.01223911831973471 -0.002100100896956895 -0.00185953177714223
-18.64807268336513 15.70429713172765 -32.30073564809035 0.5174977496001447 -0.1142470482469873 0.001041192765037278 0.01130745621122555 0.0002191138735441457 -0.01929586391890371 0.001835459315621423 -0.003028844867895392
-19.39045042246969 15.86382551136098 -32.40998411519619 0.573765403838043 -0.09255580456659118 -0.004188003414210973 0.02415531494668871 -0.0005476479832662643 -0.01802688189023264 -0.003183609503510023 -0.002564507427393852
-19.16650546932524 15.10271400586062 -32.38672158145079 0.5273737510646811 -0.07158389723847595 0.0002383662241418646 0.002003957368364646 5.953997584937618e-05 -0.02739640018470266 0.003377211248085465 -0.003987420126242092
-18.34257886250361 14.85190409262124 -32.25725240619714 0.4619601668347919 -0.093091753218785 0.002684121574654127 0.003179436693429004 0.0004699307336227666 -0.02034701852686217 0.01768720252395622 -0.003450443192847488
-19.00154933276896 14.36601472328835 -32.37220592762353 0.4858810245204122 -0.04944641253992232 0.01240011694403734 0.01673403038236098 0.002050486153373753 -0.0370046188407579 0.0281286438903524 -0.005776181595450858
-18.44254395991718 14.08489688283439 -32.2743012495695 0.4368864825690651 -0.05993580068192251 0.01005118858309952 0.004564663753757098 0.001768483516223386 0.02012523985265039 -0.04607247902822014 0.004536538765079483
-18.24244974338842 13.3655553732722 -32.2069981196622 0.3933641882692454 -0.04019496648865626 0.004004250834681677 0.0004207209774119455 0.0007443884066484579 0.005180894492485578 -0.05729254310425883 0.004511856454654366
-18.90680718562018 13.70578091849743 -32.35075051432012 0.4520641963899668 -0.02775457529412126 0.03137234372452773 0.01509457520231314 0.005044059728353205 0.02793383964705156 -0.06034164696483739 0.006836062783951955
-18.96672273256675 13.04843408905508 -32.32531710218937 0.4282936963700746 -0.0004461326630242294 0.02985406280591596 0.009869592403410338 0.004622501042286579 0.01970178996583511 -0.06353639029089475 0.008415314473759603
-19.10329374223363 12.43945252937129 -32.29216234456115 0.4113066369266254 0.02786832248647878 0.02296430371442102 0.007219142647037093 0.003284982866825496 0.01864000964217962 -0.06417304806019476 0.01072137871239467
-19.29541771067398 -9.629423496892453 -30.20683720879758 -0.3797312765805356 0.8663962729836951 0.02556144718313121 0.03889551357755636 0.003545589463737304 -0.002868502133811124 0.001942710063051648 -0.0006316692525952461
-16.16683468516163 -9.851616520068909 -29.66919733044834 -0.5366399828716927 0.7798051622856711 -0.003179798873993189 0.05484822416774102 -0.003174215809576822 -0.03192362827793003 -0.002056797381718442 -0.00356023890186707
-15.55779099242361 -9.699642015519188 -29.61208846369511 -0.5622653131725935 0.7551785827652951 -0.01374292567161795 0.05744724658348545 -0.004689617861805544 -0.01618406695364985 -0.003985184663293069 -0.001390615827685477
-15.10340166225285 -9.174442992290089 -29.60475883892164 -0.5724494973769618 0.7208126097752463 -0.01998303458356662 0.07001241787116039 -0.007982118354689796 -0.002062220206012066 -0.0006069855455073424 -0.0001612489192657856
-14.92196738968186 -9.966440406792824 -29.5439529819019 -0.5986311278119003 0.7462238949638533 -0.02360649865295293 0.04644863611591483 -0.003668533178555438 -0.00286485106157014 -0.00147145025602167 -0.000195651707049994
-12.04064619139442 -9.018042105241467 -29.19609938026036 -0.7212944623819654 0.6223389702397552 -0.013193257918377 0.06883189672805529 -0.00246827798483956 -0.04376027881741196 -0.008696870927262661 -0.008621993403934701
-11.35101494197079 -8.80197678382482 -29.04754493178173 -0.7529461968469795 0.5932252976047537 -0.005517310526881371 0.05892630264718994 -0.00129005244623367 -0.02364148843029916 -0.002331847409131927 -0.005402658775841428
-11.15483958901884 -8.124431661546314 -29.01332742197881 -0.7562666357126074 0.5604495746728023 -0.01176267712668193 0.06307183066955392 -0.005339672605893094 -0.00631703828507459 -0.001300228454546786 -0.001442505513201111
-10.76383996706519 -8.607924500749391 -28.91026253225835 -0.780787941354415 0.5683950769266504 0.002937894734797458 0.05177208643504929 0.0002070559860823375 -0.007457540172007994 0.0004302246016460171 -0.001758738126385882
-10.47820276917231 -8.061620243567202 -28.8571420846375 -0.7920666312237661 0.5384643016575892 -0.003531899113460364 0.04746955529401509 -0.002733343510942993 -0.0005922777400966779 -5.195959705738186e-05 -0.0001370606141893672
-10.91774619089976 -7.484175781659225 -28.9948231286792 -0.763307637767652 0.5277302451693684 -0.02170939863830008 0.05778501395068793 -0.009838122034693544 -0.001539665950005979 -0.0006349850235227617 -0.0003321158807261809
-10.1704133126812 -7.325908508429858 -28.82465544786506 -0.8057394598077758 0.4998522433226072 -0.01870273043614384 0.0392491452816688 -0.007207056597858908 -0.002856801939191956 -0.001471057728688664 -0.0005977144586519154
-10.74770020110914 -6.896484823966713 -29.00378699342795 -0.7678732317622066 0.4987284924243912 -0.03099174307374577 0.05255925812854727 -0.01348659736718471 -0.007291233344742573 -0.004668613533154001 -0.001439268390091525
-10.26045750406438 -6.5097199637532 -28.91511957034183 -0.7951918832819447 0.4684270198593805 -0.03457193527795244 0.04460100492420867 -0.01376741268803192 -0.01402585669486238 -0.01168336157458957 -0.002628573579291388
-9.690136970902703 -6.805478737965744 -28.74157435986064 -0.8338966675159677 0.4645513495093029 -0.02664685489399153 0.0324502268330561 -0.009025636677737156 -0.01106431976725565 -0.009674234685679465 -0.002116392153791351
-9.651630472699622 -6.12387871539868 -28.78431280971541 -0.8340670257366819 0.4343144487521522 0.03815070598344938 -0.03792678212242734 0.01370331561239677 -0.024779354371419 -0.02666049868297633 -0.004801543188662553
-9.589703331005783 -5.351718728030773 -28.82759431939903 -0.8328060688441954 0.399081411054486 0.04507787722864615 -0.04572468357701156 0.01825445751998828 -0.04090365740349412 -0.04424497625536416 -0.009818834238998517
-9.513031792821083 -4.577986813107902 -28.86128802735836 -0.8285900125142547 0.3631451669005551 -0.04333628367597023 0.05043674391160881 -0.02049409024935654 -0.05242982490472871 -0.0516344884669168 -0.01620768244008575
-8.930882746448333 -4.282344948510795 -28.64207564787677 -0.8733506846541581 0.331613207721088 -0.04125574210009857 0.05623034916987318 -0.01909019821312674 -0.06252709318051233 -0.05449597200182175 -0.0253913499523915
-8.848768065992612 -3.623240292515129 -28.62240204809711 -0.8679211403364491 0.2998351685913924 -0.03249295370469029 0.04912307693059158 -0.0171437047700741 -0.0534114339890451 -0.04388027531163319 -0.02450105701160627
-5.404629472095538 5.962186564737836 -25.15760986507701 -0.8966558011426738 -0.294678907253339 -0.0135498607558013 0.0604673470308064 -0.01646489045257594 -0.01979069041946919 -0.009298806091319511 -0.0178630423505187
-5.46305300258855 6.667541385658126 -25.27937527530634 -0.8700305532027198 -0.3251003583018997 0.009377472203390082 0.08964082226906253 -0.003456465241708788 -0.02417272797129568 0.001641139554419051 -0.0230194664058572
-6.913313819355206 8.638724293976352 -27.25729649032448 -0.6645933982446894 -0.3446961450223651 0.05115411274195528 0.08255772082249632 0.03408763569078071 -0.007934048438350189 0.009451714519861949 -0.01098500358622619
-5.107020614734271 11.61937543848891 -27.1977025211406 -0.7102386318693814 -0.5785749685641693 0.1157815534242317 0.06945646443518992 0.0111765859604105 0.02122306086245671 -0.04012641756075257 0.02950812889695936
-4.394256743803664 15.59340416229717 -29.00176164007184 -0.515125321325924 -0.7424366646322996 0.1683305463585347 0.01382066255527094 -0.02387530588714563 0.005897301378486761 -0.04521354882827237 0.01540565651968582
-2.871135785386965 19.49085815244186 -30.86976965525475 -0.2446842992302369 -0.8567159263213208 0.1477903229929166 -0.0337123574049082 -0.0341400444081505 -0.005605276925896747 -0.05775878513433556 0.03277028896048833
-2.478754776408708 19.01245602198446 -30.78553769585145 -0.2918840767017002 -0.8649640198880778 0.1015408068679512 0.01138022099883089 -0.04727905962751498 0.01600005679854672 -0.05669222384560746 0.02071717687906903
-0.7777254725932803 20.21257610143024 -32.54929295648632 -0.2208336301701498 -0.9473813334544611 0.07713982018121852 0.0137463175615922 -0.07816287920491419 0.01177586714978488 -0.02546961874876717 0.007142454482203726
-1.176040300077901 20.94584049898757 -32.69015610797717 -0.169929827779629 -0.9485009694684182 0.09633652832893287 -0.001893717860830376 -0.08222831642794851 0.01010502794676744 -0.03311995396108301 0.01260153684810465
-1.706558388368821 20.99024487288026 -32.29112124639619 -0.1602813144704916 -0.9282171840435643 0.1449593220838725 -0.009209741405223766 -0.09587455068158432 0.001765017110158363 -0.007873919820877496 0.003425022039908384
-1.218271006282155 21.641912236886 -33.08299201041247 -0.1267378066797906 -0.9642864560070594 0.1122993450621626 -0.01658726424725666 -0.09112662416151331 0.01409722884744965 -0.07697233730663622 0.03138347427778428
-0.6415532690043371 20.63347788345668 -32.97542024415329 -0.1939216846369808 -0.9620914319225625 0.07269087245763141 0.008251034807258341 -0.07817620977988564 0.01585805873440586 -0.03699290920479498 0.01084097509720753
-4.017528606501862 25.94794756691214 -33.15460050951819 0.1716362057607218 -0.9542870181496267 -0.009574845864017913 0.1602521208860095 -0.06055846062414022 -0.04630182908731767 0.003391140285372846 0.01629450764626604
-4.548945098452865 26.24204858852735 -33.08088618671901 0.2031355202849031 -0.943284178348036 -0.002255533342410603 0.2005204724852999 -0.09515737222459178 -0.09979434855025644 0.01227590339745142 0.02823385479413003
-10.21794405941566 24.42108462692115 -32.31270946659753 0.3689028555022051 -0.7142841446425814 0.002875774700530343 -0.001165196871477201 0.0001685358648331054 -0.01648678453235769 -0.03948559962331775 0.008329269874682958
-17.65560837576517 21.50204303645806 -32.57437173632172 0.686673947107782 -0.3686603751270743 -0.04540854125508403 0.0462974601865017 -0.01867584929019178 -0.0153987297445969 -0.01541911832310041 -0.0007834803956662272
-21.24889288905311 15.63075490616024 -32.65267098484374 0.6893490923474148 -0.01363000938535196 -0.04146512150052385 0.04732097390133595 -0.007114368308220724 -0.002894136747792456 -0.002589338899723917 -0.0003548180948528356
-21.85397392094812 15.06742453222826 -32.72393829179618 0.7065366908465747 0.03141823196680202 0.05289029126349229 -0.0438541064859603 0.008728502725721734 -0.0008042531410228087 -0.0009871909045485448 -8.652024241718011e-05
-22.60242782569286 15.17755728404812 -32.84738870614064 0.7627406527478366 0.05584151980496616 0.09450258758083116 -0.05995199519633052 0.02195471546192634 -0.006558180419294464 -0.01057814211269636 -0.0006566109092238646
-22.43198152718452 14.46850666383318 -32.79056600517164 0.7199104995944055 0.07703456534109854 0.07155731228149165 -0.04094187900634143 0.01214411318566639 -0.001159815649473592 -0.002062027404337053 -0.0001177513628144399
-21.72155288359739 14.32370050290706 -32.69780659082933 0.6655335471908033 0.05539873701869708 0.03387232989766068 -0.02198652581400486 0.00407458993514909 -0.003184430996274677 -0.00496835657518946 -0.0003369180391845964
-22.28131547619725 13.77748163659598 -32.75872828887863 0.6793502931786429 0.09814403362662086 0.04590529807797294 -0.01829413140487976 0.006009175104840372 -0.004688982138593781 -0.01189296413469829 -0.0003864633462558861
-21.58178898338833 13.65822162230101 -32.68218300963274 0.6274085644944354 0.07588524249646049 0.00913039672579484 -0.001268097650029915 0.0009744337060778358 -0.00325401659210261 -0.02352264206590666 -0.000121654954375972
-22.12242773566711 13.10610972660012 -32.73022269639726 0.6391359313776381 0.117970493511772 0.01920544011424941 -0.001789234866837159 0.002196466840409428 -0.003279260488994778 -0.03443954937025795 0.0006188112581452952
-22.8329621328782 13.22166332415731 -32.81711262176 0.6916138267845048 0.1410557569642385 0.05636738253415698 -0.01888597194900386 0.008390768836695626 -0.00777028602432857 -0.0233062501050494 -0.0002586772475242706
-22.65109596278236 12.66078736599113 -32.77480580378953 0.6542358671216953 0.1555509963679544 0.02985234812220496 -0.004011980795784191 0.003806723283716058 -0.006102825368012454 -0.04409300520830084 0.001387906841933251
-22.01073019626147 12.33161228161181 -32.68472873876276 0.5973727802481593 0.1432923274569645 0.002527823995920629 0.0002112392769783301 0.00026931135794242 0.004476947768555087 -0.05926173572579992 0.004461268245577893
-22.88489747941764 12.06078382866404 -32.76459528337318 0.6422828688926737 0.1875129633975164 0.0246962743001965 -0.002205729546055056 0.003192188903041657 -0.005426754159725845 -0.05505574639060212 0.003941659838008827
-23.28630611449744 11.32597925986326 -32.7374982973451 0.6342107635684776 0.2309124787086347 0.02100568110875811 -0.0006453349976134256 0.00276574418143063 -0.002825635004293928 -0.06042247106290635 0.007362088203050012
-23.55452499030588 11.92983930470456 -32.83853839056394 0.6800317980966345 0.2187052409328166 0.04914296245173119 -0.01111349693018281 0.008187655588084616 -0.01147766769315562 -0.04845587229259247 0.003118402359558823
-23.38204101305428 12.59505819558343 -32.86642341357553 0.699699003467525 0.186625407050083 0.06197549206739823 -0.0178114834411262 0.01062908829590452 -0.01143283230663454 -0.0392660621446771 0.0008625944186678028
-24.05947408649441 11.50317547621889 -32.86540159738617 0.6927048570276915 0.2547067826591999 0.05396449340974716 -0.01366178923801519 0.01037485204901594 -0.01192299249743245 -0.04412981030731957 0.003906184139157096
-24.04003808615711 10.76281435878835 -32.75443605478169 0.6556617960815719 0.2815502936596421 0.03716605805197751 -0.001838084252628922 0.005735631473649278 -0.003830885001805017 -0.05214446614295401 0.008112964109045703
-24.57988457005412 11.12918417491546 -32.89729134809312 0.7082136960146408 0.289324661541942 0.06443062169145138 -0.0141838877803467 0.01381897339639862 -0.008564116284230068 -0.03502440475098966 0.003980694389619623
-24.84345232474039 10.56383599702044 -32.84960040588631 0.6971428669459374 0.3207349678474681 0.06335247763463847 -0.006823525401063862 0.01311627818428106 -0.004939885741111651 -0.03523748902952416 0.005528252637678596
-24.4153982209823 10.05240305085619 -32.67838718579945 0.644748969435974 0.3225897588909579 0.04223184872170034 0.002649295612843758 0.006310232877534893 0.001456608764144132 -0.04683629705612382 0.009915310029420076
-25.2178659703463 9.841776965366829 -32.77933298826781 0.6847909100087123 0.3620756551719422 0.06461391795049647 0.002535742463265122 0.01301220471801467 -9.43970057311935e-05 -0.02815327377748884 0.005955087078619034
-21.36929232226738 12.99003310850827 -32.64824161802648 0.5842988962459259 0.09346727375903446 0.00714017771067556 0.00138535167548066 0.0007277128027327237 0.008979261197279756 -0.04768378376465523 0.00267315493855097
-23.54084974452031 13.31550874947246 -32.93417851706705 0.7437372780846421 0.1651750266301599 0.08792140496128925 -0.03937401304708684 0.01938172514220983 -0.007594400551099649 -0.01716188881128686 -0.0004138985367882107
-22.99172516497673 13.89047543938068 -32.86217258387176 0.7324548783732766 0.1213124460183528 0.08416853426792913 -0.04144947653277652 0.01618185178472091 -0.003652294059135317 -0.007543754151424082 -0.0003260704068853915
-23.14232409804541 14.5782187440741 -32.9240019687841 0.7738054783069309 0.1003601708380092 0.1038278619764031 -0.05816273163556591 0.02670741926302598 -0.001229035346470268 -0.00225291497236243 -0.0001283379941757919
-20.86317320060015 13.60644616874974 -32.60738949199619 0.5774898129687063 0.05043428715720174 0.01072384677821036 0.003275749908175877 0.001147845159447351 0.01113105138662944 -0.03704790158878552 0.001735400163147505
-21.14475680115452 14.13862953875232 -32.63765926214791 0.618971452339555 0.04058783766177109 0.001573733420477715 -0.0007513060282959401 0.0001650203390784339 -0.006326480860934268 -0.01340535167749585 -0.000698866348893064
-27.68856381228044 9.057485650002013 -33.42217903444587 0.8042867485445283 0.4908236628686125 0.06711373694240756 0.02643410622746425 0.0255906725349965 0.00238356623514133 -0.008820123874367567 0.00285971593924567
-26.92198681586789 10.77760829677474 -33.47335306368831 0.8435040745611813 0.3969901080045762 0.04900681998483977 0.002642320741127646 0.01766593197213649 -0.0001396756453963402 -0.006429274380360214 0.001349108798416186
-26.44471562390445 11.14896094169939 -33.38227689525928 0.8318581976502492 0.3639048115227785 0.0614319882537485 -0.01177083997648711 0.02357342366831382 -0.0003922904500004574 -0.001614872760151409 0.0002159539295600186
-26.20349134799377 11.84924699076503 -33.45335592734462 0.8536168251715313 0.3284301365414637 0.05796274428181494 -0.02141417873027993 0.02432693196849876 -0.004609273604875927 -0.01150243841135947 0.0008571107666373129
-25.68496006545827 12.41639510943626 -33.39253909028776 0.8481546463575458 0.2860677784242868 0.0658232368770782 -0.02997485302245723 0.02728474981482487 -0.01098654276020914 -0.02336836353566439 0.0008322064289615904
-25.5898252892097 13.10191136914394 -33.48723221741013 0.8778472393163128 0.2564646992689719 0.06018364954118247 -0.0351391215624523 0.02762126446391382 -0.01286292459808737 -0.02245813746337618 -0.0005438373875142098
-24.99018283817545 14.21890841331989 -33.45160336136038 0.891174009337627 0.1888950045488658 0.06257508460746977 -0.04899280270573315 0.03214023796331998 -0.003584229273241148 -0.004931968407589911 -0.0005397441406042005
-24.43231823535758 15.58629638296861 -33.47181233138313 0.9166047536375582 0.1126214799078967 0.06057150604345354 -0.05417814355782458 0.03604515200258133 -0.002817482196242404 -0.003488742543512315 -0.000509207298678233
-15.09442478381768 26.31047022720943 -33.37801202022933 0.717392027891344 -0.6237518570528792 -0.02868022059720563 0.09102194056473316 -0.05868498308295089 -0.01786387146253773 -0.007025556493898393 -0.002166482883302094
-17.25733398830992 24.96142615635683 -33.43775834719703 0.7998204580087799 -0.510088887391641 0.01310496148427293 0.06041827591606182 -0.02100635404098046 -0.00748868085647779 0.0006881382785378548 -0.002692649362221716
-18.12403719943331 24.08799370572631 -33.38958372308578 0.8219836903083959 -0.4502163184369207 -0.008679931241130326 0.04748141372305699 -0.019712257739968 -0.02851021028667471 -0.008103570327637458 -0.006965326458954995
-15.68640879473773 24.44578401581376 -32.78293058329342 0.6770627276473045 -0.5392802015864986 -0.06693122187658486 0.08243612233546448 -0.04113445482752351 -0.02690527549205379 -0.02162031661802959 0.0004499366293179935
-13.5881115700612 25.94740732095927 -32.84209088167532 0.6109110454434162 -0.6545811701114536 -0.07026159496369692 0.1177713554306919 -0.05058717538303854 -0.02568301817233807 -0.01501801676289413 0.0007084331147535949
-12.97283410115524 26.51798375465566 -32.94067086590758 0.5984677545510227 -0.6914732981074336 -0.06222360926668211 0.1418086000524827 -0.06505394372930373 -0.03962701055716079 -0.01713397533629498 0.0005532418709534999
-12.86380041668475 25.92948857866296 -32.72958510498813 0.5695390937679807 -0.6757075251904305 -0.05369885991303385 0.0953037669899955 -0.03427021951991412 -0.02999231811956476 -0.01648581028299868 0.00114949562241895
-12.234128560618 26.41363891532589 -32.81038454390722 0.5543645646178741 -0.7100297363413605 -0.05109740439822578 0.1289023649402552 -0.04842034685198551 -0.04104022304374087 -0.0159316326757998 0.0008968077887197148
-7.970936064394594 25.32572324752363 -32.4631665962932 0.3002289993714451 -0.8117801007528382 0.01297819291601688 0.07663877179673964 -0.01341736483496991 -0.01562883689632285 0.002552808956559135 -0.0005358665669053502
-23.43452647938495 19.05073598146006 -33.84143245159663 0.9977728585352609 -0.06670324407684013 0.03912960498499295 0.02796768870188522 0.008207362722685468 0.006698599502460852 -0.01100033267284073 0.005548716300955955
0 1 2
3 0 2
2 4 3
3 4 5
5 6 3
7 3 6
6 8 7
9 7 8
9 8 10
10 11 9
11 12 9
12 13 9
13 14 9
15 9 14
15 14 16
16 1 15
1 16 17
17 18 1
19 18 17
17 20 19
20 21 19
19 21 22
22 23 19
24 19 23
25 24 23
23 26 25
26 27 25
28 25 27
29 28 27
27 30 29
31 29 30
30 32 31
33 31 32
32 34 33
35 33 34
34 36 35
37 35 36
36 38 37
38 39 37
40 37 39
41 40 39
42 41 39
39 43 42
44 42 43
43 45 44
46 44 45
45 47 46
47 48 46
49 46 48
50 49 48
48 51 50
52 50 51
51 53 52
54 52 53
55 54 53
53 56 55
56 57 55
58 55 57
59 58 57
57 60 59
60 61 59
62 59 61
61 63 62
63 64 62
65 62 64
64 66 65
67 65 66
68 67 66
66 69 68
70 68 69
71 70 69
69 72 71
72 73 71
74 71 73
73 75 74
74 75 76
76 77 74
77 76 78
78 79 77
77 79 80
71 77 80
81 80 79
81 79 82
82 83 81
84 81 83
83 85 84
86 84 85
86 85 87
87 88 86
89 86 88
90 89 88
88 91 90
65 90 91
91 92 65
93 65 92
92 94 93
95 93 94
96 95 94
96 94 97
98 96 97
97 99 98
100 98 99
100 99 101
101 102 100
102 103 100
104 100 103
105 104 103
103 106 105
106 107 105
108 105 107
109 108 107
107 110 109
110 111 109
112 109 111
113 112 111
111 114 113
115 113 114
116 115 114
114 117 116
117 118 116
119 116 118
118 120 119
121 119 120
122 121 120
120 123 122
123 124 122
44 122 124
125 44 124
124 126 125
126 127 125
41 125 127
127 126 128
129 127 128
128 130 129
130 131 129
132 129 131
133 132 131
131 134 133
135 133 134
134 136 135
137 135 136
136 138 137
139 137 138
138 5 139
5 138 140
141 140 138
142 141 138
138 143 142
144 142 143
145 144 143
145 143 146
147 145 146
148 147 146
148 146 149
149 146 131
150 149 131
151 150 131
146 143 134
152 140 141
152 153 140
153 154 140
154 6 140
154 155 6
155 156 6
137 139 29
138 136 143
135 137 31
136 134 143
133 135 33
134 131 146
132 133 35
35 40 132
129 132 40
151 131 130
157 151 130
130 158 157
159 157 158
160 159 158
161 160 158
161 158 162
163 161 162
163 162 164
164 162 165
166 164 165
166 165 167
168 166 167
169 168 167
169 167 170
171 169 170
171 170 172
173 171 172
174 173 172
175 174 172
175 172 176
177 175 176
178 177 176
178 176 179
180 178 179
181 180 179
181 179 182
183 181 182
184 183 182
184 182 185
186 184 185
187 186 185
187 185 188
189 187 188
190 189 188
190 188 191
192 190 191
192 191 193
193 191 106
194 193 106
106 195 194
196 194 195
197 196 195
197 195 198
199 197 198
200 199 198
200 198 201
202 200 201
203 202 201
203 201 204
205 203 204
206 205 204
206 204 207
207 204 208
209 207 208
209 208 210
211 209 210
212 211 210
212 210 213
214 212 213
215 214 213
215 213 216
217 215 216
218 217 216
219 218 216
219 216 220
221 219 220
220 222 221
223 221 222
224 223 222
224 222 225
226 224 225
227 226 225
225 228 227
229 227 228
230 229 228
231 230 228
231 228 232
233 231 232
234 233 232
232 235 234
236 234 235
237 236 235
235 238 237
239 237 238
240 239 238
238 241 240
242 240 241
243 242 241
241 244 243
245 243 244
246 245 244
244 247 246
246 247 248
248 247 249
250 248 249
251 250 249
252 251 249
253 252 249
253 249 254
255 253 254
254 256 255
257 255 256
258 257 256
256 259 258
260 258 259
261 260 259
262 261 259
262 259 263
264 262 263
263 265 264
266 264 265
267 266 265
268 267 265
268 265 269
270 268 269
271 270 269
271 269 272
273 271 272
274 273 272
274 272 275
275 272 276
277 275 276
278 277 276
278 276 279
280 278 279
281 280 279
281 279 282
283 281 282
284 283 282
284 282 285
285 282 286
287 285 286
288 287 286
288 286 289
290 288 289
291 290 289
291 289 292
293 291 292
294 293 292
294 292 295
296 294 295
296 295 297
298 296 297
299 298 297
299 297 300
300 297 301
302 300 301
302 301 303
304 302 303
305 304 303
306 305 303
303 307 306
306 307 308
308 307 309
310 308 309
311 310 309
311 309 312
312 309 313
314 312 313
315 314 313
313 316 315
317 315 316
318 317 316
316 319 318
318 319 320
320 319 321
322 320 321
323 322 321
324 323 321
321 325 324
326 324 325
327 326 325
325 328 327
327 328 329
329 328 330
331 329 330
332 331 330
332 330 333
333 330 334
335 333 334
335 334 336
336 334 337
338 336 337
339 338 337
337 340 339
341 339 340
342 341 340
340 343 342
344 342 343
345 344 343
346 345 343
346 343 347
348 346 347
347 349 348
350 348 349
351 350 349
351 349 352
353 351 352
354 353 352
354 352 355
355 352 356
357 355 356
357 356 358
359 357 358
360 359 358
360 358 361
362 360 361
363 362 361
363 361 364
364 361 365
366 364 365
366 365 367
368 366 367
369 368 367
369 367 370
370 367 371
372 370 371
372 371 373
373 371 374
375 373 374
375 374 376
376 374 377
378 376 377
379 378 377
379 377 380
380 377 381
382 380 381
382 381 383
383 381 384
385 383 384
386 385 384
386 384 387
388 386 387
389 388 387
389 387 390
391 389 390
391 390 392
393 391 392
394 393 392
394 392 395
395 392 396
397 395 396
397 396 398
399 397 398
400 399 398
400 398 401
401 398 402
403 401 402
403 402 404
405 403 404
405 404 406
406 404 407
408 406 407
409 408 407
410 409 407
411 410 407
407 412 411
411 412 413
413 412 414
415 413 414
415 414 416
416 414 417
418 416 417
419 418 417
419 417 420
420 417 421
422 420 421
423 422 421
424 423 421
421 425 424
424 425 426
426 425 427
428 426 427
429 428 427
430 429 427
427 431 430
432 430 431
433 432 431
434 433 431
431 435 434
436 434 435
436 435 437
437 435 438
439 437 438
440 439 438
438 441 440
442 440 441
443 442 441
444 443 441
441 445 444
444 445 446
446 445 447
448 446 447
449 448 447
447 450 449
451 449 450
452 451 450
450 453 452
454 452 453
455 454 453
456 455 453
456 453 457
456 457 458
458 457 459
460 458 459
461 460 459
459 462 461
463 461 462
464 463 462
462 465 464
466 464 465
467 466 465
468 467 465
465 469 468
468 469 470
470 469 471
472 470 471
473 472 471
474 473 471
474 471 475
476 474 475
475 477 476
478 476 477
479 478 477
480 479 477
480 477 481
482 480 481
481 483 482
484 482 483
484 483 485
485 483 486
487 485 486
488 487 486
486 489 488
490 488 489
491 490 489
489 492 491
493 491 492
494 493 492
492 495 494
496 494 495
497 496 495
495 498 497
499 497 498
500 499 498
501 500 498
498 502 501
503 501 502
504 503 502
504 502 505
506 504 505
505 507 506
508 506 507
509 508 507
510 509 507
510 507 511
512 510 511
511 513 512
514 512 513
515 514 513
516 515 513
516 513 517
518 516 517
517 519 518
520 518 519
521 520 519
522 521 519
522 519 523
524 522 523
523 525 524
526 524 525
527 526 525
527 525 528
528 525 529
530 528 529
529 531 530
532 530 531
533 532 531
533 531 534
535 533 534
536 535 534
536 534 537
538 536 537
537 539 538
540 538 539
541 540 539
539 542 541
543 541 542
544 543 542
544 542 545
545 542 546
547 545 546
548 547 546
548 546 549
550 548 549
551 550 549
551 549 552
553 551 552
552 554 553
555 553 554
556 555 554
556 554 557
558 556 557
559 558 557
559 557 560
561 559 560
562 561 560
563 562 560
560 564 563
565 563 564
565 564 566
566 564 567
568 566 567
568 567 569
570 568 569
571 570 569
572 571 569
572 569 573
574 572 573
575 574 573
575 573 576
577 575 576
576 578 577
579 577 578
580 579 578
581 580 578
581 578 582
583 581 582
584 583 582
584 582 585
586 584 585
586 585 587
588 586 587
589 588 587
587 590 589
591 589 590
592 591 590
593 592 590
593 590 594
594 590 595
596 594 595
595 597 596
598 596 597
599 598 597
599 597 600
601 599 600
602 601 600
603 602 600
603 600 604
605 603 604
605 604 606
607 605 606
608 607 606
608 606 609
610 608 609
611 610 609
611 609 612
613 611 612
614 613 612
614 612 615
616 614 615
616 615 617
618 616 617
619 618 617
620 619 617
620 617 621
622 620 621
623 622 621
623 621 624
625 623 624
626 625 624
626 624 627
628 626 627
629 628 627
629 627 630
631 629 630
632 631 630
632 630 14
630 633 14
633 630 627
633 627 634
634 635 633
635 16 633
16 635 636
635 637 636
638 636 637
639 638 637
637 640 639
641 639 640
640 642 641
642 643 641
644 641 643
645 644 643
643 646 645
646 647 645
648 645 647
649 648 647
650 649 647
647 651 650
652 650 651
651 653 652
654 652 653
653 655 654
656 654 655
655 657 656
658 656 657
659 658 657
657 660 659
660 661 659
662 659 661
661 663 662
664 662 663
663 587 664
665 664 587
664 665 666
666 667 664
667 666 668
668 669 667
669 670 667
671 667 670
670 672 671
673 671 672
672 674 673
675 673 674
674 676 675
677 675 676
678 677 676
676 679 678
679 680 678
681 678 680
680 682 681
683 681 682
684 683 682
682 685 684
685 686 684
687 684 686
688 687 686
686 689 688
689 690 688
691 688 690
690 692 691
693 691 692
692 694 693
695 693 694
694 696 695
696 697 695
697 698 695
699 695 698
698 700 699
701 699 700
702 701 700
700 703 702
703 704 702
705 702 704
706 705 704
704 707 706
707 708 706
26 706 708
709 26 708
708 710 709
711 709 710
710 712 711
713 711 712
712 714 713
715 713 714
714 716 715
716 717 715
34 715 717
717 716 718
718 719 717
717 719 36
719 718 720
721 719 720
720 722 721
723 721 722
722 724 723
724 725 723
45 723 725
725 724 726
725 726 47
726 727 47
727 726 728
727 728 51
728 729 51
729 728 730
731 729 730
730 732 731
733 731 732
732 734 733
734 735 733
736 733 735
737 736 735
735 738 737
739 737 738
738 740 739
741 739 740
740 742 741
743 741 742
742 744 743
743 744 72
72 745 743
746 743 745
745 66 746
744 742 747
744 747 748
748 73 744
747 749 748
750 748 749
749 751 750
752 750 751
753 752 751
751 754 753
754 755 753
753 755 756
756 757 753
758 753 757
757 759 758
760 758 759
759 761 760
76 760 761
761 759 762
762 763 761
78 761 763
763 764 78
765 78 764
765 764 766
766 767 765
82 765 767
767 768 82
768 767 769
769 770 768
768 770 83
769 771 770
772 770 771
771 222 772
772 773 770
85 770 773
772 220 773
773 220 774
774 87 773
774 775 87
87 775 776
777 776 775
777 775 210
776 777 778
778 91 776
779 778 777
779 777 208
780 779 208
208 781 780
99 780 781
780 778 779
778 780 97
97 92 778
774 213 775
782 771 769
783 782 769
782 783 784
225 782 784
785 784 783
785 783 786
787 785 786
786 788 787
789 787 788
788 790 789
791 789 790
790 792 791
793 791 792
792 794 793
795 793 794
794 796 795
796 797 795
247 795 797
798 797 796
799 798 796
799 800 798
798 800 801
801 254 798
802 801 800
800 803 802
804 802 803
803 805 804
806 804 805
805 807 806
808 806 807
807 809 808
808 809 810
810 811 808
812 811 810
810 813 812
812 813 276
813 810 814
815 813 814
814 816 815
817 815 816
816 286 817
286 816 818
818 816 819
819 820 818
292 818 820
821 820 819
822 821 819
819 823 822
824 822 823
823 825 824
826 824 825
825 827 826
828 826 827
827 829 828
830 828 829
829 831 830
832 830 831
831 833 832
834 832 833
833 835 834
759 834 835
835 833 836
837 835 836
836 838 837
839 837 838
838 840 839
841 839 840
841 840 790
841 764 839
842 840 838
792 840 842
837 839 762
838 836 842
843 842 836
836 844 843
843 844 845
845 846 843
846 845 847
847 799 846
794 846 799
846 794 842
848 847 845
845 849 848
849 850 848
805 848 850
850 849 851
851 852 850
807 850 852
852 853 807
853 852 827
852 851 829
844 851 849
851 844 831
803 847 848
849 845 844
842 843 846
762 835 837
844 836 833
832 834 756
756 854 832
854 855 832
856 855 854
755 856 854
857 856 755
858 857 755
857 858 859
859 860 857
860 859 861
861 862 860
863 860 862
862 864 863
865 863 864
864 866 865
865 866 828
866 864 867
867 868 866
866 868 824
868 867 869
869 870 868
822 868 870
870 869 871
821 870 871
871 872 821
872 871 873
873 874 872
295 872 874
872 295 820
874 873 875
875 301 874
876 301 875
875 877 876
878 876 877
877 879 878
880 878 879
879 881 880
882 880 881
881 883 882
884 882 883
883 885 884
886 884 885
885 887 886
887 888 886
886 888 889
889 890 886
891 890 889
889 892 891
893 891 892
892 894 893
895 893 894
894 896 895
897 895 896
896 898 897
898 899 897
897 899 900
900 901 897
901 900 902
902 903 901
903 904 901
901 904 895
904 903 905
905 906 904
907 904 906
906 908 907
909 907 908
908 910 909
911 909 910
910 912 911
911 912 913
913 914 911
914 913 915
915 890 914
916 914 890
914 916 909
890 915 884
917 884 915
915 918 917
917 918 880
919 880 918
918 920 919
920 307 919
921 919 307
920 918 913
913 922 920
922 309 920
919 921 880
918 915 913
922 913 912
912 313 922
912 910 316
316 910 923
909 911 914
910 908 923
924 923 908
925 924 908
926 924 925
925 927 926
928 926 927
927 929 928
930 928 929
929 931 930
932 930 931
931 933 932
934 932 933
933 935 934
936 934 935
935 937 936
938 936 937
937 939 938
940 938 939
939 941 940
940 941 942
942 943 940
943 942 944
944 945 943
946 943 945
945 947 946
948 946 947
947 949 948
950 948 949
949 951 950
952 950 951
951 953 952
953 954 952
955 952 954
954 956 955
957 955 956
328 957 956
957 328 958
958 926 957
955 957 959
959 957 928
956 954 960
960 334 956
952 955 959
959 961 952
961 959 930
954 953 960
960 953 962
962 337 960
963 962 953
962 963 964
964 340 962
965 964 963
963 966 965
967 965 966
966 968 967
968 969 967
970 967 969
971 970 969
969 972 971
972 973 971
974 971 973
975 974 973
973 976 975
976 977 975
975 977 978
978 979 975
979 978 980
980 358 979
981 979 358
979 981 974
365 980 978
982 365 978
978 983 982
984 982 983
983 985 984
985 986 984
987 984 986
988 987 986
986 989 988
989 381 988
381 989 990
991 990 989
990 991 992
992 993 990
990 993 384
993 994 384
994 993 995
996 994 995
995 997 996
998 996 997
997 999 998
999 1000 998
396 998 1000
998 396 390
1000 999 1001
1002 1000 1001
1001 1003 1002
1004 1002 1003
1003 1005 1004
1005 1006 1004
1007 1004 1006
1006 1008 1007
1009 1007 1008
1008 1010 1009
1011 1009 1010
1010 1012 1011
1013 1011 1012
1012 1014 1013
1015 1013 1014
1014 1016 1015
1017 1015 1016
1016 1018 1017
1018 1019 1017
1020 1017 1019
1021 1020 1019
1019 1022 1021
1023 1021 1022
1022 1024 1023
1025 1023 1024
1024 1026 1025
1027 1025 1026
1026 445 1027
445 1026 1028
1029 1028 1026
1026 1030 1029
1031 1029 1030
1031 1030 1032
1033 1031 1032
1033 1032 1034
1033 1034 1035
1035 1036 1033
1036 1037 1033
1038 1033 1037
1037 1039 1038
1040 1038 1039
1039 1041 1040
1042 1040 1041
1043 1042 1041
1041 1044 1043
1044 1045 1043
1045 1046 1043
1047 1043 1046
465 1047 1046
1043 1047 1048
1047 462 1048
1049 1046 1045
1049 1045 1050
1051 1049 1050
1051 1050 1052
1051 1052 1053
1053 1054 1051
1054 1055 1051
1056 1051 1055
1057 1056 1055
1055 1058 1057
481 1057 1058
1058 1059 481
1060 1059 1058
1058 1061 1060
1060 1061 1062
1062 1063 1060
1063 1064 1060
1064 1063 1065
1066 1064 1065
1065 1067 1066
489 1066 1067
1065 1068 1067
1067 1068 1069
1069 495 1067
1070 495 1069
1069 1071 1070
1072 1070 1071
1071 1073 1072
1072 1073 1074
1074 1075 1072
1075 505 1072
1074 1076 1075
1075 1076 511
1077 511 1076
1076 1078 1077
1079 1077 1078
1080 1079 1078
1078 1081 1080
1082 1080 1081
1081 1083 1082
1084 1082 1083
1083 1085 1084
1085 1086 1084
1087 1084 1086
1088 1087 1086
1086 1089 1088
1089 1090 1088
1091 1088 1090
1090 1092 1091
1093 1091 1092
1092 1094 1093
1095 1093 1094
1094 1096 1095
1096 1097 1095
1098 1095 1097
1097 1099 1098
1100 1098 1099
1099 1101 1100
1102 1100 1101
1103 1102 1101
1101 1104 1103
1104 1105 1103
1106 1103 1105
1107 1106 1105
1108 1107 1105
1105 1109 1108
1110 1108 1109
1109 1111 1110
1112 1110 1111
1111 1113 1112
1114 1112 1113
1113 1115 1114
1116 1114 1115
1115 1117 1116
1118 1116 1117
1117 1119 1118
1120 1118 1119
1119 1121 1120
1122 1120 1121
1121 1123 1122
1124 1122 1123
1123 1125 1124
1125 1126 1124
1127 1124 1126
1128 1127 1126
1126 1129 1128
1130 1128 1129
1130 1129 1131
1130 1131 1132
1133 1130 1132
1133 1132 1134
1134 1135 1133
1135 1136 1133
1137 1136 1135
1137 1135 1138
1138 1139 1137
1139 1140 1137
1140 1141 1137
1142 1137 1141
1143 1142 1141
1141 1144 1143
1144 1145 1143
1146 1143 1145
1145 1147 1146
1148 1146 1147
1149 1148 1147
1147 1150 1149
1151 1149 1150
1150 1152 1151
1153 1151 1152
1152 1154 1153
1155 1153 1154
1154 669 1155
1156 1155 669
1157 1155 1156
1156 1158 1157
1159 1157 1158
1158 1160 1159
1161 1159 1160
1160 1162 1161
1162 1163 1161
1164 1161 1163
1165 1164 1163
1163 1166 1165
1166 1167 1165
1168 1165 1167
1169 1168 1167
1167 1170 1169
1170 1171 1169
1172 1169 1171
1173 1172 1171
1171 1174 1173
1175 1173 1174
1176 1175 1174
1174 1177 1176
1177 1178 1176
1179 1176 1178
1178 1180 1179
1181 1179 1180
1182 1181 1180
1180 1183 1182
1183 1184 1182
1185 1182 1184
1184 1186 1185
1187 1185 1186
1188 1187 1186
1186 529 1188
529 1189 1188
1190 1188 1189
1189 523 1190
1191 1190 523
1190 1191 1082
1082 1192 1190
1193 1190 1192
1192 1087 1193
1187 1193 1087
1194 1187 1087
1188 1190 1193
1193 1187 1188
1194 1185 1187
1185 1194 1195
1195 1194 1196
1196 1197 1195
1181 1195 1197
1197 1198 1181
1198 1197 1199
1200 1198 1199
1199 1098 1200
1201 1198 1200
1200 1175 1201
1175 1200 1202
1202 1203 1175
1203 1202 1102
1102 1204 1203
1205 1203 1204
1204 1106 1205
1206 1205 1106
1168 1205 1206
1172 1203 1205
1202 1200 1100
1198 1201 1179
1207 1199 1197
1093 1199 1207
1197 1196 1207
1207 1196 1091
1196 1194 1088
1186 1184 531
1195 1182 1185
1184 1183 534
1208 1183 1180
1183 1208 537
1182 1195 1181
1179 1181 1198
1180 1178 1208
1178 1209 1208
1208 1209 1210
1210 539 1208
1211 1210 1209
1209 1212 1211
1213 1211 1212
1214 1213 1212
1212 1215 1214
1216 1214 1215
1215 1171 1216
1214 1216 1217
1217 552 1214
1218 1217 1216
1216 1219 1218
1220 1218 1219
1219 1221 1220
1221 1222 1220
1223 1220 1222
1224 1223 1222
1222 1225 1224
1225 1226 1224
1227 1224 1226
1226 1228 1227
1229 1227 1228
1230 1229 1228
1228 1231 1230
1231 668 1230
668 1231 1158
1231 1228 1160
1229 1230 576
1232 576 1230
1230 666 1232
1227 1229 573
1228 1226 1160
1224 1227 569
1226 1225 1162
1225 1222 1166
1223 1224 567
1220 1223 564
1222 1221 1166
1221 1219 1167
1218 1220 560
1219 1216 1170
1217 1218 557
1174 1215 1212
1213 1214 552
1211 1213 549
1177 1212 1209
1210 1211 546
1201 1176 1179
1209 1178 1177
1212 1177 1174
1176 1201 1175
1173 1175 1203
1215 1174 1171
1203 1172 1173
1169 1172 1205
1171 1170 1216
1170 1167 1219
1205 1168 1169
1206 1165 1168
1165 1206 1233
1233 1206 1107
1234 1233 1107
1164 1233 1234
1234 1235 1164
1235 1234 1236
1236 1159 1235
1236 1234 1110
1167 1166 1221
1166 1163 1225
1233 1164 1165
1161 1164 1235
1163 1162 1225
1162 1160 1226
1235 1159 1161
1160 1158 1231
1159 1236 1157
1237 1157 1236
1237 1236 1112
1157 1237 1238
1238 1237 1114
1239 1238 1114
1238 1239 1155
1158 1156 668
1155 1157 1238
1239 1153 1155
1153 1239 1240
1116 1240 1239
1154 1152 672
1151 1153 1240
1240 1120 1151
1152 1150 674
1149 1151 1120
1150 1147 676
1148 1149 1120
1146 1148 1122
1122 1241 1146
1147 1145 679
1143 1146 1241
1241 1127 1143
1145 1144 680
1144 1141 685
1142 1143 1127
1141 1140 685
1140 1139 689
1139 1242 689
1138 1242 1139
1242 1138 1243
1243 1244 1242
1242 1244 690
1244 1243 1245
1244 1245 692
1246 1245 1243
1246 1243 1247
1247 1248 1246
1249 1246 1248
1248 1250 1249
1251 1249 1250
1252 1251 1250
1250 1253 1252
1253 1254 1252
1254 1255 1252
1256 1252 1255
1255 1257 1256
1258 1256 1257
1257 1259 1258
1260 1258 1259
1259 1261 1260
1261 1262 1260
1263 1260 1262
1262 1264 1263
1265 1263 1264
1266 1265 1264
1264 1267 1266
1267 1268 1266
1269 1266 1268
1270 1269 1268
1268 1271 1270
1272 1270 1271
1271 1273 1272
1273 1274 1272
1275 1272 1274
1274 1276 1275
720 1275 1276
1276 1274 1277
1276 1277 1278
722 1276 1278
1277 1279 1278
724 1278 1279
1279 1280 724
1281 1280 1279
1279 1282 1281
1281 1282 1283
1283 1284 1281
1285 1281 1284
1284 1286 1285
1287 1285 1286
1286 1288 1287
732 1287 1288
1288 1289 732
1289 1288 1290
1290 1291 1289
1292 1289 1291
1291 1293 1292
1294 1292 1293
1295 1294 1293
1293 1296 1295
1297 1295 1296
1296 1298 1297
1298 1299 1297
1300 1297 1299
1300 1299 747
1299 1298 1301
1301 1302 1299
749 1299 1302
1303 1302 1301
1301 1304 1303
1303 1304 1305
1305 1306 1303
1306 858 1303
754 1303 858
1306 1305 1307
1307 859 1306
1308 859 1307
1308 1307 1309
1309 1310 1308
1310 861 1308
861 1310 1311
1311 1312 861
1313 1312 1311
1311 1314 1313
1313 1314 1315
1315 1316 1313
1316 1315 1317
1317 1318 1316
1319 1316 1318
1318 1320 1319
869 1319 1320
1320 1318 1321
1321 873 1320
1322 1321 1318
1323 1322 1318
1322 1323 879
1323 1324 879
1324 1323 1325
1325 1326 1324
1327 1324 1326
1326 1328 1327
885 1327 1328
1328 1329 885
1329 1328 1330
1330 1331 1329
1329 1331 887
1332 887 1331
1331 1333 1332
1333 1334 1332
1335 1332 1334
1334 1336 1335
1337 1335 1336
1336 1338 1337
1339 1337 1338
1338 1340 1339
1341 1339 1340
1340 1342 1341
1343 1341 1342
1342 1344 1343
1345 1343 1344
1344 1346 1345
1346 1347 1345
1348 1345 1347
1347 1349 1348
1350 1348 1349
1349 1351 1350
1352 1350 1351
1351 1353 1352
1354 1352 1353
1353 1355 1354
1354 1355 1356
1356 1357 1354
1357 1356 1358
1358 1359 1357
1360 1357 1359
1359 1361 1360
1362 1360 1361
1361 1363 1362
1364 1362 1363
1363 1365 1364
1366 1364 1365
1365 1367 1366
899 1366 1367
1366 899 1368
1368 1369 1366
1369 1368 1345
1370 1368 899
1368 1370 1343
1367 1365 1371
1371 1372 1367
900 1367 1372
1372 1371 1373
1373 902 1372
902 1373 931
1374 1373 1371
1371 1375 1374
1376 1374 1375
1375 1377 1376
1377 1378 1376
1376 1378 939
1378 1379 939
1379 1378 1380
1380 1381 1379
1382 1379 1381
1381 1383 1382
1384 1382 1383
1383 1385 1384
1386 1384 1385
1385 1387 1386
1388 1386 1387
1387 1389 1388
1390 1388 1389
1389 1391 1390
1392 1390 1391
1391 1393 1392
1393 1394 1392
1392 1394 1395
1395 1396 1392
1396 1397 1392
1397 1398 1392
1398 1397 1399
1399 1400 1398
1400 1401 1398
1398 1401 1390
1401 1400 1402
1403 1401 1402
1402 1404 1403
1405 1403 1404
1404 1406 1405
1406 1407 1405
1405 1407 1408
1408 1409 1405
1409 1408 1410
1410 1386 1409
1411 1409 1386
1409 1411 1403
1412 1410 1408
1408 1413 1412
941 1412 1413
1412 941 1379
1410 1412 1384
1413 1408 1407
1407 1414 1413
1414 942 1413
1414 1407 1415
1415 1416 1414
944 1414 1416
1416 972 944
1417 1416 1415
1418 1417 1415
1419 1417 1418
1418 1406 1419
1420 1419 1406
1421 1419 1420
1421 1420 1422
1422 1423 1421
1423 1422 985
991 985 1422
1420 1424 1422
992 1422 1424
1425 992 1424
1424 1426 1425
1426 1427 1425
1425 1427 993
1427 1426 1428
1428 1429 1427
997 1427 1429
1429 1430 997
1431 997 1430
1430 1432 1431
1433 1431 1432
1432 1434 1433
1435 1433 1434
1434 1436 1435
1437 1435 1436
1436 1438 1437
1439 1437 1438
1438 1440 1439
1008 1439 1440
1440 1441 1008
1442 1008 1441
1441 1443 1442
1444 1442 1443
1443 1445 1444
1446 1444 1445
1445 1447 1446
1448 1446 1447
1447 1449 1448
1450 1448 1449
1451 1450 1449
1449 1452 1451
1452 1453 1451
1454 1451 1453
1034 1454 1453
1451 1454 1455
1022 1455 1454
1453 1452 1456
1456 1457 1453
1035 1453 1457
1456 1458 1457
1459 1457 1458
1459 1458 1460
1460 1461 1459
1462 1459 1461
1461 1463 1462
1464 1462 1463
1463 1465 1464
1466 1464 1465
1467 1466 1465
1465 1468 1467
1468 1469 1467
1052 1467 1469
1470 1467 1052
1471 1469 1468
1468 1472 1471
1471 1472 1473
1474 1471 1473
1473 1475 1474
1475 1476 1474
1477 1474 1476
1478 1477 1476
1476 1479 1478
1479 1480 1478
1061 1478 1480
1061 1055 1478
1480 1479 1481
1062 1480 1481
1481 1482 1062
1481 1483 1482
1484 1482 1483
1483 1485 1484
1484 1485 1486
1486 1487 1484
1487 1488 1484
1489 1484 1488
1068 1489 1488
1488 1071 1068
1490 1489 1068
1489 1490 1482
1482 1490 1063
1073 1488 1487
1487 1491 1073
1491 1487 1486
1486 1492 1491
1492 1493 1491
1491 1493 1494
1494 1074 1491
1495 1494 1493
1496 1495 1493
1493 1497 1496
1497 1498 1496
1499 1496 1498
1498 1500 1499
1501 1499 1500
1502 1501 1500
1500 1503 1502
1503 1504 1502
1505 1502 1504
1504 1506 1505
1507 1505 1506
1506 1508 1507
1509 1507 1508
1508 1510 1509
1511 1509 1510
1510 1512 1511
1513 1511 1512
1513 1512 1514
1513 1514 1515
1516 1513 1515
1515 1517 1516
1518 1516 1517
1517 1519 1518
1520 1518 1519
1519 1521 1520
1522 1520 1521
1521 1523 1522
1524 1522 1523
1523 1525 1524
1526 1524 1525
1525 1527 1526
1528 1526 1527
1527 1529 1528
1530 1528 1529
1529 1531 1530
1532 1530 1531
1531 1533 1532
1534 1532 1533
1533 1535 1534
1536 1534 1535
1535 1537 1536
1538 1536 1537
1537 1539 1538
1540 1538 1539
1539 1117 1540
1117 1539 1541
1541 1539 1542
1542 1543 1541
1119 1541 1543
1543 1542 1544
1544 1123 1543
1545 1544 1542
1542 1546 1545
1545 1546 1547
1547 1548 1545
1548 1547 1549
1549 1125 1548
1548 1125 1544
1125 1549 1550
1550 1549 1551
1550 1551 1129
1552 1551 1549
1549 1553 1552
1554 1552 1553
1553 1555 1554
1556 1554 1555
1555 1557 1556
1558 1556 1557
1557 1559 1558
1560 1558 1559
1559 1561 1560
1562 1560 1561
1561 1563 1562
1564 1562 1563
1563 1565 1564
1566 1564 1565
1565 1567 1566
1568 1566 1567
1567 1569 1568
1570 1568 1569
1569 1571 1570
1571 1572 1570
1570 1572 1573
1573 1574 1570
1574 1573 1575
1576 1574 1575
1575 1577 1576
1578 1576 1577
1577 1579 1578
1579 1580 1578
1581 1578 1580
1582 1581 1580
1580 1583 1582
1584 1582 1583
1583 1585 1584
1585 1586 1584
1587 1584 1586
1588 1587 1586
1586 1589 1588
1590 1588 1589
1589 1591 1590
1592 1590 1591
1591 1593 1592
1594 1592 1593
1595 1594 1593
1593 1596 1595
1597 1595 1596
1598 1597 1596
1596 1599 1598
1600 1598 1599
1599 1601 1600
1602 1600 1601
1601 1603 1602
1603 1604 1602
1605 1602 1604
1604 1606 1605
1607 1605 1606
1606 1608 1607
1609 1607 1608
1608 1610 1609
1610 1611 1609
1612 1609 1611
1611 1613 1612
1614 1612 1613
1615 1614 1613
1613 1616 1615
1616 1617 1615
1618 1615 1617
1619 1618 1617
1617 1620 1619
1620 1621 1619
1622 1619 1621
1623 1622 1621
1621 1624 1623
1625 1623 1624
1624 1626 1625
1627 1625 1626
1626 1628 1627
1628 1629 1627
1296 1627 1629
1628 1630 1629
1629 1630 1304
1304 1630 1631
1632 1631 1630
1630 1633 1632
1634 1632 1633
1633 1635 1634
1635 1636 1634
1637 1634 1636
1638 1637 1636
1636 1639 1638
1640 1638 1639
1641 1640 1639
1639 1642 1641
1642 1643 1641
1644 1641 1643
1643 1645 1644
1646 1644 1645
1645 1647 1646
1648 1646 1647
1647 1649 1648
1650 1648 1649
1651 1650 1649
1649 1652 1651
1653 1651 1652
1652 1654 1653
1655 1653 1654
1656 1655 1654
1654 1657 1656
1657 1658 1656
1659 1656 1658
1658 1660 1659
1661 1659 1660
1660 1662 1661
1663 1661 1662
1662 1664 1663
1665 1663 1664
1664 1666 1665
1667 1665 1666
1666 1668 1667
1669 1667 1668
1668 1670 1669
1671 1669 1670
1670 1672 1671
1673 1671 1672
1672 1674 1673
1675 1673 1674
1674 1676 1675
1677 1675 1676
1676 1678 1677
1678 1679 1677
1680 1677 1679
1681 1680 1679
1679 1682 1681
1683 1681 1682
1682 1684 1683
1685 1683 1684
1686 1685 1684
1684 1687 1686
1687 1688 1686
1689 1686 1688
1690 1689 1688
1688 1691 1690
1691 1692 1690
1693 1690 1692
1692 1694 1693
1694 1695 1693
1696 1693 1695
1697 1696 1695
1695 1698 1697
1699 1697 1698
1698 1700 1699
1701 1699 1700
1700 1702 1701
1703 1701 1702
1704 1703 1702
1702 1705 1704
1705 1706 1704
1707 1704 1706
1708 1707 1706
1706 1709 1708
1709 1710 1708
1711 1708 1710
1710 1712 1711
1713 1711 1712
1712 1714 1713
1715 1713 1714
1714 1716 1715
1717 1715 1716
1716 1718 1717
1718 1719 1717
1717 1719 1720
1720 1721 1717
1720 1722 1721
1723 1721 1722
1723 1722 1479
1721 1723 1724
1724 1713 1721
1713 1724 1725
1725 1724 1475
1475 1726 1725
1727 1725 1726
1726 1728 1727
1729 1727 1728
1728 1730 1729
1731 1729 1730
1730 1732 1731
1732 1733 1731
1734 1731 1733
1733 1735 1734
1703 1734 1735
1736 1703 1735
1735 1737 1736
1737 1738 1736
1739 1736 1738
1738 1740 1739
1741 1739 1740
1740 1742 1741
1742 1743 1741
1696 1741 1743
1743 1744 1696
1745 1696 1744
1744 1746 1745
1746 1747 1745
1748 1745 1747
1747 1749 1748
1750 1748 1749
1749 1751 1750
1689 1750 1751
1751 1752 1689
1752 1751 1753
1753 1754 1752
1755 1752 1754
1754 1756 1755
1757 1755 1756
1756 1758 1757
1759 1757 1758
1758 1760 1759
1761 1759 1760
1760 1762 1761
1763 1761 1762
1762 1764 1763
1764 1765 1763
1766 1763 1765
1765 1767 1766
1768 1766 1767
1769 1768 1767
1767 1770 1769
1770 1355 1769
1771 1769 1355
1769 1771 1671
1770 1767 1772
1772 1356 1770
1773 1772 1767
1772 1773 1774
1774 1383 1772
1358 1772 1383
1775 1774 1773
1773 1776 1775
1777 1775 1776
1776 1764 1777
1778 1777 1764
1777 1778 1389
1775 1777 1387
1776 1773 1765
1774 1775 1385
1768 1769 1673
1766 1768 1675
1767 1765 1773
1763 1766 1677
1765 1764 1776
1764 1762 1778
1779 1778 1762
1391 1778 1779
1761 1763 1680
1762 1760 1779
1780 1779 1760
1779 1780 1393
1780 1781 1393
1781 1780 1758
1759 1761 1681
1760 1758 1780
1757 1759 1683
1758 1756 1781
1782 1781 1756
1781 1782 1394
1783 1394 1782
1782 1784 1783
1785 1783 1784
1784 1786 1785
1787 1785 1786
1788 1787 1786
1786 1789 1788
1790 1788 1789
1789 1791 1790
1792 1790 1791
1791 1793 1792
1443 1792 1793
1793 1794 1443
1794 1793 1795
1795 1796 1794
1797 1794 1796
1796 1798 1797
1799 1797 1798
1800 1799 1798
1798 1801 1800
1802 1800 1801
1801 1460 1802
1803 1460 1801
1801 1804 1803
1803 1804 1738
1805 1460 1803
1805 1803 1737
1800 1802 1447
1804 1801 1798
1798 1806 1804
1804 1806 1740
1799 1800 1447
1797 1799 1445
1806 1798 1796
1796 1807 1806
1806 1807 1742
1808 1742 1807
1807 1795 1808
1746 1808 1795
1795 1809 1746
1794 1797 1445
1807 1796 1795
1809 1795 1793
1793 1791 1809
1790 1792 1440
1440 1810 1790
1791 1789 1809
1811 1809 1789
1812 1811 1789
1811 1812 1747
1809 1811 1747
1788 1790 1810
1810 1813 1788
1813 1810 1438
1789 1786 1812
1753 1812 1786
1787 1788 1813
1813 1814 1787
1814 1813 1436
1785 1787 1814
1814 1815 1785
1815 1814 1816
1816 1817 1815
1817 1395 1815
1815 1395 1783
1817 1816 1432
1818 1817 1432
1818 1396 1817
1396 1818 1819
1819 1399 1396
1399 1819 1428
1819 1818 1430
1816 1814 1434
1786 1784 1753
1783 1785 1815
1784 1782 1754
1755 1757 1685
1756 1754 1782
1752 1755 1686
1754 1753 1784
1812 1753 1751
1751 1749 1812
1750 1690 1748
1749 1747 1812
1693 1745 1748
1747 1746 1809
1744 1808 1746
1808 1744 1743
1743 1742 1808
1742 1740 1806
1741 1697 1739
1740 1738 1804
1701 1736 1739
1738 1737 1803
1737 1735 1805
1820 1805 1735
1461 1805 1820
1735 1733 1820
1821 1820 1733
1821 1463 1820
1707 1731 1734
1733 1732 1821
1472 1821 1732
1472 1465 1821
1732 1730 1472
1731 1707 1729
1728 1473 1730
1708 1727 1729
1473 1728 1726
1711 1725 1727
1724 1723 1476
1722 1720 1483
1485 1720 1719
1497 1719 1718
1719 1497 1492
1716 1822 1718
1498 1718 1822
1822 1716 1823
1503 1822 1823
1721 1715 1717
1714 1823 1716
1823 1714 1824
1824 1506 1823
1715 1721 1713
1712 1824 1714
1824 1712 1825
1825 1508 1824
1725 1711 1713
1710 1825 1712
1825 1710 1826
1510 1825 1826
1727 1708 1711
1709 1826 1710
1826 1709 1827
1512 1826 1827
1827 1709 1705
1705 1828 1827
1827 1828 1514
1829 1514 1828
1828 1830 1829
1830 1831 1829
1832 1829 1831
1831 1833 1832
1834 1832 1833
1833 1835 1834
1835 1836 1834
1837 1834 1836
1836 1838 1837
1838 1839 1837
1840 1837 1839
1841 1840 1839
1839 1842 1841
1842 1843 1841
1844 1841 1843
1843 1845 1844
1572 1844 1845
1844 1572 1846
1847 1845 1843
1845 1847 1848
1848 1849 1845
1845 1849 1573
1682 1849 1848
1849 1682 1850
1850 1575 1849
1684 1848 1847
1846 1841 1844
1841 1846 1851
1852 1851 1846
1846 1853 1852
1854 1852 1853
1853 1855 1854
1856 1854 1855
1855 1857 1856
1858 1856 1857
1857 1859 1858
1860 1858 1859
1859 1861 1860
1862 1860 1861
1861 1863 1862
1864 1862 1863
1863 1865 1864
1866 1864 1865
1865 1867 1866
1868 1866 1867
1867 1869 1868
1869 1547 1868
1547 1869 1553
1869 1867 1555
1866 1868 1870
1870 1871 1866
1871 1870 1872
1872 1873 1871
1873 1874 1871
1871 1874 1864
1874 1873 1875
1875 1876 1874
1877 1874 1876
1876 1878 1877
1879 1877 1878
1878 1880 1879
1881 1879 1880
1880 1882 1881
1883 1881 1882
1882 1884 1883
1885 1883 1884
1884 1886 1885
1887 1885 1886
1886 1888 1887
1889 1887 1888
1888 1890 1889
1891 1889 1890
1890 1832 1891
1832 1890 1892
1892 1890 1515
1515 1829 1892
1889 1891 1893
1893 1894 1889
1894 1893 1895
1895 1852 1894
1896 1894 1852
1894 1896 1887
1837 1895 1893
1891 1834 1893
1890 1888 1517
1887 1889 1894
1888 1886 1519
1885 1887 1896
1886 1884 1521
1896 1883 1885
1883 1896 1854
1884 1882 1523
1881 1883 1856
1882 1880 1525
1879 1881 1858
1880 1878 1527
1877 1879 1860
1878 1876 1527
1874 1877 1862
1876 1875 1529
1875 1873 1531
1873 1872 1533
1897 1872 1870
1870 1546 1897
1898 1897 1546
1897 1898 1537
1872 1897 1535
1546 1870 1868
1867 1865 1557
1864 1866 1871
1865 1863 1559
1862 1864 1874
1863 1861 1561
1860 1862 1877
1861 1859 1563
1858 1860 1879
1859 1857 1565
1856 1858 1881
1857 1855 1567
1854 1856 1883
1855 1853 1569
1852 1854 1896
1853 1846 1571
1851 1852 1895
1840 1851 1895
1843 1842 1847
1687 1847 1842
1839 1691 1842
1851 1840 1841
1895 1837 1840
1691 1839 1838
1836 1694 1838
1893 1834 1837
1694 1836 1835
1835 1899 1694
1899 1835 1833
1833 1698 1899
1834 1891 1832
1700 1833 1831
1892 1829 1832
1830 1702 1831
1828 1705 1830
1729 1707 1708
1734 1704 1707
1706 1705 1709
1702 1830 1705
1704 1734 1703
1736 1701 1703
1831 1702 1700
1699 1701 1739
1698 1833 1700
1739 1697 1699
1695 1899 1698
1697 1741 1696
1745 1693 1696
1899 1695 1694
1692 1838 1694
1748 1690 1693
1838 1692 1691
1688 1842 1691
1690 1750 1689
1686 1689 1752
1842 1688 1687
1847 1687 1684
1685 1686 1755
1683 1685 1757
1848 1684 1682
1681 1683 1759
1850 1682 1679
1680 1681 1761
1677 1680 1763
1679 1678 1850
1678 1577 1850
1579 1678 1676
1675 1677 1766
1676 1674 1579
1900 1579 1674
1673 1675 1768
1674 1672 1900
1672 1901 1900
1583 1900 1901
1671 1673 1769
1901 1672 1670
1670 1902 1901
1585 1901 1902
1669 1671 1771
1771 1353 1669
1903 1669 1353
1902 1670 1668
1668 1904 1902
1586 1902 1904
1667 1669 1903
1904 1668 1666
1589 1904 1666
1666 1905 1589
1665 1667 1903
1903 1906 1665
1906 1903 1351
1905 1666 1664
1664 1907 1905
1591 1905 1907
1663 1665 1906
1906 1908 1663
1908 1906 1349
1907 1664 1662
1662 1909 1907
1593 1907 1909
1661 1663 1908
1908 1910 1661
1910 1908 1347
1909 1662 1660
1659 1661 1910
1660 1658 1909
1596 1909 1658
1656 1659 1910
1910 1911 1656
1911 1910 1346
1599 1658 1657
1601 1657 1654
1655 1656 1911
1911 1912 1655
1912 1911 1344
1344 1913 1912
1914 1912 1913
1913 1915 1914
1916 1914 1915
1915 1917 1916
1918 1916 1917
1917 1919 1918
1920 1918 1919
1919 1921 1920
1921 1922 1920
1923 1920 1922
1922 1924 1923
1925 1923 1924
1926 1925 1924
1924 1927 1926
1928 1926 1927
1927 1929 1928
1930 1928 1929
1931 1930 1929
1929 1932 1931
1932 1933 1931
1933 1309 1931
1934 1931 1309
1933 1932 1935
1935 1314 1933
1314 1935 1936
1935 1937 1936
1937 1938 1936
1939 1936 1938
1330 1939 1938
1938 1940 1330
1940 1941 1330
1941 1940 1924
1940 1938 1927
1936 1939 1326
1938 1937 1927
1932 1927 1937
1937 1935 1932
1931 1934 1930
1930 1934 1942
1942 1637 1930
1632 1942 1934
1928 1930 1637
1637 1943 1928
1929 1927 1932
1926 1928 1943
1943 1640 1926
1927 1924 1940
1925 1926 1640
1640 1944 1925
1923 1925 1944
1944 1945 1923
1644 1945 1944
1924 1922 1941
1920 1923 1945
1945 1946 1920
1646 1946 1945
1922 1921 1941
1333 1941 1921
1921 1919 1333
1918 1920 1946
1946 1650 1918
1919 1917 1336
1916 1918 1650
1917 1915 1338
1914 1916 1651
1915 1913 1340
1912 1914 1653
1653 1655 1912
1603 1654 1652
1651 1653 1914
1604 1652 1649
1650 1651 1916
1648 1650 1946
1606 1649 1647
1946 1646 1648
1608 1647 1645
1945 1644 1646
1610 1645 1643
1944 1641 1644
1611 1643 1642
1642 1947 1611
1947 1642 1639
1639 1616 1947
1641 1944 1640
1638 1640 1943
1616 1639 1636
1943 1637 1638
1634 1637 1942
1635 1620 1636
1620 1635 1948
1948 1635 1633
1633 1626 1948
1942 1632 1634
1631 1632 1934
1934 1307 1631
1630 1628 1633
1626 1633 1628
1291 1625 1627
1624 1948 1626
1625 1290 1623
1949 1623 1290
1623 1949 1950
1950 1949 1286
1948 1624 1621
1950 1622 1623
1622 1950 1951
1951 1952 1622
1952 1951 1953
1953 1954 1952
1955 1952 1954
1956 1955 1954
1954 1957 1956
1957 1958 1956
1959 1956 1958
1958 1960 1959
1961 1959 1960
1962 1961 1960
1960 1963 1962
1963 1964 1962
1965 1962 1964
1964 1966 1965
1967 1965 1966
1966 1968 1967
1969 1967 1968
1968 1970 1969
1971 1969 1970
1970 1972 1971
1973 1971 1972
1974 1973 1972
1975 1974 1972
1972 1976 1975
1976 1977 1975
1978 1975 1977
1977 1979 1978
1980 1978 1979
1979 1981 1980
1982 1980 1981
1983 1982 1981
1981 1984 1983
1984 1985 1983
1986 1983 1985
1985 1987 1986
1988 1986 1987
1987 1989 1988
1990 1988 1989
1989 1132 1990
1991 1990 1132
1991 1992 1990
1993 1990 1992
1992 1994 1993
1995 1993 1994
1994 1996 1995
1997 1995 1996
1996 1998 1997
1999 1997 1998
1998 2000 1999
2001 1999 2000
2000 2002 2001
2003 2001 2002
2002 2004 2003
2005 2003 2004
2004 2006 2005
2005 2006 1578
2006 2004 1566
2003 2005 1581
1581 2007 2003
2004 2002 1564
2001 2003 2007
2007 2008 2001
2008 2007 2009
2009 2010 2008
2011 2008 2010
2010 2012 2011
2013 2011 2012
2012 2014 2013
2015 2013 2014
2014 2016 2015
2017 2015 2016
2016 2018 2017
1986 2017 2018
2019 2018 2016
2020 2019 2016
2021 2019 2020
2020 2022 2021
1590 2021 2022
2022 2023 1590
2023 2022 2012
2022 2020 2014
2019 2021 2024
2024 1982 2019
1982 2024 2025
1594 2025 2024
2024 2021 1594
2018 2019 1982
2015 2017 1993
1988 1993 2017
2016 2014 2020
2013 2015 1995
2014 2012 2022
2011 2013 1997
2012 2010 2023
1587 2023 2010
2008 2011 1999
2010 2009 1587
1582 2009 2007
2002 2000 1562
1999 2001 2008
2000 1998 1560
1997 1999 2011
1998 1996 1558
1995 1997 2013
1996 1994 1556
1993 1995 2015
1994 1992 1554
1992 1991 1552
1990 1993 1988
1987 2026 1989
1989 2026 1134
2027 1134 2026
1248 2027 2026
2026 1985 1248
2028 1248 1985
2029 1134 2027
2027 1247 2029
2017 1986 1988
2026 1987 1985
2018 1983 1986
1985 1984 2028
2030 2028 1984
2030 1253 2028
1984 1981 2030
1983 2018 1982
2025 1980 1982
1981 1979 2030
2031 2030 1979
2031 1254 2030
1254 2031 2032
2032 2031 1976
1976 2033 2032
2034 2032 2033
2033 1970 2034
2035 2032 2034
2034 2036 2035
1257 2035 2036
2036 2034 2037
2037 2038 2036
1259 2036 2038
2038 2037 2039
2039 2040 2038
1261 2038 2040
2040 2039 2041
2041 2042 2040
2043 2040 2042
2042 2044 2043
1267 2043 2044
2044 2042 2045
2045 2046 2044
1268 2044 2046
2046 2045 2047
2047 2048 2046
1271 2046 2048
2048 2047 2049
2049 2050 2048
1273 2048 2050
2050 2049 2051
2051 2052 2050
2052 1274 2050
2052 2051 2053
2053 1277 2052
1277 2053 1282
1282 2053 1953
2053 2051 1953
2051 2049 1957
2049 2047 2054
2054 1958 2049
2047 2045 2054
1960 2054 2045
2045 2042 1963
2040 2043 1262
2042 2041 1963
2041 2039 2055
2055 1964 2041
2039 2037 2055
1968 2055 2037
2037 2034 1968
1255 2032 2035
1980 2025 1978
1978 2025 1597
1979 1977 2031
1597 1975 1978
1977 1976 2031
1972 2033 1976
1975 1598 1974
1974 1600 1973
1602 1971 1973
2033 1972 1970
1969 1971 2056
1605 2056 1971
1970 1968 2034
2056 1967 1969
1967 2056 2057
1607 2057 2056
1966 2055 1968
2057 1965 1967
1965 2057 2058
1609 2058 2057
2055 1966 1964
2058 1962 1965
1964 1963 2041
1963 1960 2045
1962 2058 1961
1612 1961 2058
1614 1959 1961
1959 1614 2059
2054 1960 1958
2059 1956 1959
1956 2059 1618
1958 1957 2049
1957 1954 2051
1618 1955 1956
1619 1952 1955
1954 1953 2051
1283 1953 1951
1951 1950 1284
1952 1619 1622
1621 1620 1948
1617 1636 1620
1955 1618 1619
1615 1618 2059
1636 1617 1616
1613 1947 1616
2059 1614 1615
1961 1612 1614
1947 1613 1611
2058 1609 1612
1643 1611 1610
1645 1610 1608
2057 1607 1609
1647 1608 1606
2056 1605 1607
1649 1606 1604
1971 1602 1605
1652 1604 1603
1654 1603 1601
1973 1600 1602
1657 1601 1599
1600 1974 1598
1658 1599 1596
1598 1975 1597
1595 1597 2025
1909 1596 1593
2025 1594 1595
1592 1594 2021
1907 1593 1591
2021 1590 1592
1905 1591 1589
1588 1590 2023
1904 1589 1586
2023 1587 1588
1584 1587 2009
1902 1586 1585
1901 1585 1583
2009 1582 1584
1900 1583 1580
2007 1581 1582
1578 1581 2005
1580 1579 1900
1577 1678 1579
1576 1578 2006
1575 1850 1577
2006 1574 1576
1574 2006 1568
1849 1575 1573
1573 1572 1845
1572 1571 1846
1571 1569 1853
1568 1570 1574
1569 1567 1855
1566 1568 2006
1567 1565 1857
1564 1566 2004
1565 1563 1859
1562 1564 2002
1563 1561 1861
1560 1562 2000
1561 1559 1863
1558 1560 1998
1559 1557 1865
1556 1558 1996
1557 1555 1867
1554 1556 1994
1555 1553 1869
1552 1554 1992
1551 1552 1991
1551 1991 1131
1553 1549 1547
1868 1547 1546
1546 1542 1898
1544 1545 1548
1898 1542 1539
1538 1540 2060
2060 2061 1538
2061 2060 2062
2062 2063 2061
2064 2061 2063
2063 2065 2064
2066 2064 2065
2065 2067 2066
2068 2066 2067
2067 2069 2068
2070 2068 2069
2069 2071 2070
2072 2070 2071
2071 2073 2072
2074 2072 2073
2073 2075 2074
2075 2076 2074
2074 2076 1524
2076 2075 2077
2078 2076 2077
2077 2079 2078
2080 2078 2079
2079 2081 2080
2082 2080 2081
2081 1509 2082
1516 2080 2082
2082 1511 1516
2083 2081 2079
2081 2083 2084
2084 1507 2081
2085 2084 2083
2083 2086 2085
2087 2085 2086
2086 2088 2087
2089 2087 2088
2088 2090 2089
2090 2091 2089
2089 2091 2092
2092 2093 2089
2093 2092 1096
1096 2094 2093
2095 2093 2094
2094 2096 2095
2097 2095 2096
2096 2098 2097
2099 2097 2098
2098 1502 2099
2097 2099 2084
2099 1505 2084
2098 2096 2100
2100 2101 2098
1501 2098 2101
1089 2101 2100
2101 1089 1085
1085 2102 2101
1499 2101 2102
1092 2100 2096
2095 2097 2085
2096 2094 1092
2093 2095 2087
2103 2092 2091
2091 2104 2103
2105 2103 2104
2104 2106 2105
1104 2105 2106
2106 2107 1104
2107 2106 2108
2108 2109 2107
1109 2107 2109
2065 2109 2108
2108 2106 2067
2110 2067 2106
2106 2104 2110
2111 2110 2104
2110 2111 2069
2103 2105 1099
2104 2091 2111
2092 2103 1097
2091 2090 2111
2073 2111 2090
2090 2088 2073
2087 2089 2093
2077 2088 2086
2085 2087 2095
2086 2083 2077
2084 2085 2097
2078 2080 1520
2079 2077 2083
2076 2078 1522
2088 2077 2075
2075 2073 2088
2072 2074 1526
2111 2073 2071
2070 2072 1528
2071 2069 2111
1530 2068 2070
2069 2067 2110
1532 2066 2068
2067 2065 2108
2064 2066 1534
2109 2065 2063
2061 2064 1536
2063 2062 2109
1111 2109 2062
1113 2062 2060
1115 2060 1540
1539 1537 1898
1536 1538 2061
1537 1535 1897
1534 1536 2064
1535 1533 1872
2066 1532 1534
1533 1531 1873
2068 1530 1532
1531 1529 1875
1528 1530 2070
1529 1527 1876
1526 1528 2072
1527 1525 1880
1524 1526 2074
1525 1523 1882
1522 1524 2076
1523 1521 1884
1520 1522 2078
1521 1519 1886
1518 1520 2080
1519 1517 1888
2080 1516 1518
1517 1515 1890
1829 1515 1514
1512 1827 1514
1513 1516 1511
1826 1512 1510
1511 2082 1509
1508 1825 1510
1509 2081 1507
1506 1824 1508
1507 2084 1505
1504 1823 1506
1505 2099 1502
1823 1504 1503
1500 1822 1503
1502 2098 1501
2101 1499 1501
1822 1500 1498
2102 1496 1499
1496 2102 1081
1718 1498 1497
1081 1495 1496
1078 1494 1495
1493 1492 1497
1492 1486 1719
1719 1486 1485
1485 1483 1720
1482 1484 1489
1483 1481 1722
1722 1481 1479
1479 1476 1723
1054 1477 1478
1477 1054 1474
1476 1475 1724
1726 1475 1473
1730 1473 1472
1474 1469 1471
1469 1474 1053
1465 1472 1468
1467 1470 1466
2112 1466 1470
2112 1470 1044
1470 1050 1044
2113 1466 2112
2113 2112 1039
1466 2113 1464
1464 2113 2114
2114 2113 1036
1457 2114 1036
1463 1821 1465
1462 1464 2114
1820 1463 1461
2114 1459 1462
1460 1805 1461
1458 1802 1460
1457 1459 2114
1458 1456 1802
1802 1456 1449
1452 1449 1456
1450 1451 1455
1455 1018 1450
1448 1450 1018
1449 1447 1802
1446 1448 2115
2115 2116 1446
1014 2116 2115
1016 2115 1448
1447 1445 1799
1444 1446 2116
2116 2117 1444
2117 2116 1012
1445 1443 1794
2117 1442 1444
1442 2117 1010
1792 1443 1441
1441 1440 1792
1810 1440 1438
1437 1439 1005
1438 1436 1813
1435 1437 1005
1436 1434 1814
1003 1433 1435
1434 1432 1816
1001 1431 1433
1432 1430 1818
1430 1429 1819
1429 1428 1819
1428 1426 1400
1426 1424 1402
1424 1420 1402
1419 1421 1423
1423 977 1419
977 1423 983
1417 1419 977
1416 1417 976
1415 1407 1418
1407 1406 1418
1406 1404 1420
1403 1405 1409
1404 1402 1420
1401 1403 1411
1411 1388 1401
1402 1400 1426
1400 1399 1428
1397 1396 1399
1395 1817 1396
1394 1783 1395
1394 1393 1781
1393 1391 1779
1390 1392 1398
1778 1391 1389
1388 1390 1401
1389 1387 1777
1386 1388 1411
1387 1385 1775
1384 1386 1410
1385 1383 1774
1382 1384 1412
1383 1381 1358
1379 1382 1412
1359 1381 1380
1378 1377 1380
1380 1377 1361
1377 1375 1361
1374 1376 935
1375 1371 1363
1373 1374 933
1364 1366 1369
1369 2118 1364
2118 1369 1348
1365 1363 1371
1362 1364 2118
2118 1350 1362
1363 1361 1375
1360 1362 1350
1361 1359 1380
1357 1360 1352
1381 1359 1358
1356 1772 1358
1355 1770 1356
1355 1353 1771
1352 1354 1357
1353 1351 1903
1350 1352 1360
1351 1349 1906
1348 1350 2118
1349 1347 1908
1345 1348 1369
1347 1346 1910
1346 1344 1911
1343 1345 1368
1342 1913 1344
1341 1343 1370
1913 1342 1340
1339 1341 1370
1370 896 1339
2119 1339 896
1340 1338 1915
1337 1339 2119
1338 1336 1917
2119 1335 1337
1335 2119 2120
2120 888 1335
888 2120 892
2120 2119 894
1336 1334 1919
1332 1335 888
1334 1333 1919
1941 1333 1331
1331 1330 1941
1939 1330 1328
1328 1326 1939
1324 1327 881
1326 1325 1936
1315 1936 1325
1317 1325 1323
1321 1322 877
1316 1319 2121
2121 1312 1316
1312 2121 862
867 2121 1319
1318 1317 1323
1325 1317 1315
1936 1315 1314
1314 1311 1933
1312 1313 1316
1310 1933 1311
1309 1933 1310
1307 1934 1309
1305 1631 1307
1631 1305 1304
1304 1301 1629
1302 1303 754
1629 1301 1298
1298 1296 1629
1297 1300 1295
1295 1300 742
1293 1627 1296
1294 1295 740
1292 1294 738
1627 1293 1291
1289 1292 734
1290 1625 1291
1949 1290 1288
1288 1286 1949
1287 2122 1285
2123 1285 2122
2123 2122 728
1285 2123 1280
1280 2123 726
2122 1287 730
1286 1284 1950
1284 1283 1951
1953 1283 1282
1280 1281 1285
1282 1279 1277
1274 2052 1277
2124 1272 1275
2124 1275 718
2050 1274 1273
2048 1273 1271
1272 2124 1270
1270 2124 2125
2125 2124 714
2046 1271 1268
2125 1269 1270
1269 2125 2126
2126 2127 1269
2127 2126 2128
2128 2129 2127
2129 1265 2127
1265 2129 2130
2131 2130 2129
2131 2129 707
2130 2131 2132
2132 2133 2130
2130 2133 1263
2133 2132 2134
2134 2135 2133
1258 2133 2135
2135 2136 1258
2137 2136 2135
2136 2137 2138
2138 1251 2136
1251 2138 2139
2139 2138 694
1245 2139 694
1249 2139 1245
2138 2137 696
2135 2134 2137
2137 2134 697
2134 2132 698
703 698 2132
2132 2131 703
2129 2128 707
2128 2126 710
2126 2125 712
1266 1269 2127
2044 1268 1267
2043 1267 1264
2127 1265 1266
1263 1265 2130
1264 1262 2043
1260 1263 2133
1262 1261 2040
2038 1261 1259
2133 1258 1260
2036 1259 1257
1256 1258 2136
2035 1257 1255
2136 1252 1256
2032 1255 1254
1253 2030 1254
1250 2028 1253
1252 2136 1251
2139 1249 1251
2028 1250 1248
1247 2027 1248
2029 1247 1243
1245 1246 1249
1243 1138 2029
1135 2029 1138
1136 1137 1142
1136 1142 1128
1134 2029 1135
1132 1989 1134
1130 1133 1136
1132 1131 1991
1129 1551 1131
1128 1130 1136
1129 1126 1550
1127 1128 1142
1124 1127 1241
1126 1125 1550
1123 1544 1125
1241 1122 1124
1543 1123 1121
1120 1122 1148
1121 1119 1543
1240 1118 1120
1541 1119 1117
1118 1240 1116
1540 1117 1115
1114 1116 1239
2060 1115 1113
1112 1114 1237
2062 1113 1111
1110 1112 1236
2109 1111 1109
1108 1110 1234
2107 1109 1105
1107 1108 1234
1106 1107 1206
1103 1106 1204
1105 1104 2107
2105 1104 1101
1204 1102 1103
1100 1102 1202
1101 1099 2105
1098 1100 1200
1099 1097 2103
1095 1098 1199
1097 1096 2092
1094 2094 1096
1199 1093 1095
2094 1094 1092
1091 1093 1207
2100 1092 1090
1088 1091 1196
1090 1089 2100
1087 1088 1194
1084 1087 1192
1086 1085 1089
2102 1085 1083
1192 1082 1084
1083 1081 2102
1080 1082 1191
1495 1081 1078
1079 1080 1191
1191 517 1079
1077 1079 513
1494 1078 1076
1076 1074 1494
1073 1491 1074
1488 1073 1071
1070 1072 502
1071 1069 1068
1068 1065 1490
1066 486 1064
1490 1065 1063
1063 1062 1482
1480 1062 1061
1059 1060 1064
483 1059 1064
475 1057 481
1057 475 2140
1055 1061 1058
2140 1056 1057
1056 2140 1049
469 1049 2140
1478 1055 1054
1053 1474 1054
1469 1053 1052
1052 1050 1470
1051 1056 1049
1046 1049 469
1045 1044 1050
1044 1041 2112
1048 1042 1043
2141 1042 1048
1048 459 2141
1042 2141 1040
1040 2141 2142
2142 2143 1040
2142 2144 2143
2143 2144 1029
2144 2142 457
457 2142 2141
1041 1039 2112
1038 1040 2143
2143 1031 1038
1039 1037 2113
1037 1036 2113
1036 1035 1457
1453 1035 1034
1034 1032 1454
1033 1038 1031
1454 1032 1030
1030 1024 1454
1029 1031 2143
1028 1029 2144
2144 450 1028
438 1025 1027
1025 438 2145
1030 1026 1024
2145 1023 1025
1024 1022 1454
1023 2145 1021
1021 2145 2146
2146 2147 1021
2147 2146 2148
2148 2149 2147
2150 2147 2149
2149 2151 2150
2152 2150 2151
2153 2152 2151
2151 2154 2153
2154 2155 2153
1013 2153 2155
2155 2156 1013
2156 2155 414
2155 2154 417
2154 2151 421
2152 2153 1015
2150 2152 1017
2151 2149 425
2147 2150 1020
427 2149 2148
431 2148 2146
435 2146 2145
1455 1022 1019
1020 1021 2147
1017 1020 2150
1019 1018 1455
1018 1016 1448
1015 1017 2152
2115 1016 1014
2153 1013 1015
2116 1014 1012
1011 1013 2156
2156 2157 1011
2157 2156 412
412 2158 2157
1007 2157 2158
2158 2159 1007
2159 2158 404
1012 1010 2117
1009 1011 2157
1010 1008 1442
2157 1007 1009
1439 1008 1006
2159 1004 1007
1004 2159 402
1006 1005 1439
1005 1003 1435
402 1002 1004
1433 1003 1001
1000 1002 398
1431 1001 999
999 997 1431
996 998 390
1427 997 995
994 996 387
995 993 1427
993 992 1425
1422 992 991
989 986 991
987 988 374
984 987 371
986 985 991
985 983 1423
371 982 984
983 978 977
977 976 1417
976 973 1416
974 975 979
971 974 981
973 972 1416
947 972 969
970 971 981
981 2160 970
2161 970 2160
2160 349 2161
356 2160 981
967 970 2161
969 968 947
968 966 949
965 967 2161
2161 347 965
966 963 949
964 965 347
953 951 963
950 952 961
961 2162 950
2162 961 932
951 949 963
948 950 2162
2162 934 948
949 947 968
946 948 936
972 947 945
943 946 938
945 944 972
942 1414 944
1413 942 941
941 939 1379
938 940 943
939 937 1376
936 938 946
937 935 1376
934 936 948
935 933 1374
932 934 2162
933 931 1373
930 932 961
931 929 902
928 930 959
929 927 905
926 928 957
927 925 906
924 926 958
2163 924 958
958 325 2163
923 924 2163
319 923 2163
907 909 916
916 891 907
908 906 925
904 907 893
906 905 927
905 903 929
903 902 929
1372 902 900
1367 900 899
899 898 1370
898 896 1370
895 897 901
896 894 2119
893 895 904
894 892 2120
891 893 907
890 891 916
892 889 888
888 887 1332
887 885 1329
884 886 890
1327 885 883
882 884 917
883 881 1327
880 882 917
881 879 1324
878 880 921
879 877 1322
876 878 921
2164 876 921
921 303 2164
877 875 1321
301 876 2164
873 1321 875
871 1320 873
1320 871 869
1319 869 867
2121 867 864
863 865 855
855 865 830
864 862 2121
860 863 856
862 861 1312
859 1308 861
858 1306 859
856 857 860
855 856 863
833 831 844
830 832 855
831 829 851
828 830 865
829 827 852
826 828 866
827 825 853
2165 853 825
853 2165 809
2165 2166 809
809 2166 814
2166 2165 823
824 826 866
825 823 2165
868 822 824
823 819 2166
870 821 822
820 821 872
2166 819 816
815 817 282
816 814 2166
813 815 279
811 812 2167
2167 2168 811
2169 811 2168
802 2169 2168
2168 2170 802
2170 2168 263
263 2168 2171
811 2169 806
2168 2167 2171
2171 2167 269
2167 812 272
814 810 809
809 807 853
806 808 811
850 807 805
804 806 2169
848 805 803
2169 802 804
847 803 800
801 802 2170
2170 256 801
800 799 847
797 798 254
796 794 799
795 244 793
792 842 794
793 241 791
792 790 840
791 238 789
789 238 2172
790 788 841
766 841 788
2172 787 789
2172 2173 787
2173 2172 232
2173 232 784
788 786 766
787 2173 785
767 786 783
784 785 2173
771 782 225
783 769 767
786 767 766
841 766 764
839 764 763
763 762 839
835 762 759
758 760 750
75 750 760
834 759 757
757 756 834
854 756 755
755 754 858
1302 754 751
752 753 758
750 752 758
751 749 1302
748 750 75
1299 749 747
747 742 1300
741 743 746
742 740 1295
746 739 741
739 746 2174
2174 63 739
64 2174 746
740 738 1294
737 739 61
738 735 1292
736 737 60
733 736 56
735 734 1292
734 732 1289
731 733 56
730 1287 732
729 731 53
2122 730 728
728 726 2123
726 724 1280
722 1278 724
2175 721 723
2175 723 43
721 2175 38
722 720 1276
719 721 38
1275 720 718
718 716 2124
716 714 2124
32 713 715
714 712 2125
30 711 713
712 710 2126
27 709 711
710 708 2128
708 707 2128
707 704 2131
22 705 706
705 22 2176
2176 702 705
704 703 2131
702 2176 701
2177 701 2176
2177 2176 21
21 2178 2177
2178 2179 2177
2180 2177 2179
2179 2181 2180
2182 2180 2181
2183 2182 2181
2181 2184 2183
2184 2185 2183
2186 2183 2185
2185 2187 2186
687 2186 2187
2187 2188 687
2189 2188 2187
2187 2190 2189
649 2189 2190
2189 649 2191
2188 2189 2191
2191 2192 2188
2188 2192 683
2193 2192 2191
2191 650 2193
2192 2193 2194
2194 2195 2192
2192 2195 681
2195 2194 2196
2195 2196 677
654 2196 2194
652 2194 2193
2190 2187 2185
2183 2186 2197
691 2197 2186
2185 2184 2190
2198 2190 2184
2184 2199 2198
2199 644 2198
644 2199 2200
2200 2199 2179
2190 2198 648
2199 2184 2181
2197 2182 2183
2201 2182 2197
693 2201 2197
2182 2201 2202
2202 2201 699
2202 2180 2182
2180 2202 701
2181 2179 2199
2179 2178 2200
639 2200 2178
638 2178 21
701 2177 2180
699 701 2202
700 698 703
695 699 2201
698 697 2134
697 696 2137
696 694 2138
2201 693 695
694 692 1245
2197 691 693
692 690 1244
2186 688 691
690 689 1242
689 686 1140
688 2186 687
684 687 2188
686 685 1140
685 682 1144
683 684 2188
681 683 2192
682 680 1144
678 681 2195
680 679 1145
679 676 1147
677 678 2195
675 677 2196
2196 658 675
676 674 1150
673 675 658
658 662 673
674 672 1152
671 673 662
672 670 1154
667 671 662
670 669 1154
669 668 1156
666 1230 668
665 1232 666
1232 665 585
663 2203 587
662 664 667
2203 663 661
661 595 2203
595 661 660
659 662 658
656 658 2196
657 655 660
2204 660 655
655 2205 2204
2204 2205 604
2205 2206 604
653 2206 2205
660 2204 597
2196 654 656
2205 655 653
2194 652 654
2206 653 651
651 2207 2206
2206 2207 609
2207 2208 609
647 2208 2207
2193 650 652
2207 651 647
650 2191 649
648 649 2190
645 648 2198
2208 647 646
2208 646 615
2209 615 646
646 643 2209
2198 644 645
641 644 2200
643 642 2209
617 2209 642
642 640 2210
2210 621 642
640 634 2210
624 2210 634
2200 639 641
634 640 637
2178 638 639
636 638 21
637 635 634
627 624 634
2210 624 621
621 617 642
2209 617 615
615 612 2208
612 609 2208
609 606 2206
606 604 2206
604 600 2204
600 597 2204
595 660 597
2203 595 590
587 2203 590
587 585 665
585 582 1232
582 578 1232
576 1232 578
576 573 1229
573 569 1227
569 567 1224
567 564 1223
560 1220 564
560 557 1218
557 554 1217
552 1217 554
552 549 1213
549 546 1211
546 542 1210
539 1210 542
537 1208 539
537 534 1183
534 531 1184
529 1186 531
1189 529 525
523 1189 525
523 519 1191
517 1191 519
517 513 1079
511 1077 513
511 507 1075
505 1075 507
505 502 1072
498 1070 502
495 1070 498
492 1067 495
1067 492 489
486 1066 489
1064 486 483
1059 483 481
481 477 475
475 471 2140
2140 471 469
1046 469 465
462 1047 465
459 1048 462
2141 459 457
457 453 2144
450 2144 453
447 1028 450
1028 447 445
441 1027 445
1027 441 438
2145 438 435
2146 435 431
2148 431 427
2149 427 425
425 421 2151
421 417 2154
417 414 2155
414 412 2156
2158 412 407
407 404 2158
404 402 2159
1002 402 398
398 396 1000
392 390 396
390 387 996
387 384 994
384 381 990
988 381 377
377 374 988
374 371 987
982 371 367
367 365 982
980 365 361
361 358 980
358 356 981
2160 356 352
352 349 2160
347 2161 349
347 343 964
340 964 343
337 962 340
334 960 337
330 956 334
956 330 328
325 958 328
321 2163 325
2163 321 319
923 319 316
313 912 316
309 922 313
307 920 309
303 921 307
2164 303 301
297 874 301
874 297 295
820 295 292
289 818 292
818 289 286
817 286 282
282 279 815
279 276 813
276 272 812
272 269 2167
269 265 2171
2171 265 263
263 259 2170
256 2170 259
254 801 256
254 249 797
797 249 247
244 795 247
241 793 244
238 791 241
235 2172 238
232 2172 235
232 228 784
784 228 225
225 222 771
772 222 220
774 220 216
216 213 774
213 210 775
210 208 777
781 208 204
101 781 204
204 201 101
201 198 102
198 195 103
191 188 110
188 185 110
2211 110 185
185 182 2211
117 2211 182
182 179 117
179 176 118
2212 118 176
176 172 2212
172 170 2212
123 2212 170
170 2213 123
2213 170 167
2213 167 126
167 165 126
128 165 162
162 158 128
130 128 158
127 129 40
165 128 126
126 124 2213
124 123 2213
120 2212 123
121 122 46
119 121 2214
2214 121 49
2212 120 118
2214 116 119
118 117 179
114 2211 117
116 2214 115
115 2214 52
113 115 54
2211 114 111
112 113 54
2215 112 54
2215 109 112
111 110 2211
110 107 191
109 2215 108
108 2215 2216
2216 2215 2217
2216 2217 2218
2216 2218 104
104 2218 98
2217 58 2218
58 95 2218
2217 2215 55
105 108 2216
107 106 191
106 103 195
2216 104 105
103 102 198
102 101 201
781 101 99
98 100 104
99 97 780
96 98 2218
96 2218 95
95 59 93
92 97 94
91 778 92
88 776 91
90 67 89
776 88 87
773 87 85
84 86 89
89 68 84
68 2219 84
85 83 770
81 84 2219
83 82 768
765 82 79
81 2219 80
70 80 2219
765 79 78
761 78 76
760 76 75
75 73 748
71 74 77
73 72 744
69 745 72
71 80 70
68 70 2219
745 69 66
68 89 67
67 90 65
66 64 746
93 62 65
2174 64 63
63 61 739
62 93 59
61 60 737
60 57 736
59 95 58
55 58 2217
57 56 736
56 53 731
54 55 2215
52 54 115
53 51 729
50 52 2214
51 48 727
49 50 2214
46 49 121
48 47 727
47 45 725
122 44 46
723 45 43
125 42 44
43 39 2175
42 125 41
40 41 127
39 38 2175
38 36 719
37 40 35
36 34 717
33 35 133
715 34 32
31 33 135
713 32 30
29 31 137
711 30 27
28 29 139
139 4 28
25 28 4
709 27 26
23 706 26
24 25 2
18 24 2
706 23 22
2176 22 21
21 20 636
20 17 636
18 19 24
636 17 16
14 633 16
9 15 0
13 632 14
2220 10 8
2220 8 156
7 9 0
156 8 6
140 6 5
4 139 5
4 2 25
0 3 7
2 1 18
1 0 15
$EndParametrizations
