$MeshFormat
4.1 0 8
$EndMeshFormat
$PhysicalNames
1
2 1 "cartilage"
$EndPhysicalNames
$Entities
1 1 1 0
1 35.95467764014924 0.1068483917600842 -29.16829386124964 0 
3 7.6957601606974 -8.682367840623446 -32.34482026436648 36.21495953914646 21.9718696247513 -25.02505640500269 0 2 1 -1 
2 7.682698650506541 -8.705458477961614 -32.34818193306612 36.21613064877953 21.97529094190587 -24.90978682645771 1 1 1 3 
$EndEntities
$Nodes
3 463 1 463
0 1 0 1
1
35.95467764014924 0.1068483917600842 -29.16829386124964
1 3 0 67
2
3
4
5
6
7
8
9
10
11
12
13
14
15
16
17
18
19
20
21
22
23
24
25
26
27
28
29
30
31
32
33
34
35
36
37
38
39
40
41
42
43
44
45
46
47
48
49
50
51
52
53
54
55
56
57
58
59
60
61
62
63
64
65
66
67
68
36.21495953914646 3.059902563023158 -29.33555661068294
36.15958800422683 6.007336531631591 -29.73746841928428
35.98924202182291 8.919737422525362 -30.32313707129167
34.81846646638793 11.60771135327956 -30.61773488523217
32.96727257526993 13.93815814306386 -30.67953605772133
31.02756370465621 16.17141451442841 -31.00123361996586
29.13415633413964 18.432798631875 -31.4084193566265
26.8793496571085 20.2766731007246 -31.92461979994609
24.78732205569977 21.39338020965965 -32.27276995662381
22.14583762422646 21.63058936930609 -32.33371744697752
19.19609111961452 21.9718696247513 -32.21367833227392
16.36087173572193 21.3783048201684 -31.60205650480275
13.93533386345806 20.22572007193185 -30.33898815763267
11.47189016117473 19.36959591084741 -29.29823039093378
9.135881677143329 18.55024227171553 -28.59142300972037
7.92963620402034 17.3503729810625 -27.56630908023032
8.036974360318757 15.97861701401093 -26.23956733835034
9.675074476333808 14.78544251989738 -25.29782220808653
12.09270269713213 13.67984234663198 -25.10628699110161
14.07454367374205 11.58677838358732 -25.10113190950432
14.60829201339872 8.776770225887665 -25.03126686668487
14.28506275882916 5.823576286498511 -25.10155181796736
14.24961495140899 3.031087446311475 -26.01531195840182
15.19098608743808 0.6169610201893631 -27.47046398568837
16.38716677907753 -1.770438541837678 -28.78355963345468
18.01368798228792 -3.972261942613698 -29.93941656765435
20.21036334941287 -5.839306022650883 -30.65075050642698
22.58938442596684 -7.610688966873083 -30.67729065088801
25.26438348045837 -8.632621361766647 -29.95005212305757
28.14066043905896 -8.371123625495072 -29.37326333734749
30.70949241688086 -6.943610066679087 -28.99652978777825
32.91038245404902 -4.947039819487816 -28.87196588831701
34.6840238914566 -2.573703940379205 -29.0429866116352
36.17257352914397 1.577165696426003 -29.23301868487994
36.20602234800246 4.541515832612249 -29.48953140065861
36.10833334964484 7.465188022818942 -30.04394805937699
35.5692791026679 10.32794550116799 -30.52087539385441
33.9108677929265 12.78509091383206 -30.65210844851503
32.00413591598624 15.0701126956298 -30.79919652401522
30.07790807323955 17.30040041810735 -31.20414961721868
28.05448515136014 19.4107786989533 -31.66068038345572
25.89159690327168 20.94080745049726 -32.1182420746051
23.47280947281609 21.53826466993139 -32.34482026436648
20.67505540563817 21.8573179595058 -32.29000419365296
17.75851180343947 21.77510751132542 -31.99739076362261
15.11334447017249 20.83639194401595 -31.01548475766661
12.73654756872562 19.74930169085073 -29.77858912995317
10.27457143804754 19.03696789183413 -28.96089182477501
8.405570253563564 18.01055329215114 -28.15849387374113
7.6957601606974 16.65156963649896 -26.88797505213194
8.760155852382217 15.3277320032596 -25.66799893961235
10.89026344510326 14.26063576277576 -25.11527802427932
13.2225602740501 12.76883861908663 -25.12385648656326
14.50974076209749 10.21547513974425 -25.05856969941705
14.51412056403531 7.291166505396737 -25.02505640500269
14.12849351007499 4.379631273707992 -25.41019377153932
14.65036177828119 1.80443002755368 -26.75639116149724
15.75595261584999 -0.599373980268888 -28.12148733948389
17.14026559049629 -2.890584262507179 -29.41130902562131
19.05870853836749 -4.942320799710203 -30.36099247893095
21.3850770544536 -6.743539725461566 -30.77134314656896
23.88385121204785 -8.265292028625854 -30.36153290657076
26.70723341934074 -8.682367840623447 -29.60305570451622
29.48483579909375 -7.767756189648697 -29.18049181596537
31.83652961817495 -5.977695594507342 -28.89278461720244
33.87826410265796 -3.818520153901088 -28.9242686781336
35.42749732322087 -1.213059990067481 -29.12938123204686
2 2 0 395
69
70
71
72
73
74
75
76
77
78
79
80
81
82
83
84
85
86
87
88
89
90
91
92
93
94
95
96
97
98
99
100
101
102
103
104
105
106
107
108
109
110
111
112
113
114
115
116
117
118
119
120
121
122
123
124
125
126
127
128
129
130
131
132
133
134
135
136
137
138
139
140
141
142
143
144
145
146
147
148
149
150
151
152
153
154
155
156
157
158
159
160
161
162
163
164
165
166
167
168
169
170
171
172
173
174
175
176
177
178
179
180
181
182
183
184
185
186
187
188
189
190
191
192
193
194
195
196
197
198
199
200
201
202
203
204
205
206
207
208
209
210
211
212
213
214
215
216
217
218
219
220
221
222
223
224
225
226
227
228
229
230
231
232
233
234
235
236
237
238
239
240
241
242
243
244
245
246
247
248
249
250
251
252
253
254
255
256
257
258
259
260
261
262
263
264
265
266
267
268
269
270
271
272
273
274
275
276
277
278
279
280
281
282
283
284
285
286
287
288
289
290
291
292
293
294
295
296
297
298
299
300
301
302
303
304
305
306
307
308
309
310
311
312
313
314
315
316
317
318
319
320
321
322
323
324
325
326
327
328
329
330
331
332
333
334
335
336
337
338
339
340
341
342
343
344
345
346
347
348
349
350
351
352
353
354
355
356
357
358
359
360
361
362
363
364
365
366
367
368
369
370
371
372
373
374
375
376
377
378
379
380
381
382
383
384
385
386
387
388
389
390
391
392
393
394
395
396
397
398
399
400
401
402
403
404
405
406
407
408
409
410
411
412
413
414
415
416
417
418
419
420
421
422
423
424
425
426
427
428
429
430
431
432
433
434
435
436
437
438
439
440
441
442
443
444
445
446
447
448
449
450
451
452
453
454
455
456
457
458
459
460
461
462
463
17.07813960834563 7.423212409073288 -25.2508455652106
33.51857808600755 7.542097871507895 -28.81096959491576
28.39824012705078 -5.122615806036424 -28.6380430379121
24.81408451929553 19.19767395217168 -30.67918753291318
12.83440020609688 18.71386779473122 -27.43138999585369
17.87942030985331 -0.01786189322520136 -27.3900796467033
30.24211637317013 13.5652275797842 -29.76644928969669
18.57998527312946 19.97185496391664 -30.3465033460178
33.24392648020113 -0.1547070049180198 -28.20261907252819
14.36749869472975 14.50840177651288 -24.95406111399446
17.3209680525681 11.32107896085339 -25.16622460950681
28.39120284661564 15.75291286833697 -30.01160697137494
19.232840262905 9.083970832907166 -26.12814126965898
19.68199442462762 12.02852187754646 -26.58040485679909
21.45733822687411 9.981959774759297 -27.24467035819266
19.02776421960762 6.316855078414886 -26.24953990048425
21.87559626413325 12.62239440427344 -27.80737723579466
23.83958582118984 10.6069742085804 -28.05303260353038
23.36078573516464 7.990765484611888 -27.55007431860884
25.86680232032892 8.595809415398078 -27.90561048567616
25.33811989634252 5.991966610346933 -27.56745771004665
20.63234149781083 -3.55424218880645 -28.63005292402357
13.32837158172037 16.29785316643443 -25.19929472600705
15.96969583334705 15.87476576893205 -25.74006498770275
20.06000100483301 14.63143894460221 -27.53398027972339
27.9931741216755 6.705128469182172 -27.70308543089222
27.41268566644217 3.989834346358095 -27.54727329540197
24.59595704483445 3.307764795729473 -27.65532468937574
26.62353856559679 1.268292182912673 -27.5677243113596
22.73744563097514 15.31213546193802 -28.99261774525007
9.630533533939008 17.24833259051267 -26.31775312567444
23.76107089540255 0.61800464630215 -27.60227558385289
15.76204597302969 18.88167054198506 -28.53141996068422
21.56772810637751 2.748413215908979 -27.62513807714758
27.34553671810945 13.26382288385631 -29.39493347523973
29.3195960995145 11.08785337818352 -29.20163083460679
30.10693960245962 4.782724866678752 -27.66967757748392
25.73658550924249 -1.438422672650946 -27.85367767614193
24.36507288771559 -6.387208266777428 -29.60725236860828
28.43050047502215 -0.5513562435042333 -27.77888810756022
20.63966635470888 16.84041183621108 -28.97565527445729
18.23923277147432 16.52289330759105 -27.52888223464508
25.57872061969635 15.23312439619817 -29.59708538638102
22.69702545624031 17.69836810843152 -29.8937896713795
30.60126893811567 7.194907187911114 -28.15011836122868
20.79293559155599 -0.4289025204753351 -27.55566490626435
10.83673494699286 18.49903974800955 -27.40615161311252
18.02162348565755 14.15307873215422 -26.05811887579081
29.31872664018702 2.031091611658487 -27.62058848020521
32.27199845992577 2.799019889215271 -27.79628376487274
16.78393111192187 4.588835749774559 -25.62247299798024
32.08532453064871 11.59945153551433 -29.59918558155578
19.07534832729955 3.621305277943542 -26.77446510697493
22.94856899532128 -2.011206192188832 -27.91348193483577
20.82305029436311 18.87086600389679 -30.10058414913132
24.41453430437206 13.05310362400226 -28.79351677732969
11.18356534275931 16.23781731914641 -25.25890460364193
22.68252294973063 5.360973386239067 -27.55744837578946
14.21377644584762 17.6456265573404 -26.36132800577002
16.11592340607445 17.6826765257031 -27.31382514751185
26.5598394451109 17.40122216010622 -30.29315391649843
17.33070605875508 18.57894271937238 -28.8524159714237
14.08451009287002 19.39906827284804 -28.82552047499573
17.0963548918391 2.127306841074085 -26.50094701031932
11.84275307516158 17.69180818419697 -26.04368534828139
34.33466858177273 4.622204550871202 -28.444614588759
26.47709054443583 10.88965841612676 -28.73291732631079
33.54019704825357 9.869127749347339 -29.51816322867813
18.79900345284215 -2.017155809416607 -28.09085249571682
32.26678666702459 -2.539882984812507 -28.35439028166932
22.67711457929308 19.87478339564342 -30.82077190562175
21.00806776768759 7.338534425784601 -27.06099019127674
28.44013416340309 9.004828670869266 -28.42399394263761
34.44409395041326 1.926271636627622 -28.34498500370716
30.37058163288036 -4.213583346906804 -28.41713962351731
25.37853679014039 -4.398403088560793 -28.75686733352762
27.83189247952661 -2.983687279065019 -28.20822924559311
30.83346955121121 0.006695936670927841 -27.84288107446442
15.95594844194584 19.85944489158114 -29.77858335269517
22.65729088593975 -5.09040836854905 -29.31934503371389
20.6470691899489 20.57033950477412 -31.12977810822272
26.33902895910916 -6.670910640408582 -29.27667849124654
32.31666958849898 5.571207046013798 -28.04378212679659
16.30284965790489 13.42910599425308 -25.07693202766895
24.5243433840137 16.98983679481058 -29.92272689832249
20.56577222283879 5.115611656775493 -27.15991980626275
31.13065804669139 9.586910451621335 -28.97895733976345
19.1793858810192 18.21437823336607 -29.27781381624822
19.41564508790016 1.547816814118062 -27.22070596443477
29.98157088824714 -2.09050349574018 -28.04831176050387
14.52763584116714 18.57842632936311 -27.6340506614575
17.20924426726523 9.36875791617287 -25.16050863427001
15.96350524272858 10.04597683995435 -24.96501235480687
15.84601876301928 8.096792881837676 -25.03507434979914
15.6835028286491 11.44745783833027 -24.93614516998712
28.11536328810562 -4.052108126456702 -28.42778709017935
26.60288892681459 -3.700250447791652 -28.44990317406211
26.88950149510365 -4.758083049597928 -28.70718638907043
25.86494046062991 -5.524139999387145 -29.05449028964095
27.36522499931307 -5.9028308220729 -28.93099803104965
10.20145409382278 17.95898636717176 -26.79645059643553
9.980498040089538 18.54369845833113 -27.98982802717973
9.339397509130965 17.9862771955266 -27.39998782452921
8.766320372385799 17.32196358648926 -26.92312032288092
22.41608239326687 20.81189270244476 -31.51652146712527
23.73849918560941 20.69303829583926 -31.48279847503277
23.74996515845536 19.561063269901 -30.69592403142212
24.82183885896458 20.35777172503136 -31.39091468480649
9.605252168022682 16.07280232224738 -25.67026795820048
8.835954004309707 16.61093415159256 -26.28236272321142
25.68589900281012 18.29745872188146 -30.49098227333183
26.74451394112335 18.89446944701642 -31.0098457194035
25.85811958046219 19.76224027906044 -31.26386899453431
25.05170042547438 16.1117922469594 -29.75873500818257
23.61722082332309 16.1300162497792 -29.52032839019029
24.14219151562005 15.25236233962123 -29.35753899703126
27.8629664272984 17.94943128581165 -30.78356226445303
18.19299524800177 8.248670464555406 -25.60850323233692
18.30221901804621 10.20266437054468 -25.60090041374934
23.61157163493563 17.34613756277285 -29.90187984225962
22.71577225419838 16.50243929191249 -29.45054789772329
17.01725382747331 15.03335255799752 -25.85808336648723
18.17640996495743 15.37367731167499 -26.72339908805608
17.12324031193058 16.21984707095027 -26.60598173373673
10.71745644368366 17.53313342901675 -26.10920753109404
11.32398800125389 18.17391875348543 -26.66529179989567
13.85296817405079 15.41166395676847 -25.02876633790999
12.63344578045493 14.98932215616183 -24.93895209569881
13.22667733099582 14.08899394970763 -24.97090165621919
21.79193386181895 -2.833504102326336 -28.16886283550788
21.8723533675956 -1.225454258229166 -27.69879128708122
20.65992840350383 -2.139242960002479 -27.88300508826535
10.42459380233095 15.51592170857631 -25.25984323309581
10.38243477641815 16.7951061920442 -25.69589474940489
25.35065888188738 -6.530818538492742 -29.43574230678386
24.86836828984433 -5.400874781935857 -29.15750983054292
12.24805294398953 16.29061958656622 -25.15998758891079
11.51785873663475 14.880064258734 -25.04199792068477
11.4985014442242 17.03141836829629 -25.55757385680342
19.79452524315458 -1.264342003302588 -27.65767381177993
19.71015195455588 -2.804700014385726 -28.3277487309994
22.80057554025541 -3.598417543124858 -28.51876091524052
24.01554818967934 -4.759537874985824 -29.00436205647203
24.16345482699429 -3.19602175412814 -28.35843495475411
15.85854103185698 19.36872609275627 -29.15655503072631
15.01975934429372 19.62301066150347 -29.30583932361434
14.93011159143861 19.1788593906962 -28.65425620725983
17.47493233022185 20.75857555005553 -30.89596871650286
18.89100213386794 20.99349376461209 -31.25612301567398
32.33684338065824 8.58214914012108 -28.8348752420306
30.86582627129328 8.390546447318872 -28.56561080876551
32.06847254441944 7.382298537383804 -28.43213833614018
21.64656795146354 -4.31404090860504 -28.98649966217444
11.14796585114863 18.97309309872361 -28.33762985871446
23.58389551833704 14.19163874778939 -28.86540778401374
24.99196535347103 14.13654696721225 -29.21927186177137
32.34994992523551 9.744526159820216 -29.18414644062194
33.5312711291505 8.707554923786414 -29.15775102365395
17.19035519350047 17.12164860908181 -27.3999636276702
16.07643409643564 16.82752786825656 -26.46775504383301
16.16152419657066 14.67639936207765 -25.34307580259408
17.19464987396336 13.80911331272468 -25.49962892620161
15.54092797107787 5.1906730862268 -25.28436273629956
16.945738938871 5.998590741071653 -25.37374787901893
15.68554975771256 6.617565468828961 -25.10123374986177
17.94452496303413 5.436978414007459 -25.84914430144949
18.0863217124326 6.860330657273123 -25.6810339154205
25.86913992034875 13.14531729687768 -29.15647514834927
26.4635893503269 14.25120031977698 -29.4820631873682
29.55337245910835 -6.038632919281326 -28.79355792366363
28.2709323743485 -6.743177146152616 -29.02199849478234
14.21609922960175 13.04432805332391 -24.98028542286414
19.48681761759348 10.55929905820318 -26.30369087695747
18.53436431916108 11.68071880298497 -25.81979459488546
16.82834377195258 12.37891252103653 -25.07071354700361
15.05690672693404 12.40071665571636 -24.93296359290717
15.33571864129659 13.96919483487873 -25.01045994779085
15.21025492938096 15.22496798435741 -25.21599617297057
25.4389784377289 11.96422127333303 -28.79083839697826
26.90248993917886 12.06487682753605 -29.11684840645316
18.69190376487238 17.34349690188607 -28.4355807666138
18.25608823965203 18.39861909671545 -29.06260634644739
17.80213267528559 17.58150763995711 -28.15802812763732
14.67275756377157 16.12933260340355 -25.37944637887142
18.87583572252731 13.09909681066229 -26.2815601932849
17.72520899243461 12.75834414480592 -25.51339528187894
19.91409211708767 17.53503244814783 -29.11380733665766
19.41311762579497 16.64589300009126 -28.30443341297796
34.78690104682827 8.247785132364932 -29.49961258235624
34.8952045786954 6.800555158198923 -29.17168311293647
19.17768591113671 15.6055956295015 -27.48672135698418
20.35843780797728 15.74546796732449 -28.23773031249962
21.65307549904775 17.24216291725359 -29.49760242927873
21.69171018377654 16.0805393273806 -28.97503919394821
27.89291556284431 10.97856829703517 -29.00691833013065
28.33102532178859 12.17307366859907 -29.3158748287078
28.8759326291983 0.7379168198078527 -27.67072026808016
27.97140113042158 1.649336731608586 -27.58487245288675
27.52815265804225 0.355315277772899 -27.64204978278197
27.87114284809741 14.51643816930433 -29.66149375138517
28.79716728951885 13.41999222885128 -29.54782175206335
29.32241657292504 14.66864785021091 -29.84771160973329
24.82919294793616 -7.495640809996766 -29.83068349101711
23.46124153048603 -7.016981327042584 -30.09463920216287
21.37381489814722 14.94637383069487 -28.32301160520906
31.55540281733222 1.400273967488135 -27.78759058240214
32.04540804753646 -0.07883499971433044 -27.9789901034783
32.76688952356416 1.31714832481142 -27.94083501641095
19.03994384109389 14.39173400615961 -26.79743586506509
19.9074537764361 13.34740404358511 -26.99441842636098
27.47684484984514 16.5799094720042 -30.14281750011857
28.78566105039661 17.1271693980008 -30.64184931966835
29.74650996633607 16.01377519741312 -30.40858113685356
30.68129753742788 14.9142836822875 -30.25514456082414
16.15845197918546 20.6119387570018 -30.69633899662617
17.26851334320003 19.91845252780994 -30.05966258769452
20.40319535179992 -4.741016658009078 -29.59094566261126
19.29443138405106 -3.830421217160352 -29.20516575605431
26.98550313899731 15.49448389204178 -29.79845636481584
34.6288227338584 -0.03467549359573386 -28.60743483308211
33.97605606158602 -1.369668465466789 -28.58680175468948
21.18331325728509 1.160103833481413 -27.55842661673921
22.27622275539336 0.09468165956559599 -27.60915043537398
22.66458434374832 1.680848964997195 -27.66546866474227
22.32466674688311 13.98409629444849 -28.35212275318408
20.9776756926411 13.63345852580407 -27.65071390907936
29.78260629254734 12.32943362093019 -29.46631630443727
20.76127420295401 12.3186434843309 -27.22824536826796
11.83183526559483 18.65256339002898 -27.39347042050461
12.14330621518567 19.12066600533126 -28.33516748717767
19.15085094876123 7.697228170101859 -26.1520453827026
31.62361040522882 13.77812552406312 -30.15388097296312
28.36621926751541 3.010169761726836 -27.56483522077828
27.01809581475355 2.629068281047952 -27.55609606423531
20.32393929412611 9.531752051679378 -26.72610652718506
20.55798645388784 11.00226606667364 -26.93694637241151
32.54392663204725 12.78688345974545 -30.09114285112471
33.48058414056906 11.62958779777184 -30.03335252821287
15.12154671311877 16.81825197235407 -25.9791246067318
13.7843319153556 17.01871292753491 -25.71190554224877
24.74967740566728 -0.4199889446357276 -27.64557890292802
26.18320222487266 -0.0926563579136734 -27.64074721810678
25.19213278231766 0.9430547955330751 -27.57435863589374
19.61221321701676 20.26315483404533 -30.74851119873862
19.92539965254378 21.29767505686578 -31.64281523868506
15.52653242349535 3.761871718236364 -25.68847869552679
27.08419694223836 -0.9982033930362852 -27.79725338358291
21.68262795706521 11.30831194936057 -27.48736976773407
27.45481524993632 9.939609793846691 -28.60004370972783
28.87144640140105 10.0276347242977 -28.86767269204345
29.71461308968681 3.406661696294094 -27.60835345560306
28.76074322658982 4.386946246146644 -27.57666427620167
23.08144531183514 3.027828304332465 -27.71183928755728
24.17904967534169 1.962281964387215 -27.64056839240033
30.79703987740192 2.414221654544329 -27.68211535301863
31.19168001522175 3.791802551416093 -27.70064786891469
14.94651248313466 20.10699368568305 -30.01334536672768
14.00995562009153 19.82476509162165 -29.57548275716832
29.05169968875999 5.745879255282469 -27.66969314495761
27.7050504970574 5.349330336914379 -27.56127911387406
34.79706511783009 9.415417262792772 -29.85340384762959
29.10055598626996 -3.602887337472804 -28.29130270114662
29.38397839701024 -4.674791201139412 -28.49588370436404
25.6089847475623 2.28860196280731 -27.58385126315551
26.00351418419191 3.648559557194573 -27.58285406991005
30.17641089259906 -3.154820809678289 -28.21575366660612
28.90641538621277 -2.542583077421588 -28.09934875051061
21.40220626176428 21.132567657469 -31.69934410773511
21.66146134975039 20.21565150401054 -30.98541831252511
12.34069623821538 18.24859720279201 -26.70383625630051
13.03488110555082 17.71283968570614 -26.16121583083822
13.5339819634863 18.24208894093426 -26.84582332348554
30.36587992650845 6.005323442487161 -27.83096479064961
29.30242051299094 6.959723535222523 -27.89156690154019
23.35615063868396 -0.7095163146872678 -27.66667167659757
30.07725195204354 1.017589248866177 -27.7125063303287
27.23738741541103 -7.524479937817576 -29.30739364456333
22.63970774095831 10.29096456064181 -27.67686662126335
22.8467642323206 11.6084133888832 -27.96120046502355
23.13523704258122 12.83106161978173 -28.32899118914488
15.14475601121418 18.72971438389517 -28.08297694776543
15.34003954454487 18.171825035508 -27.43905564258903
15.94714394704577 18.29980030699381 -27.90645319008234
24.9668293038593 4.649701464643386 -27.60695447707923
26.37526334584808 4.990814628017027 -27.55157159621211
24.61484151697288 8.294703720117983 -27.71850108315344
24.84588518889574 9.589746402669441 -28.02076721544501
23.60811963480002 9.307401048035517 -27.75074053035745
22.39432967504905 8.982531536779135 -27.4558752494938
26.66747486870166 6.351552621063348 -27.5951086875864
31.16318701084395 12.58160264509801 -29.68557061466095
22.6913733841127 18.80842253278323 -30.29937799027412
23.75800808994792 18.45668297413171 -30.25792733362233
21.76276725135941 18.29269119743235 -29.97858948862615
20.72805921365784 17.84914363475624 -29.55024906393931
23.64007917345525 4.337692883841999 -27.66591596192676
22.12099243131432 4.057268770049157 -27.63564592839837
24.3421965711473 -1.722550036963133 -27.89183679756011
30.70523852883719 11.35047190762565 -29.36797915245047
13.45992732535141 19.06356728378692 -28.12449700236057
12.76712139920003 19.46703263582922 -29.0300395306472
17.94601766264384 4.096335595323534 -26.16092979752185
19.05689496468565 4.967212237989298 -26.50199419826653
26.93075266392152 7.653148641688547 -27.79254095605866
25.60695621751079 7.304738670245078 -27.65138473445524
17.09788537862407 -0.9677714315679591 -27.96288078442053
16.52410375137394 0.2682635084493369 -27.37914250887639
24.3490163702474 6.990885737114723 -27.57289186745085
16.71365768778132 18.1109174573029 -28.10250266852546
16.54966620927895 18.73934878462539 -28.68359282811377
18.37399905627562 -3.056514663339344 -28.93837737394131
29.78116034130676 9.283748457051427 -28.73537267882964
29.5228102793175 8.104456747905699 -28.27337171614574
24.67498912982006 18.10659472397727 -30.25762193292293
16.12649439447742 1.306425824079311 -26.87166366005534
15.67277281511384 2.567578875246046 -26.23537462649808
23.51800674511394 -5.721610111263123 -29.50371705395752
14.3783966861099 18.13930879037105 -26.97695855029315
15.17749053949372 17.69179678102793 -26.81215050824018
24.01058295876011 5.677356194878792 -27.58562082227668
24.13105684253577 11.83342737842894 -28.40934389761206
33.85551773492762 0.8817731722352224 -28.23170145188752
33.37207539134548 2.35984474624469 -28.00873395159937
23.025230262457 6.676281953823319 -27.49630346402183
31.46318695415666 6.389064547164957 -28.07021942837088
32.92681278452554 6.567459402902998 -28.38533604167379
28.22693425112732 7.879559269640176 -27.98764139250596
18.33232540403102 -1.031791032040401 -27.70685184164071
19.33787097337965 -0.2293703890888446 -27.43362141905244
26.07144420023926 16.32314339061867 -29.92240360641494
17.5817055922174 -1.916284294318813 -28.40339882599965
25.15723516389045 10.74693218031766 -28.39803393201634
12.59369047894793 17.04119810291472 -25.53535630864873
22.17224901347506 7.664847369010101 -27.35884539630704
21.83615497887264 6.35298390893281 -27.35438831108245
16.94888245665171 3.346759844027628 -26.02292933850378
20.74122717033516 19.74342212596125 -30.57853298075078
19.70701774992197 19.43884333134772 -30.19757543350455
35.27262240374449 5.324052115546928 -29.04470840640327
35.30563056812625 3.846574110982493 -28.83589826024166
25.80119011735184 -7.652188023018336 -29.61119082281396
34.19855599207897 10.75359035216528 -30.02539094516007
30.53997969865708 -5.578422653705275 -28.70769462468271
31.64506376356575 -4.587976125678825 -28.6067756345075
22.63725540899627 -6.322928037159235 -30.04583617980311
20.00281052974387 6.832124563364629 -26.6873001425669
20.09919105605923 8.213561606673524 -26.63430993257907
30.22380481863442 10.33395188340894 -29.10333209580671
26.17522686811022 9.748977940239836 -28.30095098782494
33.94522525641948 6.093349391929674 -28.57892458087829
31.55396395405392 -1.271933619841431 -28.05892420956928
32.75863964106492 -1.349821975328128 -28.26233141786859
33.49250203830024 -2.567830180639259 -28.63575961057262
32.58823320797393 -3.743178046472575 -28.61487229378038
17.48653419210357 1.06320577222119 -26.96717367803479
21.40508741863596 -5.526762118170034 -29.90504040945447
35.20753043813777 1.015103900281348 -28.73900910168972
21.05101199446926 3.936929983175865 -27.45198866011066
19.8201434209298 4.368605529707271 -26.96816863547583
20.28575055999649 3.19886615351196 -27.30282395488101
31.21645645382056 5.181406934000986 -27.81834548274774
29.63248050832898 -0.2735543239235381 -27.79902822744699
16.65523121368246 19.25999485942501 -29.2728673737453
32.30303839914293 4.190585919930825 -27.86001449876814
30.40843996072936 -1.043807896215498 -27.93063164303171
31.1285434878822 -2.320971158659309 -28.16436289614941
20.79194206315099 6.225709319203464 -27.09433147358447
21.6051843132736 5.248263522889912 -27.43566034374462
35.36013906181281 2.493982882716959 -28.78605391293109
26.78423400990792 -2.206779273874425 -28.04775334105378
25.55691360813938 -2.931220754113277 -28.26476893276318
21.24592279074618 8.660589647829024 -27.10975867689351
20.4888736279424 2.148492667198138 -27.43565022099334
20.09929236801385 0.5619361869180692 -27.42483879986224
32.817375359074 10.73933113158138 -29.53796095897764
34.40738133112514 3.27568634559863 -28.34672113397122
33.33644682260663 3.714481536312774 -28.0049956421843
27.15628341963338 8.807178725514987 -28.14522352518652
21.74874676687058 19.36433950505881 -30.47605502408837
19.23690402402329 2.588587514044718 -27.02401738556034
28.13138727618188 -1.773889457795061 -27.95828595851604
17.9448720466664 19.2469472480324 -29.63339340176838
18.11852034255109 2.852180752945498 -26.55503416278782
18.6664672268966 0.7452654571381493 -27.19379347404874
18.25349198989822 1.839667199344091 -26.86853486886981
33.33801491825584 5.10517755701083 -28.19636312590964
13.68721826327948 18.67990053059674 -27.51093632028186
14.30882920677157 19.0096170509985 -28.21668757155046
25.54239647450987 17.19622434282969 -30.1054107302488
18.88715571474264 19.1104783418993 -29.78545909229084
19.99208864820123 18.52219282387852 -29.72570894872952
19.78156471376651 5.720690169413311 -26.73774593013404
31.60789178304768 10.59294656867019 -29.29005080422301
31.32287457191793 -3.38240649728569 -28.34721623878408
29.20615311490273 -1.321441679103835 -27.91013782500084
$EndNodes
$Elements
1 214 1 214
2 2 9 214
1 69 79 22 160 161 162 
2 22 79 21 161 163 55 
3 71 145 144 164 165 166 
4 144 150 71 167 168 166 
5 99 115 16 169 170 171 
6 17 99 16 172 171 50 
7 11 139 10 173 174 44 
8 10 139 72 174 175 176 
9 19 99 18 177 178 52 
10 72 129 9 179 180 181 
11 111 153 98 182 183 184 
12 9 129 8 180 185 42 
13 69 81 79 186 187 160 
14 98 153 112 183 188 189 
15 92 116 110 190 191 192 
16 99 133 115 193 194 169 
17 78 91 20 195 196 197 
18 90 122 114 198 199 200 
19 19 125 99 201 202 177 
20 107 150 144 203 167 204 
21 91 125 20 205 206 196 
22 125 133 99 207 193 202 
23 114 137 90 208 209 200 
24 122 148 144 210 211 212 
25 101 147 131 213 214 215 
26 13 76 12 216 217 46 
27 70 155 113 218 219 220 
28 90 148 122 221 210 198 
29 16 115 15 170 222 49 
30 98 124 111 223 224 184 
31 136 155 70 225 218 226 
32 110 128 92 227 228 192 
33 92 152 116 229 230 190 
34 23 119 69 231 232 233 
35 10 72 9 176 181 43 
36 69 119 84 232 234 235 
37 111 124 103 224 236 237 
38 32 71 31 238 239 65 
39 18 99 17 178 172 51 
40 20 125 19 206 201 53 
41 21 78 20 240 197 54 
42 81 82 79 241 242 187 
43 79 152 21 243 244 163 
44 78 152 92 245 229 246 
45 124 135 103 247 248 236 
46 110 156 130 249 250 251 
47 78 92 91 246 252 195 
48 82 116 79 253 254 242 
49 109 156 110 255 249 256 
50 4 70 3 257 258 37 
51 109 110 93 256 259 260 
52 98 112 109 189 261 262 
53 103 135 104 248 263 264 
54 108 117 97 265 266 267 
55 80 103 75 268 269 270 
56 30 107 29 271 272 63 
57 98 109 93 262 260 273 
58 118 146 77 274 275 276 
59 93 116 82 277 253 278 
60 8 129 80 185 279 280 
61 7 80 75 281 270 282 
62 8 80 7 280 281 41 
63 13 147 76 283 284 216 
64 28 90 27 285 286 61 
65 80 111 103 287 237 268 
66 1 77 34 288 289 68 
67 102 114 100 290 291 292 
68 85 98 93 293 273 294 
69 103 104 75 264 295 269 
70 85 93 82 294 278 296 
71 15 115 73 222 297 298 
72 69 84 81 235 299 186 
73 7 75 6 282 300 40 
74 97 117 95 266 301 302 
75 21 152 78 244 245 240 
76 81 83 82 303 304 241 
77 6 120 5 305 306 39 
78 92 127 91 307 308 252 
79 100 106 97 309 310 311 
80 76 149 12 312 313 217 
81 24 119 23 314 231 57 
82 106 108 97 315 267 310 
83 83 85 82 316 296 304 
84 135 141 104 317 318 263 
85 95 117 105 301 319 320 
86 96 102 100 321 292 322 
87 117 118 105 323 324 319 
88 131 147 14 214 325 326 
89 95 105 94 320 327 328 
90 4 136 70 329 226 257 
91 143 145 71 330 164 331 
92 23 69 22 233 162 56 
93 96 97 95 332 302 333 
94 143 158 145 334 335 330 
95 11 149 139 336 337 173 
96 110 116 93 191 277 259 
97 96 100 97 322 311 332 
98 73 133 127 338 339 340 
99 105 113 94 341 342 327 
100 114 122 100 199 343 291 
101 117 146 118 344 274 323 
102 71 150 31 168 345 239 
103 83 86 85 346 347 316 
104 85 124 98 348 223 293 
105 101 159 128 349 350 351 
106 89 96 95 352 333 353 
107 87 88 86 354 355 356 
108 83 87 86 357 356 346 
109 89 95 94 353 328 358 
110 75 120 6 359 305 300 
111 72 139 112 175 360 361 
112 112 123 109 362 363 261 
113 96 126 102 364 365 321 
114 100 122 106 343 366 309 
115 104 120 75 367 359 295 
116 73 131 15 368 369 298 
117 119 121 84 370 371 234 
118 89 94 88 358 372 373 
119 14 147 13 325 283 47 
120 26 74 25 374 375 59 
121 87 89 88 376 373 354 
122 128 130 101 377 378 351 
123 90 137 27 209 379 286 
124 113 155 141 219 380 381 
125 112 153 72 188 382 361 
126 25 132 24 383 384 58 
127 144 148 107 211 385 204 
128 128 159 127 350 386 387 
129 89 126 96 388 364 352 
130 86 124 85 389 348 347 
131 116 152 79 230 243 254 
132 77 142 118 390 391 276 
133 115 133 73 194 338 297 
134 87 126 89 392 388 376 
135 113 151 70 393 394 220 
136 113 141 94 381 395 342 
137 74 137 114 396 208 397 
138 80 129 111 279 398 287 
139 27 137 26 379 399 60 
140 15 131 14 369 326 48 
141 86 135 124 400 247 389 
142 127 133 91 339 401 308 
143 12 149 11 313 336 45 
144 87 140 126 402 403 392 
145 24 132 119 384 404 314 
146 123 149 76 405 312 406 
147 3 134 2 407 408 36 
148 30 150 107 409 203 271 
149 5 136 4 410 329 38 
150 32 143 71 411 331 238 
151 33 143 32 412 411 66 
152 107 148 29 385 413 272 
153 84 140 81 414 415 299 
154 141 155 104 380 416 318 
155 88 135 86 417 400 355 
156 70 134 3 418 407 258 
157 77 146 138 275 419 420 
158 31 150 30 345 409 64 
159 34 138 33 421 422 67 
160 74 132 25 423 383 375 
161 92 128 127 228 387 307 
162 29 148 28 413 424 62 
163 77 138 34 420 421 289 
164 1 142 77 425 390 288 
165 102 154 121 426 427 428 
166 105 151 113 429 393 341 
167 108 146 117 430 344 265 
168 130 147 101 431 213 378 
169 118 151 105 432 429 324 
170 146 158 138 433 434 419 
171 140 154 126 435 436 403 
172 2 142 1 437 425 35 
173 144 145 106 165 438 439 
174 83 140 87 440 402 357 
175 102 157 114 441 442 290 
176 120 136 5 443 410 306 
177 118 142 134 391 444 445 
178 126 154 102 436 426 365 
179 88 141 135 446 317 417 
180 139 149 123 337 405 447 
181 81 140 83 415 440 303 
182 110 130 128 251 377 227 
183 121 157 102 448 441 428 
184 28 148 90 424 221 285 
185 94 141 88 395 446 372 
186 106 145 108 438 449 315 
187 76 147 130 284 431 450 
188 119 132 121 404 451 370 
189 26 137 74 399 396 374 
190 134 142 2 444 437 408 
191 74 157 132 452 453 423 
192 134 151 118 454 432 445 
193 114 157 74 442 452 397 
194 132 157 121 453 448 451 
195 73 159 131 455 456 368 
196 122 144 106 212 439 366 
197 112 139 123 360 447 362 
198 127 159 73 386 455 340 
199 72 153 129 382 457 179 
200 76 156 123 458 459 406 
201 121 154 84 427 460 371 
202 129 153 111 457 182 398 
203 104 155 120 416 461 367 
204 138 143 33 462 412 422 
205 91 133 125 401 207 205 
206 145 158 108 335 463 449 
207 70 151 134 394 454 418 
208 123 156 109 459 255 363 
209 130 156 76 250 458 450 
210 84 154 140 460 435 414 
211 120 155 136 461 225 443 
212 131 159 101 456 349 215 
213 108 158 146 463 433 430 
214 138 158 143 434 334 462 
$EndElements
$Parametrizations
1 1
3
286
35.95467764014924 0.1068483917600842 -29.16829386124964 0
36.02769705622769 0.4109307133405506 -29.17823093308766 1
36.0856240702041 0.7286639381368127 -29.19051541882245 2
36.12996384317941 1.063130911173861 -29.20560279321955 3
36.16255805392088 1.41543840350888 -29.2237235742286 4
36.18540728583796 1.784401866636675 -29.24492937168069 5
36.200503154492 2.166619361744804 -29.26915563092108 6
36.20967938607971 2.556917429879294 -29.29628754890523 7
36.21449077527847 2.949084480414581 -29.3262177490896 8
36.21613064877953 3.336758636886803 -29.35888782607872 9
36.21539799863066 3.714316202582131 -29.39430999349474 10
36.21272252073216 4.077614895467751 -29.43256894212395 11
36.20824822981987 4.424480608302923 -29.47380704836983 12
36.20196443623398 4.754877840575511 -29.51819780770021 13
36.19385951813129 5.070761716059369 -29.56591287875493 14
36.18406187361101 5.375662086879368 -29.61708746805142 15
36.17292778469765 5.674089204508753 -29.6717874663697 16
36.16104086416572 5.97086901112753 -29.72998019603555 17
36.14910301490348 6.270515075480667 -29.79150937582251 18
36.13771960188794 6.576724879992407 -29.85607435528935 19
36.12710841484847 6.892057228450925 -29.92321381091082 20
36.11678549844357 7.217811600246465 -29.99229517081615 21
36.10529560961114 7.554096214112898 -30.06251233825731 22
36.09005673561383 7.900044657993515 -30.13289539862475 23
36.06737380757886 8.254123572789064 -30.20233630826911 24
36.03264988039868 8.614468521994475 -30.2696336392032 25
35.98078833167045 8.979188609083304 -30.33355687664049 26
35.90674286998909 9.346592847245741 -30.39292724825617 27
35.80614231693794 9.715307961551469 -30.44670791610042 28
35.67589948606139 10.08427758691926 -30.49409293802126 29
35.51471165648098 10.45265276046544 -30.53458243720685 30
35.32337343413563 10.81960204772231 -30.56803202428798 31
35.10484917403905 11.18408501985373 -30.59466775543097 32
34.8640863284946 11.54464181404629 -30.61506342439537 33
34.60758614960776 11.89925376043532 -30.63008385959365 34
34.34278021596583 12.24532363647251 -30.64080429923255 35
34.07728426737059 12.57980759935823 -30.64842031446958 36
33.8181145769917 12.89950679518519 -30.65416405205223 37
33.57095706702479 13.20149607508134 -30.65923987699389 38
33.3395731111459 13.48363594722903 -30.66478661117299 39
33.12541295514568 13.74508693481489 -30.67186555536271 40
32.92748845070566 13.98672998160874 -30.68146576233912 41
32.74253084241991 14.21139681707139 -30.69451255292814 42
32.56542869012301 14.4238335446925 -30.71186379875415 43
32.38990768609221 14.63035838756687 -30.73428192469724 44
32.20938013124267 14.8382248294229 -30.76237709651079 45
32.01786137305189 15.05475716464522 -30.79652720625668 46
31.81083120422373 15.28637481912335 -30.83679029575267 47
31.5859134563852 15.53765556237235 -30.88283215791699 48
31.34326169065971 15.81059585304534 -30.93389367471963 49
31.08557485039791 16.10420587262912 -30.98881779315839 50
30.81771952752855 16.41452886691919 -31.04614548865007 51
30.54599912876267 16.73510624697056 -31.10427545044248 52
30.27717311713226 17.05783365558784 -31.16166710084778 53
30.017379014278 17.37408287431658 -31.21705417231784 54
29.77113539215817 17.67591422813981 -31.26962983581309 55
29.54059802930963 17.95718432529164 -31.31916633209731 56
29.32520294177198 18.21436873656612 -31.36604234913052 57
29.12176422872103 18.44696693521621 -31.41116811176392 58
28.92501371215587 18.65742813980003 -31.45581799689572 59
28.72848855004536 18.85061883049008 -31.50139929865329 60
28.52560787584697 19.03292943100907 -31.54919889886564 61
28.31074396611873 19.21117553610696 -31.60015444852962 62
28.08009529015855 19.3914776537512 -31.65469183857347 63
27.8322065355587 19.5782986661357 -31.71265688688544 64
27.56804853140941 19.77378272666521 -31.77334944955123 65
27.29065449381458 19.97748170940249 -31.83564712287278 66
27.00439234995694 20.18648670117293 -31.8981876161496 67
26.71401915600856 20.39591687491578 -31.95956823309873 68
26.42370181573692 20.59966655716358 -32.01852003906269 69
26.1361904609211 20.79128174671285 -32.07402321609255 70
25.85229814236287 20.9648316927513 -32.12534670305503 71
25.57077987212791 21.11565722974395 -32.17201530232174 72
25.28862723780064 21.24090938230017 -32.21372613372486 73
25.00171662509562 21.33983070910962 -32.25024868656261 74
24.70568290810498 21.41377128388952 -32.28134581419208 75
24.3968495483972 21.46596379800977 -32.30674580410364 76
24.07303522251013 21.50110462917579 -32.32617925268019 77
23.73407955608212 21.52480058991257 -32.33947369931513 78
23.38198204417085 21.54294529678272 -32.3466789339456 79
23.02061868501538 21.5610877105375 -32.34818193306612 80
22.65507997888548 21.58385075951391 -32.3447669826048 81
22.29074568579889 21.61445226627761 -32.33758514718933 82
21.93226531921691 21.65437298943441 -32.32801704880534 83
21.58263651052564 21.70320657697174 -32.31743905489967 84
21.24256257103686 21.75871203756809 -32.30692981069642 85
20.91022531162908 21.81707020872159 -32.29697441775739 86
20.58153627468907 21.87332313100143 -32.28723237088074 87
20.25084266543229 21.92195024155949 -32.27642893055841 88
19.91197680323372 21.95751370221728 -32.26240869058324 89
19.55946908074893 21.97529094190587 -32.24235886483275 90
19.1897065799652 21.97180951231366 -32.21317441619515 91
18.80182163348154 21.94521122579944 -32.17190610265453 92
18.39813786253483 21.89539671949132 -32.11621237604478 93
17.98407809600543 21.82393589434012 -32.04473219072892 94
17.56753475045416 21.73376666831157 -31.95730886073707 95
17.1578010475635 21.62873820439569 -31.85502316944251 96
16.76424095353179 21.51307778833213 -31.74003050442397 97
16.3949229858833 21.39086833301466 -31.61523424552798 98
16.05544706667734 21.2656156608887 -31.48385799283383 99
15.7481566289752 21.13996280811233 -31.34899630986206 100
15.47185755245787 21.01557773235789 -31.21322447387887 101
15.22207521107214 20.8932086355988 -31.07833275484466 102
14.99178890481723 20.77287370612091 -30.94522381981946 103
14.77250731912087 20.65413416680565 -30.813979391222 104
14.55549964919923 20.53639293047211 -30.68407045155992 105
14.33298323336971 20.41916642501903 -30.55466114440151 106
14.09908768623393 20.30229016970954 -30.42494341768241 107
13.85046284409619 20.18603499990806 -30.29443890427007 108
13.58646110061273 20.07112661714741 -30.16321509307174 109
13.3088943724966 19.95867400371846 -30.03198171694912 110
13.02142942533609 19.85002092477541 -29.90205554253813 111
12.72873553710732 19.74653976754206 -29.77520343340377 112
12.43553116904916 19.64939019496215 -29.65339140353761 113
12.14568671458131 19.55926803750965 -29.53847893256329 114
11.86153013721421 19.47617385946501 -29.43190300050465 115
11.58347172936875 19.39923316516813 -29.33439482576832 116
11.31001778886016 19.32660088269505 -29.24576632401993 117
11.03818218865869 19.25547789386683 -29.16479320836265 118
10.76423905186029 19.18225606189656 -29.08920982897721 119
10.48469684930139 19.10278984086842 -29.01581800867812 120
10.19732420427797 19.01277013558046 -28.94069961792712 121
9.902032852465107 18.90815412522017 -28.85951178165741 122
9.601429860866308 18.78558842429117 -28.76783488224466 123
9.300894357170833 18.64275846801234 -28.66153879058912 124
9.008109908782364 18.47860560718221 -28.53713131946895 125
8.732082542493906 18.29337667171794 -28.39205651910241 126
8.481775686833684 18.08850258609212 -28.22491686086451 127
8.264580513354456 17.86633718798877 -28.03560290263093 128
8.084890997408101 17.62981554658443 -27.82532421634417 129
7.943053400491227 17.38210607699917 -27.59654495365312 130
7.834906870481181 17.12632803726688 -27.35283496553499 131
7.7520323079418 16.86538597570507 -27.09865219163306 132
7.682698650506541 16.60194003410644 -26.83907409954124 133
7.783382959805591 16.37322670242111 -26.61657336830191 134
7.884067278871179 16.14451334886454 -26.39407261545071 135
8.034738167052051 15.98094525161488 -26.24171198038609 136
8.191276986727269 15.81796311054863 -26.09158196349467 137
8.358963917866985 15.65622053875995 -25.94594515132813 138
8.541965738716488 15.49649315979696 -25.80709452270876 139
8.742929397540227 15.33970572349728 -25.67729564153152 140
8.962741518804014 15.18691927561781 -25.5586683448327 141
9.200485068401651 15.03926813664093 -25.45302403051916 142
9.453603495747732 14.89784294821243 -25.36169109910665 143
9.718258485073928 14.76352587390653 -25.28536859118044 144
9.989841701951198 14.63679551356396 -25.2240445357867 145
10.26357720102791 14.51753055899668 -25.17700168423011 146
10.53513367494565 14.40484885366561 -25.1429131253688 147
10.8011578921864 14.29701902056296 -25.12000948471094 148
11.05964672477198 14.19147379332164 -25.10628385658386 149
11.31009510438575 14.08493814994194 -25.09969420818415 150
11.55338990091102 13.97366328809539 -25.09832746982544 151
11.79146077740364 13.85373571079972 -25.10050234366129 152
12.02674134826369 13.72141417465767 -25.10480604738485 153
12.26153027523445 13.57343956434717 -25.11007745544618 154
12.49736354314722 13.40726913842309 -25.11536076241995 155
12.73451167411358 13.22120353487043 -25.11985742813349 156
12.9716967718745 13.01439953496047 -25.12289894336775 157
13.20608599212802 12.78678804150992 -25.12395101953521 158
13.43356798735202 12.53893684864576 -25.12264567893369 159
13.64926587454153 12.2719071161266 -25.11882592500033 160
13.84819535598011 11.98714669473428 -25.11258124274965 161
14.02594940442881 11.68644521920796 -25.10425372940852 162
14.17928712301851 11.37194959227284 -25.09440292295081 163
14.30652504131439 11.04621177649207 -25.0837296947113 164
14.407669376102 10.712222787901 -25.0729720991036 165
14.48427949992789 10.37338223118321 -25.06279483625193 166
14.53910449116187 10.03336550906409 -25.05369697266639 167
14.57557577125812 9.69587635446328 -25.04595833668035 168
14.59726032068114 9.364306325813313 -25.03963572820929 169
14.60737722950955 9.041355064438747 -25.03460820001545 170
14.60845826044888 8.728686247315604 -25.03065963385493 171
14.6021964966222 8.426696487342285 -25.02758026239701 172
14.58948443756228 8.134458082306958 -25.02526701871009 173
14.5706050440825 7.849862927452189 -25.02380646209918 174
14.54551464793784 7.569952296857315 -25.02353178578096 175
14.51414858212109 7.291376286443193 -25.0250532527777 176
14.47668829068902 7.010898198126983 -25.02926779005349 177
14.43374951022054 6.725848958980794 -25.03735580593091 178
14.38647686356796 6.434448704648368 -25.05077090832436 179
14.33655297345301 6.135943385564665 -25.07122260249201 180
14.28614474286109 5.830545963364964 -25.10064524972689 181
14.23781309226968 5.51921420882528 -25.14114117031609 182
14.19440643137196 5.203329699063655 -25.19488463330612 183
14.15894522310568 4.884359112847603 -25.26397771578237 184
14.13449284279824 4.56357513857845 -25.35025836705747 185
14.12400116672741 4.241892789146632 -25.45507383204427 186
14.130120723097 3.919844629823168 -25.57904575343342 187
14.15497605893898 3.597682997532668 -25.72186369787898 188
14.19992363548895 3.275568141891002 -25.88214785021879 189
14.26532706626028 2.953784024239693 -26.05741770108749 190
14.3503962392996 2.63292193872782 -26.2441915033276 191
14.45313805414046 2.313984073471466 -26.43822246983941 192
14.57045496971499 1.998380821936505 -26.63485500284876 193
14.69840422037954 1.687820817697106 -26.82946245503899 194
14.83259963331881 1.384115579994841 -27.0179105916023 195
14.96870722726336 1.088936213595972 -27.19698216147822 196
15.10296209050704 0.8035661965206984 -27.364699337238 197
15.2326237144039 0.5286919459270161 -27.52049339961962 198
15.35629271524915 0.2642643030791216 -27.6651925586659 199
15.47403392097539 0.009450995216558233 -27.80082611204103 200
15.58728428323203 -0.2373127964573927 -27.93027168364441 201
15.69856184163962 -0.4781809907460337 -28.05679723979796 202
15.8110270558018 -0.7156755307513798 -28.18356649871548 203
15.92797274855889 -0.9524112813690531 -28.31318204602625 204
16.05232913883256 -1.190796775868081 -28.44733387676244 205
16.18626408732749 -1.432745181612326 -28.58660326047561 206
16.33093914945025 -1.679432176616272 -28.73044573068981 207
16.48645241574359 -1.931135782172491 -28.87734711279155 208
16.65196554057687 -2.187186708824465 -29.02511842434367 209
16.82598222157187 -2.446045685889679 -29.17127361695347 210
17.00672231467048 -2.705507130092343 -29.3134227604289 211
17.19252349179119 -2.963008294775884 -29.4496136931751 212
17.38220144003377 -3.216003573880551 -29.57856750800318 213
17.57530941847921 -3.462348635919104 -29.69977471939178 214
17.77225654133527 -3.700632847385007 -29.81344531163116 215
17.97426657369545 -3.930403119294672 -29.92033240758342 216
18.18318415842181 -4.152238020165496 -30.02147076795423 217
18.40115871541336 -4.367656360767054 -30.11788408142126 218
18.6302551221697 -4.57887363027463 -30.21031721609896 219
18.87205334474588 -4.78844674612019 -30.29904086599348 220
19.12730271747084 -4.998868191649953 -30.38375916412798 221
19.3956914863522 -5.212179193200301 -30.46362893221393 222
19.67577652290587 -5.429665322845139 -30.53737722753671 223
19.96509485854822 -5.651680659926987 -30.60348602176047 224
20.26044925391617 -5.877620711858038 -30.66040231476591 225
20.5583291853267 -6.106035748695311 -30.7067309887458 226
20.85540285935271 -6.334850838834685 -30.74137563887841 227
21.14899862026023 -6.561643391481356 -30.76360746639974 228
21.43749168382258 -6.783924731240356 -30.77306063851341 229
21.72052555546038 -6.999378900161203 -30.76967008524808 230
21.99902518001848 -7.206027520630428 -30.75358033486794 231
22.27499763231609 -7.402309351529887 -30.72505930560795 232
22.55115729186876 -7.587081353165718 -30.6844473216256 233
22.83044806460438 -7.75956063601901 -30.6321600616027 234
23.1155568425093 -7.919232260833502 -30.5687477337484 235
23.40851422849637 -8.065745098115146 -30.49499483765845 236
23.71045968575799 -8.198810691175339 -30.41203054851477 237
24.02161124439909 -8.318111629409721 -30.32141239470538 238
24.34143342229296 -8.423219878209167 -30.22514775440618 239
24.66895054546191 -8.513524329384824 -30.12562912985622 240
25.00311848069863 -8.588170601794177 -30.02547774318216 241
25.34315322037891 -8.646022983895602 -29.92731177710223 242
25.68872536512345 -8.685665162677871 -29.83347549163264 243
26.03996253940834 -8.705458477961614 -29.745778577405 244
26.39725086877515 -8.703671398455844 -29.66529776718493 245
26.76087946320308 -8.678681015039828 -29.59228400005119 246
27.1306164700039 -8.629228099030307 -29.52619920881875 247
27.50532932780866 -8.554687672514174 -29.46588125794122 248
27.88275932676736 -8.455302708413123 -29.40980908279946 249
28.25953032919036 -8.332324419671881 -29.35641894025263 250
28.63142028521382 -8.188012904541974 -29.30441141430482 251
28.99386270112154 -8.025475641415948 -29.25299025574972 252
29.34258907575286 -7.848355071434673 -29.20198857202058 253
29.67428464541196 -7.660411958370355 -29.1518617319916 254
29.98711943861935 -7.46507903275848 -29.10355454316598 255
30.28103758128599 -7.265073426220464 -29.05827667406658 256
30.55773564795961 -7.062148430144436 -29.01723845545487 257
30.82032552082151 -6.857037488386201 -28.98140554697245 258
31.07274445311128 -6.649601836833714 -28.95132444853204 259
31.31902886574817 -6.439145181358947 -28.92705262332122 260
31.5625970601499 -6.224817939713393 -28.90820185287206 261
31.80568332417721 -6.006010211902812 -28.89407767921874 262
32.04903232371 -5.782633821343701 -28.88387660456055 263
32.29190561632663 -5.555219614091886 -28.87689130669338 264
32.53238575624998 -5.324802330800363 -28.87267451135731 265
32.76790137765908 -5.092620557323631 -28.87112396626617 266
32.99585344295222 -4.859709417841833 -28.87247093721255 267
33.21420721238792 -4.626496347566251 -28.87717765590025 268
33.42192775115971 -4.392515291170064 -28.88576997535582 269
33.61917647581081 -4.156330554388855 -28.89864545254766 270
33.80724055714192 -3.91571241771873 -28.91590156806848 271
33.98822468346486 -3.668044453178547 -28.93722286502686 272
34.1645823281163 -3.410881861744519 -28.96185170488965 273
34.33859089413717 -3.142536087181373 -28.98864873561723 274
34.51187898091936 -2.862545256807229 -29.01623004583653 275
34.68509423948504 -2.571908007333008 -29.04315297634131 276
34.85776499749401 -2.27300683319158 -29.0681143137356 277
35.02836548007504 -1.969214871246159 -29.0901243555591 278
35.1945536814264 -1.664252173631025 -29.1086273935097 279
35.35352252414502 -1.361417700034764 -29.12355131387555 280
35.50239203076334 -1.062857388120871 -29.13528364775994 281
35.63857371222691 -0.7690271898377361 -29.14458475865776 282
35.76005460877781 -0.4784738979065324 -29.15245876188836 283
35.86557242342593 -0.1879937556779305 -29.16000767381998 284
35.95467764014924 0.1068483917600842 -29.16829386124964 285
2
1635 2983
35.95467764014924 0.1068483917600842 -29.16829386124964 1 0 0.04765079610060655 0.07644077012205182 -0.01491668046828936 -0.004621992612316981 0.003366272628162773 0.002485730298261968
36.02769705622769 0.4109307133405506 -29.17823093308766 0.9997933363004208 0.02032940454794312 0.0530420847683671 0.08597316051162872 -0.01943771437731226 -0.001841817071050529 0.001359807012900001 0.0009884438572071998
35.71453186976635 0.1256855052879073 -29.05418093200853 0.9843968034304322 -0.007132871277155243 0.04194059194425788 0.06942844808142254 -0.01188917922532859 -0.003055997928749999 0.00212442423330644 0.001625437307872445
35.86557242342593 -0.1879937556779305 -29.16000767381998 0.9997995770567385 -0.02002013279593676 0.03233942631595403 0.06540112317547629 -0.00653977709653952 -0.0005625731098755963 0.0003071234484093495 0.0002894482208483186
35.76005460877781 -0.4784738979065324 -29.15245876188836 0.9991957339360684 -0.04009844490702324 0.03015908382877762 0.05954575234533442 -0.00502448430112844 -0.0006257402854258823 0.0003441386334010458 0.000322468937437859
35.35463763032976 -0.2619105679088793 -28.94167278519442 0.9689848744204765 -0.04172943442145684 0.03630258030835452 0.05089187582999984 -0.00848935730244519 -0.01057496101147846 0.008512509560910668 0.005809533801154993
35.63857371222691 -0.7690271898377361 -29.14458475865776 0.9981656470910641 -0.06054205948988724 0.02464722541634777 0.0397551754611526 -0.004155354912182805 -0.008187096356122914 0.005535668036216435 0.004399683075483412
34.99903271093294 -0.8785989409165271 -28.89119531799035 0.9600657337752354 -0.08856154970348921 0.03672732092470993 0.005984296252044845 -0.01405712746531013 0.001301727055172832 -0.01517763080722447 -0.00306026191688477
35.50239203076334 -1.062857388120871 -29.13528364775994 0.9966700070220508 -0.0815407695736648 0.0197156653481619 0.008471905787206611 -0.006922209432823671 0.0040088476367616 -0.01242299174307084 -0.003786264697525809
35.35352252414502 -1.361417700034764 -29.12355131387555 0.9946669473264935 -0.1031390512666988 0.02118144651297942 -0.001547625835381794 -0.009154387237139527 -0.0001730778951182103 -0.001389095563829131 -0.0001656298730162752
34.8032197484447 -1.626891023915695 -28.93889431024395 0.9655868184956086 -0.1365530292820246 0.039568684853388 -0.00115339310947904 -0.01617734946280718 -0.0005516218468946348 -0.006569497965922377 -0.0008808449965272315
35.1945536814264 -1.664252173631025 -29.1086273935097 0.9921266745010531 -0.125238419598307 0.02461083954795355 -0.002040673196356622 -0.01062240706743931 -0.00135689699749433 -0.01029109836332595 -0.001166741739291279
35.02836548007504 -1.969214871246159 -29.0901243555591 0.9890432550408259 -0.1476260128102346 0.03113125838692983 -0.001076143242793357 -0.01306013157219933 -0.001592458156912821 -0.01806854900158011 -0.002307088506078654
34.6243713895038 -2.20831580159858 -28.96264038607425 0.9683097873262588 -0.1744205624750573 0.05069226191627816 0.004356796767209087 -0.01940182207688412 0.0004941114570955369 -0.02214324733778924 -0.003681406866573091
34.85776499749401 -2.27300683319158 -29.0681143137356 0.9854402117004992 -0.170022319604442 0.0416289618044824 0.003972874653724702 -0.01640880739003363 0.0007808972188909048 -0.02639954822295616 -0.004410689563599123
34.68509423948504 -2.571908007333008 -29.04315297634131 0.98136778641577 -0.1921386681160553 0.05239229915906098 0.00960892254425904 -0.01904793148467901 0.004154198556945563 -0.03649864731083501 -0.006985780137094663
34.23807440234985 -2.770086738639037 -28.90130702279476 0.9566189463854211 -0.2179734795370777 0.08279893475194083 0.01276380514810618 -0.02763517224744717 0.002587238462345981 -0.02727631536527006 -0.00484632354196659
34.51187898091936 -2.862545256807229 -29.01623004583653 0.9768919845009625 -0.213733597306955 0.05381460496373665 0.008161364892421856 -0.01910463017802634 0.003285261392994402 -0.03555421400686178 -0.005934470798448026
34.33859089413717 -3.142536087181373 -28.98864873561723 0.9720781121927229 -0.2346575031739498 0.1059572097320098 0.01151222591146394 -0.03758703700787255 0.0009694683510975856 -0.01802711150873289 -0.002788461851673483
34.1645823281163 -3.410881861744519 -28.96185170488965 0.9669733864910204 -0.2548773623099704 0.1123232818001971 0.01763516637074109 -0.03460285283904231 0.002764443012480843 -0.02589700198088656 -0.004224698686113315
33.73250296132591 -3.289664666327509 -28.81263749909125 0.9364037327693447 -0.2629136549405199 0.08999971319757809 0.02404833271997326 -0.02254696869269842 0.005205904077032132 -0.02402704741645162 -0.004846795956114378
33.98822468346486 -3.668044453178547 -28.93722286502686 0.9615936235822112 -0.274477144924732 0.1111599010802567 0.03132664003780626 -0.02987526829235161 0.005759099849298096 -0.02506829162961317 -0.004857676164250515
33.80724055714192 -3.91571241771873 -28.91590156806848 0.9559179491312791 -0.2936339124294906 0.0994846863194046 0.04282059345131697 -0.02055752886065181 0.01210929372451944 -0.03161698097614093 -0.00725615426908238
33.14445459168508 -3.756390433913602 -28.73243372728963 0.9106253880581333 -0.307452338282848 0.06226369118344664 0.02801888869005752 -0.009901137957275685 0.00841943993414912 -0.0204721095742969 -0.004987341013581188
33.61917647581081 -4.156330554388855 -28.89864545254766 0.9498933421895761 -0.3125742127302198 0.05848260436132453 0.03694555605144305 -0.008099647608903873 0.03934997203031061 -0.06602926589101535 -0.01706235935281702
33.0015593780486 -4.484675856083213 -28.81487011891252 0.9198034463823652 -0.3502981578570146 0.03800369435012568 0.0308207210968588 -0.002624643690749132 0.0173888972225602 -0.02200605737785297 -0.006629555780725651
33.42192775115971 -4.392515291170064 -28.88576997535582 0.9434481294166874 -0.3315201760076648 0.03850762729808348 0.03486940385764091 -0.003245264674966722 0.04115330700216715 -0.0467312062135294 -0.01379643837267361
33.21420721238792 -4.626496347566251 -28.87717765590025 0.9365109188585674 -0.3506384161193433 0.0350311486147945 0.04579259785066477 -2.491116387368517e-06 -0.003871466886743978 0.002961720986662305 0.001190719683748413
32.99585344295222 -4.859709417841833 -28.87247093721255 0.9290298128004693 -0.3700048741948213 0.02971377955686186 0.03028097399901227 -0.0005273625906901416 0.008566149788120642 -0.008455117137244826 -0.002837697938110361
32.76790137765908 -5.092620557323631 -28.87112396626617 0.9209866435325053 -0.3895941509246899 0.03570542822419543 0.03099822313980935 -0.0009837473574219652 0.009833496465272009 -0.01143968645986271 -0.003558587753470414
32.40541884094517 -4.834668843435821 -28.76488591280467 0.8916544730376298 -0.3882749735203803 0.04593723488955968 0.02675147070110975 -0.002855110840231956 0.004365279837639072 -0.007718221223413524 -0.002082190147848116
32.53238575624998 -5.324802330800363 -28.87267451135731 0.9124022521267382 -0.4092946741823741 0.04228124219946205 0.02036967059330445 -0.002862597167573105 0.005799370833775684 -0.01247046858866111 -0.003079278694069384
31.90793229857043 -5.363572800207329 -28.78891453008665 0.8740910038803403 -0.431789368318815 0.05059181310955507 0.01540145660739787 -0.003720205238674335 0.002912123733632461 -0.01010848484918088 -0.002246051105057455
32.29190561632663 -5.555219614091886 -28.87689130669338 0.9033309262010496 -0.428944329451683 0.03563573006496087 0.0104719455973697 -0.003235197050132863 0.003441232285077214 -0.01253712574938517 -0.002675964974915112
32.04903232371 -5.782633821343701 -28.88387660456055 0.8938446707987754 -0.4483767439159049 0.05579070326172153 0.01238813625337239 -0.005177443836803238 0.0009187758690254644 -0.004533279798592122 -0.0009463619695805402
31.80568332417721 -6.006010211902812 -28.89407767921874 0.8840106908036047 -0.4674666817484784 0.06573550012192404 0.01794472739210569 -0.003968004245789762 0.004067310589906031 -0.0156205978660778 -0.003261255237701322
31.20927784311753 -5.797924017946023 -28.79674164204456 0.8410003346647256 -0.4766466602366736 0.05687049766708063 0.01932631497434268 -0.001041929450344848 0.005424284224936468 -0.01615408672356664 -0.003567635775564374
31.5625970601499 -6.224817939713393 -28.90820185287206 0.8738676477107763 -0.486163896525065 0.05352286941063913 0.02107685032276266 -0.0006262932499353481 0.0132641981191916 -0.03389678302731308 -0.007184299878638828
31.00506077906195 -6.400251193203736 -28.89923667660154 0.8425175979633036 -0.5127484736087259 0.05250445030686569 0.02333676502882007 0.001559837464809598 0.00693489841673769 -0.01537865478652007 -0.003349692650859293
31.31902886574817 -6.439145181358947 -28.92705262332122 0.8634071228924912 -0.5045078197000623 0.04722815313572915 0.02310412837578875 0.0009781415541137441 0.01341980601764497 -0.02718899727980437 -0.005740038410526352
31.07274445311128 -6.649601836833714 -28.95132444853204 0.8525657582818472 -0.5226199649891865 0.05302215946780367 0.0286502131967259 0.002707155593990736 0.0003299364172718116 -0.0005979478283565645 -0.0001339444872292817
30.82032552082151 -6.857037488386201 -28.98140554697245 0.8412308544183158 -0.5406761041276289 0.05532341759098449 0.02555414157584395 0.003217667520093581 0.0007494842909286591 -0.001579651168022564 -0.0003410553793952352
30.43512601128595 -6.711491899888168 -28.94072219620139 0.8139820487949001 -0.5463776783946949 0.05080845818326245 0.02092025639628372 0.003403419559713988 0.001658379195148047 -0.003889148595674248 -0.0008514096346568334
30.55773564795961 -7.062148430144436 -29.01723845545487 0.8292586380930839 -0.5588650205085336 0.0484831162059749 0.02243505266953223 0.003880865166973553 0.0005463462920213952 -0.001137286349451021 -0.0002508439671616447
30.28103758128599 -7.265073426220464 -29.05827667406658 0.816501189955035 -0.5773437509855041 0.04105924343666196 0.01491755033827736 0.003157434565863365 0.0004097052995623506 -0.001078306112579572 -0.0002332602314251754
29.83152757097201 -7.060479735688618 -29.0151444983164 0.7848439994709303 -0.5828806468264169 0.04138674676352192 0.008343134860240185 0.002357770693334427 0.0002147583361835337 -0.001003305890415787 -0.0002194583750802234
29.98711943861935 -7.46507903275848 -29.10355454316598 0.8028361791415546 -0.5961996892496587 0.03710140701228645 0.00624318524736336 0.001734311360376852 0.0004447617494381425 -0.002490571892700635 -0.0005490277081433271
29.67428464541196 -7.660411958370355 -29.1518617319916 0.7881932813827893 -0.6154277790147527 0.03458144794678043 1.776557993823065e-05 0.0008392719574049578 1.568717188298429e-05 -0.002677711381569296 -0.0005896944583173272
29.16005535270059 -7.411050053632328 -29.11227788502594 0.7526143003488439 -0.6218372697931964 0.04100205182685539 -0.00252464171056081 0.001112115007791422 -0.0005042769029788276 -0.009082378561963799 -0.002026196950698566
29.34258907575286 -7.848355071434673 -29.20198857202058 0.7725719532495594 -0.6349272218547261 0.03884923667348784 -0.005728428563532053 -2.834847827654593e-05 -0.001474122821847541 -0.00998623602307184 -0.0022261059091708
28.99386270112154 -8.025475641415948 -29.25299025574972 0.7560466947971969 -0.6545176814160442 0.04115089377647423 -0.007141919156333609 0.0005235077653170603 -0.003083739026257617 -0.01805697670862129 -0.003940439652557105
28.34550625745993 -7.803057419997815 -29.2439381276191 0.7142537648404931 -0.6677552046469786 0.04997267868824744 -0.008970649935843884 0.001879455964468533 -0.002902534146621734 -0.01694405278533062 -0.003698814908298689
28.63142028521382 -8.188012904541974 -29.30441141430482 0.7387580193394898 -0.6739707626162975 0.03534842585410765 -0.007359630693684616 0.0005592896231724859 -0.003748785367753541 -0.01829958608631409 -0.003870148377299491
28.25953032919036 -8.332324419671881 -29.35641894025263 0.7208901190071011 -0.6930493750938151 0.05526043541797025 -0.01433946871091728 0.0009153394488586589 -0.002259190833800276 -0.008829718008742543 -0.001933267430681029
27.88275932676736 -8.455302708413123 -29.40980908279946 0.7026393087309004 -0.7115462049833184 0.06369868225521806 -0.01611383667994455 0.002885020402844398 -0.00335908742624473 -0.01379901323532879 -0.002906600930223058
27.47697507919507 -8.025490935021644 -29.37260106766168 0.6706537419590326 -0.7091181311347687 0.06621107104436574 -0.008896237677788174 0.00649381542741644 -0.002520522212452577 -0.02202787321095066 -0.004477909892608318
27.50532932780866 -8.554687672514174 -29.46588125794122 0.684179969389197 -0.7293132176826344 0.07349727333497101 -0.01521112487591243 0.005505444089051393 -0.003017267203205888 -0.01574045103028081 -0.003209378495234818
27.1306164700039 -8.629228099030307 -29.52619920881875 0.6656360662535604 -0.7462765086095675 0.07724383275748081 -0.01052399639722276 0.009444073095915063 -0.002234367220108314 -0.01972379588859434 -0.003704129420325137
26.69726715409574 -8.169026290866469 -29.51770314205936 0.6314701388031051 -0.7452894199729898 0.073266724898785 -0.00205282933871933 0.01293109796297261 0.0001001420092995106 -0.02965057263899049 -0.005274466457883689
26.76087946320308 -8.678681015039828 -29.59228400005119 0.6470656266817204 -0.7624343084928644 0.08456992919385502 -0.008836909140110606 0.01312844520213309 -0.001628170424383291 -0.02131699672912443 -0.003860480426231198
26.39725086877515 -8.703671398455844 -29.66529776718493 0.6284625642511382 -0.7778398327000771 0.08218933086529132 0.0004594495465043607 0.01742535190766734 0.001053597119981694 -0.02781042969888841 -0.004236181476895601
25.87410519964371 -8.277820846530256 -29.71530705710473 0.5901261385128038 -0.7835876674628457 0.06826740161267016 0.009686893871273033 0.01876819648845355 0.007764296672588769 -0.04337609489108584 -0.005853984504846368
26.03996253940834 -8.705458477961614 -29.745778577405 0.6097752471104199 -0.7925743801129496 0.07929700156531276 0.005316466010286766 0.02005367847206017 0.003114205073306974 -0.03037808373173097 -0.004260718305341274
25.68872536512345 -8.685665162677871 -29.83347549163264 0.5909357529702471 -0.806718622483383 0.06916872668139847 0.009842206679072181 0.02060896484530719 0.007615909735810434 -0.04303368912724546 -0.005009291692624245
25.34315322037891 -8.646022983895602 -29.92731177710223 0.5718902173409499 -0.8203301648176304 0.07348559814517423 0.01524543728913906 0.02446421223434398 0.0128099046042273 -0.05267839793686003 -0.00565063319682486
25.15082575530814 -8.223412178248225 -29.90455941100595 0.550384345816184 -0.8132636284473593 0.06531832177395891 0.02019849955404688 0.02399794898817582 0.02063827981130013 -0.05947319935324328 -0.006116706516611115
25.00311848069863 -8.588170601794177 -30.02547774318216 0.5526209134188389 -0.8334327363693654 0.0720708724806894 0.024525884242571 0.02880903650960493 0.02439007669722402 -0.06596172278198589 -0.004861132027155113
24.66895054546191 -8.513524329384824 -30.12562912985622 0.5331542542472577 -0.8460180501490795 0.06906878032348644 0.02948261648443625 0.03039139843379227 0.03022433127006572 -0.06595586853543407 -0.00470548008180312
24.57018123383173 -7.711472255819325 -29.96189930633988 0.505253948481546 -0.820451795185176 0.06568772688324145 0.02702040516767304 0.02804428161153252 0.02912632041659031 -0.06275142165581997 -0.007761758552642096
24.34143342229296 -8.423219878209167 -30.22514775440618 0.51355363355424 -0.858057495429786 0.08556618130801942 0.03959924459350794 0.04271285939067519 0.02273024335769427 -0.04535164891066151 -0.003489560018082737
23.86324824354321 -7.950066642537422 -30.27659118294633 0.4748541542922447 -0.863730807085323 0.05882072724149986 0.02598395096183156 0.03043750695816229 0.03031127946039977 -0.06054494621333714 -0.006890662509753477
24.02161124439909 -8.318111629409721 -30.32141239470538 0.4938999759855543 -0.8695187253426282 0.06222987728896846 0.0309901686310273 0.03407024140509644 0.01881859408012623 -0.03481829146625127 -0.002701890934063286
23.71045968575799 -8.198810691175339 -30.41203054851477 0.4742655111253172 -0.8803818631463516 0.03788591458149268 0.01473013068419047 0.0196964772284339 0.02995634410022894 -0.06683193710373203 -0.00763996143037554
23.40851422849637 -8.065745098115146 -30.49499483765845 0.4546876452839509 -0.8906509671168253 0.05283175243154806 0.01945734362212245 0.02814663815675743 0.03402995223986418 -0.07591773327515654 -0.01139406371945538
23.22755372256169 -7.610992933090269 -30.40899011317673 0.4314441985648706 -0.8830760109894857 0.05619990013152717 0.02254771753161272 0.03097427263201412 0.0374057657631348 -0.07517219240334265 -0.01314765142436142
23.1155568425093 -7.919232260833502 -30.5687477337484 0.4351498959398328 -0.9003580221576042 0.05600519141784852 0.02149140652543695 0.03182413046150986 0.03531957750709128 -0.07450889708665989 -0.01183940288601233
22.83044806460438 -7.75956063601901 -30.6321600616027 0.4155753220211537 -0.9095587676049386 0.05135516246060089 0.0202538226065159 0.03011352084440094 0.03587989189674455 -0.07151444196186321 -0.0130896967565933
22.59055730571103 -7.343735569444245 -30.56248856945426 0.3900382031828796 -0.9068574216055549 0.04231887208467441 0.01343083330044186 0.02386915184567702 0.03939595320243028 -0.08604993032879625 -0.02142807745216974
22.55115729186876 -7.587081353165718 -30.6844473216256 0.3958347476333757 -0.9183217587349337 0.04109217167807958 0.01472689748144453 0.02454313933114759 0.0305363473958139 -0.06281724424394539 -0.01343355913497156
22.27499763231609 -7.402309351529887 -30.72505930560795 0.3757680187340073 -0.9267137616851918 0.01726623215850158 0.004223695566497349 0.009348500972557969 0.0351275551965024 -0.08929943860639664 -0.02453301132706572
21.99902518001848 -7.206027520630428 -30.75358033486794 0.3552131994264583 -0.9347853138305177 0.03091643732060146 0.006784415703500322 0.01677070576969567 0.05027477287801531 -0.1280419382209751 -0.04088242543474511
22.22806794089072 -6.88581166257311 -30.49143341730684 0.3563259483333171 -0.9082179234445686 0.05242495468193136 0.01707421203590397 0.03023904503456898 0.05454367516207613 -0.10705473958504 -0.03411398654471676
21.72052555546038 -6.999378900161203 -30.76967008524808 0.3340373404358322 -0.9425598417047886 0.05727324007346974 0.01458559570638548 0.03363115883434639 0.04964492286348501 -0.1059782572847458 -0.0385823627891613
21.5981384821552 -6.462351034932263 -30.49990522343495 0.3091458601230764 -0.9250883666443773 0.0547345324681749 0.015348588981174 0.03266832315384532 0.04914541145945189 -0.09252105206182212 -0.03887201412224921
21.43749168382258 -6.783924731240356 -30.77306063851341 0.3121632306951348 -0.9500284824161727 0.05323180481869168 0.01386389234359882 0.03321666869581254 0.03807858846180984 -0.07595725202900022 -0.02932048462907609
21.14899862026023 -6.561643391481356 -30.76360746639974 0.2895880300749837 -0.9571513844932215 0.03051930812113443 0.006652181076961987 0.01785748049317746 0.04898744403658196 -0.1035684122489923 -0.04514114221171942
20.85540285935271 -6.334850838834685 -30.74137563887841 0.266390962163673 -0.9638650607203856 0.04533556953410824 0.009063448406123414 0.02710372132422297 0.05560212772331976 -0.1114966005777088 -0.05571967121359898
21.07316033346515 -5.870217501599942 -30.29001828163418 0.2604336537694739 -0.9253115955646555 0.06688863853107312 0.02037610613038932 0.04262409177967863 0.04465601369954469 -0.07024206595943583 -0.03649861153222096
20.5583291853267 -6.106035748695311 -30.7067309887458 0.2427283786606747 -0.9700942913927284 0.07136841585164068 0.01612023200517707 0.04664309983176085 0.04015185781525931 -0.06866212457525567 -0.03770600826269074
20.3525241916119 -5.573053340238328 -30.34571611409379 0.2115572025465244 -0.9516579755696979 0.06545744911718285 0.0209003723155485 0.04809792579252962 0.02927717154008936 -0.04023611201447429 -0.02235978427399966
20.26044925391617 -5.877620711858038 -30.66040231476591 0.2188160677553553 -0.9757661238698974 0.06945483149027018 0.01952149355309725 0.05201947205854583 0.03622643190861816 -0.05292244323140854 -0.02850808611978405
19.96509485854822 -5.651680659926987 -30.60348602176047 0.1949008231480791 -0.9808229550414288 0.05315406742801566 0.02094355252148973 0.04577116431070274 0.03045027620772943 -0.03616337730239947 -0.0188146064411722
19.69813031969931 -5.234013045625593 -30.33493081091359 0.1642536529788843 -0.9713310604385084 0.04349435442819187 0.0208006804397062 0.041122896566371 0.01600255213117771 -0.01676853913663059 -0.008443560136064175
19.67577652290587 -5.429665322845139 -30.53737722753671 0.1712254201357734 -0.9852318790514891 0.04695032204101625 0.0216174741737654 0.04496486651841133 0.0204635768303124 -0.02179355012606118 -0.01088961345162593
19.3956914863522 -5.212179193200301 -30.46362893221393 0.1479926395805026 -0.9889884623341142 0.02885654284952638 0.0213032289114228 0.0354163679445709 -0.01577401603127941 0.01300657728065223 0.005028789982943095
19.12730271747084 -4.998868191649953 -30.38375916412798 0.1253344275271402 -0.9921145504811649 0.02320313775258918 0.01889814652699304 0.03017973391522349 -0.007372704007224537 0.005739871158904144 0.002074138249777268
19.30549745181069 -4.770521873052992 -30.07073958775824 0.1247116418916972 -0.9665263530705825 0.03308534685469276 0.01812162160229607 0.03302343653732434 -0.0001814810922018749 0.0001758023072419934 8.534974823810017e-05
18.87205334474588 -4.78844674612019 -30.29904086599348 0.103291627842625 -0.994651114520876 0.0170584393669677 0.01631542606415329 0.02440662333201454 -0.003722414418741718 0.002662523894130533 0.0008218412129052215
18.6302551221697 -4.57887363027463 -30.21031721609896 0.08180830804702564 -0.9966480826924231 0.01830891892366383 0.01046143530142317 0.01924576819933832 -0.01250426811806713 0.01180677233827134 0.005477767639413413
18.96340557276978 -4.346048195771639 -29.81794714876909 0.08878314452677329 -0.9613620349436873 0.03682816127351449 0.01489158649807528 0.03150493999131787 0.01347660511184373 -0.01542268879470845 -0.008463760995343492
18.40115871541336 -4.367656360767054 -30.11788408142126 0.06074268102005351 -0.9981534584934804 0.03635251204282537 -0.01597127882640393 0.002734534799043113 -0.005678070331890764 -0.01608592604228947 -0.01846774445873593
18.48031320480023 -3.968109310601411 -29.69092128769093 0.04697250333675221 -0.9690455076654181 0.04291347805827003 0.005661311311311329 0.02660174483923578 0.01374845867405913 -0.02513770863679947 -0.016829038399692
18.18318415842181 -4.152238020165496 -30.02147076795423 0.0398939087267919 -0.9992039211524835 0.04040719371102124 -0.01673503705135194 0.004923758584605273 -0.004610633576257284 -0.0164829387758984 -0.01818525939988525
17.97426657369545 -3.930403119294672 -29.92033240758342 0.01904062163530412 -0.9998187109310073 0.04055453292252883 -0.01171073558099373 0.01043069784431116 -0.0006848368755304763 -0.01705519849701402 -0.01648553939834563
18.00908515612572 -3.524276477431117 -29.51869860862898 0.002202520627594038 -0.9738212618862148 0.0421954564152404 0.01317840600568626 0.03416897959732235 0.01454821210915105 -0.01959884793880681 -0.01040671623152357
17.77225654133527 -3.700632847385007 -29.81344531163116 -0.002016450766000009 -0.9999979669610874 0.0402748886038889 -0.003508606294873075 0.01872801959397963 0.004376988211706063 -0.01574334852766143 -0.01236222138874499
17.57530941847921 -3.462348635919104 -29.69977471939178 -0.02341671838838382 -0.9997257910546867 0.03445747225029314 0.00765142405730048 0.02617401530699771 0.006769189257586382 -0.01035110566973694 -0.005885549093340492
17.52710792250186 -3.066344907676822 -29.3584627147658 -0.04461131005680049 -0.9801998728468038 0.04154168394004379 0.02930732549755697 0.04899854916745938 -0.004938083263463357 0.004544901648805138 0.001468153311614253
17.38220144003377 -3.216003573880551 -29.57856750800318 -0.04521418610116953 -0.9989773157460629 0.03622586301952409 0.01370425624148521 0.03298727285363804 0.001873113562498741 -0.002307957128915587 -0.001098190796396047
17.19252349179119 -2.963008294775884 -29.4496136931751 -0.06736791303705031 -0.9977282016125595 0.04443111727746329 0.03239186680527281 0.05505051882171132 -0.001950880469767008 0.001755062105040051 0.0005418670276605438
17.00672231467048 -2.705507130092343 -29.3134227604289 -0.08974879937438604 -0.9959644336073734 0.04157682669730617 0.04741748185822373 0.06495718107274936 -0.01157769544874456 0.008294418279042724 0.001355714757033379
17.44223037468162 -2.541576512741589 -28.9425980228514 -0.07358535777903089 -0.9560414219434573 0.04787534885729448 0.05538067954643189 0.06950222493313273 -0.006199355341846071 0.004431671037639556 0.0007390748445810615
16.82598222157187 -2.446045685889679 -29.17127361695347 -0.1121606338056699 -0.9936900886213521 0.02847736434425671 0.04413050848364495 0.05268997223217627 -0.03621851474895028 0.02174025624103086 0.001366470221601248
16.89140258598705 -1.978242877665387 -28.73504154093541 -0.1308550116235246 -0.962181185382228 0.04366598399666672 0.06296719300160029 0.07036061305943704 -0.02270205133212425 0.01404507257025792 0.00151972261550369
16.65196554057687 -2.187186708824465 -29.02511842434367 -0.1343718496649046 -0.990930979441874 0.0256084597919818 0.03870624863584068 0.04524737987131624 -0.03658162404975474 0.02160667319172432 0.002220808898483982
16.48645241574359 -1.931135782172491 -28.87734711279155 -0.1561533607328654 -0.9877328221395865 0.03715340919558274 0.05752077104009724 0.06662489447249782 -0.01435460367999262 0.008381155203441749 0.0007689611407285459
16.33093914945025 -1.679432176616272 -28.73044573068981 -0.1773169676883952 -0.9841537953845387 0.04722167505772441 0.06859274739884237 0.07647907059955417 -0.01941694293002752 0.01171764993721562 0.00147955207245035
16.54404984980224 -1.461916236893952 -28.46831029496409 -0.1754262680536777 -0.9571092398249542 0.05336341467603403 0.08298907297100372 0.08359793638497737 -0.01754153337953746 0.01017404215656669 0.001097416955627803
16.18626408732749 -1.432745181612326 -28.58660326047561 -0.1977484005968407 -0.9802528092596273 0.05342700803008228 0.08731907216068954 0.09148152526298818 -0.01663166322308464 0.009265156191148647 0.0008696309152005958
16.05232913883256 -1.190796775868081 -28.44733387676244 -0.2174293768639158 -0.9760760554775276 0.04731386706505137 0.09632834520522744 0.08882550490188404 -0.01755091065539596 0.00854910040229801 7.746377440676356e-05
16.54513805063347 -0.9899698918797153 -28.1339816594696 -0.1974575315202036 -0.9314099643384587 0.05909018173452963 0.07926192187454999 0.07164348252354634 -0.01573126661043064 0.01011490561110306 0.001784342973095581
15.92797274855889 -0.9524112813690531 -28.31318204602625 -0.2364444655817277 -0.9716450044619027 0.02974412432807926 0.05849931915418869 0.05102026568468485 -0.02016374175346652 0.009855766602727224 0.0004546665000848947
16.03867775874702 -0.5486774872710498 -27.99819015908075 -0.2489728297859912 -0.9420284725358176 0.04115722583494198 0.04884452299973305 0.04470057287934386 -0.003139810017880643 0.002183639251410645 0.000504849286987729
15.8110270558018 -0.7156755307513798 -28.18356649871548 -0.2549712354485621 -0.9669486382915249 0.01773045396408219 0.04144213731233144 0.03405083034679495 -0.001958385690834067 0.0008514700631274544 -1.655383826109298e-05
15.69856184163962 -0.4781809907460337 -28.05679723979796 -0.2732557495898118 -0.9619414198983793 0.03435809082870227 0.04718330839355656 0.04261042803836672 -0.008621141458497001 0.005409205763227146 0.0009617771863422864
15.58728428323203 -0.2373127964573927 -27.93027168364441 -0.2915785683203566 -0.9565468825396125 0.044354040424093 0.03999961326730255 0.03920005392518525 -0.006530918954772428 0.005562052689214135 0.00171409679470762
16.03584352216791 -0.01960878172143055 -27.66128611179137 -0.2737943049953858 -0.913262138951444 0.06919664870241699 0.04340381916534262 0.04492623915236009 0.01096240121280806 -0.01239192104250826 -0.004912601850978729
15.47403392097539 0.009450995216558233 -27.80082611204103 -0.3102172811952584 -0.9506656817450718 0.04042194831736649 0.02271321244810436 0.02627076773242046 0.01827573231947151 -0.02183993639867995 -0.009237856863387428
15.57305526298393 0.4405876787362351 -27.48886647113386 -0.3239916962704418 -0.9186884323335429 0.06497646619858735 0.04220481894129315 0.04398718811215508 0.02173384411124595 -0.02337337761125379 -0.009678254860138671
15.35629271524915 0.2642643030791216 -27.6651925586659 -0.3294101610766295 -0.9441869231139927 0.04224434986799441 0.01996086059421785 0.02477146444879189 0.02005888487542478 -0.0269443744515161 -0.01249589619758006
15.2326237144039 0.5286919459270161 -27.52049339961962 -0.3493241006251818 -0.9370019598284774 0.07012787983817988 0.04533484791613242 0.04991856587790443 0.02430004442204107 -0.02556431755575496 -0.01092090963019368
15.10296209050704 0.8035661965206984 -27.364699337238 -0.3700302120559917 -0.9290197210855095 0.07445178543061637 0.06118649649874916 0.05827417993137936 -0.03913949229313628 0.03437268360773964 0.01391458443188903
15.61237602206588 1.020036469346705 -27.11410668642408 -0.348264129048738 -0.8824265470827873 0.08230935787207341 0.06079997159388877 0.05236084256896585 0.03339974634649754 -0.03293535235797397 -0.01425957166536012
14.96870722726336 1.088936213595972 -27.19698216147822 -0.3914913053218907 -0.920181806958474 0.04583660889484672 0.04555465389057448 0.03903749147644472 -0.0604231857775834 0.04456741903504478 0.0189392442436064
15.11390710592755 1.664870243330704 -26.78701488770955 -0.4094730217211529 -0.8760610348567652 0.05968290109245947 0.05813935221293551 0.04496607819411992 -0.03155052765809968 0.02375446789639333 0.01116302924633594
14.83259963331881 1.384115579994841 -27.0179105916023 -0.4135648184133307 -0.9104746789289359 0.03399329608881575 0.03663464892970193 0.02973890842364293 -0.04873833640200212 0.03282797382481588 0.01527074893182514
14.69840422037954 1.687820817697106 -26.82946245503899 -0.4360220508633169 -0.8999359817014471 0.05330556545594113 0.05403951107371298 0.04438229984314674 -0.02107462784590335 0.01486685123825098 0.007210027040275283
14.57045496971499 1.998380821936505 -26.63485500284876 -0.458580916064222 -0.8886526562283483 0.06312401587280206 0.06850620594259207 0.05199037106013885 -0.02571583787266743 0.01724931810127826 0.008493911677037266
14.80419494558712 2.300601582748368 -26.41782583316372 -0.4590639091821698 -0.8575820824394196 0.06452993277119867 0.08092185577932856 0.05414318917331565 -0.02276127184906985 0.01368350525247837 0.006676531418449848
14.45313805414046 2.313984073471466 -26.43822246983941 -0.4809463164619177 -0.8767500445860912 0.07151495840061979 0.08733664071815388 0.06218690806698616 -0.02528895237252941 0.01521536123257332 0.007713518077371107
14.3503962392996 2.63292193872782 -26.2441915033276 -0.5028506751597054 -0.8643732981133952 0.05876686622831144 0.09169332329765698 0.05721429627073665 -0.02475464073757013 0.0120634471935739 0.006093146641190339
14.87806917979906 2.954972762786619 -26.04498519881993 -0.4866150095561456 -0.8182240178793572 0.05363287236596673 0.09451278286744935 0.05031378606496291 -0.01153051839432708 0.005199234881070046 0.00252456978294042
14.26532706626028 2.953784024239693 -26.05741770108749 -0.5240872302985354 -0.85166459069167 0.05758975372013062 0.107776923049364 0.06229255331342941 -0.0243270093572491 0.009990540491236844 0.005205064596634518
14.19992363548895 3.275568141891002 -25.88214785021879 -0.5445301914189874 -0.8387412417624407 0.04178514558842789 0.1100512933023564 0.05471418499834679 -0.03295324188212646 0.009815870986889604 0.005422848072543172
14.60341920114731 3.774904498780389 -25.65486343709648 -0.5456730288881836 -0.7935666194174776 0.03125850014464126 0.1138714160123144 0.04693140218646681 -0.01389908356166399 0.003119614223000792 0.001688200497879977
14.15497605893898 3.597682997532668 -25.72186369787898 -0.5641383242898702 -0.8256802959181097 0.02556980445362353 0.1032213621049219 0.04722373680354084 -0.03000571613258454 0.005732721824669204 0.003716371269395094
14.130120723097 3.919844629823168 -25.57904575343342 -0.5829417700320511 -0.81251393388169 0.02714550769937841 0.1272988394072082 0.05158856340369267 -0.01023474967266811 0.001749529683917735 0.001068344883693547
14.12400116672741 4.241892789146632 -25.45507383204427 -0.6010156740265443 -0.7992372361035357 0.02612797137679525 0.1491955093897104 0.05200797186513459 -0.01943083720144583 0.002716244538409655 0.001969637865462886
14.71532452116486 4.536481510025144 -25.38655719584957 -0.5785482555164511 -0.7541960686154904 0.01970506930671351 0.1315152950745325 0.03783660956220225 -0.003293554516383309 0.0004153967797585833 0.0002713956156914726
14.13449284279824 4.56357513857845 -25.35025836705747 -0.6184478408501871 -0.7858258510304569 0.01288900542349156 0.133196403586705 0.03716595553811611 -0.03659243904138649 0.00268139215494452 0.003080463073297943
14.43422561235555 5.0976462869671 -25.23040551527 -0.6288222832596098 -0.7482848766382403 0.001650169736982761 0.1165023019134053 0.02534263469870817 -0.01362117208993488 7.933247452565419e-06 0.0008504642327607274
14.15894522310568 4.884359112847603 -25.26397771578237 -0.6353095461545079 -0.7722575869261197 0.003664340614093946 0.116716722002438 0.02878832231131529 -0.02699339456295272 0.0003538709422697461 0.002001170300674582
14.19440643137196 5.203329699063655 -25.19488463330612 -0.6516373750572885 -0.7585306397426849 -0.014046871629595 0.123187209486237 0.02557677162940548 -0.001552601465366306 -0.0001884026156181547 5.472148800742007e-05
14.23781309226968 5.51921420882528 -25.14114117031609 -0.6674297665506629 -0.7446727514298666 -0.01166453708444514 0.1221086772090799 0.0208841020115846 -0.002470390298982889 -0.0002541249787996827 0.0001060570260692414
14.58961952723119 5.730387629513285 -25.12724247125907 -0.6536950666158793 -0.7150648380226283 -0.01211899645949475 0.1093397421787033 0.0157111494087299 -0.005346691523052696 -0.0006202070088018999 0.0001920126098643062
14.28614474286109 5.830545963364964 -25.10064524972689 -0.6826570374216474 -0.7307389200382716 -0.02206223288781016 0.1137724795878269 0.01480347972026421 -0.0002128373909192809 -4.193552344668424e-05 5.09612611853591e-06
14.33655297345301 6.135943385564665 -25.07122260249201 -0.6972801816135884 -0.7167986804737585 -0.01747530408884045 0.09927023584502039 0.01024958588161849 -0.006314847041226564 -0.00112884410651516 0.0001665187633710721
14.65499302676574 6.301268982239019 -25.06852911761624 -0.6811060830619886 -0.6893971843808563 -0.02148865882153873 0.08644878244599476 0.007797576945785478 -0.01312881418823685 -0.003290329087776804 0.0002980842226639073
14.38647686356796 6.434448704648368 -25.05077090832436 -0.711272441113458 -0.7029164349426625 -0.0235883405556748 0.08591637568425781 0.006235946609482303 -0.01340706684510508 -0.003697947332547622 0.0002347315941575759
14.43374951022054 6.725848958980794 -25.03735580593091 -0.7246379766684896 -0.6891297430598954 -0.0275819286027907 0.07002537949761692 0.004246664981423284 -0.007948732951632674 -0.003138196948323471 0.0001205763798821121
15.0210691314586 6.798659638627367 -25.05215311405666 -0.6767970902481386 -0.6442573103545349 -0.04031177598750042 0.06686632336933251 0.005200245427624011 -0.01378405656897047 -0.008318014477266466 0.0001029269152326201
14.47668829068902 7.010898198126983 -25.02926779005349 -0.7374232290623267 -0.6754309596393189 -0.05054647675894076 0.07476325147296985 0.003113820470413953 -0.003867229213041667 -0.002615203640445422 1.487429528452653e-05
14.71584547433004 7.357059746847334 -25.02540930379854 -0.733713300246597 -0.6434511850147688 -0.04421806882965252 0.04950717833939466 0.001328201595328715 -0.003436263574401032 -0.003069124429215276 -9.402087330541882e-07
14.51414858212109 7.291376286443193 -25.0250532527777 -0.7497183224757141 -0.6617570830328915 0.05920563718938149 -0.05717724405603414 -0.0009390962329264041 -0.009856885860578028 -0.01020559572472591 -5.896157040562018e-05
14.54551464793784 7.569952296857315 -25.02353178578096 -0.7616479306896567 -0.6479910722194894 0.03881826526188828 -0.03142040392470956 -0.0003776009953936253 -0.005439983560024095 -0.006721057854265176 2.020050031602292e-05
14.5706050440825 7.849862927452189 -25.02380646209918 -0.773353343667687 -0.6339752407137113 0.03187346081674906 -0.03131342729248683 -0.0001956884990580821 -0.01278342936222009 -0.01301268234988546 9.989224230221604e-05
15.14104464861382 7.626263112153939 -25.02634040543542 -0.7060182919613786 -0.5990138566452076 0.04965100429302927 -0.03894189347512292 -0.001720872617478488 -0.001776664604257696 -0.00226447808929059 -1.750121598896617e-05
14.58948443756228 8.134458082306958 -25.02526701871009 -0.7849696336165264 -0.6195342398124065 0.04526572941341708 -0.03908889803033802 0.0003910350509472849 -0.02051145725832999 -0.02375480557021272 -0.000212509169994664
15.30112125239427 8.379537360024049 -25.01213022027432 -0.721366999381567 -0.5489921749782154 0.07377707296854216 -0.03669396222127155 -0.0006633709732046305 -0.004271337079577872 -0.008585169002635737 -0.000155087200774151
14.6021964966222 8.426696487342285 -25.02758026239701 -0.7966031133761243 -0.6045026714245898 0.08269575903733876 -0.05762128196560078 0.003026685685345005 -0.01155466654963694 -0.01660080195858473 -0.0003428072396674237
14.92385939792887 8.953600713741215 -25.01470569278857 -0.7814352117718038 -0.5489635579353705 0.0695492839042567 -0.03815603984174981 0.003341979730551804 -0.008972157667680884 -0.01639096623002042 -0.0004210736651928216
14.60845826044888 8.728686247315604 -25.03065963385493 -0.8083141593839396 -0.5887514074203434 0.07922619494843297 -0.04721722630590211 0.00524364549053172 -0.005179802675990479 -0.008713688637007036 -0.0002021783761329346
14.60737722950955 9.041355064438747 -25.03460820001545 -0.8201090571400015 -0.5722072477668715 0.04171079021326113 -0.02438293744808274 0.00279057290396959 -0.01199048256738919 -0.02056214523407816 -0.0004418440797698812
14.59726032068114 9.364306325813313 -25.03963572820929 -0.8319424629268403 -0.5548619092884491 0.05195030725414757 -0.03105199388882027 0.004090443058244704 -0.01749120119272985 -0.0293979113910416 -0.001024458375927969
15.03165326568663 9.569429102871696 -25.00592262245944 -0.7873639796144646 -0.5026679854614668 0.07438354488252913 -0.03334938083804685 0.004715398554860346 -0.007685575733326807 -0.01722756644229127 -0.0006040436785136921
14.57557577125812 9.69587635446328 -25.04595833668035 -0.8437297466224738 -0.5367682131650271 0.07612796900876703 -0.03720020991483897 0.007657338667456755 -0.01073236290913885 -0.02214890227216578 -0.0009025097713685732
14.83430242778117 10.24906032481049 -25.0206168460608 -0.8225097056393947 -0.4738601266529016 0.06764380489150805 -0.02085681756031388 0.006992624729668918 -0.006628675865467004 -0.02175314124893648 -0.0007597206579052128
14.53910449116187 10.03336550906409 -25.05369697266639 -0.8553661576380466 -0.5180238762523635 0.06950204474436811 -0.02537407826222299 0.008466275645105034 -0.00571904053368353 -0.01584419622553744 -0.0005370559798045892
14.48427949992789 10.37338223118321 -25.06279483625193 -0.8667478533045225 -0.4987465877497328 0.04056571226233265 -0.013578241533659 0.004883709677941623 -0.01212176387225802 -0.03666015390863789 -0.001239311809622386
14.407669376102 10.712222787901 -25.0729720991036 -0.8777889989682748 -0.4790474645484246 0.03865570416645502 -0.01247683365753186 0.005044036728681261 -0.01243743500473867 -0.03931544569456463 -0.001933861407997722
14.67891858369745 10.93531025109845 -25.03238722374636 -0.8440245626278504 -0.4329019633395765 0.05683232541414451 -0.003923623025968985 0.007196492908830638 -0.001800371920026367 -0.02733058878844581 -0.0006830555828349769
14.30652504131439 11.04621177649207 -25.0837296947113 -0.8884299856382532 -0.4590121573758296 0.04086724756805288 -0.0005356150088933543 0.005834251168111343 -0.0003008863625108954 -0.02881701205717197 -0.00053793136638551
14.17928712301851 11.37194959227284 -25.09440292295081 -0.8986347087642395 -0.4386976865726679 0.04552360943812394 0.003595282747958226 0.006432336271262645 0.004257321359622173 -0.05263147772881367 -0.0007125857164136546
14.92994412085179 11.51486825485754 -24.98831008413809 -0.8130995285212196 -0.35855669054 0.07946438552635153 0.008558848318184157 0.008526242545299699 0.003143108858970341 -0.02845731897448779 -0.0007275581761516785
14.02594940442881 11.68644521920796 -25.10425372940852 -0.9083792155203485 -0.4181473434217137 0.04386406346949837 0.00326202641142679 0.006515132017203505 0.00467808346250618 -0.05765820190641778 -0.00262729479858119
14.33508701315505 12.1899291883464 -25.02356593149423 -0.8619687161674269 -0.3358536430098178 0.05863387784433378 0.0250787624844351 0.009424434629885608 0.01033706203537267 -0.02405149028884097 -0.0003098775062368772
13.84819535598011 11.98714669473428 -25.11258124274965 -0.9176379765301905 -0.3974173423865366 0.03845687591391798 0.009905624352329022 0.006583362961221004 0.01253649490846561 -0.04762244904607403 -0.001577360714145047
13.64926587454153 12.2719071161266 -25.11882592500033 -0.9263750406724305 -0.3766022889191636 0.03874245011863445 0.02078109861414204 0.007642951673626384 0.02454215038472837 -0.04552501569250333 -0.0006232142726383073
13.94489541290441 12.732838451756 -25.0299765279102 -0.8818144246591013 -0.2993675924822097 0.06468171876511145 0.05116074528568099 0.01240707582744191 0.02467165418405458 -0.03126555176855419 0.0003033698589836419
13.43356798735202 12.53893684864576 -25.12264567893369 -0.9345444668927173 -0.3558463705030685 0.04399367722194564 0.03258488772636792 0.009954499565538103 0.03010615095436753 -0.04048626441022086 -0.0005263857997104993
13.37981292054113 13.07096790942054 -25.06368099626826 -0.915205314785112 -0.2881602198747728 0.05646608489169691 0.05686770469155916 0.01352044765954653 -0.02698181459425323 0.02677280357081585 7.762658510141631e-05
13.20608599212802 12.78678804150992 -25.12395101953521 -0.942099457333066 -0.3353335839022725 0.04442347299221848 0.03597928340815179 0.0106421795541173 0.02943183184396751 -0.03611943118455492 -0.0007435446715995006
12.9716967718745 13.01439953496047 -25.12289894336775 -0.9490057130700836 -0.3152588722944089 0.04842886204098537 0.05929435242663569 0.01467912846382367 -0.02942827144690222 0.02407832149680598 -0.0001724068750397952
12.73451167411358 13.22120353487043 -25.11985742813349 -0.9552534494146275 -0.2957885180013851 0.04476520349440966 0.06327163346457164 0.01398570425779829 -0.03536550555628425 0.02510500109937557 -0.0003782701736074009
13.21008835113346 13.68822029493382 -25.00653379524052 -0.9024017745520568 -0.217170615842728 0.0629280707438296 0.0773975987835743 0.01360771978226335 -0.01930316283482269 0.01566116698146338 0.0001891630616082901
12.49736354314722 13.40726913842309 -25.11536076241995 -0.9608639100561519 -0.2770208410058773 0.03378915860223237 0.05287754459355498 0.0109865144668396 -0.03825292596771266 0.0244080027370301 0.0001728418381741677
12.53145852911007 14.0565730864988 -25.01386002536919 -0.9282903508781642 -0.1897048863990602 0.03876072318353407 0.08896870297249597 0.01356237852643842 -0.002565862287721035 0.00112520930383759 -4.820205189795053e-05
12.26153027523445 13.57343956434717 -25.11007745544618 -0.9658886485745163 -0.2589577543826295 0.03840044509119567 0.07463108908253469 0.01504485679792741 -0.02204606528176226 0.01133179455383215 5.812953416207251e-05
11.99733051012487 13.94784999938643 -25.06883956092452 -0.9601527550125778 -0.2105444658180951 0.01658866155413196 0.1217840978243201 0.01954535234519755 -0.003504206231062454 0.0005082020618557839 -0.00019241599568885
12.02674134826369 13.72141417465767 -25.10480604738485 -0.9704020327039443 -0.2414951240171382 0.04123338430941109 0.0987492100424391 0.02004258369801278 -0.01454627412031331 0.00610218041387734 -0.0001393724669434033
11.79146077740364 13.85373571079972 -25.10050234366129 -0.9744889018088074 -0.2244356929088257 0.01492641520638544 0.1595852187197591 0.02813961729966987 -0.01238680900015657 0.001287172119016296 -0.0007293272579404662
11.55338990091102 13.97366328809539 -25.09832746982544 -0.9782301944449762 -0.2075227377328665 -0.0249566382400813 0.1742588853456653 0.02184245416001147 -0.01798616305777419 -0.00237730994159749 -0.001584381679939371
11.81106823622193 14.46698092120506 -25.02258717678016 -0.9455430489551602 -0.1462048306086562 -0.03205568986245908 0.1372446148748229 0.008442765289071409 -0.01337546431832787 -0.003041867650186108 -0.001336029300652487
11.31009510438575 14.08493814994194 -25.09969420818415 -0.9816898226167191 -0.1904864619093829 -0.05316424812481235 0.1334170701905056 0.008435538618836494 -0.0368479892290991 -0.01444299241141001 -0.003799865238081246
11.05646717564564 14.49508227991534 -25.08710152073192 -0.9720742241205053 -0.1374023531187104 -0.07432230213927553 0.14934440512471 -0.001571259868215702 -0.005972066859817544 -0.002978891610745369 -0.0006510940724300737
11.05964672477198 14.19147379332164 -25.10628385658386 -0.9849057793576501 -0.1730913221045463 -0.05815138260601388 0.1114417355234128 0.003261833541651015 -0.02057288856639933 -0.01067524023862379 -0.002046277018351858
10.8011578921864 14.29701902056296 -25.12000948471094 -0.9878872237885814 -0.1551735579127095 -0.08297390052233519 0.165392191936302 0.000822381944695777 -0.01625568454875282 -0.00814584103051994 -0.001871453377893729
10.53513367494565 14.40484885366561 -25.1429131253688 -0.990617612401812 -0.136662891815347 -0.0974786947234704 0.1776017216964268 -0.01071339975064255 -0.001794901214727126 -0.0009970112922784869 -0.0001966037429099606
10.54524243367553 14.84363161215232 -25.14982006348271 -0.9742832307889686 -0.09105007474550833 -0.1109097300699665 0.1815688361310758 -0.02704625230655111 -0.0005462547005303499 -0.0003430330078482236 -6.282358771980784e-05
10.26357720102791 14.51753055899668 -25.17700168423011 -0.9930625753787332 -0.1175870799967302 -0.1194212856230644 0.201713245299927 -0.02268729180999508 -0.004976792897071296 -0.003010613860562105 -0.0005706139903940265
9.989841701951198 14.63679551356396 -25.2240445357867 -0.9951804359540273 -0.09806069495140568 -0.1432011328914874 0.2072494935835881 -0.04557354513611044 -0.04192904729809595 -0.02981268687010797 -0.003826280828648894
10.00965059812869 15.23909256800088 -25.30158008974649 -0.9759273001078007 -0.04194116069755772 -0.1155738639549072 0.1712750732469593 -0.05757136425264829 -0.02814808806684763 -0.01993400994438322 -0.002796802101034952
9.718258485073928 14.76352587390653 -25.28536859118044 -0.9969329006925279 -0.07826104725074121 -0.1173585808358679 0.1412336875601687 -0.05066551690327473 -0.1505614036638592 -0.1260520887096994 -0.002627598781628019
9.3202208227427 15.23859358161717 -25.47816275709553 -0.9914361045507943 -0.02491688817816693 -0.1022459453106087 0.1252696279975707 -0.06220860930745975 -0.05813173037969809 -0.04795265844082947 -0.001017189740585148
9.453603495747732 14.89784294821243 -25.36169109910665 -0.9982935242680271 -0.0583955426768338 -0.09843262061756834 0.09860405735092892 -0.04449245828209329 -0.1229318672195603 -0.1182478783796663 0.009906965887640772
9.200485068401651 15.03926813664093 -25.45302403051916 -0.9992521872069974 -0.03866608801045004 -0.111813768921184 0.1131527284090517 -0.05773810404935191 -0.01364083971678606 -0.01331820824233845 0.0003159455985516246
8.962741518804014 15.18691927561781 -25.5586683448327 -0.9998149526498428 -0.01923695552297364 -0.09444741261778969 0.1279889409493472 -0.06798167129114689 -0.01800418797015255 -0.01352606556379099 -0.000452148881779584
8.742929397540227 15.33970572349728 -25.67729564153152 -0.9999999774837023 -0.0002122088470196634 -0.1017344581860447 0.1267632709693987 -0.07797880487828276 -0.02284143728264383 -0.0183468051370441 -2.487579634768e-05
8.942419374752561 15.72402460741695 -25.75838817351486 -0.986919770785821 0.02653145647828919 -0.08818377448564442 0.1557978236705683 -0.09611265818636923 -0.01794927648405951 -0.01125388991787051 -0.001773924585989358
8.541965738716488 15.49649315979696 -25.80709452270876 -0.9998312026786639 0.01837297336134896 -0.08573923728958419 0.1598226715316192 -0.09699910049406373 -0.002303902625673083 -0.001386513194527133 -0.0002480578564742256
8.358963917866985 15.65622053875995 -25.94594515132813 -0.9993319647933538 0.03654619189812708 -0.06540417788572382 0.1839571710622439 -0.1154022147128926 -0.06317281617761457 -0.02848352545404561 -0.009601051941155068
8.635558918619186 16.23489216122474 -26.14339934435131 -0.9819497398135961 0.07820913795878827 -0.05946660271840307 0.1531956825095095 -0.1177721749815152 -0.07599963752582642 -0.03839666770651922 -0.01157118363581203
8.191276986727269 15.81796311054863 -26.09158196349467 -0.9985202790654355 0.05438062426163437 -0.03538357331382777 0.1403772476705391 -0.09838401292966928 -0.3366168180583978 -0.1197173055280077 -0.04975279867489397
8.077772960697182 16.35538813795475 -26.4859480717362 -0.9895252494117021 0.103027233219332 -0.04282215535143687 0.1280047818463817 -0.1131188831356549 -0.1853418824447484 -0.07607226820577297 -0.01592019973272708
8.034738167052051 15.98094525161488 -26.24171198038609 -0.9974064917541632 0.07197423293549177 -0.03967076517113816 0.1150461350070852 -0.08877899154156289 -0.3886364416605464 -0.1388308178046588 -0.006245216177939751
7.884067278871179 16.14451334886454 -26.39407261545071 -0.9959928040900026 0.08943340651531638 -0.08986207822330201 0.107768173281612 -0.1092743495680503 -0.08714859197644416 -0.05821658990879459 0.01425273219414071
7.783382959805591 16.37322670242111 -26.61657336830191 -0.993813148375342 0.1110649634956535 -0.04531609864783634 0.1177413221085709 -0.1119672164814696 -0.05741261794055166 -0.02482311402848331 -0.002866824919185026
7.682698650506541 16.60194003410644 -26.83907409954124 -0.9911637421533679 0.1326440207492672 -0.03978966208215474 0.1640742604690127 -0.1683405149752966 -0.08468815061376604 -0.02937567500398636 -0.008613964718983659
8.004999299581124 16.85180900293751 -26.94627688678226 -0.9832238619267338 0.1495728790591143 -0.04436557477033173 0.1206925984195223 -0.1458606938206064 -0.1284559457182472 -0.05881699863442043 -0.009596516342440253
7.7520323079418 16.86538597570507 -27.09865219163306 -0.987624578890746 0.156836510962456 -0.06430867868770074 0.1152663302098568 -0.1658539804752105 -0.1358478809005278 -0.06889965835753713 0.004789676734768613
7.834906870481181 17.12632803726688 -27.35283496553499 -0.9835267276143422 0.180762761840551 -0.03563384936207337 0.07173898623084284 -0.105723146501629 -0.09147573371710974 -0.04838687330252413 -0.002001385023471938
8.29067753450772 17.31873379380342 -27.26546241552252 -0.972119601632782 0.1886355577085748 0.00128971901009837 0.09882068954386093 -0.116199440203922 -0.03941295664133945 -0.01353029401036754 -0.01194415929047966
7.943053400491227 17.38210607699917 -27.59654495365312 -0.9789039483879667 0.2043209725663253 -0.005536307441567511 0.07053788126133025 -0.09523107481180516 -0.04651475609299242 -0.01771131125166922 -0.01041465069791933
8.084890997408101 17.62981554658443 -27.82532421634417 -0.9737711811445 0.2275295294515535 0.02525124589114217 0.07881419857228771 -0.08984118813704992 -0.007259533917678688 -0.001495035703532226 -0.003351940497067523
8.492412320080962 17.79537281439863 -27.74632695189786 -0.9632409127198077 0.2366705829613109 0.0516044157430152 0.08519208296740231 -0.08696047329925018 -0.006937310237555103 -0.0004936633909585776 -0.004600389568038734
8.264580513354456 17.86633718798877 -28.03560290263093 -0.9681188124677534 0.2504914468520369 0.0450991650733724 0.07513240180354651 -0.08105079746547446 -0.01111114617954216 -0.001032124687364932 -0.007139342739650336
8.481775686833684 18.08850258609212 -28.22491686086451 -0.9619269506409257 0.2733066805452257 0.06748337329644268 0.07258285643422839 -0.06835625295110256 -0.009743955380480786 0.0007836099203966522 -0.008787467218280134
9.062429365862737 18.15660984356678 -27.89359731086219 -0.9468190376646707 0.2703289477727164 0.07667661696047867 0.07692448716780219 -0.07665372655676182 -0.0129749087854149 0.001182044693952042 -0.01179256338536076
8.732082542493906 18.29337667171794 -28.39205651910241 -0.9551924306945483 0.2959855069827584 0.07564999161667879 0.06704791580357088 -0.06484125404294915 -0.006648073708639963 0.0009578028436429103 -0.006765878334464299
9.008109908782364 18.47860560718221 -28.53713131946895 -0.9479522050273461 0.3184126520472958 0.07585380628017459 0.06244594175888145 -0.06632062992971069 -0.005704144337575407 0.0008440764901867647 -0.005729316935515627
9.609088660074946 18.5882803202233 -28.32552516206808 -0.9309353349729035 0.3264906508542284 0.08292451465209001 0.05763566392236071 -0.06382205114664802 0.01024574703683884 -0.002059909988029694 0.01145214400612293
9.300894357170833 18.64275846801234 -28.66153879058912 -0.9402899222750506 0.3403745908083907 0.08037906880349042 0.05842900932501926 -0.06726604963423718 -0.009698594876751914 0.001556460953091457 -0.01023728250875188
9.601429860866308 18.78558842429117 -28.76783488224466 -0.9323225532269641 0.3616277875721866 0.07989132313738978 0.05158286632474563 -0.06384181206544721 0.01069651865321969 -0.002066336163742813 0.01171601277993767
10.11328219630359 18.88683519461339 -28.67175696809784 -0.9170454043276063 0.3751865232161397 0.07543980755391809 0.04089939156619197 -0.0529632679321457 0.008989855193417032 -0.00227978989732075 0.01104446437820295
9.902032852465107 18.90815412522017 -28.85951178165741 -0.9241727059305974 0.3819748808664225 0.07582942938488819 0.04257326851281173 -0.05556622059733849 0.01780559389265153 -0.004004715262135555 0.0212304200984846
10.19732420427797 19.01277013558046 -28.94069961792712 -0.9159365338976404 0.4013231439520731 0.06725301553819707 0.03330130581021227 -0.04535770232628342 7.556274344743577e-05 -2.116319151487721e-05 9.650092976790426e-05
10.48469684930139 19.10278984086842 -29.01581800867812 -0.9076571757204362 0.419712343591657 0.07156594952388391 0.03250308197954032 -0.04609619923666042 0.0004045660980585708 -0.0001213147962092824 0.0005425621331123163
10.66583138543503 19.01081640055797 -28.66254764770964 -0.8997623985402831 0.3954937375060448 0.06857201399113115 0.03233456718880087 -0.04810583721915304 0.01692016741651313 -0.00458051160370612 0.02103988112705217
10.76423905186029 19.18225606189656 -29.08920982897721 -0.8993108820022266 0.437309887279464 0.05858634615542493 0.02905884428317413 -0.05221010710064499 0.01419325597351894 -0.002533698894052121 0.01451643538009634
11.17832936248599 19.19587564932896 -28.91764923139737 -0.8839855436237881 0.4360256926377934 0.0160498969732882 0.02026841217714002 -0.05016675470719117 -0.02728871697602176 -0.00130885097540194 -0.009259307877447435
11.03818218865869 19.25547789386683 -29.16479320836265 -0.8908089714696321 0.4543780104155741 0.02080478503043893 0.02067092826963485 -0.05105676441952948 -0.02550268554563275 -0.0006933132920186237 -0.01067261754634499
11.31001778886016 19.32660088269505 -29.24576632401993 -0.8820150107292432 0.4712213077188817 -0.00435585713627518 0.01449232246975493 -0.04542548935195942 -0.01352259457657353 -0.00234233872503637 0.0005493955553750278
11.58347172936875 19.39923316516813 -29.33439482576832 -0.8727735053108506 0.4881254023582572 -0.01119886871996787 0.01123296678754119 -0.03860558378959546 -0.003745379439007385 -0.0008685500302672256 0.0008337555307031987
11.77401359827904 19.24770056693464 -28.79601690391907 -0.8611376202586698 0.4419497980941781 -0.03661689113824118 0.01365708297401287 -0.05316171052028733 -0.01593988767707046 -0.005819022544999013 0.009484236928568516
11.86153013721421 19.47617385946501 -29.43190300050465 -0.8629439623265581 0.5052996317870616 -0.02296930068265316 0.009466501105605575 -0.03888355736263712 -0.01340288288960961 -0.004478146612301798 0.006827113701908672
12.37318744540651 19.48978153316573 -29.22622160133172 -0.8397132072521017 0.4972269767062771 -0.05860610451762624 0.01403699024316819 -0.0633829822935269 -0.01475426680389951 -0.006694520220103422 0.01215971794777326
12.14568671458131 19.55926803750965 -29.53847893256329 -0.8524330204956265 0.5228364424642782 -0.03129581859191138 0.009912896096322232 -0.04398080618667926 -0.02474086611828758 -0.009506097746306565 0.01546248824356582
12.43553116904916 19.64939019496215 -29.65339140353761 -0.84121807013909 0.5406959945028859 -0.0457327496426458 0.01030185140537012 -0.05202965296881568 -0.02842158520781307 -0.01295766225892506 0.02241624272033215
12.90401636394459 19.72148329030304 -29.62016912168288 -0.8194089470305921 0.5463256588652744 0.1061205860255476 -0.02030139833479348 0.09958586316287711 -0.02741839180443921 -0.01476906439486035 0.02620676332929305
12.72873553710732 19.74653976754206 -29.77520343340377 -0.8293576991603235 0.558718002970635 -0.05273182356996019 0.01388738174368449 -0.06376513217278017 -0.03414139926539823 -0.01553060470346794 0.02485149410454261
13.02142942533609 19.85002092477541 -29.90205554253813 -0.8169864204553433 0.5766569073474841 -0.1288822698318319 0.02453988040651836 -0.1355067825158379 -0.02782787121562379 -0.01447081821592943 0.02384682890744922
13.3088943724966 19.95867400371846 -30.03198171694912 -0.8042934049331467 0.5942323777623069 0.1836832349129419 -0.02727496670044638 0.146607680073892 -0.03451273330016261 -0.02258070432513829 0.03903971836152094
13.44007478063838 19.81902229537776 -29.66467551506777 -0.7938427812754231 0.5590220361562129 0.1513693320735318 -0.02783193723057915 0.1037084294732073 -0.03493405840633829 -0.02472956369465648 0.04435197260685732
13.58646110061273 20.07112661714741 -30.16321509307174 -0.7914876290172996 0.6111851872489824 0.1434508571500957 -0.02080303404576854 0.08896610104768141 -0.05484265545420679 -0.04665429841105147 0.07752025652299306
14.06100759028378 20.02572610163853 -29.94287080720579 -0.7637564873762738 0.5937057935181397 0.1379976531338248 -0.02754843135638184 0.07491823285969594 -0.04191078358210379 -0.03905506780371892 0.06283762631770483
13.85046284409619 20.18603499990806 -30.29443890427007 -0.7787549938051245 0.6273281913190103 0.1212056636612557 -0.01502891442097248 0.06346475664796238 -0.05122700906898398 -0.05564316126586113 0.08465717993079024
14.09908768623393 20.30229016970954 -30.42494341768241 -0.7662157129128425 0.6425834430527013 0.1195893312326504 -0.01129884822139423 0.05057785890802106 -0.03792646959171316 -0.05173541442375749 0.07811818500321829
14.52753885603941 20.36649512063652 -30.4291007627923 -0.7413188556825987 0.6455818541300365 0.1477686328171911 -0.02462562770258672 0.06419544215803426 -0.03020289777797607 -0.0387804201857454 0.0546463830483301
14.33298323336971 20.41916642501903 -30.55466114440151 -0.7538914277688165 0.6569990221733175 0.09504151686751393 -0.01061398552158599 0.03793805391789622 -0.03331146020933193 -0.04978361090030505 0.06952304901476328
14.55549964919923 20.53639293047211 -30.68407045155992 -0.7416897912314215 0.6707430607789324 0.1861559375120319 -0.02726392149018756 0.08529994988790979 -0.01835990594532407 -0.02385721577226377 0.03244274175695976
14.77250731912087 20.65413416680565 -30.813979391222 -0.7294093918763841 0.6840774364372236 0.178642214590815 -0.03116107585701764 0.07317731562591025 -0.02289030752086764 -0.03190040541769384 0.04229622593598259
15.07502543064752 20.52477506268004 -30.59680103863274 -0.7101467250802844 0.6649917516603671 0.1199419454320356 -0.02666244501411634 0.04619419936950465 -0.02131196959199666 -0.02916088881647249 0.03850480197725266
14.99178890481723 20.77287370612091 -30.94522381981946 -0.7167618947627057 0.6973179950468622 0.1453679173043141 -0.02094088385245479 0.04805947240828954 -0.01752417187721125 -0.03084834635152283 0.03956474415972829
15.22207521107214 20.8932086355988 -31.07833275484466 -0.7034055936588473 0.7107886963151878 0.0996641455508379 -0.01620851357478611 0.02924742125886694 -0.01493039415509508 -0.02796322602063324 0.03538030373672052
15.7482307823481 20.69733034755566 -30.79759534355475 -0.6713474092372916 0.6891546895084397 0.06509307842923946 -0.02421067821352957 0.03185305287391951 -0.02203930288054721 -0.02268013505680206 0.0277996781889194
15.47185755245787 21.01557773235789 -31.21322447387887 -0.6889871596048753 0.7247735466334339 0.03795195405595356 -0.009465312430439441 0.01421425108914367 -0.01469735760226083 -0.02108074068601664 0.02520411672482158
16.09968616391635 21.09373704630993 -31.27076735563248 -0.6525103379119229 0.7367149474127176 0.03569076817182085 -0.01558506194133551 0.02072431482887927 -0.009561345848702652 -0.008611035755301246 0.009990595789574779
15.7481566289752 21.13996280811233 -31.34899630986206 -0.6731909274912148 0.7394687114026652 0.021243897852114 -0.007861400047258741 0.01093894640048085 -0.00576518937357651 -0.005940461583938642 0.006927061016617434
16.05544706667734 21.2656156608887 -31.48385799283383 -0.6557921412571346 0.7549414993662638 0.03089507337183359 -0.01389544378205219 0.01894712211306784 -0.00534061346779663 -0.004621788048606402 0.005318847281123647
16.3949229858833 21.39086833301466 -31.61523424552798 -0.6367048630727307 0.7711075912864138 0.03581497749813183 -0.0168835354289659 0.02219925960831786 -0.008820705878502715 -0.007495104198099027 0.008530443295183722
16.82700018046874 21.28814504950536 -31.47208949324738 -0.6111361789214552 0.7650878445587653 0.04732994908484092 -0.02463045479875967 0.03020340268272777 -0.009229552593812895 -0.007457287589454293 0.008381766521703601
16.76424095353179 21.51307778833213 -31.74003050442397 -0.6160128153059922 0.7877361305531098 0.04171076895672248 -0.01966666682657259 0.02532899316743079 -0.01039591247619589 -0.009045256671367323 0.01009639239830239
17.1578010475635 21.62873820439569 -31.85502316944251 -0.5939734905867352 0.8044846129542872 0.04520009405627369 -0.0215504208282854 0.02633107421075895 -0.0110892045164999 -0.009909332272704879 0.01092560084135886
17.61775942596762 21.47892721655079 -31.67261594592806 -0.5663200996410772 0.7965483725978805 0.05712504179003124 -0.03055257683379907 0.03393732112663803 -0.01072668753028708 -0.009068106014288244 0.009892014353312519
17.56753475045416 21.73376666831157 -31.95730886073707 -0.5709907269123854 0.8209565090673597 0.05394066361096166 -0.02542640154634541 0.03000991383248938 -0.01318432850657682 -0.0123242946720885 0.01325591822829523
17.98407809600543 21.82393589434012 -32.04473219072892 -0.5475572717711836 0.8367682081260607 0.05454017695184294 -0.02470391862717531 0.02687888889673892 -0.01250844759155089 -0.01282150855866953 0.01359696981259431
18.51308874664499 21.64415324492301 -31.85728784935436 -0.5154297204602816 0.830591280235265 0.0578842520778313 -0.03319149362877665 0.03215393450308546 -0.005280677869949305 -0.004557607141379326 0.004801723426898081
18.39813786253483 21.89539671949132 -32.11621237604478 -0.5241759150327409 0.8516100105679762 0.04918545740695952 -0.02271939926268816 0.02331037589782994 -0.008503841434724385 -0.008931532624928965 0.009238215457938403
18.80182163348154 21.94521122579944 -32.17190610265453 -0.5012742247255387 0.865288478847263 0.06163684044696519 -0.02900549423793436 0.02818465949674879 -0.001138945450395633 -0.001200993043995318 0.001254781956493271
19.1897065799652 21.97180951231366 -32.21317441619515 -0.4791318761637522 0.8777429266270407 0.07270935008171131 -0.0325953802287583 0.02859768877060229 -0.0008308552112712016 -0.0009698541672561954 0.001007010647132239
19.25449496970329 21.61695994533158 -31.86719681048648 -0.4719148049896664 0.8470105840898515 0.05871369178814545 -0.03202569369655686 0.02646030340004428 -0.007457729956876816 -0.007324808530802059 0.007682783551663696
19.55946908074893 21.97529094190587 -32.24235886483275 -0.4578390042696647 0.8890351208863246 0.067238881096822 -0.01697602777809093 0.0101274129838436 -0.001981482157635402 -0.004906809108892966 0.004930628931398942
19.96509981184319 21.59792113799453 -31.92398031947834 -0.430022578238564 0.8676374170842734 0.04566457813912584 -0.000928334523729828 -0.004935095750397537 0.002020588911319998 -0.02489976488762912 0.02338042815008615
19.91197680323372 21.95751370221728 -32.26240869058324 -0.4372974842765242 0.8993169131320856 0.06638417170555205 -0.002978167389070854 -0.005353793675756905 0.0002515332088857148 -0.007813547649143087 0.007465337469191209
20.25084266543229 21.92195024155949 -32.27642893055841 -0.4172640578238555 0.9087852915008968 0.06575510375307683 0.02022815656798977 -0.03001348984482821 0.0008527819653121077 -0.001219618935362407 0.001046333631724138
20.75160600317978 21.63380920259541 -32.07975631259599 -0.3841286994468645 0.9003405389162802 0.04242280110876478 0.03294854604368378 -0.04031649843621125 -0.006714035543052622 0.00455550389146326 -0.003341832003918009
20.58153627468907 21.87332313100143 -32.28723237088074 -0.3974187968706668 0.9176373466102345 0.06501230250142527 0.02986262144782635 -0.04229573436344015 0.003727196018238477 -0.003770964287312478 0.003066567302036398
20.91022531162908 21.81707020872159 -32.29697441775739 -0.3774348594915128 0.9260361368978115 0.04001526295293891 0.02131913346430224 -0.02968096011978592 0.02617613439882197 -0.02354228500185278 0.0183802607075207
21.24256257103686 21.75871203756809 -32.30692981069642 -0.357033295426494 0.9340916582203791 0.03703095515277711 0.03020555322280687 -0.03928652089830277 -0.03874590199672009 0.0243478635657663 -0.01780145083875975
21.56083429182922 21.49531834161957 -32.08689370415219 -0.3339674148846581 0.9172605688093421 0.02453311526741994 0.05231381096429137 -0.05952480984254451 -0.03636091146578609 0.01099987470661527 -0.005318808527457646
21.58263651052564 21.70320657697174 -32.31743905489967 -0.336021488747245 0.9418543194677641 0.02719449633349735 0.037495488579239 -0.04612750444946823 -0.04985170618197886 0.02058066959726611 -0.01266077118450661
21.93226531921691 21.65437298943441 -32.32801704880534 -0.3143200691586399 0.9493170672247014 0.01897480315357403 0.04973509691474028 -0.05897396357515215 -0.05335644557336582 0.01332861091857492 -0.005926823885754267
22.29074568579889 21.61445226627761 -32.33758514718933 -0.2919782176705936 0.9564249685186513 0.01190805602777284 0.05289936664463171 -0.0609367289236785 -0.0572700287469852 0.009789628643911349 -0.00269311397216198
22.17759702533951 21.28060565340893 -31.95368956452344 -0.29316314189723 0.9149319558612951 0.01494570514713427 0.062802739077638 -0.0672754593055003 -0.05394425325350682 0.009380858045935985 -0.003226902135891086
22.65507997888548 21.58385075951391 -32.3447669826048 -0.2691714614979313 0.9630922719631113 0.006871790506452798 0.04083020952787065 -0.04616891666055311 -0.06965484916809365 0.008648871556060573 -0.002718675301631172
22.85885094297454 21.15024574446702 -31.88000949384562 -0.2489032869837838 0.9207415975686263 0.01028293619824893 0.06093485829302963 -0.06432770792052803 -0.03301181763459071 0.003768453550473585 -0.001707323873227958
23.02061868501538 21.5610877105375 -32.34818193306612 -0.2461765194614679 0.9692250106481144 0.001807439391980822 0.04107025713305309 -0.04635343991660344 -0.03770947131412006 0.001824544248571339 0.000146200962598229
23.54567982090939 21.34104064183246 -32.123779663487 -0.2093466018311743 0.9569968224592276 -0.02546597546923128 0.05341988520464611 -0.05742351817409402 -0.001902870018748901 -0.0003673734550991674 0.0005021181971565666
23.38198204417085 21.54294529678272 -32.3466789339456 -0.2233234450108257 0.9747443967053604 -0.007081506626040015 0.04349673124620683 -0.0493077811837729 -0.0200038216056605 -0.0009681067270506897 0.002018904820547866
23.73407955608212 21.52480058991257 -32.33947369931513 -0.2009315162092119 0.9796052908155751 -0.03410726906366154 0.05585162765058885 -0.06199475174960468 -0.007558718645497641 -0.001898936173961703 0.002447764854532676
24.07303522251013 21.50110462917579 -32.32617925268019 -0.1792393328969104 0.9838054998538434 -0.06399617742445268 0.06654639423230713 -0.06867363983849525 -0.004180286788612922 -0.001792089559146353 0.002158983811769692
24.17654567946033 21.20272195989364 -32.01650893608674 -0.1673309240438555 0.9585933655362973 -0.09146787623339415 0.07831657916035885 -0.07042153070565119 -0.004737132662611499 -0.002691700826593466 0.003159412483562396
24.3968495483972 21.46596379800977 -32.30674580410364 -0.1583417775011037 0.9873843636081093 -0.1022015188561509 0.08488773443194851 -0.08093629015636052 -0.002756688986579419 -0.001569008313822772 0.001835372489771318
24.70568290810498 21.41377128388952 -32.28134581419208 -0.1381488273843272 0.9904114808968721 0.1324300295531316 -0.09435685657448192 0.07518213470841514 -0.006926120973398352 -0.005143395179193101 0.005744872843020771
24.74701020548488 20.97131314542676 -31.87576932262317 -0.1274753154985973 0.9559561431438773 0.107536619780495 -0.08406067384056863 0.05560752273800058 -0.004015576806753778 -0.002949711141342365 0.003306510361148205
25.00171662509562 21.33983070910962 -32.25024868656261 -0.1183842793447218 0.9929678556751123 0.1136247015723355 -0.07128868054627092 0.0438847503511217 -0.01499732672457028 -0.01454911075070303 0.01519616403391207
25.3505911951734 20.993656278643 -32.01894222815264 -0.08988748964561179 0.9795590102743645 0.0927198180422746 -0.06141344720700349 0.02933057733666248 -0.0002924311036804787 -0.0002943163625320655 0.0003081826936743068
25.28862723780064 21.24090938230017 -32.21372613372486 -0.09863956983356446 0.9951232261700304 0.1016665741504366 -0.05699134804145492 0.02809473079610043 -0.01003829787065423 -0.01200739334902709 0.01196814533751129
25.57077987212791 21.11565722974395 -32.17201530232174 -0.07847800206214813 0.9969158455919607 0.09652195307777151 -0.0542542003282953 0.02092469037186358 -0.006163486771339106 -0.007899538210752616 0.007948918210761994
25.85229814236287 20.9648316927513 -32.12534670305503 -0.0575539651566857 0.9983423967230597 0.07491738543841109 -0.05547160250203315 0.02308621938829335 -0.006855915023982733 -0.006416406502229975 0.00683086627347535
25.80706856612275 20.59813060002259 -31.82977565415905 -0.05311729541635399 0.9698974976456131 -0.05366030468861283 0.05645973347581735 -0.02691871334660913 -0.01213735943460974 -0.007256382206889195 0.008975206090493725
26.1361904609211 20.79128174671285 -32.07402321609255 -0.03570165802693726 0.9993624925992209 -0.04523665772180807 0.04921705977179327 -0.02386992026923578 -0.01000974232503126 -0.005671927948478488 0.007274916238541898
26.42370181573692 20.59966655716358 -32.01852003906269 -0.01297009074327985 0.999915884835375 -0.02058880715804554 0.04367587961818346 -0.02535341762344302 -0.00286630079197744 -0.0005982031571023024 0.001297129470850929
26.29117110808123 19.96492323876976 -31.52727261555844 -0.00939897719229576 0.9458508948574396 -0.003412670836375789 0.05621170073278765 -0.03698956884436924 -0.002274217396394513 0.0002170835283647668 0.0005397140420508286
26.71401915600856 20.39591687491578 -31.95956823309873 0.01039217962021058 0.9999459998433622 -0.001789902700033615 0.02772358463376244 -0.01900582610167854 -0.01233372135610325 0.001157263346007335 0.002849634063975451
27.08492035942351 19.84171217035858 -31.68132442249057 0.04606593864923946 0.9767773297481391 0.003462371888005474 0.04340606201424525 -0.03043834126397218 -0.0138660792346962 0.002648135756288743 0.002199056162096718
27.00439234995694 20.18648670117293 -31.8981876161496 0.03398883147139582 0.9994222127485508 0.00534305157305535 0.02738866453967835 -0.02064168936250799 -0.01065488304005058 0.002893881215892154 0.001081788988281266
27.29065449381458 19.97748170940249 -31.83564712287278 0.05735082960775447 0.9983540866562836 0.00739520052150763 0.04226650522170038 -0.03164035875804885 -0.01132954605672767 0.002914851776316482 0.001245761251268337
27.56804853140941 19.77378272666521 -31.77334944955123 0.08002263553276208 0.9967930466262244 0.001802861061153538 0.05250583427644442 -0.03598637930748843 -0.02540985916873328 0.003895500951667437 0.004410726635514789
27.70344454389913 19.38936840956886 -31.55468168277839 0.09654166159390186 0.973290234923473 -0.002559531227424396 0.06797287061021454 -0.04256292261467018 -0.01673366484298397 0.001536951057498872 0.003460789439062252
27.8322065355587 19.5782986661357 -31.71265688688544 0.1016470726744549 0.9948205228164094 -0.001449916282065749 0.05002329670937551 -0.03257847463266932 -0.02510281086812446 0.00246779266773413 0.004906432877563475
28.08009529015855 19.3914776537512 -31.65469183857347 0.1220362970796965 0.9925256380542902 -0.00206101413089045 0.09427878015572022 -0.06051486671660382 -0.008399850180544443 0.0008677350104571347 0.001637964579315154
28.31074396611873 19.21117553610696 -31.60015444852962 0.1412179519392569 0.9899785300955175 -0.02423271347294632 0.101291048294931 -0.05499003448932072 -0.01368625942028877 -0.001052439056835561 0.004092606047711676
28.00287616380725 18.73574320269412 -31.24488027666376 0.1295559963280185 0.9385421111591231 -0.02275202556704046 0.05394843090388982 -0.0241632221976392 -0.003102222034143168 -0.000749091199068822 0.001248572727387862
28.52560787584697 19.03292943100907 -31.54919889886564 0.1594481603449271 0.9872063027364737 -0.04770413679787342 0.0726611986760628 -0.0278528153334302 -0.03464047788487636 -0.01601700763298024 0.01754505302597995
28.72783638217054 18.55810297124309 -31.34845285348672 0.1834223682236411 0.963227961805022 0.05665915475524896 -0.04864234837198225 0.008949347904796717 -0.01564513993575221 -0.01590572236930822 0.01259853984790973
28.72848855004536 18.85061883049008 -31.50139929865329 0.1771848193252298 0.9841775956608064 0.06033354129613731 -0.05965241903369292 0.01561997407208256 -0.02876085971631455 -0.02388363581311116 0.01988017805931305
28.92501371215587 18.65742813980003 -31.45581799689572 0.1950176347745843 0.9807997359945234 0.07888918280090976 -0.05605296777511282 0.005534037819001392 -0.004624151326387643 -0.006072396641245389 0.004412630855753614
29.12176422872103 18.44696693521621 -31.41116811176392 0.2135619764922164 0.9769295175173786 0.07715783729689799 -0.04244551318749223 -0.003254627626356114 -0.006020247280392603 -0.01151801511583616 0.007490504335400208
29.18874855759209 18.06713523194326 -31.24751039457223 0.2265638999845174 0.9536880469034072 0.05563297185221443 -0.02702184381742738 -0.005568858072492049 -0.009876138906712821 -0.02337616627557498 0.01476571233683627
29.32520294177198 18.21436873656612 -31.36604234913052 0.2333407331640334 0.9723950340507047 0.06815453026810045 -0.02782252817490409 -0.01011436756173623 -0.0008706351021174523 -0.002721382221996657 0.001619281386253975
29.54059802930963 17.95718432529164 -31.31916633209731 0.2546849476745632 0.9670240831685657 0.03801462210556426 -0.01692484418263819 -0.005373010727855457 -0.0142049915013858 -0.0393508176683918 0.02345222817176438
29.77113539215817 17.67591422813981 -31.26962983581309 0.277673273673661 0.9606755711931849 0.03544299008492803 -0.01334757496637621 -0.006609524513145577 -0.01362136447246194 -0.05081199440634847 0.02956869563014217
29.26770068708291 17.47972788568837 -30.9818469045155 0.2437786082808582 0.9142943426964846 0.04482462282628773 -0.007484028305698872 -0.01226871408054979 -0.0001251057861834808 -0.004637440625507187 0.002371798465363614
30.017379014278 17.37408287431658 -31.21705417231784 0.3021166705363318 0.9532709569603186 0.03722139461275335 -0.006362209272932176 -0.01144715881937247 -0.0003360161879356847 -0.02540388827581054 0.01302662650029015
29.86865244661895 16.82999027616378 -30.87537858980973 0.2998369931047005 0.8994487122568293 0.04539771772211428 0.00969404273393339 -0.02262235308742841 0.002888279105883585 -0.007308823059194361 0.002664145336609049
30.27717311713226 17.05783365558784 -31.16166710084778 0.3275873625679317 0.9448208930192997 0.0353851453267955 0.00125085579433262 -0.01523279689318889 0.004080451457003297 -0.01861437687877437 0.007950179305708436
30.54599912876267 16.73510624697056 -31.10427545044248 0.3534860304698054 0.9354398036553182 0.02775368899915177 0.007803834406192972 -0.01568506726812238 0.004939849466346414 -0.01047407259615681 0.003529542892383136
30.44579652965878 16.06047089413621 -30.69856963965115 0.3548077518506373 0.8701532215906437 0.03567172654310702 0.03843235627424887 -0.03436051020665109 -0.01086512497846237 0.00950248512738394 -0.0006511798878262728
30.81771952752855 16.41452886691919 -31.04614548865007 0.3791354002571314 0.9253412064054343 0.02206890266598447 0.01396284270706113 -0.01680898374937709 0.006497769304745666 -0.008201796203252712 0.001718024626690179
31.08557485039791 16.10420587262912 -30.98881779315839 0.4038834726055455 0.9148104396846843 0.01832197076083955 0.02761685753116105 -0.02263914149999587 -0.008044303135072374 0.005572191821535541 0.0002870665762446422
31.21858211097197 15.58747548467075 -30.76146386748243 0.4197474885178483 0.8756057765467253 0.02508160633871994 0.0736376750155269 -0.04848613531172023 -0.00930632917625591 0.004183335148780358 0.001539272800970872
31.34326169065971 15.81059585304534 -30.93389367471963 0.4271982206811336 0.904157995179423 0.02034000573518303 0.03912400233938467 -0.02961707140585824 -0.01408854671214817 0.008248066264581241 0.001220115331802892
31.5859134563852 15.53765556237235 -30.88283215791699 0.4487384910863919 0.8936631169615921 0.03477461395280949 0.09281417935353191 -0.06473617030878991 -0.0122081349503643 0.0058067486834861 0.001767411220674405
31.81083120422373 15.28637481912335 -30.83679029575267 0.4683919285782046 0.8835207984211746 0.03033466641350757 0.1099097181132457 -0.06668244565392843 -0.02113115346766712 0.008156803128478033 0.003831674718530558
31.42839145812787 14.96163085964899 -30.54174289744876 0.4426354756172349 0.83224257666502 0.02824245777082519 0.09919801879486116 -0.05353135197170676 -0.01242705496592246 0.004810135811587441 0.002357223625130759
32.01786137305189 15.05475716464522 -30.79652720625668 0.486277682728638 0.8738043346654135 0.01450537892078328 0.1238408290962802 -0.06489397591041268 -0.01990216859497035 0.00482475328713529 0.004758730623545115
32.20938013124267 14.8382248294229 -30.76237709651079 0.5027172620612727 0.8644508976371175 0.003532164306295678 0.09163262468050502 -0.04097124392187829 -0.00655941814302759 0.001056935798274995 0.001798355422655531
31.84330174339959 14.23262029064083 -30.38783807223486 0.4816518141017807 0.7915382737923032 0.0356355984324678 0.04429367974390236 -0.02873683831632588 -0.01359881951468142 0.01100689386992393 0.0001020905861822646
32.38990768609221 14.63035838756687 -30.73428192469724 0.5181801670352314 0.8552714858402212 0.04465518870598513 -0.03722250027950079 0.0001389453616508616 -0.01782356029198444 -0.02132732121322541 0.01481322158816848
32.45371234675271 14.15916014302334 -30.56484301461884 0.5272744333275523 0.8163552719002327 0.06551652297849395 -0.02584298669104078 -0.01344265876134263 -0.00605054425668008 -0.02071321284675767 0.01033133880491415
32.56542869012301 14.4238335446925 -30.71186379875415 0.5332125296839608 0.8459813225999917 0.08051087211420734 -0.03771562203421451 -0.01418032640626434 -0.006877969620775444 -0.01840401439347124 0.009898750861668523
32.74253084241991 14.21139681707139 -30.69451255292814 0.5483587599705269 0.8362431885304574 0.07423124994301071 -0.02682208517399666 -0.01818404830587239 -0.003952642991342958 -0.01624635658931277 0.007828373967409064
32.83945908473101 13.77209325990984 -30.56350100420446 0.5592744791655206 0.8017699661733892 0.05693835415148664 -0.01006269064165421 -0.01886654693283136 -0.0005268873406552235 -0.01155363320062246 0.004572142374116023
32.92748845070566 13.98672998160874 -30.68146576233912 0.5640881416471266 0.8257145805016955 0.06053713491157318 -0.01277559940446027 -0.01972643713653256 -0.001445619270576745 -0.01897254134747617 0.007850983837290286
33.12541295514568 13.74508693481489 -30.67186555536271 0.5807376348616829 0.81409078084404 0.04106327225481355 -0.005445408233017063 -0.01497726773669774 1.902175779443278e-05 -0.006640439070581409 0.002466471044939403
33.3395731111459 13.48363594722903 -30.66478661117299 0.5984779419101488 0.8011392844237466 0.04063992885048468 -0.002529099978246832 -0.01616477589938338 0.000616639884153991 -0.008407607697544854 0.002865729890206827
32.97331685252334 13.10171232164596 -30.36616472943824 0.5750058628634364 0.7493611693602799 0.05977350780134248 0.008626780077398075 -0.02703695320273092 0.001093301681468039 -0.004118317143187091 0.001103033321823593
33.57095706702479 13.20149607508134 -30.65923987699389 0.6173049341622576 0.7867239784441115 0.04885711649159939 -0.000929471875384986 -0.02102460146748708 0.001201718954285711 -0.009759174561091622 0.003224004094728218
33.62334425396233 12.71420739970977 -30.49191672613494 0.6245289194627144 0.7453827925005339 0.0454203475648204 0.008232545415412724 -0.02335842354867741 0.001289192469164142 -0.004158234350784226 0.001041282466513078
33.8181145769917 12.89950679518519 -30.65416405205223 0.6370549847849194 0.7708183614579286 0.04402681753944659 0.004419071353617545 -0.02198513272994341 0.0004629514954686095 -0.00192224903834332 0.0005407165609037996
34.07728426737059 12.57980759935823 -30.64842031446958 0.6574400955538228 0.7535068153362519 0.02855643592872758 0.01061192923897829 -0.01739164178767438 0.002490193564366086 -0.005225424058601599 0.0009003878304642179
34.01915326750692 12.12255285013972 -30.44140157543809 0.6570086689333674 0.7111525656379026 0.03345050777833505 0.01730422627521401 -0.02178946177425326 0.006467532012956285 -0.01093029721931841 0.001248396763968673
34.34278021596583 12.24532363647251 -30.64080429923255 0.6780964847503423 0.734972895669785 0.02179831787560295 0.01626407465703906 -0.0165601102775471 0.005797515450551851 -0.007530066799792469 0.000235899158282138
34.60758614960776 11.89925376043532 -30.63008385959365 0.6986388379226735 0.7154745097807863 0.0156055487446185 0.01898823984456265 -0.0145976040937161 -0.009520998211269416 0.008682209914059864 0.001115216061560796
34.48002710463883 11.42095423913652 -30.38780438688853 0.6950142233496049 0.6712333941329359 0.02521039839013679 0.01860188929054808 -0.01841902159157098 0.01116298771181611 -0.01480313858589996 0.000328846040025591
34.8640863284946 11.54464181404629 -30.61506342439537 0.7187120838250364 0.6953078027491667 0.009291411782327339 0.0225297205337962 -0.01285619809447933 -0.01339537135561099 0.007506949897539445 0.003474399793962466
35.10484917403905 11.18408501985373 -30.59466775543097 0.738033316191004 0.6747642730554942 -0.006370376766985289 0.0248890897343434 -0.006071664284180923 -0.01554084890637797 -0.002005502192173966 0.008084428995336075
34.92669442186581 10.70052638680818 -30.3353878107022 0.7332491166369156 0.6315849094882021 0.02736694019805457 -0.01453450814089456 -0.007800746263350178 -0.008312000411865609 -0.02184975769095096 0.01155036451592945
35.32337343413563 10.81960204772231 -30.56803202428798 0.7564180071286762 0.6540885249654528 -0.01620445100801607 0.0289985238963358 -0.002401576911123448 -0.01235624262101218 -0.006231119425066995 0.008133348782690852
35.51471165648098 10.45265276046544 -30.53458243720685 0.7737868386008815 0.6334460737963837 -0.02308079393223122 0.03399282691725156 -0.0001612622801821838 -0.007753030092725989 -0.005237981666268259 0.005533133615586905
35.2735683317048 9.916184197585071 -30.23883466324202 0.7684400375436704 0.5874255891285384 0.03779834943785974 -0.03240347654175929 -0.008278355290350828 -0.008901325411043451 -0.01252516720847692 0.008383736991292185
35.67589948606139 10.08427758691926 -30.49409293802126 0.7901523363680345 0.6129105035257074 -0.0315194069605249 0.03958965075614585 0.003254449866039894 -0.005487097770015624 -0.004718021079356513 0.004251022358928517
35.80614231693794 9.715307961551469 -30.44670791610042 0.8055885974196439 0.5924753258216339 -0.03659830153129538 0.04508343330909256 0.005305759136402206 -0.00364091769976194 -0.003292756913892065 0.002864318283828795
35.66309229587569 9.301897012418531 -30.24959257120019 0.8060077668951869 0.5603870435078099 0.03918894531586465 -0.04373292306501432 -0.008130191804064489 -0.003912136562483656 -0.00410755932133302 0.003237693599837723
35.90674286998909 9.346592847245741 -30.39292724825617 0.8201924233101635 0.5720877456689676 0.04072236691118058 -0.04515239416095692 -0.009171864361660497 -0.004501946748668658 -0.004826539643559231 0.003772394765258541
35.98078833167045 8.979188609083304 -30.33355687664049 0.8340477057821289 0.5516923277331008 -0.03236873775366987 0.04326059587646167 0.006203486337233045 -0.002589806486500626 -0.002225870339336288 0.002009146075543229
35.7171117638319 8.673674956760486 -30.10753410350223 0.8247348872060648 0.5223600694694082 0.03706707810875716 -0.04030404040238833 -0.009909774433347476 -0.0004606069537860831 -0.0005193093940157967 0.0003892028915762302
36.03264988039868 8.614468521994475 -30.2696336392032 0.8472036767894283 0.531268227955026 -0.03063548765985707 0.03912597087248855 0.00746540068945707 -0.003177122440359727 -0.002967635691016105 0.002515462072635772
36.06737380757886 8.254123572789064 -30.20233630826911 0.8596712046048698 0.510847746371864 0.03068561317200922 -0.03499386975954965 -0.009126820663487174 -0.005721185745457926 -0.006266506512328304 0.004791506449162821
35.76522330311041 7.892792718364277 -29.93963166522979 0.8483081410636183 0.4757942884848246 0.03274332662411988 -0.0287425213714402 -0.01202966182187197 -0.003658446480986846 -0.005630227298363758 0.003494464018019297
36.09005673561383 7.900044657993515 -30.13289539862475 0.8714337981583662 0.4905131348162696 0.02738638400343178 -0.02808933588272452 -0.009644957956685934 -0.002762984236888516 -0.00353454165359969 0.002448406773636018
36.10529560961114 7.554096214112898 -30.06251233825731 0.8824658409764723 0.4703764869864216 0.01808293825541677 -0.01840208549773057 -0.006444122509821015 -0.01261558559601371 -0.01631053278313472 0.01117622504699119
36.11678549844357 7.217811600246465 -29.99229517081615 0.892750754288971 0.4505508747261217 0.02207819491914044 -0.02085209036165001 -0.008491065978576656 -0.01359375299401859 -0.01961357367266542 0.01282035524483762
35.61517227687886 7.181332281092278 -29.67580521130704 0.8550683291362765 0.4246307612127088 0.0443371494499161 -0.02461719445205305 -0.02033035992496606 -0.001386423131284162 -0.003991928600384663 0.001810102386658859
36.12710841484847 6.892057228450925 -29.92321381091082 0.9022944253666147 0.4311203659679397 0.03354927685200948 -0.02472476239044962 -0.01513756952394901 -0.003908065562545188 -0.007958159275147489 0.004336946134310146
35.88742226150907 6.491330560239319 -29.67530493032406 0.8926353189422799 0.3942963033627709 0.03332512688533559 -0.01462299921307528 -0.01751039884132822 -0.002099703010841282 -0.008882413366637296 0.003421661319976814
36.13771960188794 6.576724879992407 -29.85607435528935 0.9111320631001069 0.4121145030097128 0.03337104629021469 -0.01673398696793515 -0.01750370586859104 -0.0005514463811590029 -0.001948243593557324 0.0008112305073751752
36.14910301490348 6.270515075480667 -29.79150937582251 0.9193285885311806 0.3934907194703163 0.02602517440979294 -0.002117427115495842 -0.01617566445574386 0.0004232026631129895 -0.00934629475562255 0.001904343475191085
36.16104086416572 5.97086901112753 -29.72998019603555 0.9269734996980878 0.3751268196989908 0.020777835308044 0.01180587018558368 -0.0159166997123547 0.009711561720965425 -0.01946900961659014 -0.001763140013971394
35.69978782441466 5.932668559172646 -29.42799564620223 0.8894257274183277 0.3497150168269079 0.03671636815167836 -0.01315951610189355 -0.0197345714102108 -0.005324873178296625 -0.0296676548031091 0.00987616974598971
36.17292778469765 5.674089204508753 -29.6717874663697 0.9341712861361937 0.3568248984567219 -0.004708213304285223 0.03998453426533934 -0.00552463024502835 -0.02003801473725853 -0.0005877527535232842 0.01282298078289964
35.93654624513472 5.275142183169285 -29.43916271493982 0.9218477625963717 0.319533569228539 -0.007095532471669327 0.04356322840379533 -0.003808660574262541 -0.02162111210817668 -0.002295339938673468 0.01402616063646689
36.18406187361101 5.375662086879368 -29.61708746805142 0.9410283938125424 0.3383275957390806 -0.002732600782980701 0.04622400751064808 -0.007395110439164508 -0.01995562016824822 0.00083255037189436 0.01257784568671932
36.19385951813129 5.070761716059369 -29.56591287875493 0.9476379847569676 0.3193465982999557 -0.001237555410133934 0.04641358509196328 -0.007464957562148152 -0.01446273820110564 0.001058327384982213 0.008977841801001496
36.20196443623398 4.754877840575511 -29.51819780770021 0.954064513719845 0.2996012410864072 -0.006771506970610876 0.05029246789093869 -0.003850403682522724 -0.01204964005364438 -0.001026342031460976 0.007785403927983114
35.71861413521215 4.681604379309233 -29.19920317372808 0.9144445957804926 0.2713389935651119 -0.0257262632311332 0.04558868331790845 0.008823843734274396 -0.02498378436327139 -0.01763686932634677 0.01828026903652218
36.20824822981987 4.424480608302923 -29.47380704836983 0.9603311145855269 0.278862242619756 -0.01879624719231953 0.05192498230571133 0.004928151554414794 -0.01203017612824629 -0.005148765260160408 0.008365688494197944
35.91205781100808 3.874637142639023 -29.21340217347995 0.9438789006226491 0.229679262185093 -0.01330162167067642 0.04197417012854349 0.003801557569065318 -0.02614160248905103 -0.009900553812010847 0.0178457967990877
36.21272252073216 4.077614895467751 -29.43256894212395 0.9664131898098148 0.2569932811604593 -0.0205268650730031 0.04064885157283611 0.008494423689536642 -0.01303379355097652 -0.008561314705274801 0.009472648416619144
36.21539799863066 3.714316202582131 -29.39430999349474 0.972240814319451 0.2339824757785317 -0.008313813288640374 0.03301041400442367 0.002022636596039092 -0.01734400494676721 -0.005091570854395103 0.01180639323866972
36.21613064877953 3.336758636886803 -29.35888782607872 0.9777106379090328 0.2099569206278087 0.01353849080818997 0.03248251871464326 -0.01161564120261024 -0.01745516507815019 0.01094716577505241 0.01026847533545233
35.88571368554662 3.049848343072915 -29.12173749035884 0.9540340417023414 0.1766826930777616 0.03791184424023367 0.03739358466597273 -0.0263862176241456 0.01276613416212321 -0.01773505230949216 -0.006791026009811104
36.21449077527847 2.949084480414581 -29.3262177490896 0.9827053941410731 0.1851758848393563 0.03117301749292126 0.03444400720261393 -0.02268658032124252 0.009008880195795141 -0.01141634724527953 -0.004954063821754543
36.20967938607971 2.556917429879294 -29.29628754890523 0.9871167452243682 0.160001660296541 0.03726139527276516 0.03902431787745111 -0.02553164843586436 0.004081929816054142 -0.00536060713529738 -0.002236269101688562
35.84157104968432 2.257655780756679 -29.05397871875001 0.9615125023653615 0.1255082400530009 0.04871502868593372 0.04895546730734106 -0.03057255430887093 0.007298043051402632 -0.009748123942875768 -0.003980681010935107
36.200503154492 2.166619361744804 -29.26915563092108 0.9908658865335003 0.1348510100228416 0.04337056696811969 0.04619057851895843 -0.02869933381012936 0.002628552509995275 -0.003367947901381211 -0.00144831408274259
36.18540728583796 1.784401866636675 -29.24492937168069 0.9939167383334164 0.110134087641671 0.04556891531607136 0.0548856805449962 -0.02813947681622838 -0.001651708297676291 0.001843633122197868 0.0009212148190513964
35.8269976516679 1.486764363822693 -29.03309928702266 0.9707695379253478 0.07761354238903813 0.05782931794226315 0.07013238715701477 -0.03158212327441066 -0.003321504362073993 0.003575729661340048 0.001858460391245684
36.16255805392088 1.41543840350888 -29.2237235742286 0.9962786559560209 0.08619071693903288 0.0554154570014403 0.06932257255833656 -0.03232687080642405 -0.0009318323659589617 0.0009878991315770572 0.000521108056563624
36.12996384317941 1.063130911173861 -29.20560279321955 0.9979986513069924 0.0632352116263106 0.0573046494854489 0.07878466441977236 -0.02921234511548261 -0.003913268307961825 0.00364999471423364 0.002167410377847927
35.77566127240458 0.7864079556877526 -29.02893702901522 0.9773362325108937 0.03367284734056517 0.05913641455843033 0.08016430989570629 -0.02512985852527648 -0.0002742389999654579 0.0002498684836762829 0.0001517327829248945
36.0856240702041 0.7286639381368127 -29.19051541882245 0.9991459475702662 0.04132039997283612 0.06206691272515719 0.08652348081384068 -0.02853091435914346 -0.005177604086538911 0.004651492082548755 0.002842719443708223
35.38012315052136 1.201191707677098 -28.80337210033716 0.9432616449299401 0.04351286671831689 0.07642219412215301 0.07309970744495153 -0.03386296538485927 0.01077045238360821 -0.01408166927895909 -0.006091147052265651
35.19263677666534 0.515933283590722 -28.77335591760693 0.9428688617078917 -0.003126020730461223 0.06247365875783301 0.05779698921147888 -0.02191267314404873 0.01531782301456775 -0.01994086631196463 -0.008924588337059596
34.78433315222503 1.288042642772179 -28.52096324095755 0.9007532600743297 0.0262796011604491 0.105452374189581 0.04306083706958899 -0.04181894276351779 0.01385815182255755 -0.04294542335552466 -0.009275482372232458
34.47974957452525 0.5564412140218575 -28.46961420237064 0.8948872754745846 -0.02658544776680635 0.09612672042265015 0.01890032542420472 -0.03387651799663285 0.005736358461177772 -0.04140527327768094 -0.00682348207119556
34.07313976923423 1.127614904096711 -28.26777399041695 0.8566543598922756 -0.009148860751004774 0.1099384142276352 0.007820013993654836 -0.03442282464679311 0.001808600877309668 -0.04705416290326861 -0.004913295224216773
33.78825173737427 0.4551482900706558 -28.25394189368405 0.8523268019728999 -0.05724830663891276 0.1018384103009715 -0.001733411986835406 -0.02888755557240667 -0.001663524604727463 -0.03535725664781932 -0.003742857663260676
33.35684014019242 0.9851741043406514 -28.08554929715867 0.8135543082824154 -0.04337471423951509 0.09713432236836474 0.001985469369068835 -0.02237145432165131 -9.295660699922893e-05 -0.04242585741357928 -0.004168907217239507
33.61402832737335 1.733715319973782 -28.0919030269414 0.8146303152823456 0.008211391894586698 0.1019484715519889 0.01643887994557153 -0.02587036926031566 0.007397890834684256 -0.05347508931324841 -0.004826638102387671
32.96542471660963 1.408809632648568 -27.96323973000418 0.7796944239414867 -0.03411803588682845 0.09301188155042205 0.005425930742014454 -0.01735731179482656 0.002093300383833121 -0.04933263399796015 -0.004204202177510595
32.57867999970799 0.8497087436802495 -27.95210892193466 0.7673125390008461 -0.07955254992882813 0.07650853224386568 -0.01334137127179253 -0.0133847440757259 -0.005492433171851477 -0.0293301934315699 -0.002160145925707103
32.32286381138141 1.469697550418183 -27.86017797290058 0.7377801172747691 -0.05462305770359041 0.07216099452102483 -0.007213612125834662 -0.00994675350377216 -0.004338023070043086 -0.04010394335209721 -0.002386886024870313
31.73569718180223 0.8773055063959498 -27.84487062179776 0.713809921747822 -0.1095374807678782 0.04808086572268023 -0.02121614826611265 -0.006880907660503641 -0.007639400109153298 -0.01707967553307933 -0.000718516022457249
31.99939702683016 0.03088529655173122 -27.95982588082078 0.7492476593750074 -0.1460339102812085 0.05660722637072278 -0.01702720959577849 -0.009292280250572811 -0.004883534602836179 -0.01568084194592018 -0.001016151692149533
33.01312748821409 0.291052574202749 -28.0916885382878 0.8068606806101396 -0.09448337392191106 0.08377226831600361 -0.01174282718463965 -0.01817561823341729 -0.003092341777286357 -0.01945124562549033 -0.001685767647186568
32.74599980621582 -0.3277044867221273 -28.11388278330538 0.8038854289897512 -0.1381636610837139 0.07640457968039184 -0.01672874794362303 -0.01635502777248323 -0.003906663735036879 -0.01657415131552191 -0.001297594916163576
33.52392823013653 -0.2914484441362442 -28.2835763994178 0.8519887475711317 -0.1081052657940358 0.09308112320409642 -0.01517389113693245 -0.02651402329023595 -0.003369104311206564 -0.01785422500489732 -0.001609787637773535
32.95107436314363 -0.907833641550079 -28.23233624468393 0.8299728944459479 -0.1622924982642458 0.0835825919869914 -0.01304779045975264 -0.01979196946044506 -0.003384612849168162 -0.01876212423737081 -0.001924540620023459
33.65323025202606 -1.03099338002467 -28.42707885539715 0.8770728869528739 -0.1440204355395448 0.09253835785948174 -0.01070040745237172 -0.02861023601727102 -0.001896895968851374 -0.01273512792925033 -0.001372396234795711
34.24202911463996 -0.589343890186794 -28.54875579943392 0.9044975963831487 -0.09901201323683521 0.08048668584608548 -0.005936945328212059 -0.02901046437387648 -0.001741679187727627 -0.01492554578402621 -0.001777628777298967
34.2662396717346 -1.288436535000998 -28.67185203816753 0.9224213822140024 -0.1365895450612311 0.07064499611474313 -0.003832755287300802 -0.02627072678087148 -0.0004774559658091691 -0.004703748479294351 -0.000597682665057974
34.75527674744377 -0.1016825300242337 -28.66450974421398 0.9267443148549764 -0.05374164751548548 0.06803946724189665 0.02150855525962985 -0.02416257122976271 0.007723746410574906 -0.0333668276336825 -0.007952492443100943
34.17456239589097 0.01355453612028956 -28.42891562701158 0.8865717793726787 -0.06797928172980212 0.09608522850526609 -0.001698730252564684 -0.03233081633079774 -0.002090308839749786 -0.03547353411752521 -0.004348415935578742
33.72662538171426 -1.602188056692784 -28.53838410058891 0.8952022250881726 -0.1724925635605595 0.09129214046855143 -0.001289083488482514 -0.02830397526300027 -0.0006134357199580282 -0.01031346187586584 -0.001508867433098361
34.11751682948926 -2.03363032315978 -28.7435405074635 0.9308620296314079 -0.1822999613455941 0.07750157937780938 0.006441027937451358 -0.02603558859457624 0.0002648680653765194 -0.01050558278282046 -0.001810562439896193
33.4113419969696 -2.135697111634283 -28.5379204497792 0.8880479676122127 -0.2122430276250873 0.08776784373060961 0.003128109736964103 -0.02354714687134868 -4.662489943564829e-07 -5.380906935476871e-05 -8.886101734748209e-06
33.14368852700083 -1.549023539739455 -28.37161798164355 0.8570535289092923 -0.1900845991217208 0.0891648897215733 -0.007191049854927144 -0.02249467518462031 -0.001721470910570119 -0.01517659222737515 -0.001971983689511333
32.68051325039021 -2.160130580591723 -28.36917879344279 0.8426786214189824 -0.2391685445784698 0.07380945719351677 -0.005589558530627194 -0.01594863585698203 -0.0007414599917104119 -0.007005389397114582 -0.0009762418299262679
32.39323757550536 -1.493905972932899 -28.21066946343485 0.8088777518722149 -0.2138769283237922 0.06946245536594391 -0.01126673740199449 -0.01381531336398627 -0.003039944678738318 -0.01639908065609627 -0.00191076998978893
32.18852907407951 -0.7969203135510572 -28.08018567002664 0.7798694075889754 -0.1838982611389538 0.06326926104673745 -0.0134835144574073 -0.0113859708907201 -0.004917018503983752 -0.02138402273688608 -0.001999333020288163
31.59294439118873 -1.393284740676275 -28.07900781638853 0.7568416243238931 -0.23765324798152 0.05499765199659964 -0.01051119876136434 -0.00818435511482646 -0.003533082063751168 -0.01700784036913489 -0.001898552418373553
31.41155815008219 -0.7242884084006436 -27.97152566726499 0.7299222011164295 -0.2087120228571805 0.05007903277606526 -0.0112528817980833 -0.006856299654188536 -0.005805916909606118 -0.02441333809730756 -0.002338622305668195
30.72860829512487 -1.29063842223706 -27.98171601242747 0.7009182352865407 -0.2644869273886603 0.04436632284079559 -0.002741458569357596 -0.003778375894512941 -0.001224013904715221 -0.01690683507238379 -0.002105562916561469
30.78156486920421 -0.6612834712104778 -27.90489167192816 0.689309160440285 -0.2291034969033084 0.04191973573210428 -0.007831596706155698 -0.004142470025058522 -0.006014334739843529 -0.03052927281263823 -0.003144590164580525
31.16884797452821 -0.2550182932336655 -27.89317871757709 0.7039500856964778 -0.1926542874902879 0.0456125647621352 -0.01524203442412249 -0.005895073903358948 -0.009804328389613023 -0.02857845658830917 -0.00196888872021648
30.5518223668584 -0.2258833450045419 -27.84245781664705 0.6648421854180993 -0.2146197577187552 0.03370240975311576 -0.001893637009510294 -0.002440599202359714 -0.001996784848858141 -0.03163870076422633 -0.003025587510612267
31.09629289623432 0.2941300586424695 -27.83676839683913 0.6868621315959769 -0.1657191032473983 0.03881199090963616 -0.01427877333462203 -0.004641060565107044 -0.005855970959036545 -0.0156342503159594 -0.0008713471962198348
30.29789516578751 0.3102398116642417 -27.77790963709932 0.636513752275497 -0.1955871671630523 0.004108167280695417 0.02441918988396824 0.001817795126507695 -0.02194535389100286 0.003568786296987992 0.001654924987408025
29.92643966120547 -0.2270152940819257 -27.80650806261087 0.6258392783650338 -0.2389460114672356 0.008560106322916875 0.03137614553072998 0.002779704133315507 -0.01543795050110116 0.004103760413785007 0.001219667118724224
29.52203257258087 0.1713439750126584 -27.74847665687562 0.5910747080181356 -0.2335556571522441 0.005788337083098133 0.03091199327640229 0.002549627090470834 -0.008331008303616223 0.001514649739314321 0.0005498222665074483
29.89593227637601 0.8373868046835655 -27.71385130577824 0.5990146249270092 -0.1827381033101813 -0.004749984992662647 0.02558203629939695 0.002118414490361539 -0.01219973960448056 -0.002306589799922062 0.0004997529796774739
29.09082582631305 0.68509925879947 -27.68403955476042 0.5516921139589133 -0.223123659532929 -0.0011790188051311 0.03293420827345821 0.002564580508224929 -0.006395174494632894 -0.0002515092234887413 0.0002898041825645077
29.44963738685377 1.343670251317705 -27.65808684495701 0.559004154594435 -0.1727993061863119 -0.006896068346176356 0.02862377108510137 0.001971710697524022 -0.007130004233614398 -0.001734705369808141 0.0002458844000600501
28.6853705495113 1.218143264856236 -27.62977256036752 0.5132852004811789 -0.2106263602088418 -0.008924785009416954 0.03340653253762153 0.00227003731754934 -0.006795904663648784 -0.001828579065482373 0.0001914056556392223
29.05338500353847 1.841787718023816 -27.61566048371057 0.5221617753859196 -0.1613230896168596 -0.01041692733820503 0.02757121488377038 0.001571101042165205 -0.007405212067922433 -0.002808996556005091 0.0001959718755045754
28.32941488855874 1.777545530068668 -27.59032285105563 0.4772348003830182 -0.1946070096594692 -0.01524714313916358 0.02906195031549078 0.001558243586943575 -0.007368716910376679 -0.003871778913655583 0.0001088179910738658
27.92371235439665 1.120935898929043 -27.60370756337905 0.46697072241174 -0.247401600532358 -0.0140986455913903 0.04019918202500575 0.00263747841287923 -0.009689730213255412 -0.003409782265711508 0.0001737969910427413
28.30516626078214 0.5548662316315625 -27.6570813370936 0.5050090714066701 -0.2621366504126107 -0.002873029175135418 0.04168890757795203 0.003448276937570844 -0.007389186683924805 -0.0005326804660091154 0.0002834800714367671
27.52095948330966 0.4469958783326913 -27.63254160865786 0.4578100568789714 -0.3005312493940299 -0.007448798862086269 0.05206579325056456 0.004551200610183069 -0.009384595258357579 -0.001363127268754604 0.0002347380744323719
27.92747312056121 -0.1233845996626064 -27.70481058218114 0.4977511520095917 -0.3138578641813767 0.005437072443811473 0.04765911502914901 0.00508662527913014 -0.005887601495312128 0.0006384016204522397 0.000311731157567701
28.7305306640913 0.004712917286886942 -27.7269972982581 0.5452603355911461 -0.2741982002801575 0.005908995203373409 0.03797496356561056 0.003591930244884518 -0.003641016506037733 0.0005456263293619992 0.0002212206355488875
28.3572484460231 -0.6687152089016974 -27.78944397045902 0.5383387959947056 -0.3249378179074566 0.01455343130376411 0.04168832415600114 0.0049508075693633 -3.882681172205286e-05 1.317394685976476e-05 3.204238867097125e-06
29.23285261383225 -0.5640369362229105 -27.81231953193894 0.5905672073328357 -0.2842080773171212 0.01071710962386047 0.03283525113903305 0.003404358173558528 -0.005903663005971154 0.001877933872123849 0.0004722691390484706
28.72281536984937 -1.200035435819596 -27.87579552198124 0.5743551662953416 -0.3378978164661027 0.02055580758443049 0.03728677141834666 0.004746943865315109 -0.0005981616548077444 0.0003215158734957483 6.475892846609249e-05
29.37220025137619 -1.185120157739337 -27.89561743039811 0.6143485045752487 -0.3112980603290111 0.01826042470349588 0.02836848335783169 0.003127902651379079 -0.006907317822887784 0.004352439071383775 0.0008499182812669596
30.05836986453939 -0.8163416167805764 -27.88017340459889 0.6480644352252501 -0.2651262860050061 0.01638903553192058 0.02347232174978238 0.001976954885185954 -0.01873559566312648 0.01286579574352368 0.002563662840101643
29.85696257192945 -1.551261975184632 -27.96516678210217 0.6532875011843854 -0.3114581543449692 0.03007928581468438 0.01876120939044799 0.001233385000704626 0.006240367545866937 -0.009897901262215293 -0.001629013562888853
30.36470810182876 -2.009808634376821 -28.05208164865849 0.6957051803685134 -0.3158195478364555 0.04925924777686402 0.005360588560198078 -0.002180279898405735 0.001556130081612143 -0.01520104686720434 -0.002216578100701673
31.05594342105548 -1.888052106784329 -28.08816954467475 0.7353901837682779 -0.2835807945585351 0.05452906446966526 -0.008068527434921955 -0.006488065268630406 -0.002279566840492416 -0.01398897429015601 -0.001762039049892874
30.83254350068416 -2.569820066267264 -28.168306715985 0.7380778905966195 -0.3272719080461288 0.06158302621726729 0.0004063245033285075 -0.005469492171466655 -9.92722994972771e-05 -0.01484718947294518 -0.002220730029448214
31.77161951627365 -2.190304521943952 -28.21983635882057 0.7869175955976326 -0.2732200785301639 0.05978880151092705 -0.008908855939644229 -0.009844905927741199 -0.001733893792848523 -0.01019030934483964 -0.001308639613483645
31.55391465337123 -3.108740935284805 -28.33205516223575 0.795679516901597 -0.3288901862386902 0.06152247876545464 -0.001509982861743143 -0.008577532168101931 -0.0006632797424514525 -0.01450738973607764 -0.002203513041980525
32.2864821078164 -2.746264702786201 -28.38771415626653 0.8322749307622167 -0.2840476761191039 0.06341344034509845 -0.0035821483046269 -0.01202664711474727 -0.0004077889037911179 -0.004836931174375072 -0.0007094822386202344
32.36599061860089 -3.416698835936074 -28.5141791309521 0.8536345221060927 -0.316328040375131 0.05690254422715838 0.007984358006857305 -0.009314631909921369 0.0005217450965834676 -0.004748026536844018 -0.0008826242778118659
33.05130048799829 -2.872872061982687 -28.56939169998309 0.8832235656325272 -0.2640420735194582 0.07325248958366452 0.009446927802349212 -0.01583109071722427 0.0007317523735526315 -0.008209399298929795 -0.001512903929613734
32.41108816939688 -4.157342627166237 -28.64740401153939 0.8748158055388576 -0.3531881911820117 0.04952849806391662 0.02365169229063599 -0.004948479049530163 0.0009003222501484532 -0.001990448947891831 -0.0005023517706142578
31.73956432539224 -3.872258319573687 -28.48432235574609 0.8259223607137954 -0.3615949028205712 0.0598818539151745 0.0141375660487576 -0.006450505073707714 0.003835952274143432 -0.01794586829076177 -0.003721718575955121
31.79822433503432 -4.586838227056987 -28.62512053138687 0.8474644500844263 -0.3960621193351543 0.05727248073798805 0.02136189872440247 -0.004013495707142717 0.0007500286727188637 -0.002105244588917133 -0.0005023099896995998
31.15681550722461 -4.28492846524612 -28.48607457663052 0.8001107645856321 -0.4029215736053339 0.06802377600061765 0.01559491979110017 -0.004049902498657735 0.004212420861428649 -0.01947395152127485 -0.00423465475961144
31.15204120628938 -3.694574019679052 -28.37458851201845 0.7851718238802941 -0.3731889806258811 0.07054505446579501 0.01018031347092352 -0.005898845009500004 0.003721114403265475 -0.02891798557666523 -0.005405793814708626
30.73483271500928 -3.2939106680767 -28.27026919205777 0.7497033478737828 -0.3678895496032903 0.07037010010643571 0.01008674734091841 -0.003969223125815044 0.003166855710039333 -0.02370713603931182 -0.004100534928701443
30.58418833790669 -3.929082695744418 -28.3695658318212 0.7560892307674619 -0.4054170034603672 0.0716384253889976 0.009965752815556311 -0.002596297462260153 0.003727660447846626 -0.02822681539292423 -0.005491566476837006
30.0540784769457 -3.507704740042266 -28.27108939414436 0.7133121152410694 -0.4038072689784027 0.0627879398368982 0.01437456548816037 0.0007977638347997408 0.005164216692702985 -0.02233060521029406 -0.004083639641713205
30.25199002694111 -2.971838647563695 -28.18729970692057 0.7122117807849013 -0.3693846480419294 0.06457253810391331 0.01459067334704131 -0.0006875838075193397 0.004202751344279263 -0.01874979397308633 -0.003184772302566752
29.54507896876906 -2.954578718912261 -28.17053726376829 0.6685855065874171 -0.3953498298457094 0.04537983292911284 0.02467795920880824 0.003907668421810908 0.004655836142663411 -0.008331867204121881 -0.001450375694936095
29.31873228554317 -3.726522034999581 -28.30893945848819 0.674011845437263 -0.4425413115956744 0.0469137488290134 0.01763792300047512 0.003962098435347497 0.004312523257050073 -0.0110214428858243 -0.001999261768853015
29.91535198351502 -4.187294532026462 -28.39426235395617 0.7216669838386917 -0.4427532575674887 0.0614471919803851 0.004448576746488765 -0.0001224280560276683 0.001551858115291764 -0.02155156077710113 -0.004218384279360428
29.2264300175755 -4.455465564433599 -28.45174581032436 0.6865723452404371 -0.481699529041889 0.05392724406228782 0.01012181870806129 0.003418926589228102 0.003157908761788644 -0.01577488705185055 -0.003108218140137903
29.81549958904422 -4.901186506944342 -28.5377766810848 0.7332034193046491 -0.4813593481077257 0.06236626426815429 0.004956055375590443 0.0004364239806831155 0.001275527935754264 -0.01575888114898274 -0.003317931083187544
30.50756493176273 -4.626213747427574 -28.50352402714481 0.7686480830787921 -0.4429269660877458 0.06581822752027382 0.006186460184230637 -0.002428680909078803 0.001294625913734571 -0.01501052417814624 -0.003150692707347491
30.41368551952741 -5.457002220899062 -28.67469899552763 0.7832848192021654 -0.4870228238146382 0.06038855048280289 0.01320382259647297 0.0001165956859888661 0.0001505301844548 -0.0006871166899060203 -0.0001520876727908272
31.16562766665568 -5.017613166537052 -28.63579662149636 0.818955936642352 -0.4394051650128664 0.0604597811095381 0.01516925488371151 -0.002664929001776479 0.000662674021325705 -0.00275031985009986 -0.000621095924305363
30.59810489142126 -6.116121812207615 -28.82040325495153 0.8104167304182479 -0.512551733824261 0.05791962931356933 0.02043587608720665 0.0017466502476833 0.003432088477833961 -0.009546717637289386 -0.002112474284541631
29.91241813508925 -6.218434673991622 -28.82791330289472 0.7707229242451049 -0.5409314700681895 0.05475444645608996 0.01331217463480524 0.00280980963992011 0.0007643673242349365 -0.003004327637782384 -0.0006613884182305019
29.67760681238527 -5.539222175071377 -28.67479404960018 0.7403764625584461 -0.5170404003489566 0.06053981448487981 0.009056087538861557 0.00212909740057268 0.00124515636844682 -0.007911797351947884 -0.001752670469871561
29.0816753861693 -5.971954626884763 -28.78786295695406 0.714978306027003 -0.5591439857116884 0.05603311816461876 0.004859957489254592 0.003428157346905295 0.0002896488858692454 -0.002882840407142638 -0.0006474173138950418
29.31640537997047 -6.686121002749019 -28.94190998256378 0.7456532260924692 -0.5835957399523231 0.04859329638366148 0.004090572932446906 0.002553759423113795 0.0003488768430848019 -0.003639110023850578 -0.000809407047879327
28.56350929648031 -6.773281406521924 -29.00227028601058 0.7033325573491948 -0.6148197120353582 0.05150257496958591 -0.002278188188496732 0.003208186138956609 -0.0002943633539845834 -0.009814104154629515 -0.002243605934038747
28.38931271712801 -6.024824509445871 -28.84187975109096 0.675271809099961 -0.5875488560716366 0.05461972083440345 0.001040127000244219 0.004740174573405441 6.669317557527624e-06 -0.0001718298654507257 -3.914441921306904e-05
28.52665208737224 -5.421147111341929 -28.69312632726545 0.6685835065627238 -0.5544133323752652 0.05472353608359409 0.007381408214743664 0.005616049974496864 0.00153078591474515 -0.009756144208157664 -0.002093274684676967
27.89605069536518 -5.623480982200995 -28.79805065643056 0.6363943040072784 -0.5884878563042906 0.04345314656577854 0.00774979367098712 0.006500338478385559 0.0002476136909641637 -0.001181125325809321 -0.0002470819690236225
28.04724794690547 -5.032404799806708 -28.64626076628112 0.6304206922746163 -0.5550764787588812 0.04355294704679033 0.01735395991363093 0.008011444030345481 0.0001606470083631126 -0.0003714125625498942 -6.879807491214005e-05
27.36747958895769 -5.033382599607389 -28.72115990516365 0.5902415923734035 -0.5827513247378281 0.03134941774995546 0.01850423638686862 0.008079135367100303 0.0106078573051518 -0.01673395740236282 -0.00283459127609941
27.85932539654986 -4.373874959222459 -28.51632302315424 0.6024219244181845 -0.5315553211690397 0.03717501196692833 0.02448638986057945 0.008621007735981987 0.008852169688054601 -0.01267885719152524 -0.002159848880623986
27.15068558198502 -4.37700786059783 -28.58229460101343 0.5602076992321975 -0.5609572073631507 0.03096660141109894 0.02509722506084206 0.00929957288790177 0.02178849531422258 -0.02529598700724955 -0.004285849594006678
27.27201179315469 -3.727997814486663 -28.41005762409591 0.5503472288367317 -0.5246689098874686 0.03058143844310902 0.02815140049481666 0.009025879815166196 0.02312540036249723 -0.02374636965592922 -0.00428927107038173
26.48112878119232 -4.081417617256541 -28.56605907990401 0.5124020224671233 -0.575237751444418 0.02528466776662674 0.02553295893859082 0.009329254886116006 -0.03486740924435001 0.03226339575007901 0.006198876590475817
26.54916928445954 -3.324391875345027 -28.3477457418047 0.4958913756807615 -0.5354192608498198 0.02604318158638063 0.03122532032223908 0.009927216258351404 -0.03181195400733224 0.02484434798770647 0.00530982395723347
25.82703059290346 -3.532007634831826 -28.44558663296415 0.4580101926239277 -0.5768132465190116 0.02294269951216979 0.0309122358356166 0.01076566847540976 -0.04059869683372797 0.02778884357453734 0.006727721184446597
25.94819516477737 -2.846148389107235 -28.23161217429072 0.4461954576016758 -0.5375016297190576 0.02282227836211247 0.03837081314011015 0.01173745017312806 -0.03305148029183785 0.01822806986478224 0.004675991804371483
25.23515774697204 -3.063305043934582 -28.31168008328373 0.4088391916086891 -0.5795225799354833 0.02069078588347975 0.03871821887850667 0.01301899190404222 -0.03696211523930071 0.01792466976498084 0.005435438124009069
25.33614166311553 -2.407283895498502 -28.10262130806808 0.3962614942812002 -0.5421224359141201 0.01806090281783414 0.04975583329272084 0.01474590070149792 -0.02357832622047066 0.007811056817798511 0.002522749770380509
24.66999291153107 -2.636652260452685 -28.16735304128476 0.3618181270489084 -0.5831537484643075 0.01512548085292535 0.05311096092807048 0.01721962289690938 -0.02431509322735362 0.006155998276959691 0.002370928407142078
24.79019798042071 -2.077858741423166 -27.99538817305062 0.3529988887106565 -0.549594809113237 0.008146070499675133 0.06645481128105495 0.01889406772968389 -0.01336219400791356 0.001444338624087486 0.0006809610250795545
24.17117155399399 -2.175637373652163 -28.00820640296208 0.3173710087174328 -0.5823084941757901 0.006195684529773791 0.07482914789200976 0.02224928111632761 -0.01525072245409492 0.001027768598536792 0.0007902105522472001
24.51148962228381 -1.422975685604341 -27.81748670443965 0.316798251688409 -0.5289134018312317 -0.007506806123323429 0.09255362065550639 0.02134091847963831 -0.005976226339230693 -0.0004922775572784772 3.278667769315368e-05
23.67558637979621 -1.709224626251871 -27.85744898163442 0.2725565550820625 -0.5814436205598938 -0.008599298555525641 0.1052240484244024 0.02696268277986657 -0.006021941039311661 -0.0005138002811704477 8.454933079729371e-05
23.82606989290128 -1.141327091456227 -27.735956953961 0.2654164408136879 -0.5459449069042236 -0.0221778423821458 0.1188478251139091 0.02227892053609504 -0.005093667422994031 -0.0009424753358015218 -4.288400639395921e-05
23.21019972705527 -1.242009467081981 -27.73994692489397 0.2293815943116952 -0.5796821471559952 -0.01911492145412853 0.126539636931016 0.02340874199125715 -0.008505243571568543 -0.001282503432383938 -1.236905948329674e-05
23.55341427443035 -0.6323556083467112 -27.65862323453743 0.2334477486670234 -0.5329644514075865 -0.02656031588928888 0.1187299290790483 0.01322874012505932 -0.009546450719763575 -0.002116634732770969 -0.0001699976724194834
22.82830833626116 -0.69103547778343 -27.65635354976926 0.1887891639824507 -0.5702913313072092 -0.0154194145335994 0.1188783927197689 0.01218126695816475 -0.02112931090385433 -0.002755987026289705 0.0001498780391476459
23.26798570522754 0.05180243239957072 -27.61531880644453 0.195441998444682 -0.5117498752465901 -0.01650226408381046 0.09639261344178578 0.002707357887480911 -0.02360153974766817 -0.004032008174138617 -0.0003039998444650498
22.42581654402867 -0.1171277245031837 -27.61393561945366 0.1457741116552589 -0.5609548913735364 -0.005702222229607558 0.09386840466308485 0.003098837404201775 -0.03197877929313641 -0.001963854429689842 0.0006433948879596438
22.75305960297717 0.6000277383073707 -27.61929513523127 0.1459587500546836 -0.5084131089424759 -0.003758661270862703 0.05882959883595026 -0.001329321467807598 -0.04290868158617934 -0.002736829161923616 0.0002050955994152978
21.92672285029818 0.4528338351311376 -27.59856223219435 0.09597284454725287 -0.5566558309422102 0.006631346382856158 0.05598353478431473 -0.001029344499688654 -0.05159587210642519 0.00615027830263723 0.002102521970351464
22.40238961856841 1.07811868223578 -27.63598203806885 0.1087799043452735 -0.5007451804936758 0.002530530377604394 0.02358023277006813 -0.001033301776027902 -0.06036940467160795 0.006520262410872958 0.0009510222412382764
21.80713317483018 1.224367386299508 -27.61729336216396 0.0647111818300813 -0.522776713308993 0.004350751602985614 0.01645080938692286 -0.0007961448326690367 -0.0768927188222556 0.02054890758755788 0.004402518253878948
22.49448561055979 1.798972698806602 -27.6714616815849 0.09383129726985068 -0.4582195794263018 0.001599283027932101 0.008118532434068322 -0.0004120878168338268 -0.07220628515125548 0.01427602161122594 0.001024194626796764
21.65055062638855 2.000548311445486 -27.6312626110929 0.03085869814053697 -0.4897930094300254 0.005817885503298037 0.01378214433366207 -0.0009422415165725261 -0.09912608792196761 0.04244508249080966 0.008787580548126004
22.28528716996087 2.430567907686237 -27.69523378314847 0.06146283054887196 -0.4347381092180802 0.01714922665690446 0.03878095814314231 -0.00187270411279027 -0.09268981383908104 0.04116139234111639 0.003588184132089232
21.82547407750267 2.775618492319433 -27.66191052263032 0.01999146932013081 -0.4392696968989185 0.01854965324619171 0.03893137061453653 -0.001446127505507335 -0.1137581573032215 0.05468779651603812 0.01306696835914298
21.24358291103886 2.503066526759799 -27.58768237149459 -0.01221132483100133 -0.4838585329460285 0.01546997516204133 0.02698110101830934 -0.002145175824849468 -0.1170758458934182 0.06875807898658637 0.02051498362327011
21.26175801015414 3.128438090691957 -27.56431983735819 -0.02991437430934361 -0.4492723979459969 0.01035624418012821 0.02457512788538575 -0.0005903811389269732 -0.1234305338808519 0.05266114145239748 0.0268937074416434
20.65973274322331 2.646622137152785 -27.45863082634356 -0.05795001445758429 -0.5070299975178217 0.006417085998742362 0.01002861986840395 -0.0009517253585494646 -0.1079447585398332 0.07198196356508584 0.03066951095686641
20.54786703980239 3.462188838503848 -27.35807602079723 -0.09204341088769726 -0.469329744989615 0.001772598488493464 0.003789233540752078 -0.0001591059975864597 -0.1058435196677588 0.05105564958602248 0.03672845125255792
19.95983225627619 2.764794482394704 -27.24862357633781 -0.1129108904535056 -0.5389133677494928 0.008417409286110126 0.01149573264365258 -0.001368368632644993 -0.08669577995958812 0.06765242941092753 0.0350493110986466
19.71446284924342 3.453767682262479 -27.06971504731028 -0.1549388528968616 -0.5161518606608713 0.01075076965195381 0.01704928283744723 -0.001560785210972862 -0.07464024447616692 0.05037328822200755 0.03612820189737682
19.2635612922449 2.813944431345027 -26.99835384131015 -0.1671812689292624 -0.5754251838542287 0.02902600126588957 0.03390407231794942 -0.00498319227970226 -0.06425036040404795 0.0599676414263203 0.03375671653655659
19.00857469583269 3.426605310818161 -26.78214420068977 -0.2093927632664498 -0.5581058206492279 0.02919991954276822 0.03520558628174233 -0.005457024897303364 -0.04297318133771139 0.03967327025222892 0.02600451785658708
18.68279525054956 2.857403877790573 -26.76510534657514 -0.2136282098512535 -0.6063803776006353 0.05720667403318243 0.05563609694190219 -0.009929590964029988 0.04127958003213068 -0.04710469145571951 -0.0261092024901313
18.33113259915769 3.31171277918651 -26.51606670131826 -0.2588153796488911 -0.6034027849873113 0.06446948242979293 0.0567460027944766 -0.01273189195804071 0.01627901528828423 -0.02115778600093678 -0.01186941374697159
18.04394249549102 2.533351355796929 -26.61089152922838 -0.2498561352310606 -0.6594834398749396 0.1098228038810766 0.08869479185026875 -0.01105115866737269 0.02742129669207005 -0.03634779023357081 -0.01921753244144327
17.63852662278142 3.179043497890932 -26.27788163275372 -0.3075788472249358 -0.6501341446063051 0.1189861721406914 0.08178089917301612 -0.01785710961227872 0.003409210526639025 -0.005574738690585151 -0.002814466242037831
17.295751068721 2.596994831678334 -26.3596411805424 -0.3083855934699571 -0.6987187921913427 0.1751013854275119 0.1099355277293793 -0.004485273021700576 0.0004146613053382624 -0.0006746377308220378 -0.000347556527466486
17.06560074511286 3.082299768031536 -26.12636958204149 -0.3465024155955079 -0.6875541396504162 0.1832875945529425 0.1047166510649131 -0.01013045789993058 0.01240540235873655 -0.02275709269159153 -0.01078827609991881
17.139421282478 3.74116278441325 -25.95082989941893 -0.3692916022317687 -0.6509762685955772 0.1421132821297088 0.06946903606034624 -0.02342026842300029 0.0127241607515511 -0.03023646144283073 -0.0124774651717203
16.56242117035298 3.281956317314804 -25.95473971499836 -0.391320615063654 -0.7062231965512593 0.1825770382817618 0.1058000636118889 0.008658596873602232 0.01980326220296984 -0.03290843713303614 -0.01546511764516573
16.48918292890369 3.822258334877438 -25.75324621655506 -0.421107831833165 -0.6843408560161643 0.1714286174401238 0.09311942483500867 -0.004824442603943597 0.02593806424386317 -0.04879210527912725 -0.02009896181657999
16.07075083994417 3.530787515175094 -25.7934162925368 -0.437065435085753 -0.7220678440234246 0.1549666182547431 0.1073866661325384 0.02653865347073317 0.0329715375387399 -0.04281297081877768 -0.01929055926459205
15.93420530093906 4.141303143196346 -25.57907176030643 -0.4750042167204958 -0.7012550124972918 0.1255957942765182 0.0888945030850942 0.01295481632010971 0.04159438207527116 -0.05560822424939956 -0.02167641633435474
15.43858409151446 3.565504482067792 -25.75430727880488 -0.4809646165122661 -0.756482868647511 0.07055194184174828 0.1062098848860383 0.04175797937457452 -0.02652617023708739 0.01490599996570652 0.006904267967474191
15.91471316461866 2.915823935145255 -26.05531102253588 -0.4181580836429206 -0.7612858356789469 0.1207653917294461 0.08815642152006939 0.03655258948521807 0.01499468699925567 -0.01708731493072737 -0.008329990184944314
15.48924368213791 2.267894007304572 -26.39009969621108 -0.4147355447091625 -0.8196511946660929 0.08415435438491413 0.07734347142668915 0.04698721097249641 -0.009435038996573802 0.007927673384256423 0.003848831027311928
16.2858305464196 2.207521585853457 -26.39565745839068 -0.3604859753570329 -0.7761825468709042 0.1519894092927678 0.0809720774210147 0.03686728638331801 0.0001824237890838901 -0.000279608528305044 -0.0001379542961051309
16.67307655773816 2.697880928340581 -26.19920574939217 -0.3570532263963044 -0.728873638750272 0.1934103708879139 0.1035069726295564 0.01746156637620939 0.01023991573540689 -0.01768812363447012 -0.008570924745252539
16.89787335263689 2.205333167793706 -26.43365962208695 -0.3192553200181227 -0.7410026837881255 0.1984267589003941 0.09953128922142948 0.01636697751721436 0.003219565005408942 -0.005931964537531716 -0.002959115145429542
17.43746693382142 1.987234330635625 -26.61886541495282 -0.2715141297931442 -0.7215286562580735 0.1697689641414233 0.1044860794392191 0.004884730239570417 0.02404922678978522 -0.0381965391358081 -0.01879442539385534
16.78445109040898 1.625077293006775 -26.68882449818609 -0.30052929033826 -0.7775636575288389 0.1809326007059018 0.08982155564006356 0.03352504211818449 0.01682189244791012 -0.02878141386155942 -0.01367447596973866
17.44409199607878 1.418566403110689 -26.825344393582 -0.246586273732366 -0.7500320948728005 0.1740924158364663 0.1062151345691665 0.01705539453940735 0.02803569981142752 -0.04286916614540175 -0.01919911369267853
18.14321671331142 1.646755126095463 -26.88534530287136 -0.2065943570527485 -0.6988074690465537 0.1260978910258883 0.09950608252957417 -0.001251732251700635 0.04571823444479273 -0.05826676485323843 -0.02630320282745609
18.76394442876023 2.255798068174438 -26.92095891245609 -0.1846211553446749 -0.632685827061275 0.07038421991817891 0.0653768168437638 -0.009761517518911788 0.05603878714145793 -0.06500996947543865 -0.03133719206152062
18.98764710859664 1.577333404107566 -27.1088185374337 -0.1429368887675936 -0.6548231347849207 0.08099953860170135 0.07714444684931955 -0.007560965922032295 0.0667500567188212 -0.07287822447771029 -0.02849193093224282
19.4568614599353 2.172396656724946 -27.15892295748519 -0.129935878256009 -0.5979519993452063 0.03520271965064672 0.03797439937421505 -0.005706429042930416 -0.07640537520521076 0.07577226983476447 0.0328978826569654
19.63737737235012 1.597956169034284 -27.27111160783512 -0.09692676988786257 -0.6176839477464927 0.04353072164698709 0.04933799123645025 -0.005776515424700535 -0.08130574662656116 0.07486458269404289 0.02672377529155526
20.12915601926695 2.068211404366901 -27.35853357113419 -0.07747118163665892 -0.5662966717350685 0.01359003122442007 0.01745589916493655 -0.002237911180369547 -0.09405064142534469 0.07691743246332045 0.02882678813361832
20.23428790443123 1.285610230686418 -27.41764760576489 -0.04442248227275738 -0.6013616951190728 0.02808338465260918 0.03950527551501406 -0.003468994114629024 -0.08104251632563782 0.05910462373252016 0.01700674132810134
20.8310724926689 1.965930803972448 -27.51669386704085 -0.02455208528724017 -0.5340759082178701 0.002145539082558484 0.003479235934542834 -0.0003471177046168455 -0.1051023952203029 0.06679272122170225 0.01983862860692026
21.07512038736775 1.299017662059764 -27.54985245872053 0.01298563634744084 -0.5563152136791529 0.00966052223684578 0.02105066109939963 -0.001384549303281336 -0.08414699017337367 0.03928260680193564 0.01012674169259915
20.63053330960001 0.6138348563704419 -27.49376748759774 0.004563705410027761 -0.6146883136251248 0.02841028866998759 0.05537243706622863 -0.002011184166277458 -0.06256958205235834 0.03240531913190057 0.008324253171320224
21.30155309662763 0.7098685460422809 -27.56454456567224 0.04658915731864693 -0.5750674535340262 0.01328239533884155 0.04114701418802706 -0.001548100901534729 -0.06774948892896107 0.0220796751284045 0.00557922924015844
21.0764690411163 -0.03354602693409614 -27.55020594749187 0.05506245081753703 -0.6241175905201618 0.02392041400557067 0.08152558452169392 0.001450743390054259 -0.04017758821819376 0.01172809178745821 0.003394815142145929
21.74308302349442 -0.2892896348555603 -27.59649522330347 0.1066628263602152 -0.6032186776473217 0.00716192663218394 0.096328005261809 0.00416608497590244 -0.03047981067393389 0.002206301318134555 0.001383928282912895
21.24131792814848 -0.9100333715493649 -27.62295521707845 0.09382442495972508 -0.6587606382538302 0.02516219985652919 0.1245987239747836 0.01427405603199444 -0.006228947709910077 0.001208345354627145 0.0004326547304693897
22.07251992249013 -0.8200581298533276 -27.64656919623853 0.144253139370184 -0.6132525499586408 -0.003154943990988929 0.1208145864355591 0.01288803142306451 -0.0152719061410285 -0.0004523527581173094 0.0005019232706684609
21.75054997902537 -1.512693256324932 -27.73668858446409 0.1453649860238717 -0.6627910360810099 0.007621565775098448 0.1438935332214822 0.02869632087404326 -0.007508535333943782 0.0003266921021822584 0.000356070560703379
22.49506115846838 -1.370976783490146 -27.74031052647577 0.1879944271202884 -0.6199584134541 -0.009253555802212101 0.1334107011570191 0.0250793288627838 -0.008386046661420263 -0.000617344712401986 0.0001897833957902823
22.22044872176508 -2.041918599688996 -27.8855870236754 0.1916035605903098 -0.6659884378168645 0.01103378910648244 0.1387600102438117 0.03962599168962266 -0.005019039087975086 0.0003144862692029646 0.0002962929223255826
22.95246738363123 -1.884626372391752 -27.87447017593497 0.2324791431121922 -0.6237246832599402 -0.003990349357449995 0.118575416934343 0.03165758598344447 -0.003054775921130213 -0.000126201860923766 8.765087598090938e-05
22.72744588897038 -2.54641931084546 -28.07163904356367 0.2391170096400695 -0.6670590093677168 0.02480180411000973 0.105791177356375 0.03694067481990611 -0.001415422547266904 0.0002798467658720016 0.0001488796275662041
23.45732508785215 -2.363603239117689 -28.03934371765232 0.2786330970978834 -0.6242197670281896 0.01016995813508557 0.08683955265465937 0.02777382626123963 -0.005676535962727472 0.0005395274056426624 0.0003916570385366423
23.29097693639308 -3.016654640162033 -28.26888340257877 0.2886470786037663 -0.6644729505986195 0.03197886648173595 0.07452158001341394 0.02845835393886475 -0.008287204284324346 0.003029895934889499 0.001378251428573579
23.9946194854182 -2.820801006298682 -28.21604318945609 0.325761640012743 -0.6226788452316976 0.01850179204863875 0.06126151894068615 0.02130397930040296 -0.01902744243147961 0.00497202564246139 0.002227186731004657
23.88002067981237 -3.454940124299075 -28.45500522372295 0.338165842119275 -0.659523252017339 0.0316444861751577 0.05365851823474779 0.02127709976087276 -0.0258197385466242 0.01311334303042735 0.005330134494020674
24.55435435975841 -3.259450765489355 -28.38403321081711 0.3731570646806609 -0.6194913428742495 0.02099055213657119 0.04230156668294238 0.01537415377930345 -0.03515867200040337 0.01543127170425702 0.005543912848821768
24.46366684719026 -3.883258400259903 -28.62039351674849 0.3863440743415983 -0.6544104445598857 0.02924750250807411 0.04011394305978545 0.0162502213330749 -0.04426298182407756 0.02833443381185868 0.009721455733827569
25.11937031826218 -3.693727654156676 -28.53034531795446 0.4200570248799276 -0.6158708332713199 0.02122287033346195 0.03075160431055375 0.01153242722115901 -0.04612449490742476 0.02872706357613989 0.008280206819248407
24.99809241731812 -4.242926597627312 -28.73145627357551 0.4287987776496259 -0.6480082277598456 0.02647892689836883 0.03142682777390143 0.01285220127192345 -0.05104339175224927 0.03868445003852349 0.01056976054838178
25.6512684759591 -4.192648618532147 -28.66832700129769 0.4660974723362822 -0.6166397536875792 0.02205774592868516 0.02477391060910962 0.009704838339408897 -0.04558584257734112 0.03723521442009611 0.008558520714791943
25.31977247607492 -4.881973505808569 -28.92376904250908 0.4661433593375476 -0.663983021341927 0.03053325488171096 0.02904666538834983 0.01299880207215402 -0.04853751132333933 0.04644097407341897 0.010235771696597
26.14947591972259 -4.750252726594624 -28.79153246399297 0.5110236877401602 -0.6213011273432986 0.02290589899115503 0.02089975332731637 0.008620841625688509 0.03716446737706393 -0.03792037459683943 -0.006815930879722183
25.98489443270181 -5.419485159572289 -29.00572582440657 0.5197767476398385 -0.6593134677242987 0.02865430588002862 0.02140277948768527 0.01025554843974469 0.0341448917163695 -0.04223933540610345 -0.007250610780592153
26.65736568244125 -5.269567382535913 -28.87050308686557 0.5547792442675822 -0.6234516821663839 0.02557590440612601 0.01704461878356025 0.007879204411394228 0.02136925650471461 -0.02977369807838324 -0.004956938039990953
26.46691255701587 -5.853887380582803 -29.04967514346935 0.5592974136046821 -0.6579158111436295 0.03017016148939872 0.01570018882159153 0.008747601007060091 0.0193333647960206 -0.03396906987662135 -0.005712414961802127
27.16065401503579 -5.90881192124548 -28.9588321945278 0.6007609376495909 -0.63120142725998 0.03465706386605433 0.01022086026034813 0.007270161968803313 0.005989876447947487 -0.01786769813803753 -0.003434350550987306
26.55592946475356 -6.593987710439723 -29.21613012042291 0.5838662141359998 -0.6864004469170144 0.04006573259910385 0.01096355825385856 0.009562850016277687 0.00976148587477331 -0.03084153789801396 -0.005538943448341539
27.27353501508775 -6.672112242006719 -29.11780740662978 0.626578879280797 -0.6601677127965144 0.04710406048909692 0.002048804626087715 0.007177808353853813 0.001407034838019027 -0.01853065001372026 -0.003944292080826022
27.00457316459249 -7.349826091726523 -29.30553320029767 0.6282397223896702 -0.6997688374884216 0.0568671286150627 0.0005800493123773048 0.009148725656186487 0.001181947360365494 -0.02768209369669784 -0.005591704797663454
27.75813759282603 -7.164463645060904 -29.16366841776357 0.6661830856114863 -0.6623178462102431 0.05510882316359476 -0.004494448168674476 0.005312058055245679 -0.001186755450146986 -0.01974835510142054 -0.00439702690302205
27.84763734228441 -6.357354306751354 -28.97321900084421 0.6517794824018617 -0.6235635080287764 0.04851894788228953 -0.0001378426446276415 0.00542409832398087 0.0002240674678383273 -0.009971556740202813 -0.002257706777206961
26.22954655235445 -7.464918205313756 -29.47317751887226 0.5882889755746562 -0.7364890096509706 0.05528627049068034 0.009113701025378975 0.01348376766224679 0.008291568271593171 -0.04022087927816261 -0.006811806598639036
25.76587547585512 -6.822631594954983 -29.42534964734152 0.5456521282352559 -0.7301496786506884 0.04118542410187276 0.01685233438335809 0.01295329303255725 0.02198336112483149 -0.04801135354748653 -0.007433682438042479
25.92240928945185 -6.111673156677266 -29.20893203834101 0.5351129108892615 -0.6928695729208436 0.03377754128700864 0.01826904199335969 0.0109717498585529 0.02692798353118797 -0.0452694003508481 -0.007522273159772901
25.35698499460521 -6.323514880690286 -29.37572887991107 0.5090561502646452 -0.7272320504731472 0.03764603151374708 0.02102895768945065 0.01356716694335693 0.03487118942654027 -0.05632888380696056 -0.009451065379983947
25.3303592593624 -5.692844836482564 -29.18880439378643 0.4898085795396939 -0.7006981915852868 0.03594293709722324 0.02530975373367847 0.0139051046067319 0.04265937625257477 -0.05483696488229949 -0.01045610261064198
24.67611231175171 -6.123577552085278 -29.44762127081944 0.4651951610173928 -0.7497714443286696 0.04887102166773576 0.02997041718517358 0.02010342421772639 0.04703232919463722 -0.06739893289002483 -0.01385554219962322
24.6457762397277 -5.334409420970255 -29.16682275872829 0.4403085244951733 -0.7155424062102355 0.04302184165357355 0.03479820290902261 0.01906600654670193 0.05472357070937402 -0.05950446667269661 -0.01487780295324732
24.12003221351926 -5.657763788967864 -29.37489486366348 0.4200827887600879 -0.7550482540242315 0.05604886754324042 0.03935156384079946 0.02578286316611535 0.05772930750076553 -0.06987599807099201 -0.01884711202601456
23.93514587725141 -5.097940317953169 -29.16175118954229 0.3924048835218077 -0.7375095167610927 0.05404855444750552 0.04551106891991785 0.02664520599045411 0.05714282417727801 -0.05697933721151299 -0.01858857841680348
23.38493295030916 -5.569378391491849 -29.46141194680177 0.3759446063572643 -0.7863016748498872 0.07026028401846011 0.04739036057509294 0.03607180794998936 0.05838034862064122 -0.0687324335418544 -0.02341343876086824
23.24720066995737 -4.878486504636157 -29.12829639643701 0.3458282532890627 -0.7592772821136605 0.06789314508978289 0.05792986103766792 0.03665005589312013 -0.04248855925996682 0.0397734012863384 0.01584211251063255
22.65317634517813 -5.166635080373046 -29.36394964251018 0.3215092562948219 -0.802543242510996 0.08412096919220013 0.06002526260894059 0.04928425563318838 0.04066804621233523 -0.04213652634526766 -0.01809461037352175
22.55771527273409 -4.570090592085519 -29.02967244998333 0.2958198604286731 -0.7768832262596923 0.07962711431978005 0.06971804305548092 0.04741858138769196 -0.02266836869490087 0.01990085257517385 0.008806005507019031
22.06672827937616 -4.862047324187913 -29.26955346887481 0.2778705467718984 -0.816184874301919 0.0897999601200886 0.06818602464911468 0.05917809823478126 0.02331564563254047 -0.02197949501296888 -0.01005523457151465
21.70243914988288 -4.289486799429648 -28.96096823937901 0.2368323713092481 -0.8045179305254709 0.08956469337792329 0.07736659893542588 0.06007764449847716 -0.01282501962828134 0.01084875221892947 0.005148968327294841
21.37595189779076 -4.914888588236519 -29.448481283147 0.2411958952204741 -0.8549557024534591 0.09388192294013395 0.05834010395812945 0.06560701079199169 0.02221851684466555 -0.02283644013970257 -0.01148713811791443
22.00689848455199 -5.344310006035833 -29.60341742262028 0.2915823626176686 -0.8446950228596856 0.08740033986773689 0.04965867612047162 0.05423059850271407 0.03725140718107075 -0.04319904903585769 -0.02047880890227365
21.43474681281108 -5.458113306313784 -29.84127000876233 0.2644566952957718 -0.8817332386241726 0.08372671089255905 0.03701476076830845 0.05386477570345721 0.03482529710570372 -0.0450592834089329 -0.02316818311124185
21.86260448669456 -5.879316873856409 -30.01348008230271 0.3026589946546038 -0.8806096786735246 0.07841141292076426 0.03176713965690849 0.04666405981581193 0.05139809507007371 -0.07564945203183962 -0.03486688802127944
22.59355322109475 -5.762953608328766 -29.73314404157596 0.3383409429196006 -0.8355672416399228 0.07993882148415372 0.04293571946334968 0.04504506276282746 0.05682746891697023 -0.07440715732896845 -0.02992550076143912
22.41913909495034 -6.361738719449621 -30.1322799555424 0.3489471288611617 -0.8738074388409686 0.071072121492618 0.02904854201235856 0.04031908801575845 0.05784721158770723 -0.09460688427069469 -0.03380860194660948
23.1670059681109 -6.247600828453505 -29.84689145750799 0.385545215720548 -0.8289964018750722 0.07104718114852088 0.03642965107320843 0.03692591014397285 0.05933926076939054 -0.08847124047452566 -0.02688927056178168
23.01191702395554 -6.920034490096223 -30.20874649023645 0.398558538752404 -0.8666879906979824 0.06515542032517778 0.02726806731444233 0.03518437412216456 0.05117601437205011 -0.09237388349101659 -0.02317896720337051
23.63246196586452 -6.689223942593758 -29.91308854655252 0.4246085644014714 -0.8249105445112294 0.06452060666239474 0.03137987779632998 0.03159249105432416 0.05216962178229807 -0.0870975099151399 -0.02003344491422108
23.7688189297429 -7.284611633727353 -30.09272497661474 0.4500080601467648 -0.8426920395889991 0.06421137813631868 0.02839460081179594 0.03155149713727746 0.04198727291829169 -0.07951699797680407 -0.01388863549196754
24.27099347501028 -6.812702331111343 -29.77746908471364 0.463012226206923 -0.7985687665869952 0.06053012119711176 0.02963581179420073 0.02649517741811173 0.0434623917005006 -0.07607250717396058 -0.01420308782570832
25.02442424808455 -6.891619510270356 -29.61070456822277 0.5065574519849172 -0.7663603045198535 0.05013400434334356 0.02402167896152427 0.0188139011733133 0.03342956134720082 -0.06209272299340089 -0.00980053602300446
23.88881604607741 -6.181299649246697 -29.63670403269414 0.4230892810205129 -0.7899154073130705 0.06270611676550164 0.03670363507392205 0.02962986636570267 0.05609866335485829 -0.0796280642476835 -0.02008412442984726
25.44195081815838 -7.56711139852467 -29.67994278943434 0.5480701305236659 -0.7748501059077262 0.05526105667913993 0.0177812914758357 0.01828041103880032 0.02063212262423099 -0.05621710018979301 -0.007688024796014047
20.82141408321921 -5.261671675672691 -29.8877295551834 0.2241262963366301 -0.9053289495462918 0.08156098268489448 0.03199550262614801 0.05516334955347862 0.02577383854782959 -0.03348633000227279 -0.01868500822263827
20.58148588557154 -4.724096086172192 -29.5103520224295 0.1903211301619418 -0.8874741793677754 0.09361613878549647 0.04577990141998089 0.06808043462188854 0.005112273549808429 -0.005706495236048013 -0.003192525458974383
20.98051371140032 -4.419697608546876 -29.1595460910468 0.200559472729788 -0.8482498692047723 0.1061359755485964 0.07251197226355942 0.0759528548248362 0.0005523937361825102 -0.0005232861534073946 -0.0002723312650009746
20.4227621209874 -4.271856174677495 -29.18163399572151 0.1639027906748336 -0.8700766523479507 0.1044691714966935 0.06297363865592269 0.07876107891519188 0.01188017459027601 -0.01203981618772795 -0.00613146708049156
20.8090625213532 -3.849413952322594 -28.79372291691497 0.1694346061307459 -0.8263627106996879 0.1066582516171476 0.07929974739651019 0.07108688817890092 0.01209103360815138 -0.01124764941289789 -0.005594178586654191
19.95494184092004 -3.883975142870586 -29.01310055799327 0.1227602274211749 -0.874413005048393 0.09688638175528384 0.06365651489303702 0.07867769099252073 0.01689361976291062 -0.01617208742117654 -0.007718871285356817
20.14295819174292 -3.330254511866055 -28.56003707860446 0.1115397935802471 -0.8336178174559888 0.1058915784622494 0.08994755830344937 0.08128168711848388 -0.03293219746914226 0.02809856704353215 0.01180886997888371
19.37741928997966 -3.415438597039495 -28.8250414965821 0.07175287348017623 -0.8812599643912391 0.08936552334133899 0.07064525792713933 0.08338492297656866 -0.02941320658420306 0.02548773375622477 0.00992912201394157
19.53834640876402 -2.836616713598968 -28.37529358110599 0.05765692936065428 -0.8409547954596578 0.1024713676256575 0.1072080695853964 0.090792762106819 -0.0355019106508064 0.02681655044263501 0.008403519334724793
18.78765164530133 -2.942082502483878 -28.67191557954131 0.01920111562847915 -0.8905112018569977 0.08585137981698038 0.07827152179224117 0.08849058716162402 -0.0288858479348511 0.0236913101519424 0.007068943981617229
18.90378640938781 -2.348289320879525 -28.23832377895193 0.001422446225732836 -0.8522284598117632 0.1069548823647365 0.1126376630172578 0.09552260891017141 -0.02505291322322376 0.01960241435955468 0.004936645356610019
18.17020425141871 -2.466915359120389 -28.56060982213227 -0.03590705993180611 -0.9034749692338804 0.08131286518634911 0.08298618111832075 0.09082583722011674 -0.01350854039669388 0.01060312314314339 0.002405762867171988
18.20938874000581 -1.805850990603284 -28.1186650679722 -0.06173030493143461 -0.8664028669325681 0.1045270993361123 0.1141172934608141 0.09589026803373611 -0.008543157012935761 0.006623440177830795 0.001430200979240435
17.59667771493879 -2.066654305221375 -28.49837885960025 -0.08633585716095074 -0.9191326724249782 0.07380539047399935 0.08475585953219988 0.09019225091945757 -0.004558640580564678 0.003332937535949198 0.0005983469965826755
17.28334661228542 -1.487553033986485 -28.21865295785929 -0.1305219037815422 -0.908869215310494 0.07948710951367116 0.09805268309320278 0.09115824033684447 -0.01331689741141952 0.009303860318107671 0.001604388314962658
17.89814686336159 -1.208096917946164 -27.87071081644715 -0.1056396381440929 -0.8551294365160426 0.1139536902981405 0.1289176604664893 0.09255426718601936 -0.0041977484096867 0.003249519487601773 0.0006420932718922849
17.31534084591054 -0.8312270939430642 -27.81964677551969 -0.1575820579465357 -0.872613648984118 0.1094233286408033 0.1077724892101556 0.08366137969643699 -0.02597446140797979 0.02195198157952213 0.005694292046356752
16.67107463308405 -0.4169235724021192 -27.74054458091454 -0.2160022478889956 -0.8924392557648704 0.09722516495431727 0.07364044371109632 0.06619605193032449 0.01692798104967421 -0.01701001154046102 -0.005939945677448886
17.37336067660501 -0.1916770541915742 -27.49011107538111 -0.1818216631186031 -0.8363398314478282 0.1431777687467128 0.1093750973696509 0.06903680237333058 0.03756686573942988 -0.0402863023417222 -0.01408555640846848
16.71700810834112 0.1447598063978903 -27.41283770192324 -0.2385415274067927 -0.8595454793600019 0.1333837936190987 0.07979222342348777 0.06511026891701144 0.0141649012040373 -0.01768713725147503 -0.007342501566872495
16.17932511812073 0.5301238141851599 -27.29375657456978 -0.2900864252008667 -0.8731501699223336 0.1117315383210061 0.06937100722507603 0.0613756204148676 0.01298914774186308 -0.01530450251433636 -0.006347939158014357
16.7338449724442 0.6158648697345948 -27.15870655138985 -0.2587139678179934 -0.8333323769687128 0.1610927187918011 0.09428689010060863 0.06368199915415527 0.006471134812108579 -0.008580179411760109 -0.003665938105140007
16.39044673306652 1.05379950519493 -26.97746629188446 -0.3004900060924987 -0.8313326513377189 0.1466166484543835 0.08374347776429275 0.05723463156913221 0.01726873353032602 -0.02328732677064695 -0.01016381316193319
15.94696384268967 1.626756285769851 -26.71413661042102 -0.3552852308891714 -0.8273878865617339 0.1160288618314264 0.07229661755792915 0.04882757528996628 0.01813167821328672 -0.02192213297064373 -0.01062723101991225
17.07263265316752 0.9950570678735176 -26.96800228082871 -0.2533820414569422 -0.7932260799534375 0.1827310043873257 0.1067765810025223 0.04459285079567504 0.01616502004186317 -0.02340401165342052 -0.01020006557059121
17.29791012452569 0.4355060324518183 -27.21041412299611 -0.2140170439279143 -0.80874220442328 0.1682043740706806 0.1146538849407682 0.0563734820582989 0.02621302612012934 -0.03193315673740273 -0.01326661304858972
17.77002255799405 0.925595739325221 -27.03878206038483 -0.2032695058927291 -0.7564030084763537 0.1586734931063895 0.119137687034776 0.02500585699404254 0.03862290755646142 -0.04728219327929393 -0.019808979584287
18.10759583232783 0.2248999935839349 -27.28935197992201 -0.1515973033894783 -0.7721280348445565 0.1549935193477094 0.1308517931600151 0.03914309492940202 0.05472234251092099 -0.05901480292036704 -0.01940101233622835
18.54059979410235 0.9343348921995469 -27.139042449296 -0.1503589894225315 -0.7123293650696204 0.124829225215893 0.1092855399794027 0.006278720662399452 0.06225129049666796 -0.06964838544909352 -0.02535850174770129
18.84752247868358 0.3958419999526308 -27.2862315912095 -0.108731691440126 -0.7218958157948817 0.127515096247454 0.1156750670924826 0.01047568148935189 0.05609910042627177 -0.06034506005504398 -0.01652048316478893
18.7874243413572 -0.1956362846685513 -27.40473225156611 -0.09022156108718876 -0.7540545372300174 0.147750184179428 0.1392113211064274 0.03163609830123531 0.03224911001916676 -0.03247814336865183 -0.007696483213640806
19.41844516749886 0.165984092023943 -27.37678085835954 -0.06185030250986254 -0.7017417308000929 0.101830814933736 0.108357817350217 0.005436119291175078 -0.03817582642882415 0.03545541214093767 0.00838915423465127
19.37626109503276 0.9215866553223782 -27.28307687482621 -0.09172495459207514 -0.6665258865612254 0.0791525325588258 0.08166076690009519 -0.004010288849928025 -0.06565529093999233 0.06457732208585738 0.01911360876162878
19.96022236610494 0.5659690225265317 -27.40560276228727 -0.03925069619880159 -0.652656778992577 0.05576747416820359 0.07335214221783436 -0.00271457706642626 -0.05543710477854038 0.04254126258205471 0.01064822756567385
20.14070223759201 -0.115450975667116 -27.47630025009915 -0.003932388633330142 -0.6767730021413771 0.06419864782556067 0.1014062369592425 0.004061451882908162 -0.03122647538108248 0.01959137631974073 0.004434312385215094
19.39527091180307 -0.5001816768699774 -27.47741273606498 -0.03921881471406988 -0.7351489730552978 0.1219234446435637 0.1449837246701338 0.0244997749103653 -0.01007780063428687 0.008162385491018437 0.001849287074995386
19.93951661496382 -0.8889386458521047 -27.56274735864916 0.009763343521438407 -0.7245488540967491 0.1008695277477608 0.1569446232513322 0.02806781885145134 -0.001303026517828417 0.0008063514860488212 0.0001739764438384608
20.57320569618213 -0.6590270517269605 -27.55466177225491 0.04260835428702978 -0.6805673694083948 0.05358309569663484 0.123499572077664 0.01127323310763539 -0.008808747792806965 0.003737330008941957 0.0009262044909796828
20.48609798256044 -1.293548258170951 -27.65056960508587 0.05846779136583458 -0.7153498147633981 0.08045272525742435 0.1614250349593302 0.03312599048821601 -0.01337647804792489 0.006348920922262431 0.001548612757396093
21.03054604146625 -1.701704925300621 -27.75097621236967 0.1063226663868105 -0.7072621907821888 0.05596826509917265 0.1642179997736393 0.0390098212844647 -0.03393468029415424 0.01079902623024911 0.003226641178549777
20.36681547222439 -1.965878392810215 -27.83463414956379 0.07438754793047994 -0.7533845083533222 0.1036535527818936 0.1743804222510225 0.06615911332347467 -0.0338659180706059 0.01838687585895606 0.004595157564922696
20.88401987217283 -2.271784094601019 -27.91998576546445 0.116542271908403 -0.7418241445579551 0.08408424051974547 0.1721482916250161 0.06703914385031047 -0.05684285898635182 0.02473619390600909 0.007775980937014457
21.49772198416846 -2.178551453684623 -27.8963789740747 0.151092853099575 -0.7072775782395411 0.03967692627063126 0.1624542198457166 0.05188546806883795 -0.03468820599085382 0.007386647537468283 0.003398433803294244
21.19012597791805 -2.763003696539061 -28.12542603122282 0.1521809013674351 -0.7509369936425502 0.08314542137799473 0.1399366032135708 0.06701847366387083 -0.04232594662215201 0.02095128175476349 0.008764112837531205
21.96152974864552 -2.708239926692201 -28.109486120669 0.1972777425832712 -0.7111367767028262 0.04835746903417258 0.1266443777306397 0.05123873823734246 -0.01088237220547334 0.00349004538510488 0.001644251084130305
21.63942483450315 -3.435949968849886 -28.46395797803097 0.2028307236225335 -0.7633215923167102 0.081706977986509 0.09582105746087054 0.05587701617628411 -0.004016569005869361 0.002682491455696317 0.001273198755009511
22.54099164744921 -3.22211051656352 -28.34155193683864 0.2496173422566652 -0.7095097834257117 0.05373158630106121 0.08921896022634725 0.03990195943381039 -0.004974149275518095 0.002494318146370589 0.001120958975790744
22.46767789388623 -3.917080691934379 -28.68215047832845 0.2684544278639916 -0.7480547322818837 0.06944354264233635 0.07443415215237016 0.04231100087703214 -0.01365691608260315 0.01014913631277137 0.004560097228279644
23.19154615587544 -3.665015655183442 -28.54180436686029 0.3032572342383252 -0.7014525302909019 0.05021923660681536 0.06702677331742125 0.03060561873149128 -0.01651505869410764 0.01033663433742299 0.004461350536096748
23.17079122955594 -4.283259006072395 -28.83406355787642 0.3220259857117904 -0.733300408802078 0.06026932980489214 0.06277951233114004 0.03401776679452652 -0.0253204110144441 0.01979411943868901 0.008330324519871639
23.81059087735387 -4.075041670505168 -28.71386270949561 0.3532336424249939 -0.6934079213147208 0.0444921818908444 0.05533069985468864 0.02531113876427682 -0.03580627451954219 0.02448541873159487 0.009414982325452074
23.7242444992432 -4.582198553163618 -28.9452583647622 0.3640489284676316 -0.7223370991621433 0.05227740490272948 0.0542678697593012 0.02867739483632369 -0.04499058171972106 0.03619374233657376 0.01352401654201395
24.42069105958425 -4.5820578940801 -28.89637056480862 0.4048054477452367 -0.6903160948531998 0.04135642399601554 0.04420785436325939 0.02085118965184905 -0.05279699712787585 0.04313330881354098 0.01326849783258298
20.82634275913894 -3.225464094737921 -28.38814180203477 0.1471060476317026 -0.7923952239092703 0.1048420189608017 0.1033692764841501 0.07078372240749135 -0.03327140263336915 0.02576427860728962 0.01165530942579031
20.36910857747201 -2.673680180832967 -28.14039251949682 0.1000126072151558 -0.7879096748576777 0.1024465519497824 0.1379457938431645 0.08183087508083461 -0.04856799297318774 0.03033836379239342 0.009661069091574138
19.66907902466954 -2.202740971121761 -28.00048595998992 0.04088692000860152 -0.8017194250129765 0.1158099178003552 0.1495623636179128 0.08789192822217948 -0.03151256366582014 0.02122892973565195 0.005397748224104551
19.79458711504737 -1.551655322917179 -27.72935691902024 0.02437299574001086 -0.7635810497063307 0.1222556638005268 0.1763308179377525 0.06410572199398593 -0.01707562377199571 0.01093510134634078 0.002486460638191636
19.06464481789397 -1.728190551797709 -27.8788812116444 -0.01362706106527853 -0.8120031472369429 0.1315751896194723 0.1511657584994232 0.08975419045651659 -0.01672754600129283 0.01280041814854312 0.002963038462065913
19.26233152950661 -1.124850084201313 -27.6275130229455 -0.02456439113509489 -0.771991538979336 0.1421961300527959 0.1779431035402663 0.0629545684148437 -0.009164767715305925 0.006778817915889801 0.001540009027186914
18.56321789441668 -1.223169862825129 -27.74086336486051 -0.06422506482583173 -0.816058811337004 0.1398668492649069 0.1569838537185073 0.08924712113320146 -0.009883741557703553 0.007828496498531559 0.001719497945869365
18.82635964586503 -0.7492665336452617 -27.53997042571401 -0.0664086935357323 -0.7782524856481027 0.155985599579652 0.1697121788211423 0.05938468186563357 -0.001815384649140801 0.001552043671094429 0.0003329671776581
18.12475064858824 -0.6134050904352426 -27.5716113544463 -0.1162604735843855 -0.8122315963886165 0.1476476825307191 0.1440584365040334 0.07275835106193683 -0.02663950458627194 0.02438615755137945 0.005775685960489072
18.09627656301575 -3.013970192570024 -29.02115663644225 -0.01610408338682227 -0.9385811400331516 0.06091318058790234 0.05094865400821827 0.07100976998501633 -0.01670984529712431 0.01424190899124788 0.00411554256026584
18.65586306850713 -3.477635896559981 -29.1586873768357 0.03475612950977214 -0.9288656231707917 0.06359486007145662 0.04292684750330072 0.06495261476003414 -0.02588484094475623 0.0241535865439928 0.009380769563673343
19.20050398046226 -3.930592320850808 -29.32346772865668 0.08353153337511923 -0.9215426115280957 0.06618677052341865 0.03924445655606631 0.06187909767354235 -0.02028480734625662 0.01975455086814366 0.009168350815360236
19.78693306706243 -4.426942182676635 -29.53623167528594 0.1356570751058081 -0.9160191762013419 0.06989245757260741 0.03636290326972046 0.05982366843365666 0.006685617814026241 -0.006931048928563054 -0.003597927096449426
20.09045393267971 -5.002633451253526 -29.9398021148787 0.1751673510355383 -0.9328702671331398 0.06672433183834608 0.02517355901025376 0.05051242679489602 0.01222619536955937 -0.0150590496250531 -0.008645295233141351
26.76578491354138 -4.695695173801493 -28.70578093838175 0.5458371578340507 -0.5922531887912048 0.02542876131176252 0.02058703788892154 0.008339905738043309 0.02550637543162263 -0.02948879220066561 -0.004977112661591938
15.23224068009463 4.138356981230904 -25.52762729582044 -0.5232006969373102 -0.7417307109129435 0.04998767262807623 0.1213516989161626 0.03882926314592752 -0.03223431574674118 0.01156313470910747 0.005359678869242964
15.46901880122476 4.716687249638912 -25.37322260059099 -0.5356159113541206 -0.7025527664981975 0.0450449696060786 0.1031478973597134 0.02233035797011568 -0.06099489316620068 0.02432430328637345 0.01068108135065856
15.0260019357496 5.250975249532461 -25.2296532053729 -0.594777790327684 -0.7066415574739651 0.007086056508030621 0.1082014860442928 0.02060588079389981 -0.02725571468382846 0.00141886098975376 0.00192239619509312
15.78775300483576 5.475599753950355 -25.24780873853647 -0.5488367600668385 -0.6501427897099247 0.0854951034381904 -0.04769725797732187 -0.0173131044701814 -0.04102276897601592 -0.07074859720437972 -0.007666550199771675
15.14505802959897 5.97708264677861 -25.12484961970207 -0.6238776097303406 -0.6696797084857782 -0.02521361861890202 0.08740865213085688 0.012001839529414 -0.03375020383092248 -0.009863086710558789 0.0009293864902366312
15.75874647029321 6.326981043534175 -25.12768350145864 -0.5912201995532111 -0.6142533073844421 0.08618227578047205 -0.04915349896981677 -0.01282723485061292 -0.02867778754271134 -0.04956782364200545 -0.002735197949126572
15.79482094152772 7.07663706737105 -25.07129432271464 -0.6216869816459378 -0.5771523027122529 0.09840853130221935 -0.04125392014413008 -0.00977614882509951 -0.01247875965556416 -0.02957234452212928 -0.000822539727115046
15.94522626806338 7.810877600791079 -25.04632679852768 -0.6378465949133968 -0.5298257231933072 0.1130077910574697 -0.03364715424369134 -0.009425929114789943 -0.002986496000500646 -0.009964946305974642 -0.0002339536616984196
16.51377496974711 7.272317633325942 -25.13979552904734 -0.5663395732336239 -0.5175163254527507 0.147687164852022 -0.03156305363647272 -0.02691928174102151 -0.005524105419036866 -0.02500824569276389 -0.0009845310057461183
16.67438257438889 7.999832390320224 -25.11563174559788 -0.5777782669492606 -0.4673379937517951 0.1686808073891532 -0.01909474023421467 -0.03028958621427495 -0.002446222383470555 -0.02025472716428137 -0.0008541553785965778
17.18756232916522 7.516683409089281 -25.26593355048784 -0.5157213125165708 -0.4584823790193298 0.1642819093628884 -0.01143291466338367 -0.04667236013379192 -0.003016539430797346 -0.03493664608061693 -0.00205978793058064
17.07312859320139 6.607697140990304 -25.33155186936641 -0.4928698919824855 -0.5141389170474381 0.150660235771786 -0.02435652803256417 -0.0454030703488093 -0.007583925640984021 -0.04169172375219521 -0.002800039421858527
17.64045959711998 7.155502640393863 -25.44596232771434 -0.4637257874266171 -0.4478637543954525 0.1458486002370937 -0.009408679998922757 -0.05564300359845889 -0.004528028866201969 -0.04861517350437469 -0.003648294452953731
17.87069908861375 6.597233889030375 -25.61390678717254 -0.4240424538701988 -0.4627512871240361 0.1186671352981287 -0.006885899891133448 -0.05134146270232676 -0.004364307443554176 -0.04317910353718283 -0.004296193873941773
18.18670375584301 7.260589411165332 -25.67331231516127 -0.4185647391876153 -0.405653902912261 0.1027526244004807 0.0001940577624058187 -0.04911190179122185 -0.002005431156568081 -0.05052273494676703 -0.004395424233496841
18.50206666480645 6.684180128818036 -25.90634906190602 -0.3711274977652911 -0.4167160145040116 0.06302457978070522 0.01485571070781505 -0.03062798342531431 0.005671589991718889 -0.04226687174981292 -0.008830318325805005
18.78525340946337 7.368180843052166 -25.97635368085382 -0.367567804801004 -0.3594858767492178 0.02489369205304797 0.03835587446522443 -0.00959735005641562 -0.02876873860611618 0.02318369303822854 0.01803317573933952
19.10801434732819 6.782872691722378 -26.22596576961745 -0.3198500881993217 -0.3715691490954891 0.008748663905036289 0.04168143332132349 0.0006295093628453959 -0.00482100511289306 0.0009700125941889947 0.002773331509700009
19.39832243625072 7.483719843468579 -26.30872878370246 -0.3153086581208997 -0.3121499640746734 0.006951969193455413 0.04362332339685061 0.000248597995590391 -0.0260181908412524 0.004062787251684265 0.0146637506724402
19.74336803786345 6.867628705921693 -26.56005608000802 -0.2661807455037646 -0.3260843451678735 0.005909986384826726 0.04141002791429854 0.00179991367912183 -0.0628648678372192 0.00753917051043218 0.03296449846594456
20.07798573395968 7.644205463462474 -26.65604247420109 -0.2597499434517976 -0.2589915414090853 0.005341867635768475 0.04105802314282322 0.0002292960794404815 -0.08323814795020039 0.01059792480411415 0.04150671370608845
20.48037057539136 6.922877393928045 -26.89993406051404 -0.2052610583319773 -0.2778554758672301 0.005342190524939844 0.04243065462716947 0.00196265639510578 -0.1085844542346839 0.0115411283284239 0.04605045115511672
20.6662137364687 7.623835071576754 -26.92278285306692 -0.2094564739680502 -0.2243542692371149 0.005150989404786289 0.04458844902233432 0.0004781554373225635 -0.1122334613734496 0.01247461631204386 0.04577920731583276
21.19245137895621 7.324071961321882 -27.12701895519293 -0.1589280839480094 -0.2122777001100025 0.0074326076513412 0.04917584472562316 0.0006735867681555278 -0.1240371431194212 0.01820182189480347 0.03983072863957324
21.10121867913837 8.143993205132688 -27.06123674078649 -0.1875713037381828 -0.1663752429845066 0.008699097053620647 0.05169967834176123 -0.001764315120619303 -0.1113399482267607 0.02007784115684308 0.03936990236284492
21.75457747188568 7.84429644514764 -27.26277676898205 -0.1284885570315522 -0.1484046256361314 0.01342000520029219 0.06057311364171774 -0.002310250250062232 -0.1090908034302655 0.02524527362557306 0.02821585189661812
21.78208071790079 8.551162437563095 -27.27344921524368 -0.1434303680520019 -0.1015278256759973 0.01534595329299656 0.06197551304567889 -0.006092558590447752 -0.09940792949228187 0.02728498692600866 0.0271629099310495
22.48807020800186 8.211080996017628 -27.42896232410778 -0.08120475849607238 -0.08510907682293355 0.0212423147777159 0.07213030472540077 -0.00712835258712185 -0.09173306046845171 0.02870069451429419 0.01705405192389124
22.40603697136351 9.017091513649033 -27.46108657911702 -0.1056264378920275 -0.03651879375647885 0.01985774789154124 0.06070128802775864 -0.009926469810244913 -0.08545012810257273 0.03096247087047346 0.01839674775522224
23.18191217650785 8.854173936375229 -27.60809887297959 -0.04340829955829596 -0.006280443605077801 0.02697071407718938 0.06785198066922862 -0.01286150512732741 -0.07468883230740732 0.03152442299607007 0.009686533386438391
22.91011093616087 9.450092721638384 -27.62615673934044 -0.07638272859595546 0.01967340571965036 0.02225282593470548 0.05713148454974913 -0.01262808475871113 -0.07336122522112408 0.03146207349139034 0.01306456153299344
22.3580513616015 9.794568701023882 -27.52679448616053 -0.1255462792526571 0.01346114513452433 0.01641353752858728 0.05007212859171029 -0.01066254173454152 -0.0780286889398147 0.02963334313325883 0.01904590470139259
21.73355896121738 9.282033166229827 -27.29159398164211 -0.1636516956708132 -0.05604773281802259 0.01483136788177682 0.05634354794167979 -0.008228957663113819 -0.0922889713023848 0.02837724541819301 0.02796259408257646
21.63166964563485 10.00239743277406 -27.31342152108404 -0.1866356968480885 -0.01305230823291091 0.01151807622389696 0.04701606532246914 -0.008682926726543553 -0.0850928769621933 0.02609149266915054 0.02840206862259787
21.00838605658806 9.527606227139339 -27.03976776857405 -0.2273232872018173 -0.0817779723109625 0.009708121698305268 0.05192019341885915 -0.00631501989824968 -0.09231316490250291 0.02178396265535481 0.0371875495326778
21.24091702239231 8.845493531493492 -27.10969281330188 -0.1931674143537789 -0.1131217552034831 0.01155257899796153 0.05475184664467697 -0.005162885439801009 -0.103735791098899 0.0253390835728155 0.03659691823738493
20.60411571069466 8.7528405481603 -26.85363278149294 -0.2434929107030634 -0.1571378021454585 0.007786196539385658 0.05072523231518881 -0.002925250894554668 -0.09673714824993783 0.01733456378733068 0.04310239730062525
20.51302845750834 8.09592528623862 -26.83508124590761 -0.2346469425967372 -0.2042561090936256 0.005612320873454347 0.03945924229358997 -0.0007480231550500381 -0.1070072588071552 0.01611108166432011 0.04701993855703625
20.13935822132821 8.325627246483725 -26.64928861486807 -0.2725387292236071 -0.2130746897718533 0.004880272249591541 0.0407637041612273 -0.0005477311740461726 -0.0834180643543132 0.01055103618490365 0.04198492644291656
19.62798526520585 8.194441087043922 -26.38332789879829 -0.3144735118009896 -0.2542447260278384 0.004744418270463049 0.04096903446962084 -0.0003313748660568826 -0.03885143195688304 0.004673600698074412 0.02156308525082945
19.88277309213885 8.947476056120198 -26.49326722416154 -0.3106553028361317 -0.1902775977378978 0.005092284551284172 0.04639520994112275 -0.001956811078293285 -0.05348542387358526 0.007078600101214921 0.02864361342621876
19.22224389115261 8.72316980721466 -26.12804901697743 -0.3651453260998055 -0.24858320751521 0.007647565738099209 0.04019043736637534 -0.002885500750532183 -0.004095301621203347 0.0009475455678828313 0.00234385051919923
19.03572058947176 8.042031967951706 -26.05790522281501 -0.3643665361906713 -0.3030425586958034 0.007589744963660825 0.04226767140770847 -0.001285288918522436 -0.02035668169848491 0.004008587946340708 0.01161735350840264
18.70189505851592 8.522905677700406 -25.84433450156481 -0.4081649122221888 -0.296586822703991 0.05816215970977648 0.01200741563043811 -0.03032276277549752 0.004662313437494523 -0.03258408920523135 -0.003960077257700379
18.43813634174039 7.955040215911704 -25.73986598538765 -0.4168022846530605 -0.348720776408204 0.07910004152925801 -0.001512433486483102 -0.04003215803615527 -0.001666472143967347 -0.03831927658832384 -0.001845083111394353
18.0367377876192 8.723686508632458 -25.50727969377053 -0.4745722671786319 -0.3299306290059165 0.1194368772876354 0.01625394468452415 -0.0523700059852694 0.001650793136852495 -0.01744272110263588 -0.001648795813783014
17.81548354145912 7.812700161153362 -25.46017394526151 -0.4692055624959791 -0.3993142375344982 0.1375345824829478 0.0005584109956534781 -0.05556013143517652 -0.0007838205441937876 -0.03821506549656397 -0.002324367144646197
17.31786881035814 8.275308835258826 -25.25232433280582 -0.5280653703142477 -0.4066915804120242 0.1725389405354568 -0.0007581082338726998 -0.05316423807233223 -0.0003741291247027273 -0.01776407422922133 -0.0009608856199512322
17.2811023786316 9.003662839163018 -25.200761329826 -0.5515642525270978 -0.3655374929397416 0.1858890923474788 0.002008496366372069 -0.05438094833997797 -1.272559096114858e-05 -0.002488882103292273 -0.0001354235157523032
16.81719316420099 8.609822275703596 -25.10362210449938 -0.5836390167718971 -0.4222394902824457 0.1893577334362574 -0.01006810058102018 -0.03689314705222894 -0.0004361550566512676 -0.007190319686161747 -0.0002763784593882862
16.17503459595964 8.537161461376774 -25.03048606556649 -0.6412500279390533 -0.4730254073984587 0.1394157649736004 -0.02147615260699322 -0.01150996365983156 -0.0004092623041612385 -0.002615762229425447 -7.65517957126701e-05
16.55864788765297 9.247694876894773 -25.03777565818803 -0.6246752413810376 -0.4018877797318481 0.182072997330855 -0.01213132180585361 -0.02486792738779937 -0.0002578329124014394 -0.00356429392020536 -0.0001489796297472199
15.67294304731134 9.197451179484579 -24.99042595286777 -0.7096653122212414 -0.4723201835115879 0.1130770916269971 -0.03226795511597449 -0.001502657853898547 -0.00216798376283669 -0.007586295729392799 -0.0002362803366377918
16.10801696544807 9.743351792217691 -24.97046737750144 -0.6789562992789008 -0.4032143623379437 0.1595733018989834 -0.02015380160519025 -0.007214328675062346 -0.001975668752887358 -0.01543470764178537 -0.0005816134666459284
15.53036736222198 9.974678628016338 -24.97022690032757 -0.7416170669498084 -0.4330041272550498 0.1096267414049632 -0.02473203096446615 0.003844490304021937 -0.0002515563394249193 -0.001119867550814421 -3.103068612334499e-05
16.12123279384016 10.39751798178885 -24.95593708142091 -0.6886374828536412 -0.356632261830178 0.1685788004297413 -0.003306613598743316 -0.006461567118118535 -0.0002701494871638836 -0.01317734263275304 -0.0003047397174772968
15.33703342279735 10.70135533519264 -24.96913385361932 -0.7706831864000615 -0.3949516084639045 0.1046432680858991 -0.007076189540547572 0.006832444794585737 -0.0008743804885409731 -0.01322694002182966 -0.0003071086305902409
15.84474698251832 11.13310397772168 -24.93480824524746 -0.7220356417629068 -0.3209786447847768 0.1547193213910241 0.0144338277303416 0.001934857441016146 0.000372566269238341 -0.003982511778180265 -8.285437781253903e-05
15.75573983237842 11.80910783140368 -24.91908588363411 -0.7313434974552738 -0.2710711881107676 0.1701227588243997 0.05218589164448026 0.00161144084153016 0.005386677110597336 -0.01754802428542153 -0.0003953462025598345
15.17392994558518 12.26274327847626 -24.92893834506667 -0.7814609132504803 -0.2693753326372124 0.1253751572091811 0.0630820930506498 0.009922974725375911 0.005859717183915485 -0.01164450856101495 -1.037900050752167e-05
15.79349276451685 12.36554051329415 -24.90978682645771 -0.7257184178056038 -0.219714822528756 0.1976183738923345 0.0993079817149583 -0.009333658452842009 0.01808552709151924 -0.03600076612777938 -0.000121171085906409
15.45497040827632 12.84405513089368 -24.91453687667875 -0.7504376352124573 -0.1965329660759928 0.1735110104668528 0.1149328001845934 -0.006337477444333666 0.01768682935463888 -0.02667710721046831 0.0004394494148371992
14.69437147417892 12.82815502023723 -24.94543371858034 -0.8146404824947842 -0.2431989832059465 0.1105438076793982 0.09030851505667939 0.01067337383045578 0.004659895171666661 -0.00572162483006368 0.0001488644993457732
15.06207049551942 13.45374210152391 -24.93575107007232 -0.7737446813631402 -0.1594903332579448 0.1519349474726156 0.1306742761954006 -0.009708540322996237 0.004442290338698165 -0.00515154254983521 0.0001818043928300944
14.12715378884658 13.44947102132905 -24.96160477555555 -0.8452482388337204 -0.2066630150077854 0.1078059977714238 0.09941661987319626 0.01039670339939141 0.02265441884601387 -0.024569874907375 3.575040644454028e-05
14.65991416841311 14.21102359480632 -24.95857645433664 -0.7901459949092192 -0.1032506471042175 0.1522642040783601 0.148366790499263 -0.01964315113406495 0.000410721041681442 -0.0004228711966508053 -1.027990521606157e-05
13.8777731790585 14.1082003415001 -24.93414550177695 -0.8449582058874332 -0.144735801983297 0.1114462250756645 0.1271748025240702 0.005357842878282272 -0.005436570617729329 0.004759869105942216 0.0001026269577280797
14.05574854950748 14.70923255847793 -24.94190706295667 -0.8193397920926034 -0.07585522789544991 0.1294137179815084 0.1755202911975048 -0.0184663913889382 -0.02528414263958466 0.01862850948911653 -0.0001317796643086393
13.29369403844183 14.44307469102077 -24.93639675303258 -0.8717467738081042 -0.1269131878140794 0.09165059096442421 0.1394809945632031 0.007409316424432634 -0.004638542405113901 0.003048523304781627 -1.159484261329126e-05
13.41629213081346 15.23341500167372 -24.9511353019157 -0.8442105905970252 -0.0411635870100355 0.1182117543609676 0.2175568906470499 -0.02620544857709425 -0.03727973985964529 0.02032647124758246 0.0005823381147872384
12.63175979835669 14.81339612789401 -24.93916962131511 -0.8956942121052206 -0.09996101975750761 0.05738934306119751 0.1436266699751941 0.007430380339525918 -0.05689707114100465 0.02279528983801147 -0.00117437267888908
12.63812866080379 15.47796348959424 -24.93834790990406 -0.8767103088804333 -0.03126121071743097 0.06280144291774566 0.2650547077044311 -0.02031827057212103 -0.1237216528801131 0.02890864549000542 -0.005292071496611333
12.07240851282985 15.15441991532923 -24.9616912066119 -0.9105917867801626 -0.06940063699131632 -0.0261677847622856 0.1930787073245475 -0.005528265978422267 -0.07627176764415416 -0.01053254588177493 -0.006828026127114421
11.95390792027143 15.80761008182427 -25.03444159445424 -0.8975917180898346 -0.005021809622246117 0.02450057391301652 0.267634307061088 -0.04630148115392425 -0.1028237693267332 0.007361921930005907 -0.01185574353884583
11.31555222599709 15.16508042886389 -25.05539080145348 -0.9395514912651436 -0.06823282996699173 -0.06921188330656582 0.1875902189030017 -0.01837841370446339 -0.03638396982752786 -0.01381879427111629 -0.00403013935548708
11.12171570385731 15.90140276979685 -25.16963578831694 -0.9253624712327322 0.004402617591446616 -0.05274884621608036 0.226526048927666 -0.05840166116269735 -0.09179685411860497 -0.02459725198538595 -0.01249519536220856
11.59247224626592 16.35435187434568 -25.20207313732774 -0.8986789631372639 0.04506982094026188 0.04210621696745771 0.2711977907651583 -0.08689602167240185 -0.1388804137402463 0.01433197817525105 -0.02256637274428119
10.96352895773284 16.55543862115642 -25.40624371544094 -0.9157722883119916 0.06548331901672101 0.004083416287145709 0.2403280689637064 -0.1016241485974839 -0.1256033058481504 -0.009231852962645434 -0.026879083544487
10.28601272417473 16.01208660685456 -25.41018654510779 -0.9481152450927544 0.02354276418346015 -0.07735744175131792 0.1920283135930942 -0.08239577257156329 -0.04476265391329241 -0.02085999822557325 -0.006589972654340333
10.65107357848593 15.43927803798095 -25.18428744923115 -0.9525905379370454 -0.0345647475017397 -0.09977401792486416 0.1940291382473263 -0.04975611823587232 -0.02536616878877695 -0.01384203626130722 -0.003112658170376793
9.596437508475814 15.72095428603386 -25.53025640706343 -0.9728592275952453 0.01030683954913772 -0.09753692335025643 0.1662566570204662 -0.0838632655482339 -0.01275432970739578 -0.00817517384905052 -0.001373175667526117
9.475262052956957 16.3595803387617 -25.83181858230746 -0.9612140700196342 0.06908634486159931 -0.07647222077310277 0.1686497570473145 -0.1131229677833318 -0.0184173350690357 -0.01012308951540425 -0.002641745347965226
10.25416401553868 16.78591441103792 -25.72487843869944 -0.9325060746341008 0.09333588985929442 -0.02253722094996369 0.212281627610123 -0.1171293717563084 -0.1062156972153854 -0.024611019097797 -0.02416695754687276
9.68171322238695 17.081654235571 -26.14068338635992 -0.9427648728371848 0.1294321046617037 -0.02551892358101474 0.2134522951053275 -0.1652401956644919 -0.08786568104618399 -0.0286647129689129 -0.02345864549573086
9.03117646288389 16.86999866979856 -26.34412974909226 -0.9621124901617518 0.1243429443791015 -0.04593500971498944 0.1709193399331823 -0.1499333275421884 -0.01557459013504153 -0.007189919847301537 -0.003424704925385395
8.453436894613031 16.81857484359302 -26.65214131375176 -0.9752931123872809 0.1348574498737979 -0.03897456913791629 0.1420951295922679 -0.1433616326173128 -0.09575313362277083 -0.04522262985619066 -0.01879148747250262
8.768276795176515 17.2277639457425 -26.80906588039979 -0.9627077728632942 0.1652002982643435 0.003389833515160523 0.1592193592929097 -0.1573843366684874 -0.01277596171557215 -0.004198092945654031 -0.00452221655176617
8.883213937155562 17.64999339942819 -27.23024861840884 -0.9550456103422104 0.2086991762602707 0.05175421735661508 0.1237749111026619 -0.1288011317326586 -0.02459664350140435 -0.003663608752948744 -0.01340394186372095
9.278875132244098 17.41016555314801 -26.65570166537496 -0.9481020003449286 0.1709079531363163 0.02566857803348878 0.1829570913999513 -0.1736795801156109 -0.06274318648552751 -0.01453154931977134 -0.02458077324122963
9.524357449813829 17.89744327024222 -27.11004854684318 -0.9361164001458733 0.2225627573034643 0.07063593145226736 0.1225152428535152 -0.1324268610952665 -0.05967526138719335 -0.003858817703051859 -0.03540053446850398
9.907398137343106 17.61547759091419 -26.49357936254176 -0.9288541599150403 0.1792686950841396 0.03749293166106853 0.1918027748735061 -0.1915230530776117 -0.1170504368237241 -0.01926221607386511 -0.04220437379219793
10.2382434835798 18.07856554437282 -26.93409938236592 -0.9141296047201888 0.2317593715477654 0.05806096489198144 0.1147132951116169 -0.1459448790081309 -0.1067506167968828 -0.006390637964708485 -0.04749145704832943
10.58563922042691 17.75063816623898 -26.33638249254646 -0.9074927782323351 0.1852718292806575 0.01180987102182949 0.1841321403845253 -0.1988335736696859 -0.1413857146226816 -0.02060366595066191 -0.0274779759999816
10.96542515869481 18.20350813678255 -26.79899255118999 -0.890325411274879 0.2405482713022553 -0.01035748595743071 0.1076002607988624 -0.1696839622153619 -0.1321336317928559 -0.02527220060164764 -0.007960228664305336
11.302790663589 17.85163693395596 -26.24662926317291 -0.8832638667713976 0.1940535738073109 -0.001844277008725211 0.1711862632140735 -0.185221214756402 -0.1582045308540014 -0.016393304665083 -0.01357585086418019
11.58736234118621 18.24990015199477 -26.69572138291823 -0.8687914801038151 0.2453619206488628 -0.08799269664078599 0.1042089785572878 -0.1677608633422144 -0.136042960460877 -0.04446857737589236 0.04373345354538809
12.03713715305711 17.98868583280606 -26.33184111472066 -0.8553079652754592 0.2156191582919412 -0.05689897086464189 0.1359170990478681 -0.157673510566243 -0.1414231315335146 -0.02523692300034443 0.02928013247774441
12.19099132758938 18.44260497462 -26.95784127823574 -0.8443998677360487 0.2802997215037306 -0.1121042433802805 0.0846678312223883 -0.135827217856401 -0.07395780624425591 -0.02847133773692325 0.04329307178410369
12.87501532403828 18.14712862001457 -26.59966908703038 -0.8195745747454153 0.2517147331635908 -0.07684766672884383 0.1089817634424146 -0.1239655524812325 -0.07981810593241649 -0.01853016059444961 0.0331897494329364
12.5560286983715 17.58725050036803 -25.95028437400171 -0.8403197555638858 0.1770056401568392 -0.002941113698690052 0.1532718491334696 -0.1410616731916696 -0.1216605709904225 0.005089507837428445 0.008066654985767795
13.37558978678075 17.62739425318841 -26.12450541610441 -0.8040012067966792 0.2002899405492862 -0.01254905507192964 0.1232895477420076 -0.1147604233739083 -0.08684909959676099 0.003865092385713201 0.01364930156190977
13.04302765811175 17.00134349885781 -25.55630425533623 -0.8284133422307727 0.1243946331055888 0.04543826349656023 0.1795636542407575 -0.128046022739191 -0.09052753850565147 0.02135480004190415 -0.002177874886265012
13.91424456814077 17.13926365610229 -25.81986428110221 -0.785153565563306 0.1605258362266531 0.02643432043531911 0.1384918488870311 -0.1155172128203865 -0.08879235990079849 0.02091219631877085 0.004752564793117709
13.77332409000423 16.55215397742689 -25.38939433365559 -0.8013147995001516 0.09536650620803554 0.03420131796015574 0.2177589119040512 -0.1279022125884635 -0.07996201740823297 0.01606972320578303 0.005977371636533108
14.46616914970282 16.68951532872572 -25.63629372734411 -0.7632166520188303 0.1299652201636757 0.05320296323740202 0.1679876848346088 -0.127896556513123 -0.1007714925776643 0.03577128880030057 0.005064983700781585
14.6348641213838 17.18969700939115 -26.07771436064452 -0.74693145897408 0.1901100831077821 0.01804771349125264 0.1116180299569997 -0.1017558559015067 -0.1066793142693061 0.02937468141269122 0.0133007221897223
14.15489025817101 17.64686792865678 -26.34082082329052 -0.7660658707183731 0.2256712651316174 -0.008871782548458154 0.1024331541056112 -0.09940985361456253 -0.09587970183650156 0.01042602808316035 0.01929984540863649
14.83677968735782 17.62720224294926 -26.57253321514596 -0.730140248312637 0.2492197678174259 -0.05986306255201718 0.0931873219984337 -0.07093416642819451 -0.08118359216316447 -0.01448197971667581 0.0494875985098351
14.43015093562287 18.06302554779996 -26.89576684572468 -0.746837593654979 0.2877668453804588 -0.06710049101964091 0.08392996482363328 -0.07511667727898576 -0.06588639783099474 -0.01473666711462765 0.04238954395707337
13.71300695914822 18.09410337316129 -26.69831420802842 -0.7823451971540111 0.2666246455968341 -0.05762394353149073 0.09734906490433576 -0.09938461897718574 -0.08376569630113703 -0.01234940681730215 0.03647150419298987
14.04102237799622 18.47255861719588 -27.2903690871516 -0.7625051506721228 0.3296327482259486 -0.09554707754855551 0.07733084775029114 -0.07779108962949685 -0.04462075012905395 -0.01675574110397078 0.03814892711665661
13.41239516903592 18.45636169336665 -27.08635054165275 -0.7927244204877385 0.3065795540667188 -0.1034416799229245 0.08768794498911188 -0.1027282872057752 -0.06686172547546602 -0.02363357672738727 0.0471526349899874
12.88916822393845 18.64335231045564 -27.30165713515542 -0.81428404803135 0.3230583419964742 -0.1185658115280383 0.07303619426244458 -0.1098785012661123 -0.05069797349308208 -0.02219126126447997 0.03995577889036098
13.57359848885556 18.79733128424017 -27.66055182555622 -0.7825481467880341 0.3645980011483496 0.1278636113877707 -0.06456805127655632 0.08079843875254236 -0.02732938249042276 -0.01519304119396015 0.03110763670895338
13.023391636524 19.02125467604789 -27.99653349189088 -0.8067329231821417 0.391471903892145 0.1370590770331478 -0.04778419511475612 0.0900090367588308 -0.01851028484812309 -0.01123624612029826 0.02222096416045058
12.31433462449705 18.84436095773319 -27.67184070420693 -0.8370202345220511 0.3497884026018575 0.1189940278517735 -0.04643700592787067 0.1050601056188971 -0.03651241217439594 -0.01866457277959222 0.03310516483797269
12.49792116523776 19.22036753497542 -28.48295461606395 -0.830171057265314 0.4288812378371696 0.106569043905601 -0.02716790937565884 0.08745852044782303 -0.008644168768058501 -0.004633432646030105 0.009093683710549017
11.83598034164921 18.98636543376444 -28.07955208642228 -0.8560026591272971 0.3775470189026232 -0.07933961050887579 0.02337576322716876 -0.07942068331525555 -0.03607065491708168 -0.01772450244885493 0.03081700933801195
11.13009627981669 18.91372191826952 -28.18731744139565 -0.8822905292405724 0.3684086549564989 0.02973668295819978 0.03193915925832626 -0.06432239777896544 -0.05996788036748362 0.0003161893339113204 -0.0275665566878383
11.51381456035122 18.61679267645624 -27.37519315633901 -0.8683907636055131 0.3059380598538786 -0.09299809021835204 0.03991595735342131 -0.1046295344898702 -0.07376089514621402 -0.03669083023510869 0.05156357421230928
10.66533219568081 18.50363431686797 -27.47905727873393 -0.8979196033191876 0.2925929933167068 0.07305767658267354 0.05956800790084569 -0.08329185059375903 -0.07318147624966448 0.01037506164680784 -0.05676962194781729
10.33760920274376 18.7245792973368 -28.14298917827739 -0.9085396733535637 0.3389133721711209 0.08233248849819878 0.04623892555570883 -0.05674253048903984 0.02642546733418987 -0.007371059702536608 0.03233631966508528
9.891616110859857 18.3452332360616 -27.62531089867719 -0.9226005308549041 0.2795965680934982 0.08887498526284782 0.07346872544829089 -0.08074848739012332 -0.03990554623339933 0.006128237564833954 -0.03834587037286472
13.19668286917377 19.3221013742244 -28.60691716863602 -0.7994807489316921 0.4523472393640335 0.1456561128543924 -0.04078125751240912 0.09316825492006119 -0.004526455563240981 -0.002878756596201422 0.005816429735101752
13.02319546708235 19.53385130940971 -29.11450284272732 -0.8097260108304791 0.4986533837762245 0.1307719364658412 -0.02812463372465212 0.09714349276526185 -0.01710675326360806 -0.01022759829242201 0.02006759011412898
13.75241048773668 19.58351745275945 -29.13346943270522 -0.7746770257157117 0.5102177476114808 0.1500826802348424 -0.04462383644241928 0.09031783505869627 -0.0258818000405686 -0.01799056498535276 0.03411952786484532
13.72076144277809 19.17990544054844 -28.36426894592376 -0.774450370630263 0.4345480499200929 0.1382595674629292 -0.05426086309693246 0.07805876957488637 -0.005863494315588006 -0.003803297054151423 0.007741782382855915
14.42273209931448 19.37641514385813 -28.82509573782348 -0.7394577831818672 0.4850736171110002 0.1267176992635154 -0.05582909023304047 0.06905705659719029 -0.02480220154622244 -0.01697894585434065 0.03178471433045012
14.39640201108734 18.87632915798643 -28.02274086281406 -0.7415490869278735 0.4044264189897118 0.111826535255299 -0.06161763539611165 0.05995000631111892 -0.003012701080762896 -0.001824207080942836 0.003744730161595182
15.12159349527071 19.11834590055359 -28.61210455993033 -0.7020623221804162 0.4659846375770216 0.1089037261252717 -0.06083617773492731 0.05090716164710767 -0.0274085204430994 -0.01929990735235508 0.03556979708338511
15.15151383011547 19.662077577896 -29.38661308699653 -0.7008593566898915 0.5453862334058427 0.1158809581229292 -0.05521403639574125 0.05933853789248946 -0.03659891255000619 -0.02806307926899461 0.04536075993806816
14.43088021277548 19.75680446501009 -29.45341711610758 -0.7407407909234384 0.5479000008670483 0.1397944015979725 -0.04842710420006813 0.07461666836375289 -0.03506299028964047 -0.02787771911133229 0.04759757592227699
14.7893381899563 20.09193477770008 -29.98898569076582 -0.7234842697596829 0.6036531830708606 0.1361410257817549 -0.0416885847624134 0.06544317340321716 -0.03511196610903458 -0.03460200152842854 0.05100105077525244
15.51734241606341 20.18132795026449 -30.12965909442752 -0.682276787371965 0.6224469989790059 0.1009334327533834 -0.0437417976408125 0.05202960436288079 -0.03374730305359917 -0.02958762493454545 0.04059256776351963
16.01799986496547 19.76557592542248 -29.67131895975127 -0.6517431628305849 0.5788017363828402 0.09638894810028251 -0.05940509069138691 0.05229027969974312 -0.04390879671179335 -0.03151598137462737 0.04513483211723381
15.81590106150039 19.27173870325165 -29.02967268066465 -0.6627272570022955 0.5103984056415493 0.09651654775832626 -0.06097804748298447 0.04622244569628385 -0.0418443740189824 -0.02946370348029839 0.04850533933894425
16.53058196989197 19.31564345958113 -29.29132055889631 -0.6207787764391796 0.5394072550662807 0.08428195832031826 -0.06069113900311005 0.04016583169887184 -0.04925957145886616 -0.03468670032417435 0.05095170972637147
16.33471893141155 18.91070896843896 -28.78476196865217 -0.632523780808918 0.4835430699988576 0.0806367710872237 -0.05958608730685182 0.03604507547662142 -0.0446857834153573 -0.03005774081912791 0.05027854971749428
17.06447338504789 18.75333045565346 -28.90223660315008 -0.5881278114301797 0.4944412019378308 0.0690996301972973 -0.05608767151942429 0.02771480185094869 -0.04917567424444901 -0.03462699744209154 0.05253053060194887
16.5077708151159 18.3690853381109 -28.26488228444984 -0.6235423661895523 0.4245671173787218 0.06827356690358118 -0.05883364699065259 0.03086871179027745 -0.03580128831791113 -0.02080716056821354 0.03952612346601057
17.31365109478885 18.06591962506568 -28.35526457294908 -0.5733967490119536 0.4279194564174371 0.05475743099218028 -0.05054788284937999 0.02078992391636545 -0.03992918061256095 -0.02526206569801197 0.04374597127862685
16.9231043738495 17.80556318555356 -27.89346857316172 -0.6001049706777581 0.3776281425043664 -0.05202677832452753 0.05501871666481973 -0.0264059154365789 -0.024994430874102 -0.01156319935159814 0.02515297480087203
17.51349264205489 17.44484100584292 -27.87800629615961 -0.5627719239799455 0.3677307691117343 -0.04594428966552857 0.05303987327037826 -0.02236323732235724 -0.02422127034990071 -0.01100837321965642 0.02365249417670446
16.93061302190895 17.23951906064824 -27.3487584974279 -0.6036154450459258 0.3119537174490987 -0.04437228415195879 0.06367083241257418 -0.03303150440493218 -0.007918577848198268 -0.002080479391450589 0.006626992491934747
17.68594361066347 16.81826252461719 -27.4284442969032 -0.5544434399423946 0.3078444279010432 -0.04116255984930659 0.06783333906713356 -0.03167742205777516 -0.0102897929350232 -0.002414741912999631 0.008199979471403529
17.27399896230417 16.50574502133844 -26.91622858889862 -0.5860306873275877 0.2494982559145227 -0.03929030865098105 0.0869522236584582 -0.04484459757011132 -0.001395717454298779 -0.0001294002681991804 0.000971946028479719
17.91986995969247 16.17321672490374 -27.0673699299938 -0.5414552396375811 0.2530945428651192 -0.03546745110822405 0.09119548857196609 -0.04305254826485223 -0.003427957110252613 -0.0002477624888485359 0.00229919212632151
17.5458909703241 15.8188576014797 -26.5887095656273 -0.5712991921411626 0.1942472322120867 -0.02384713978580207 0.1053917015082726 -0.05289802329863248 -0.01181011752655915 0.0007897285525931559 0.006897580224694285
18.23938051914859 15.45195048022835 -26.80455533841382 -0.5204045355788696 0.2012697723800432 -0.02729543650702144 0.09834175721286885 -0.03921340989855073 -0.004719153123672041 -0.0001134882575008274 0.003000267257879871
18.42651135487179 15.93759916423922 -27.21797274872702 -0.5048138099676495 0.2599039924508361 -0.03538523448933761 0.09340066083407801 -0.03977844605850047 -0.003045181589824046 -0.0002704196710224762 0.002073914313323844
18.29366569734098 16.45572632754183 -27.50805847394501 -0.5126155785292295 0.3048767650427848 -0.04038841794277348 0.07482318798455556 -0.03194679684252506 -0.008671989610518287 -0.001823495711356312 0.006692632736830543
18.83075177596348 16.07024079214348 -27.56436700155233 -0.473859728259814 0.2981471922450429 -0.03823057566164301 0.08256017035267199 -0.03206813949650495 -0.0191887252922698 -0.003364301085662833 0.01421469254355344
18.72068649002011 16.66545158488807 -27.92748893972074 -0.4806820587716677 0.3520368948052398 -0.04062960777163355 0.06211263678059147 -0.02291072804014745 -0.03429441825680545 -0.01178202804164238 0.02887537807972772
18.14156520788075 17.03936788065584 -27.88527989402086 -0.5210771324430511 0.3581146631919005 -0.04188805806409418 0.05436198282230916 -0.02069646633433613 -0.02422321835010162 -0.01013595903219453 0.02240250767752003
18.54618164288568 17.17318042337815 -28.22405861046719 -0.4921326006044685 0.3950192579406297 -0.03982561386280582 0.04709942226427621 -0.0158148420388496 -0.04143828594456968 -0.02170142396406242 0.03972095596037972
18.0658028863023 17.65420642228094 -28.36492779710896 -0.5244665981359702 0.4204065987540033 0.04412132061002778 -0.04438238728007412 0.01503066851994577 -0.04135184965612821 -0.02638872431176041 0.04346470906447737
18.66900556715774 17.50259740125034 -28.54730103707294 -0.4833322839282707 0.4356987458290975 0.03797881194370261 -0.04067984471339924 0.01262543411510448 -0.05298924286254191 -0.03340463993460846 0.05176637242808733
18.46008663035665 18.00913826624792 -28.84326676896679 -0.4978802535614185 0.4771226172393808 0.0406023772805977 -0.03911241725075879 0.01275120880604016 -0.05347475153719907 -0.03818941322309777 0.05313392499973776
19.14955542576772 17.67896823540952 -28.89887143733113 -0.4507694363897949 0.4771533175082558 -0.03240813156576525 0.03593188798865266 -0.01137392259584769 -0.063221158958638 -0.03969317013991044 0.05474180861026863
18.82117697627904 18.36058296805045 -29.25151199925996 -0.4749613220283324 0.5283548731600487 0.03803374060109013 -0.03816416090364531 0.01338771302498026 -0.06260098351768281 -0.04347186662315107 0.05392125261050595
18.25753981550654 18.53069155832216 -29.1663288215693 -0.5122174808133876 0.5207926030510444 0.04943757542691313 -0.04481735749374987 0.01623724712422654 -0.05330638838955933 -0.04019741234239104 0.05135087192388048
18.45956864420316 19.04667788147091 -29.62433909777538 -0.5012121185196646 0.5797735996789284 -0.05325931875210761 0.0521899045255407 -0.0229872603601001 -0.05335448218582234 -0.03583414986243178 0.04226003874738805
17.7642618362618 18.89584536952196 -29.28326843829869 -0.5445389674068006 0.5378497600596419 0.06455656137263922 -0.05482134940322903 0.02439200261789162 -0.05057174149708667 -0.03780664302975381 0.04887366425199566
17.80858378277311 19.34753135447021 -29.6756624414792 -0.5431596279672308 0.585918817885961 0.06933337636953057 -0.05976925308257221 0.03102934170586031 -0.0487596998692412 -0.03465070691587659 0.04220610814012363
18.11490784449717 19.59437833260217 -29.9520588828903 -0.5253764148282388 0.6207807339633479 -0.06482168131009125 0.06305343369585233 -0.03512995908907199 -0.04143172018211357 -0.02585470691854249 0.03004403479900863
17.53081597316834 19.82165192928881 -30.01524768918582 -0.5620893813568041 0.6252728933290219 0.08099738709025009 -0.06713122868337179 0.0436884238827801 -0.03672651066169715 -0.02502710057460635 0.02963373986797282
18.17958327939276 20.05158811003316 -30.3340411022606 -0.5239356577325999 0.6672900624666497 -0.06605160674589319 0.07096900915369318 -0.04710451438781946 -0.0247508475955314 -0.01289862167889365 0.01527307650568165
17.63069975891035 20.35697174844124 -30.51681201697693 -0.5586948070823249 0.6825420379684242 -0.08024139472561363 0.06890177996254233 -0.05423280324202841 -0.01611658293780813 -0.009861751870536634 0.01131648742132941
17.06622240190459 20.18675020262185 -30.28230578280162 -0.5914913945278765 0.6513538311197243 0.08734674054756991 -0.06548837285302436 0.05395024029668535 -0.02986076288846208 -0.02023184948345964 0.02378653735432523
17.08271462604564 20.5923918776178 -30.69622597835308 -0.5924317631989116 0.6948758724763386 -0.08120454225522741 0.05980300958686346 -0.05709833804388714 -0.01550614263710824 -0.01003353690640673 0.01154383006174406
17.66299785261501 20.76512287787732 -30.91376550211343 -0.5590785953511757 0.7247675578164996 -0.07743979620482978 0.06312000988379396 -0.05679927694447187 -0.009057473814050084 -0.005486979737540314 0.006251324490838566
17.28472782388544 21.0283109444825 -31.17262242402652 -0.5829226943355771 0.7445560949854423 0.07119281874386851 -0.04678066190178299 0.04942187891928836 -0.008848124099785413 -0.00615463939679016 0.006920109028415874
16.55656289727892 20.84165889707 -30.95828729667339 -0.6246164711136422 0.713640223809613 0.06460968160931981 -0.03835032874276977 0.0441586782360628 -0.01561079971060285 -0.0113165312021378 0.01301252958857466
16.3817323009748 20.3040704468971 -30.34001167590525 -0.6324088695335808 0.6505983382836161 0.08404758385824472 -0.05265199410078146 0.05287760705769309 -0.03407433811926921 -0.02424248947140948 0.03002122195364359
18.03252761123581 21.13713937600122 -31.31817393608699 -0.5396868794962226 0.7704935024513363 -0.06899453049346568 0.0528155440574075 -0.04959702771608063 -0.01009843711167988 -0.006470243355451333 0.007157838293625257
18.34684499497457 20.64003156669423 -30.86982365948877 -0.5175848422525811 0.7293518093914758 -0.06425019230910481 0.06739969518392096 -0.05298130812207381 -0.01393382066357523 -0.006966906739915448 0.008034593362801982
18.81623582977318 21.18219813525007 -31.41718688270372 -0.4937746958539632 0.793971224143864 -0.05515463988192441 0.05291153517359828 -0.0452048298998604 -0.00202488185617815 -0.001090169742971541 0.001194542154016245
19.30806243767361 20.71262043393773 -31.0542038703015 -0.4603557146634737 0.7638329668616146 -0.0434672212996712 0.06666207656158335 -0.04984752548131257 -0.005685775033050033 -0.001947108264586621 0.002354110064263036
19.46884590581259 21.24697702679163 -31.53591247547923 -0.4556857934120783 0.8185153304094849 -0.04014608743339129 0.04982803014333151 -0.04114323540518987 -0.01564846862611974 -0.006405359475728908 0.00751176570300556
20.01472777290248 21.04545646256948 -31.42283157500507 -0.4209982357395597 0.8168983087596379 -0.01511726284428679 0.05917523884157722 -0.04924438377136844 -0.01439569728448977 -0.001237009375160892 0.002932785495347626
20.10487359188772 20.49039235651365 -30.98496855034984 -0.4097830316956823 0.7686598351139737 -0.02446237880897603 0.07662034516210865 -0.05472388736158444 -0.009464887342778337 -0.001337706922365731 0.002357984778992603
19.58726388694452 20.10199546095545 -30.62192331695897 -0.4380109355068243 0.7165506636851792 -0.04050132764988869 0.07404561381658308 -0.04650622665019951 -0.0247115268427992 -0.007522276457938354 0.009544056779787089
20.20796063684122 19.95702674881995 -30.62179410891256 -0.3981498226555906 0.7243855491522166 -0.02852211027968985 0.0774272692436654 -0.04693534996281272 -0.02990965754800786 -0.005782934483536551 0.008635915702299497
19.86558741735801 19.46486215628503 -30.24867659281671 -0.4151509394862621 0.6693966167923285 -0.03581542587066509 0.06326325216406284 -0.03252697345952429 -0.04501373285075121 -0.01578972191534752 0.01885440874817597
20.7385994274688 19.47272170225939 -30.40953617372038 -0.3598738779555821 0.7009560553790829 -0.02463635374759593 0.0729009467022122 -0.03820680008028963 -0.04882033390365333 -0.009591155304196014 0.0131796097402592
20.78952694603636 20.18865098907083 -30.86388787247897 -0.3642745071417625 0.764518598440001 -0.01318046051990174 0.08731252293723329 -0.05842419519063275 -0.02838887254048451 -0.001203795050662157 0.004605489726880345
21.46847766764806 19.8142625592317 -30.69998286698477 -0.3173049661216034 0.7546636434703258 -0.01284382129300222 0.1013207166110447 -0.06038400146664698 -0.04862132810853119 -0.002293899721887808 0.006492847046835866
21.46053180664815 19.19398126083518 -30.35701468279864 -0.3106666624054642 0.7028432842028874 -0.02443194223507179 0.07845517513972261 -0.03719199458937504 -0.05801881833250642 -0.01181425714111868 0.01319162390486304
21.0583949867462 18.66768769901274 -30.03802127202773 -0.331066123849872 0.6451865922793143 -0.02556868234069363 0.04733849184306144 -0.01906073951334546 -0.06739179046881036 -0.02626139055876359 0.02517975022837282
21.97261578690426 18.61360635532653 -30.14871360323043 -0.2707643614297584 0.6743606255024565 -0.03051725204150547 0.06424306644807128 -0.02401936467052464 -0.06565872908499182 -0.02419690936796796 0.01870325606066437
21.58838901607555 17.97519856956677 -29.8151569349123 -0.2889923095759849 0.608863154450425 -0.02452735411347742 0.03503826480606673 -0.01074884591482034 -0.07661680899734383 -0.04311977110699149 0.03427025094767291
22.23648431424584 17.93143900658217 -29.91177323823159 -0.2452998033757279 0.6308103426161037 -0.02578096195462299 0.0372057614273612 -0.01060449952611847 -0.07516492643415068 -0.04382102971028019 0.02899046117751209
22.08155469184754 17.37040468517342 -29.65718741752412 -0.2493285272613571 0.5801559923730891 -0.02170523328699131 0.02801769955620025 -0.007096551004283028 -0.07795361942255873 -0.05086464298318089 0.03760858053929918
22.83149802491806 17.50109449554676 -29.84316606446311 -0.2001912134331219 0.6209291512367037 -0.0239455510378319 0.02964096567292593 -0.006762576731886238 -0.06627185671308056 -0.0473836296296499 0.02697486405200212
22.58820500017121 16.89656882366224 -29.57606465571818 -0.2093839515981356 0.5639213555856539 -0.02066820811194251 0.02708314692603702 -0.006027786548796473 -0.07403078115174982 -0.04873349540450204 0.0348763469928332
21.90793990248556 16.65336518827856 -29.30454655155589 -0.2537262847302842 0.5143384844174714 -0.02089426015439888 0.0298557847491285 -0.007177542879181752 -0.07642054550799438 -0.04358900272969239 0.04115153068816144
22.68230876464341 16.28477132520476 -29.3605234681986 -0.1957477908789412 0.5196527428868335 -0.01809250109564749 0.02529597088087915 -0.005177568146912275 -0.07097950015949521 -0.04363600779726767 0.03483903962022265
22.11324265305094 15.9544761502604 -29.06208123377533 -0.2322756197101565 0.4664706357634026 -0.01577768055833294 0.02545878261426072 -0.005926144044220872 -0.07209564273108615 -0.03563862787265884 0.03884244784814112
22.6951408252968 15.63808909054617 -29.11147503231473 -0.1874347593456376 0.4686960721823172 -0.01708812528668289 0.02723034665191084 -0.005669149598662654 -0.06671599219704293 -0.03484266990323856 0.03373932019544197
22.18570715982057 15.44278333894927 -28.86447257335907 -0.2219708456842155 0.4278519132413942 -0.01747909894642453 0.03572315881331006 -0.009195149631769737 -0.06434521826571309 -0.02310758526730985 0.03254112336200003
22.57925698027596 15.06269446211244 -28.8426851654685 -0.1894113587126663 0.4165909289600968 -0.01929888932946588 0.04504058481809262 -0.01113642444497678 -0.05894097988337207 -0.01846125197366373 0.02747649067107102
21.88238844000738 14.97458676599823 -28.54716447621949 -0.2396636648477223 0.3734382133057413 -0.01770202391771394 0.05791183010172569 -0.0172096914980909 -0.0541802699675546 -0.009016130055368715 0.02539033561064978
22.39440224833354 14.4958975436257 -28.55848875590883 -0.1966784669723776 0.3615205964166998 -0.01514159343323387 0.06057340977563225 -0.01639298447303841 -0.05008540735145 -0.006741256557470977 0.02135254747364032
21.86245589494036 14.39351185506676 -28.30826519808043 -0.2353730185972633 0.3248157165424868 -0.01307613262472568 0.07013219832914583 -0.02042135457729842 -0.04882935498857774 -0.002864551899189498 0.02142863727457275
22.16268410589962 13.92482775238394 -28.2698899313519 -0.2074408538897446 0.3038299423731817 -0.008443368343067767 0.06637537542613518 -0.01801830971134501 -0.04634243763942699 -0.0007727389158633811 0.01886944117984825
21.55007336100872 13.97819226922775 -28.02800244164253 -0.2546963641133748 0.2742399437302866 -0.008793868489500206 0.07418833061721808 -0.02072181413608305 -0.04803263618868434 0.0002472549174715271 0.02126918582113677
21.81326465940973 13.27157119493528 -27.93331921807121 -0.2260135412969436 0.2338355368209305 -0.002183557732380441 0.06489453682537015 -0.01647685104941792 -0.04926701851417541 0.003434450492887825 0.02005568007032823
22.55683866180572 13.39253102642544 -28.26458124310906 -0.170816702176809 0.2840063445485654 -0.003159706461088813 0.05696528682413656 -0.01466639482852 -0.04182947612181686 0.001663820935432563 0.01547407562870622
22.82986671806929 14.00240380572809 -28.55004337191875 -0.1583417927502606 0.3455409033054392 -0.01035860430878937 0.05548240658505744 -0.01404690028893477 -0.04537937522957507 -0.004003148566013295 0.01765248348908946
23.26691234642317 13.46636966264815 -28.54332784568954 -0.1185333715933661 0.3274137690759037 -0.005641114301830187 0.04658018420561788 -0.01112682249233008 -0.04315495092977558 -0.001591693922661166 0.01521554018543204
23.54881790116464 14.10812301570146 -28.82814918498992 -0.1066477404337183 0.3908052351927528 -0.01127298360813291 0.04259538072984726 -0.009691254535565677 -0.0519652300151814 -0.009365862228634451 0.01928137559242316
23.06334978492764 14.60913410024777 -28.83680497110818 -0.148744496969161 0.4050004163399607 -0.01629696818004017 0.04611672999759439 -0.01076679593041707 -0.05326399474564068 -0.01361114197454773 0.02232235752081182
23.77264490280416 14.75401954592688 -29.10273676029481 -0.09918190946987479 0.451447587702183 -0.01353791835092106 0.03075644629734391 -0.006205849201924754 -0.06048443072250498 -0.02180045260256339 0.02390145652406075
23.25003542645792 15.22858814498341 -29.11743251487828 -0.1429116524304015 0.462868732987626 -0.01704420582506429 0.03105022590515838 -0.006302864661980538 -0.0619096115912953 -0.02831172956305377 0.02794198721663688
24.02523802615396 15.43536899183525 -29.38705886166359 -0.09049984439166064 0.5154267937544138 -0.01182692376376552 0.01983198574234225 -0.003610330675908177 -0.06839400541824964 -0.0359213615137895 0.02672850972824968
23.34310437463866 15.89515854174546 -29.3819041387013 -0.1446756858164371 0.5192457495726058 -0.01498043188065491 0.02103623897113382 -0.003711678376923335 -0.0659322822429193 -0.04156152937074111 0.03055108431066547
23.95053515990421 16.10020702193263 -29.58309228807603 -0.1049303194712801 0.5623120399464139 -0.01055845327407204 0.01471310891380278 -0.002520398434719875 -0.0644953670454663 -0.04194736109720587 0.02531156423328302
23.42619170627711 16.73419989247419 -29.68084892840204 -0.1498549991309543 0.5871008733058928 -0.01871584593893919 0.02315725290631692 -0.00421772712408819 -0.06030057684478743 -0.04411338465412239 0.02537658272290247
24.34932025994738 16.56471592058146 -29.78378944601134 -0.08403965507984021 0.6140548332771172 -0.007529083936718416 0.01171957241083171 -0.00213369265223044 -0.04563949837015657 -0.02671493963416038 0.01431131354985499
24.12401255003576 17.24803121886193 -29.94185634909643 -0.1094429138270669 0.6543977494735805 -0.01540646159818129 0.0194945920667205 -0.003549714606244989 -0.0254349084829039 -0.01850608808152761 0.008759381061292423
23.50888526215756 17.46999491701745 -29.92711462488537 -0.1541616541681566 0.6456576610834005 -0.02300453513234928 0.02591213072050255 -0.005041193573611978 -0.03997929519453523 -0.03250927477647399 0.01533774137086307
23.89744504717055 17.97384360368203 -30.12346991626924 -0.1352014661496386 0.6979384432035065 -0.02662936191087414 0.03509490055122801 -0.007558715927424282 -0.00187505376369643 -0.001293622537197273 0.0005995636065129482
23.25860630957501 17.94045185457356 -30.04318322820756 -0.1773314895051304 0.6706836847147245 -0.02983171757665442 0.03911241800921213 -0.009308011422829424 -0.03596040647149276 -0.02455711606856732 0.01206192127669252
22.71760054821354 18.23860865503 -30.08633588979455 -0.2171411050665026 0.6726475778053479 -0.03272635085869355 0.05319558920414042 -0.01573052477622828 -0.05264643720819644 -0.02774736035046713 0.01569487326996273
23.34428767172912 18.55397431432591 -30.25189936831049 -0.1799998165490685 0.7192053349065279 -0.03710773196036162 0.07588474507359733 -0.02322794832697617 -0.0005592207955053077 -0.0002341309010216021 0.0001284853748761439
22.6812322561987 18.92139889277041 -30.34125038421323 -0.2282701086769631 0.7232712869867725 -0.03703171888453405 0.09797574401944169 -0.03844024352713432 -0.03581923389199938 -0.01079246098483723 0.006999133737739057
22.10048295607405 19.37755975910693 -30.5139024595485 -0.2716428363227752 0.7395628771719356 -0.02389032700245438 0.1065175882299281 -0.05307486884068349 -0.05255920602248557 -0.007786457452253335 0.008031333086796658
22.79085986004566 19.56668227811461 -30.64287449045606 -0.2296181845599235 0.7769110127550374 -0.02945977760347223 0.1365679587424888 -0.07036470311341309 -0.008538092567363906 -0.001327421839167393 0.0009983274869203307
22.27525941968776 20.11430657788773 -30.95453420899554 -0.2699115070701706 0.8061723641411154 -0.002270313966285 0.1298030565655801 -0.08787824660707667 -0.0454869772171945 0.0005119413192639511 0.001931322872676584
23.05194437566571 20.10356147420833 -30.95951850150016 -0.2202903978184434 0.8280059657703012 -0.01271404209389085 0.1708453760275093 -0.1132620683542311 -0.03984078022146013 -0.001721100470128902 0.001876138259494045
22.87928182790477 20.59132995596261 -31.33660546682884 -0.2385313084740255 0.8660455251701115 0.01861180682683988 0.1208010794596348 -0.1051338260986603 -0.007592083683733106 0.0007662275207044182 -0.0004636118091653016
23.37670064335815 20.44827532650409 -31.21886209550856 -0.2048139421548904 0.8665417001054219 -0.01300828989445114 0.1576145143151683 -0.1298502814517902 -0.09460971898839832 -0.002354624053506618 0.006619837209706217
23.55521586199857 20.86527639620365 -31.62353679521268 -0.2004130693106075 0.9104559681936478 -0.03872036658665268 0.08413450655701646 -0.07949101263757197 -0.04987577552735849 -0.01018392252910827 0.01351585518617103
22.19649870227701 20.7848226973655 -31.47347068129296 -0.2843044574141011 0.8648207590888042 0.01841782671218031 0.09956449642024441 -0.08950900168961198 -0.0503196555743759 0.00731286048225811 -0.002219636254763149
23.87821410911977 20.44741348759787 -31.27014998289587 -0.1732311497667191 0.882386428303085 -0.05385561262414053 0.1442314285847076 -0.1101630689871437 -0.09546744062479698 -0.0156331017768442 0.02620363543393763
23.55353110749864 20.14890699580281 -31.00364260470148 -0.1890892783891283 0.8466265247293444 -0.0158027641316183 0.1867087457811021 -0.124188543211407 -0.1167541340750331 -0.002395606778698769 0.01125512280761779
24.01489239240142 19.9966843558535 -30.9640503383514 -0.157565617603329 0.8503596328493896 0.01547847889750566 0.160818689068469 -0.1049496959496066 -0.09637829323269663 0.01301868357699674 0.005734730747184901
23.48631131272289 19.66012319046754 -30.72014171348886 -0.1862581145412929 0.8065068945000733 -0.01307747490298075 0.153248360657543 -0.07920267325326662 -0.07687396330969977 -0.00298722924092816 0.00691301592869105
24.1183417331276 19.4800003079629 -30.68843216929249 -0.1430411333290923 0.8149320597656097 0.03062120123222664 0.1536305384988064 -0.07932247074905309 -0.08892593552678407 0.01884178061560706 0.002164001374408352
23.7329712952213 19.06750454407397 -30.46779780434955 -0.1618471606448076 0.7707627678018336 -0.0180329802451651 0.1208508500853177 -0.04737007384510319 -0.06154088412467659 -0.00605081573074102 0.007990684670628844
24.33471617999496 18.92797450683513 -30.48186756995331 -0.1205662953387829 0.7831616499862072 0.03545639131869113 0.1148499876290676 -0.04941581768234947 -0.06784240683529279 0.0215277183720198 0.001356069111014134
23.95409070008722 18.57448919363522 -30.31049648100834 -0.1402151560578918 0.7432528548345485 -0.01402526125412351 0.08075924530863696 -0.02546017434260373 -0.0508370911240881 -0.006457772719664408 0.00752071178396479
24.48123355441802 18.33663468118607 -30.2999567362019 -0.1018065499986327 0.7469217990898815 0.03590374139209191 0.06771278695147268 -0.02669547916649271 -0.03321591673712045 0.0172206258624379 -0.0009933934607863106
24.61607863422523 17.72306848127384 -30.13614017184521 -0.08332317385133928 0.7088198318002001 0.01209511690830031 0.03331986705930229 -0.01111268796063055 -0.01445290350029798 0.005348085513473782 0.0003048714084515516
25.04302990049679 18.09180856374763 -30.30228891578075 -0.06044929669522522 0.7526512445277455 0.04297217634793539 0.07328500226307993 -0.03004457830545709 -0.005461267037162111 0.003130419436579529 -0.0001753971933438479
25.05200284438385 18.71628643983531 -30.52410461832526 -0.06996836616782233 0.7972699745427475 0.05765791162448938 0.1044854838963715 -0.05144914566055766 -0.02281382548096415 0.01233643566605022 -0.000513498969420118
24.69954986474303 19.34268287816824 -30.71690260636761 -0.1033123771473793 0.8272859132208039 0.04461406379545804 0.1471471853223192 -0.0791571739890517 -0.07201666874990548 0.02331695482463833 0.00275487372526348
25.22819747610117 19.2817445317518 -30.80194841098474 -0.06775550675684983 0.8449984982321767 0.04467498100383536 0.1334765185650019 -0.07702221113650078 -0.04166207908042026 0.01531884474927606 0.002381825597657089
25.74372696423808 18.93797046493358 -30.76857728232569 -0.0276971610310923 0.8433264184907515 0.05205872026159432 0.1080948068311191 -0.06339931196707184 -0.0009844276605894806 0.0004812692570004641 1.221879457020377e-05
25.65193555931467 19.57856583594561 -31.08100601227413 -0.04484675441555763 0.8859891233220273 0.01537776803260882 0.1074913081965946 -0.06813257359493718 -0.02526337145855717 0.005939636350959577 0.003668803369317381
25.01187635971475 19.766329739702 -31.01915034764157 -0.08992369126343443 0.8715835944792484 0.005818980290733234 0.1330484231497105 -0.0835883998910998 -0.06466830485905083 0.009251338119778754 0.01022357598141339
25.42345052315805 20.16033519797313 -31.39592314504121 -0.06989449126394531 0.9196448642533585 -0.03560748758939503 0.08452406149309881 -0.0493884452832808 -0.03627511575410856 -0.006652575428664075 0.01476788822193023
24.61272779358508 20.33655155374684 -31.32342996941556 -0.1249786051840788 0.8998922896719241 -0.05548124216110829 0.11131776675063 -0.0723590653694732 -0.05581589522416867 -0.01346318579632244 0.02208490967947074
24.48491310147341 19.80142805355571 -30.91911443413304 -0.1245075546156041 0.8526415202176975 0.02562652105081123 0.1506776403677547 -0.09601170029359941 -0.08529164516991393 0.01806126208696927 0.005579530528933981
25.18593908600807 20.62765409298925 -31.6788647112616 -0.09351453678850394 0.9451758023983103 -0.08187503426537568 0.07813977987177084 -0.04170761067141271 -0.01900622850214442 -0.0122808625778015 0.01430222690298148
24.19169191641536 20.78087163727403 -31.60823979866458 -0.1590145260924582 0.9215238801706026 -0.09421010497563986 0.09892768417520828 -0.0751491775609303 -0.0261960265318191 -0.01302575862344069 0.01569308291243646
26.22911888389212 19.27957523810412 -31.07257514562954 -0.001184593465608798 0.8909767033942949 0.02752518756143081 0.09015724849996189 -0.05900759964736608 -0.00856550130551355 0.003045336554740778 0.000657409126479741
27.00144505413703 19.19267770340463 -31.24166485038035 0.05254156950621534 0.9225865889980144 0.01320825150491916 0.06663305332526728 -0.04332508130939667 -0.007180477347184857 0.001947130279577589 0.0008055769076138833
26.45766346431665 18.67004403635162 -30.81186086550791 0.02503100264566209 0.8569865602885456 0.04770100503278939 0.08569049943636729 -0.05346396158324297 -0.01364063362131437 0.007310444124045491 -0.0004533207830456465
27.22214680683303 18.41703823761446 -30.86237640959698 0.08169672283346323 0.8749710109461298 0.03859856971396258 0.06498908683817281 -0.04330558695013444 -0.009884749800861785 0.005549536095130073 -0.0004821068727159669
26.68891723783636 18.09876153627443 -30.58711597316259 0.05082122704172288 0.825814763292486 0.05883424733941309 0.09149022244297114 -0.05254925433155833 -0.0009272351822179378 0.0005549805950711335 -7.189228478845663e-05
27.25752935684245 17.76872574379408 -30.55259574667251 0.09568164371227299 0.8284515194782286 0.06499008355883013 0.08875637131849501 -0.05300216343317782 -0.01407685166117236 0.009498465204892788 -0.001354783585657015
27.90275348426109 17.97615083208358 -30.8058995885015 0.1368092468987522 0.8760811505086598 0.04694620670666934 0.04619987464985472 -0.03580626795240014 -0.02467662277574362 0.02158603006515082 -0.004502059546359268
28.59578618178918 18.05684139726938 -31.048672480896 0.1841870121905906 0.9191727710002296 0.04889844073603224 -0.02577952955496385 -0.001671408213332874 -0.002561559482263905 -0.005079818223376817 0.003409735241589741
28.48208888047742 17.45842486959194 -30.7062537260297 0.1870918964652065 0.8675408985375177 0.07066741532569937 0.03401400836877976 -0.03766430847275487 0.01654965482159133 -0.0257194986681861 0.007824332897205069
27.83701048137894 17.35070837351715 -30.48864529533919 0.1433616897366933 0.8258398337966166 0.08391154685118495 0.08431247934470328 -0.05536094521272069 -0.01700133747952811 0.0150074332517586 -0.002913509149284854
28.31084901698992 16.98999802857358 -30.43491763140963 0.1830411560837923 0.8227375375893861 0.1025515767484326 0.08102071339294439 -0.06023367097399799 0.02144855225861618 -0.02336699552440747 0.005086394385413905
27.81860771288334 16.68536874314218 -30.22146521292762 0.153628979715307 0.7759624787581297 0.08751662462691705 0.09843376151387812 -0.04879908054938899 -0.01666166610106794 0.01369852702439058 -0.002249534917052635
28.43349132787573 16.56831862203332 -30.28579997865335 0.1989581887837277 0.7973156089448815 0.1134342133377363 0.1018577903472568 -0.06578199423783129 -0.01740339217385975 0.01742460443847589 -0.003029832056339775
28.97035633519884 16.82097188516207 -30.5499797016946 0.233344100044069 0.8455260227160019 0.08431248210893694 0.05369167946133301 -0.05166550290006598 0.008441013253447011 -0.01087277781500335 0.002475637909931868
28.85639239680724 16.10136464897009 -30.20426487524516 0.2369495413691629 0.7838285554754347 0.1142117116100308 0.1081669216748517 -0.06686058767549755 -0.005348907585255792 0.005147122815184343 -0.0008100356583449755
29.57009319051161 16.24157944191502 -30.46180674847462 0.286512215270243 0.8331699248365472 0.09264291617299729 0.0620233964765192 -0.06064932278313723 0.008729249895703194 -0.0106671057637707 0.00242530385414889
29.40804482523156 15.80252498649964 -30.20439038812185 0.2812640117579663 0.7888407414143767 0.1286675424528323 0.1241767950368364 -0.08386221811922258 -0.03212075287468148 0.03026745113829583 -0.004464266104912127
29.06585694996092 15.44312567831816 -30.00935658999456 0.2625242066322265 0.7444078083133908 0.1033516106419179 0.116156183351394 -0.05393735481409707 -0.02923798308405031 0.0247265608743962 -0.002774509532359717
29.67689643096508 15.39711233235983 -30.11831908055636 0.3069018174843106 0.7713228547654579 0.1241091120054394 0.1344154754780309 -0.07972494946451766 -0.0473426106059858 0.04197181065945046 -0.002934946681507926
29.86788961848017 15.79331367502656 -30.3383441635109 0.3149694193655057 0.8131221872977628 0.09771339981652266 0.1004316375821188 -0.07918955171828412 -0.04058022221648765 0.03681125717454586 -0.003387020544591647
30.23340479085487 15.44290603316965 -30.30879316095615 0.3469300361997941 0.805044071404602 0.07763385776627413 0.119118413888791 -0.07822408251138739 -0.03525096423850922 0.02414248708415482 0.001778818242559103
30.0232087124099 15.03704597582786 -30.0854739316676 0.3373703723362211 0.7612971732678298 0.1096823665856496 0.1224046070867954 -0.07037153519045583 -0.04109076644427745 0.03641073318229474 -0.0007118079685209273
30.59103013840042 14.95795353367506 -30.23815568066996 0.3801105973796105 0.7853397257923569 0.0695205029660578 0.1200527544705837 -0.06730596367901007 -0.0146962375639784 0.009355550490767342 0.001507589718686912
30.78682954828492 15.40021085731354 -30.49507479338716 0.3889087416764138 0.8331180956014463 0.03743734970757583 0.1016618059594604 -0.06176844792948544 -0.006012349796063602 0.002807972527973468 0.000977475044666089
30.91234352867618 14.36395793730796 -30.14200583463813 0.4119671845226514 0.7547188742406024 0.07008311584321321 0.0835905517513453 -0.04824947231858766 -0.01281121447174428 0.01089369576654014 0.0002644632408956992
30.15294699201311 14.53843155404928 -29.9749898909122 0.3543411631307651 0.729678712886402 0.1026090892212677 0.09310500205398883 -0.05165865899112877 0.01690110055432981 -0.01822842074062761 0.000717196012116798
30.2770714430061 13.80025867156034 -29.82264960080148 0.3745401813292024 0.6797213881512869 0.08667854609156599 0.07157930910229683 -0.0347896158920014 0.009236389472245093 -0.01085121402650345 0.0006862509699875786
31.18026476268501 13.68426147852237 -29.99663737861027 0.4404121562572405 0.7132593855861367 0.07642526658627256 0.06861503611164176 -0.04074890186812791 0.01078108770886902 -0.01145268582561269 0.0009355111179183959
31.81433009497442 13.55076369668435 -30.1191236458978 0.4872258051375257 0.7321924122099275 0.08147181220537339 0.04636575031021984 -0.04020558690928324 0.01106127291479105 -0.01702480921375468 0.002781053708641247
31.50917826887468 13.06952239513915 -29.88320401455203 0.471754362849913 0.6791083558631207 0.09475561849878265 0.06653850943840994 -0.04173933929498219 0.002593963943108939 -0.003425618353032901 0.0004278246608303481
32.19364637018676 13.079396796293 -30.07275695481933 0.5196946128224048 0.7108350612291336 0.09451793578204182 0.03850101235219739 -0.04304962987484121 0.006828211002374441 -0.01384904327601005 0.00260597415399482
32.350896366219 13.65656299555878 -30.33453056792605 0.5246238016769196 0.7671045710316671 0.06890615734230907 0.01067560658218714 -0.02830800103297187 0.00643738501940289 -0.02391820218787875 0.006649503371493846
32.59654387893939 12.5020648978942 -30.00359072441456 0.5546250188187112 0.681358214063727 0.09966024072058186 0.03887795986857798 -0.04692293735468506 0.006411444876556083 -0.01341138444647453 0.002505360493176265
31.92535712242025 12.53984366058691 -29.82078066420898 0.5076799354795816 0.6552196436205303 0.1158415939060924 0.06199659393440694 -0.04668533994773293 0.005407697441912594 -0.009020316639810354 0.001439582173551677
32.29041898370863 12.09546294621472 -29.77487550093428 0.5385901399828593 0.6355007293688285 0.1277171501132897 0.06190089707605179 -0.05215428898293151 0.00997080915031023 -0.01818413628385657 0.002834454909846611
31.74608681951052 11.9757363400649 -29.62699386651718 0.5033111262006451 0.6041094571335487 0.1073346527646692 0.05933578856795999 -0.03411012723727108 0.005764119642243163 -0.00959849886416379 0.001441075865194713
32.2806774868497 11.59481207734657 -29.63302541852611 0.5450037656965656 0.5966278342569044 0.1257647985741859 0.05625963194710309 -0.04349815538428861 0.007486701823179934 -0.01492560790239447 0.002341578365838418
31.69735592061988 11.35499216991537 -29.47234012768013 0.5094585763569798 0.5558545027480064 0.08722579439984576 0.03278381849885427 -0.02009980669725991 0.001102366488648922 -0.002653023812245867 0.0004566482502349188
31.06126500990694 11.7530539954587 -29.48313842323348 0.4602293808419253 0.5600384621903564 0.05813342512539426 0.03494227182617608 -0.01427608910074878 0.004417045639532388 -0.006942038433636477 0.000995188380028591
31.07703424927389 11.04398635844848 -29.33538075847814 0.4726794246926536 0.5090309449767232 0.04451460969382438 0.01068346344219997 -0.006580928722503673 0.005810412741863574 -0.02164737508478086 0.004160402912830518
31.71865216684381 10.70390819836993 -29.3278653679712 0.5213592150065959 0.5092850086392787 0.0738679391038525 0.007483143953018259 -0.01135424072358648 0.002686474136749769 -0.01997977765980468 0.004309645774749221
32.2908393493589 11.00231260109387 -29.48466616471678 0.5547197299946417 0.5528828072351766 0.1118466745617616 0.03268594724382406 -0.0295191036073361 0.002228473749092179 -0.006563442466752459 0.00117601958513974
32.36261963971323 10.32861329974739 -29.33668438754353 0.570489621533295 0.5068209857479324 0.09671578113309962 0.008364726451949824 -0.02016967940912626 0.003272731848234313 -0.02456626677546675 0.005505031258380408
32.91257262543532 10.69640549732344 -29.54872137482726 0.6009247797807716 0.5544052921646995 0.1173846910946331 0.03364118588606575 -0.04010911048788657 0.001654704782829982 -0.004788481255935922 0.0008264162764825738
32.7446900501966 11.26103440803971 -29.65375016119771 0.5810203541178565 0.589724541723883 0.1276313651124043 0.05360662298999818 -0.05011196279668787 0.008587659590656545 -0.01790152005470621 0.002722197905299665
32.89263023025525 11.80338045073899 -29.86895013968929 0.5835329384758053 0.6377198182433595 0.1062594962525479 0.04755378658310064 -0.05094870856970073 0.00933531621908382 -0.01795004501691756 0.002715935158930228
33.31635022301688 11.13716514338398 -29.80011726172701 0.6210974637456018 0.6030772703811549 0.09856489365007223 0.0450852377615161 -0.04874206449333976 0.009175269614333582 -0.01760726348255664 0.002267688380780555
33.68938823795121 11.61757359340507 -30.10894877164159 0.6399166044720411 0.6558356431366656 0.06155868209286705 0.02887999584526304 -0.03567187038606849 0.008212599383567684 -0.01508599117565573 0.001958782406929678
33.30019857747826 12.32172305662223 -30.2040125213711 0.6055102970514811 0.6973410843509734 0.06653126098898832 0.02403006074619159 -0.03570256651829752 0.005694300356510238 -0.0124205795268783 0.002251426451196084
34.09259215330003 10.82989821669073 -30.00472691051824 0.6771432537755331 0.6102243469211917 0.06145224498238644 0.02761130825125294 -0.03497947370609875 0.00796440012811174 -0.01537012260708403 0.001859406896547556
33.52001745367383 10.53003346270258 -29.68753802902408 0.6438037595696943 0.5656021944056646 0.09450827067036192 0.03327099454817593 -0.04211630051313524 0.001887971671306608 -0.004510683440146673 0.0006732313436530346
33.19712188761848 9.834318542746477 -29.39815570773983 0.6341670014320711 0.5032252456719012 0.09549088161964106 0.008666915117134884 -0.02857618096365287 0.002626882192915225 -0.01618036177727484 0.003870687778920647
34.03524780172784 10.08115225598273 -29.74051386070335 0.6851470913629238 0.5527160922328567 0.08267978945084904 0.01779522321068665 -0.03659146779736457 0.001924183344330668 -0.006403524700978319 0.001233591465502419
34.06487504901499 9.345340240950986 -29.52629369922239 0.7001808666421943 0.5018018910927068 0.09118160908356851 -0.001843711926933571 -0.03278807881549539 0.0004206666338518079 -0.005282198336908353 0.001466871935596088
33.50597970248401 8.903797899931014 -29.20668266596761 0.6712389455380092 0.4496908175268306 0.09216844971767058 -0.008350790837248235 -0.02519763458649557 -1.780247940556e-06 -0.0002115480258340335 6.359766102162334e-05
34.22591821393712 8.598373684891696 -29.35882019911458 0.7251678088051015 0.4568263627757418 0.1005487122476001 -0.01948420617982019 -0.03286675915126945 -0.001259040651651583 -0.01447318279082108 0.004728289779603506
33.73871710523308 8.018956409173184 -29.01885959260412 0.7035413317793192 0.3986214345168569 0.0986626527500421 -0.01810741636715556 -0.02750468485240094 -0.0006310510497700239 -0.006781803041527865 0.002201070876719861
34.52074432975185 7.921318661578372 -29.28776080696556 0.7590401085410056 0.4237386455760468 0.1052992697426451 -0.02991799210561622 -0.03787956548486152 -0.0007368388181213793 -0.004601241576958472 0.001585850284720639
34.77266483333079 8.375955784459498 -29.52470497469956 0.7668595501788492 0.4639710391137594 0.1008663036398533 -0.03055424001934934 -0.0388643595547699 -0.003247579544895417 -0.01968030785735893 0.007043612929544249
34.70530640342139 8.946029859679127 -29.66279214676801 0.7504793308390135 0.4993217563421474 0.09202029466297512 -0.02432898106139503 -0.03423666991046988 -0.002342121711119275 -0.01799175341685571 0.006490067483995415
35.22874002290155 8.493907317947084 -29.791402493925 0.7958106891918246 0.4907786961997516 0.06751406971711729 -0.03793904534986046 -0.02532089456414528 -0.004582448906176536 -0.01198020539339905 0.005731937330507905
35.21947665682899 9.166880843630739 -29.9790269773464 0.7802064708024385 0.5345523409388078 0.05972840313892876 -0.03682542789088381 -0.01933911293414043 -0.004951550138839259 -0.01106966069808618 0.005786036274764993
34.66302152165431 9.62701317427881 -29.85495863332325 0.734344128454359 0.5443518104651657 0.07420661942099679 -0.008959038286419327 -0.03004849618566253 8.181529832280281e-05 -0.01558552985570975 0.004848914717616113
34.61043764513131 10.24094620530885 -30.02870141465984 0.7200344555989466 0.5859822301872636 0.05813383670773642 0.007735070365472214 -0.02850243306862112 0.005461545335229467 -0.02253552996718211 0.005023664973654651
35.14464631579202 7.864857546382434 -29.57884281226641 0.8043028474191704 0.4466774416285366 0.07756016691348336 -0.03000060652581238 -0.0335832507588178 -0.001378517473420323 -0.006183151865790158 0.00233986463810824
34.93131722950547 7.279487268022708 -29.31213465475471 0.8017628558326227 0.3996412090443347 0.0898414590288881 -0.03070857261400844 -0.03849750581699581 -0.0007121541289512507 -0.003814410709888643 0.001380716520143318
34.27325172991921 7.321447504179645 -29.01359993744178 0.7538219926223908 0.3740032027353234 0.111095889152086 -0.02485105045781738 -0.03916966808757082 -0.001611457435064279 -0.0149039713823771 0.004885235377494386
34.6905067077783 6.718161288816487 -29.03888232380059 0.7955628373885943 0.3526826952325469 0.1052148565021662 -0.02354945486517526 -0.04602176566796357 -0.002839508333171584 -0.03096599458971626 0.009353700882321642
34.14572462071509 6.763224907231026 -28.8043028150724 0.7555899923785696 0.332164813223996 0.1202375294551549 -0.01283859084816794 -0.04423246438355164 -0.0004306666300005707 -0.04375362190015604 0.01152892033483736
34.40600166686561 6.194088458043563 -28.77740862825525 0.7850930584126007 0.3067775512737594 0.1197932354945591 -0.009761606656118063 -0.05048616843142109 0.000461908548137474 -0.03995396750692019 0.008821196943135174
33.74978730029302 6.368237153292075 -28.56752070797305 0.7356591406179375 0.2907116159264815 0.1090615800169384 -0.005084287552920253 -0.03489020060641893 0.001092029508164118 -0.04453199632748217 0.00990283610339693
34.04219691445294 5.650525957237083 -28.51436312633621 0.7695410669857363 0.257276449161167 0.1197112124337663 -0.005174833265929622 -0.04345145887162486 0.0008892490477013817 -0.03250785682581817 0.006321440699465155
33.21286351265265 5.771966909536774 -28.282153031842 0.7103598668424546 0.2317510996559237 0.08857817448419346 0.01114663209598156 -0.02580321357928177 0.00685242218266389 -0.04015687130341985 0.006176020544914428
33.70305506210258 5.019900554061645 -28.27547382256192 0.75763928864441 0.2043342493745963 0.1206487058414268 0.006241290897791144 -0.03900748528590377 0.004527456282615835 -0.04537832609362374 0.006742613775750131
32.9410830001672 4.930681324603272 -28.06301486096673 0.7080322052435196 0.1691765832470878 0.08443724098160577 0.03785863456721139 -0.02450676138729576 0.01717069327890821 -0.03690745565791314 0.00214553399459694
32.31617820939745 5.559524318565082 -28.04141831593243 0.6545103950283738 0.1836096518463644 0.05368782214648322 0.04612080716478822 -0.01817020159332665 0.03144287395411539 -0.03649639474622596 0.0002672639759782158
32.09933942976046 4.652208713997481 -27.87256291617945 0.6579690475869182 0.1200344709707288 0.05747190967728066 0.05879791127541754 -0.01577256115340602 -0.02258301044894655 0.02230727088320443 0.0008706384011357629
31.64972618771012 5.233249488629703 -27.87685213761329 0.6169098244946052 0.1376932490651125 0.04400088779961892 0.06446037151726969 -0.01538544583650839 -0.0268117025260787 0.01861148443200858 0.001297621571747489
31.26530868190782 4.687555171849488 -27.76712851535057 0.6027393888281597 0.08989009288459771 0.04715184083301762 0.06297674405605662 -0.01107268087057234 -0.01512858358034557 0.0114247126052496 0.0005554785437460045
31.56579582993791 4.163289825036494 -27.75307700920005 0.6329994721483616 0.07042559258126165 0.04754835126079968 0.06921016334069931 -0.01042174504421926 -0.02711885282284075 0.01886599816268317 0.001560398430903401
30.88135673995939 3.991079468903209 -27.68516026286936 0.5922063311384896 0.03382397028446858 0.03336118480306142 0.0620606986834982 -0.005243528590595254 -0.01589526893443099 0.008610933047098191 0.0007848754388801936
31.44138122117595 3.691036646205443 -27.71482404835769 0.6346746431260621 0.03802837110356836 0.04116007356140645 0.07097475728384435 -0.006164014217158613 -0.03085056114850476 0.01809052051415031 0.002297031747215661
32.10184977628732 3.796522347587543 -27.7949059278982 0.6752131569453761 0.06949233591160366 0.0488337911665853 0.07317851440407488 -0.0105198731394859 -0.03774847068141671 0.0256725680297381 0.003353600825003416
31.60751949594404 3.11666510788522 -27.72464233593744 0.6573973106874291 0.01131427525537922 0.03496230202117163 0.05225273525337897 -0.00323468413139048 -0.03231448640127401 0.02180304561555628 0.002930714920392373
32.38879958351558 3.153633325203899 -27.80707150962196 0.706732838978538 0.04311440675904395 0.08029465871085777 0.02778417262579273 -0.01133042145719139 0.02225949374259036 -0.0652585279493668 -0.002280211094545123
32.74689183041676 3.606699682360107 -27.87220033494684 0.7207340873902985 0.08281146733819261 0.09216052207073658 0.03342460263302182 -0.01771418808205526 0.02965526138027406 -0.0822470345394558 -0.0009049286482263092
32.78889224199651 4.185789135392159 -27.93003970002557 0.7122055148411385 0.1184862560827204 0.07648681406195251 0.06184011946850376 -0.02082687696064383 0.04233127908310155 -0.05306048007626217 -0.002087771240045977
33.3066741774355 3.741169228654864 -27.99735094369752 0.7547588045669401 0.1119462208986962 0.1196741838654858 0.001910828318121859 -0.0292930698056524 0.002791514361700338 -0.09464391020921324 0.005230723179110336
33.45810822583054 4.367268433208917 -28.09813932268152 0.7530147075976595 0.1549242717645908 0.1226801306687581 0.01687097635469699 -0.03491455483469342 0.01342023725476678 -0.08225967214058984 0.007406523657994614
33.82859352801906 3.899564745204855 -28.15235144112884 0.7866142552869397 0.1413855747859736 0.1360889356131785 0.01356613105713468 -0.04537583980213604 0.01103381023626417 -0.0967470523862687 0.004167334413466614
34.09158168285342 4.389877265291768 -28.30324574380309 0.7958189304882627 0.1812830033354199 0.1346100316671502 -0.0007145439762651649 -0.05078321271669483 0.003386198106238954 -0.08129989590230181 0.01011965485655653
34.3991888710693 4.963508250652316 -28.52342371652186 0.8074373966288793 0.2292463508033651 0.1234486535139302 -0.01278676357547485 -0.05129548839566397 -0.001155892355325851 -0.04663116007590851 0.008842264270303398
34.71197048454125 4.29110167740094 -28.5619114194789 0.8421338483521882 0.2011169587171528 0.1113274730891628 0.001622761587453278 -0.054694233056661 0.004477760940145036 -0.06967721286309113 0.007046964267866836
35.04976782412105 4.843770231086031 -28.82587453067538 0.8580759352951858 0.2502357016120639 0.0878290216147397 -0.01644421012470252 -0.04528589011769756 -0.003506526097801349 -0.04535417156006668 0.009668326482954445
34.72576579206297 5.530047092039662 -28.78507402063552 0.8210869759597218 0.2787503738896541 0.1076591503855943 -0.01194120680874688 -0.05066884782808838 -0.0004377305334921141 -0.03466064057726553 0.007238455099029532
35.36747796928153 5.397422130246182 -29.11159898126999 0.8729965065135092 0.299755682456766 0.06166124364107761 -0.0166146170192272 -0.03296135175910524 -0.004707386764695593 -0.03769557855388204 0.01019479665870922
35.03955811491191 6.073499270247543 -29.06776720783979 0.8344725365586813 0.3272810862957384 0.08379601410008139 -0.01269538943208748 -0.04300431299061775 -0.0009354997611681262 -0.03417829967269516 0.008266977160443164
35.31432721324646 6.618468880555761 -29.35519999565672 0.8445388469750168 0.3747862245369463 0.0641661534627815 -0.02294575106150614 -0.03157576142160783 -0.00303293567553306 -0.01648441745595424 0.005815711643096223
35.31836229737614 4.142697367913595 -28.87330758671014 0.8910646136186515 0.218786639442094 0.07278478140752136 -0.002489551093007918 -0.0422891009482974 0.001741913795806914 -0.05720387798847475 0.006365630524001221
34.9727148502779 3.603315384929766 -28.62178509608477 0.8734713264545222 0.170456462772054 0.1039262980312755 0.02751554119110333 -0.05618682138119235 0.01357264352583957 -0.05649656816815666 -0.002562505742608568
34.35793729807524 3.74854285778926 -28.34245353411502 0.8261720267093142 0.1535975408202901 0.124519092326713 0.0305101029096416 -0.05428937327048191 0.01729740388241022 -0.07384862099483508 -0.001828571399169772
34.59726411552316 3.04298377283943 -28.41080133902254 0.8559962028227678 0.1214609533736566 0.1237041570636908 0.03216959032969459 -0.05507784231479371 0.009547240241799291 -0.04126620578901096 -0.002659574561033239
35.27833621769278 2.836900183475084 -28.74553157802085 0.9094864641193494 0.1371752994447357 0.08623828585745601 0.03166327604120887 -0.04904154943988123 0.0114049027447647 -0.03837736711774445 -0.004722809706254922
35.48392426896927 3.50874965231123 -28.90287720874282 0.9144838539928725 0.1870284776424675 0.06487006349266107 0.02716269419689458 -0.0412470618241538 0.01576873596931172 -0.04614481573675096 -0.005588243256788242
34.82159407087983 2.432761848172659 -28.49250322192348 0.8825165155134738 0.09425750060339345 0.1223116048120044 0.03010613207688923 -0.05734930290367556 0.01101088800495937 -0.05299772188650983 -0.004338274747917347
34.20023645145115 2.376992077017829 -28.24648209570934 0.8407541863590798 0.06700602672697729 0.1255196677408518 0.03277975422945216 -0.04309171474656839 0.011730296963717 -0.0505927270541281 -0.004317168215256693
34.68985074050681 1.951151192729297 -28.4353733898026 0.8817626639704683 0.06090472672422665 0.1310677999414161 0.04428894312340771 -0.05511464716170267 0.01763574133396208 -0.06411691573157599 -0.009583525329593567
35.24763914037194 1.925077620152934 -28.71313385883854 0.9219404031086073 0.08122988625398313 0.08441556261060264 0.05922174458923186 -0.04330375021251928 0.01829483049325296 -0.03339450460662409 -0.01000634844366408
34.29365377984158 1.702502371721335 -28.29351958251266 0.8596513341733077 0.03163448830091459 0.1251278130811099 0.02129774418109551 -0.04224904705867186 0.008506852072987101 -0.06299995950153138 -0.006563774666929213
33.39804198801904 2.511628285241706 -28.00775079199526 0.7850281099756304 0.04442315433575794 0.105336264859854 0.02353327412172324 -0.02589435341790361 0.008510089049654826 -0.04137649788026931 -0.002985340913917008
32.87080077072323 1.974498222539951 -27.9125615553817 0.7618911474195608 -0.005844963133356395 0.09518693047230868 0.01389268898854971 -0.016861261985343 0.005739891260283059 -0.04315474951823615 -0.003153552988540625
32.67159837863824 2.592940121427615 -27.85365491493472 0.7363705707120922 0.02172708432259271 0.09889767875322741 0.007787144200105179 -0.01641621367584683 0.003699268737015782 -0.05086507940187532 -0.001842362524889506
32.15415329994703 2.099773502941716 -27.80142493027789 0.7136690902505634 -0.02566119507588865 0.07073155267307783 -0.0004101851556292262 -0.008383669582339328 -0.0004874922163194908 -0.04266272169085429 -0.002025540972626174
31.55889909405512 1.582718958647279 -27.7731463666045 0.6871562726421644 -0.07715927910581549 0.03997414737905482 -0.023521970576305 -0.005063478132366601 -0.0149719223957867 -0.02537524816006842 -0.0003187516104918944
31.38086431833122 2.307354514116295 -27.72270695281251 0.6601505302350232 -0.04337056603951444 -0.01674593848067284 0.03671241183136954 0.002609599358806821 -0.03286654716399102 -0.01513318234275867 0.001990514593249663
30.9044540106481 1.714652767998686 -27.71556353313868 0.6428850013555523 -0.0949463137964319 -0.01810939643314222 0.03087121987867678 0.00290596673897784 -0.01836492182701524 -0.01083215413920166 0.0006277299521223603
30.81700716852804 1.017900916359587 -27.75687625117864 0.6529462835341163 -0.1368823043294116 0.02553110500788288 -0.02076441050056618 -0.003348252358101934 -0.01061152900307123 -0.01301294592544446 -0.0002144134244452477
30.22683004849424 1.508120920620346 -27.6882027898603 0.6045741064669867 -0.1328660184827769 -0.01048928037142245 0.02845406064119158 0.002211141299326365 -0.01191977445139884 -0.004425223681267311 0.000400574487503909
30.52986269836379 2.158605543428957 -27.67318950303659 0.6092540418101129 -0.08473805251414587 -0.006207446236626185 0.03075548857273483 0.001531301690321472 -0.01724723683461381 -0.003523005640755198 0.0008427237773321789
29.7782983442474 1.984703197513966 -27.64233508785513 0.565227305465732 -0.1241768793698793 -0.00639667640477284 0.02794621853707737 0.001458974026997083 -0.009526275061178232 -0.002199519875889929 0.0003644781944096766
30.06807207211522 2.621569961810175 -27.63486430251993 0.5694560764744224 -0.0768826376940597 -0.0005819231714437825 0.02978268465381493 0.0007485754146033985 -0.01400815460835655 -0.0002909931708101587 0.0006878239344205167
29.36172216777527 2.443616111586026 -27.60790785993968 0.5280986021998317 -0.1152330612475668 -0.006680771515839573 0.02416338512973475 0.0009496063836963983 -0.01071688287010444 -0.002977300409249994 0.0003628983801691125
29.62784972708042 2.987025376625329 -27.60696742277152 0.5329769224068658 -0.07376292525424601 0.005706911553776498 0.02698064215014371 0.0001428218322603966 -0.01218875805692143 0.002575109946063714 0.0005744515940726917
28.91444006020841 2.939435173026959 -27.5806524466084 0.4879288904757723 -0.1054691652311423 -0.009422764988988417 0.01664876627241847 0.0005942096746476939 -0.01396850557983642 -0.007918143096094701 0.0003456160359461357
29.50260892254972 3.591988901732502 -27.59685109776953 0.5113873268924232 -0.04415619824010037 0.01655904510301843 0.03397463560404997 -0.0008130513177931467 -0.01130429849716965 0.005522358398194747 0.00053099425776432
28.83908570691019 3.548291326155304 -27.56917860457735 0.4691736971704455 -0.07379243250411816 0.0153918153939106 0.02407226800489261 -0.0003428177185308081 -0.01761599167589676 0.01127302346006617 0.0006567633115668686
29.06688139399274 4.011559077796223 -27.57775325910581 0.4736423680679469 -0.03762398955351887 0.02157998749324382 0.03839385156151456 -0.001369964664702499 -0.01660135577045357 0.009351646121761654 0.000575681386368205
28.46420558969872 3.939138354704107 -27.55860513985783 0.4357874203080888 -0.06678889731695277 0.02145580142159024 0.02554374870850617 -0.0006620577546595476 -0.01354865534644936 0.01138748363484536 0.0002745406219511731
28.89487494444475 4.641163212364404 -27.585915527141 0.448395978485331 -0.007819932030356544 0.02878178182040957 0.04608837027328314 -0.002911357398996905 -0.009328612357099652 0.005840474641565005 0.0002348980936470713
28.00928174276465 4.45738476602569 -27.55179603794895 0.3940048303196707 -0.05575512431721164 0.03124260337459225 0.02876431125000323 -0.000948735971519298 0.004377367444803725 -0.004756248788119765 -5.256006156554382e-05
28.30626319178803 5.211141247713531 -27.57723259794308 0.3968160032566629 0.001444451004602168 0.03732781393048293 0.05999751224807911 -0.004407570117005284 -0.006810914287034607 0.004248699736117933 0.0001531168501770951
27.53316287439318 4.994872301625342 -27.54531871917295 0.3500926830041951 -0.04443362034101411 0.04013323898152597 0.04118069729046672 -0.00129229764190676 -0.01074541947801475 0.01047481381509479 8.639575116994336e-05
27.77889083352015 5.692823985909557 -27.57366844672354 0.3509035632880451 0.007940669980711548 0.04053691359169963 0.07776254666539373 -0.006436312365468191 -0.02330212403148272 0.01217768463830839 0.0003684690022730587
27.08369913999977 5.478741643090445 -27.5457117944853 0.3088909066924523 -0.03511918461658638 0.03653869355392753 0.06398605777335495 -0.002100267729798664 -0.0204863085366247 0.01169457317888181 -0.0001206106291529908
27.3075372200277 6.066663971960113 -27.57850882449782 0.310855143985887 0.01026278042216182 0.04249255016958409 0.08528273179910195 -0.008195573729387902 -0.02120912883497346 0.01055130929206905 -0.0001690535201235362
26.57518662460101 5.989999548096256 -27.56385629110761 0.2627556346531947 -0.02669173699399561 0.03829172130819312 0.07472059303992121 -0.004183394850698476 -0.005297770143456591 0.002710037284405833 -8.728433486110298e-05
27.16027250474727 6.735623008280487 -27.64627353249032 0.286197274028861 0.04526163670787339 0.04603541341909158 0.09160256507166134 -0.0141950637976426 -0.01079148686122338 0.005403311591587382 -0.0001291545722092982
26.37800258562649 6.653157879197476 -27.60450128033343 0.2342987426847698 0.005276978657908833 0.04189547474128477 0.08738587645444992 -0.009288451869733403 -0.001149275361895311 0.0005492853224689259 -1.611221866168397e-05
26.59986648708015 7.368229756048361 -27.70645301078525 0.2340237654691633 0.06048361124719608 0.04677546705508403 0.1039899346977341 -0.0202931642809259 -0.001871823935966249 0.0008378074614375155 -2.128281423076812e-05
25.79284432358016 6.969397427767312 -27.61846510379964 0.1866167385636061 -0.00157465282296404 0.03960428960438717 0.08961046825271489 -0.009857978272326968 -0.008584301861249212 0.003785311555705077 -7.827527652552315e-05
25.89536457212855 7.707370299058606 -27.7179177614328 0.1775975405528048 0.05029058176757347 0.0476199020555895 0.1013939728613369 -0.02002223084507102 -0.01103885389233827 0.005156780080299183 -0.000139980488041535
25.06212948458242 7.338608553167403 -27.62693892455246 0.1268881247554304 -0.01232632455420934 0.03685938927141619 0.08951372265789267 -0.01034568001166892 -0.02334472954917951 0.009639850590252248 0.0002345363772595115
25.35391933066763 8.111139787286524 -27.74821292928134 0.1306742750954405 0.05146711667104495 0.04425707323789374 0.09829238922409662 -0.02095411812116036 -0.01890386285819169 0.008531061753452314 9.109423551081348e-05
24.60738399922122 7.945077495621811 -27.6646567767377 0.08085274111462934 0.004929985573783781 0.0361843388835375 0.09141179028050392 -0.01450321727814179 -0.03155529570279631 0.01264499160646273 0.0009717711096921545
24.94772083491502 8.579365992919916 -27.79898716539581 0.09173300372946733 0.06332057565963575 0.04235314669669084 0.08786577657410256 -0.02214574288276623 -0.02841812481644201 0.0137815201252481 0.0003308518038747154
24.27123053192818 8.47988102068552 -27.70804562943013 0.04489550766435742 0.02373426371726912 0.0361412143174859 0.08498340886559407 -0.01702244645057992 -0.04207601237900695 0.01829182286706139 0.001986981171702749
23.76908506105828 7.861265670225328 -27.58514817043249 0.02199114416407723 -0.04172002419171837 0.0296575959751904 0.08331330082510599 -0.009631154745114567 -0.05108767226885712 0.0185977898792804 0.003561952885171757
24.20462947878632 7.287490076663754 -27.5785159616471 0.0668114667947424 -0.05686795663253004 0.02983613060948077 0.08352736903576367 -0.006269813556314644 -0.03626130076206505 0.01305837883694792 0.001409152351431506
23.50632230021812 7.170454611206834 -27.52979237538881 0.01910656728075045 -0.09885678563021721 0.02291361069574721 0.07414784211461918 -0.003219417537802001 -0.05810252788040424 0.01813296135495431 0.004094296925604939
23.7869807345352 6.634597908910915 -27.54341211422175 0.05245039444581582 -0.1182264373392327 0.02098860414971006 0.07075441181447333 -0.0006146130035440688 -0.04751455438587186 0.01411508781178317 0.002343852910886486
24.48056497350011 6.778389771958141 -27.5697309809971 0.0985468541124621 -0.07538534033209997 0.02935919791219728 0.07775060989176985 -0.003152720053650145 -0.03280511343230687 0.01241888905876185 0.000775324375201778
24.27975603303358 6.08466726544425 -27.56700203071489 0.1010952657228509 -0.1277415404263607 0.02311972346497718 0.06093746396001311 0.001127380121450034 -0.03898822447012934 0.01477761719567003 0.000786294566463207
25.05590797027868 6.547453620992946 -27.57553089464776 0.1446571340900744 -0.06223444791084792 0.03248845607638268 0.0787667833463019 -0.003372761136358149 -0.02225685360167807 0.009179953287676065 -4.571594732571652e-06
24.97390074108856 5.93499274291556 -27.56691961313966 0.1534671117874036 -0.1036070231513907 0.02753635941118973 0.06111024931680038 0.0006354762339506302 -0.02143413345557379 0.009658876829660622 -6.037783742513645e-05
25.71859504106153 6.166425732559003 -27.56736885379656 0.1997730209244714 -0.05476977320813704 0.0344761162813363 0.07275728096010482 -0.002468522520123985 -0.007320326077518864 0.003465412379700487 -9.820891297070161e-05
25.28024867970255 5.47457681772122 -27.5702511503594 0.1858532756838822 -0.1169292493683753 0.02429107002136654 0.04365355877448956 0.001277349360058921 -0.01318383910712852 0.007340878930822308 -0.0001612174146036142
25.93100457219439 5.565442093414758 -27.55464132936993 0.2284787854358642 -0.08143998268456583 0.03088323807569715 0.05526310931814941 0.0002013849309842457 -0.002753819193092292 0.001539114474708259 -4.666541438451756e-05
25.66001119529201 4.957683221665691 -27.57075093292843 0.2244156147899744 -0.1300664983215878 0.02088983903186015 0.02451139472833235 0.001221448077770866 -0.006146799703861929 0.005242562559078805 -7.930251032215886e-05
26.39222630552778 5.216608180903128 -27.54781770551071 0.2681400853859612 -0.08142471345513305 0.02928605952651845 0.04336926653414443 0.0003916254832381816 -0.006618558235534224 0.004470329558666933 -0.0001108805774007661
26.19713708486481 4.405460779911705 -27.5645317563781 0.2741804424212346 -0.1380101779780663 0.02346586349447876 0.009488801420673784 0.0008949605050546373 0.002364643511448325 -0.005846419731299978 -1.439840134182125e-05
26.86956616928696 4.869460640725864 -27.54147390088836 0.3084841692678676 -0.08080087803038727 0.03450553852727392 0.02734928695151362 0.0004105397685297981 0.008872244219030479 -0.01119413749643213 2.463547323887799e-05
27.11164407331115 4.221779006515105 -27.54662590027472 0.3398278060133305 -0.108152499935134 0.03195642615021884 0.01045346331648131 0.0002988159130418002 0.0002381124855597372 -0.0007278447127560291 -2.429774697642081e-06
26.39544851778222 3.624076466867404 -27.56602114895069 0.3064267343460648 -0.1741752528094289 0.02661094047329994 -6.114653970880232e-05 0.0008597060693806507 -2.57112214167092e-05 -0.01175610048864117 -4.02987532220678e-05
27.0301353166029 3.458697257158753 -27.55122497783981 0.3525478862219058 -0.1556288208662129 0.02916555224747956 -0.002338385934135386 0.0003663169371928507 -0.0002417349661612288 -0.00301758248487315 -1.621178684276451e-05
27.71648775297156 3.706713346724571 -27.54775524434775 0.3919640669217784 -0.1118030670932151 0.02577179175946325 0.004634815389288368 -0.0001547442547758246 0.001462925165035939 -0.008135800341773858 -3.702829067679148e-05
27.42674740855009 2.88925305301621 -27.55227757513431 0.3922553322380868 -0.170759473465311 0.0279879368942176 -0.01099951549108672 -0.0001298871616665223 -0.001144993410610648 -0.00291323452677129 -1.412775560529243e-05
28.24224759039556 3.249474603905928 -27.55782944595437 0.4370797514239059 -0.1157299058101662 0.02211803003710584 -0.00929263786233776 -0.0005201156546364109 -0.005087187363641656 -0.01210671028610798 -2.939446300865578e-05
28.0908595797076 2.458950900214762 -27.5659001707424 0.445726898493602 -0.1667174628109451 0.02093771380335799 -0.0191313617253014 -0.0008338609215223231 -0.00562241353398452 -0.006154312801400342 2.386359047997264e-05
28.74617657721018 2.29194970958034 -27.588360398223 0.4919780886278223 -0.1488407054811398 -0.01313592837577844 0.02299025316655167 0.001073784009196672 -0.008038957203891476 -0.004600319325029449 0.0001521161441608769
27.50730112984273 1.739530597536064 -27.56799843783859 0.4252133967378572 -0.2312205994165885 -0.02399991014791594 0.03165383245849354 0.0013553427680151 -0.00748723317571745 -0.005676778368802384 -8.352747879623105e-07
27.48702430760231 2.318760602548802 -27.55524381418452 0.4098957285339125 -0.2000823056560403 0.02908220908483416 -0.02158312572707539 -0.0006170806131105725 -0.004479084099329005 -0.006034623377541236 -2.532118476803275e-05
26.93139045287604 2.181615657149505 -27.55550350944125 0.3770777247527124 -0.2316150439035797 0.03079494539028356 -0.02368655251035853 -8.850540662063263e-05 -0.002309589044536471 -0.003002601714329861 -2.695119340244021e-05
26.48929104686423 2.831245762963673 -27.56296433538376 0.332100561499912 -0.2148612583535902 0.02962885316040721 -0.01052050266884806 0.0007282061593017915 -0.002531885517526748 -0.007132947251510708 -3.477913251037961e-05
26.10337810654355 1.984048796308614 -27.56390766934217 0.3279672576536797 -0.2788755474672209 0.03357320728099564 -0.02735733332954287 0.0008045770583876061 -0.001775282753001267 -0.002179086373772622 -1.498480741977233e-05
26.58381684156875 1.317761274663517 -27.56500605812134 0.3760067551722839 -0.2939290791578914 -0.02998509267493216 0.04642428444848412 0.001361706480899072 -0.00460756113078479 -0.002975309849196552 -2.314503967051993e-05
25.68488612643088 1.229358003735659 -27.56387764576359 0.3200617547587981 -0.3384177342495202 -0.03599527792601127 0.05081740963789471 -0.0002923630791730555 -0.00481813732558553 -0.003413114821103517 -5.288590163650506e-05
25.99826035543992 0.6905098570276946 -27.57265882550244 0.354238883318035 -0.3531836609982574 -0.03282840329126538 0.07159140865450433 0.003373417159133538 -0.009085363985140923 -0.004164545863915063 -3.328617330088445e-05
26.65452215425241 0.4000634830723646 -27.60843646628812 0.4037503706483339 -0.3399200977411426 -0.01520467088660513 0.06639206949275994 0.005498016346300589 -0.00599027156926964 -0.001378038698444576 7.470572527282803e-05
27.23238409699365 1.002889609105655 -27.58646359575113 0.4255970736566713 -0.282954399771193 -0.01896387052172732 0.04864698630257356 0.002870880756863813 -0.009045328614001084 -0.003529402310552547 5.585226587557216e-05
27.12804069153399 -0.2496130441448283 -27.68856087913756 0.4503913278520405 -0.3539416109613027 0.003608717017527785 0.06031202101544859 0.007156383738013132 -0.003997945591239017 0.0002197189869395301 0.0001642950092543313
26.32702967945043 -0.4356115488310408 -27.68441972561058 0.4044794021896767 -0.3979042044572379 0.001773524875322002 0.07740475209590743 0.01058082606653778 -0.001210280516582778 2.151393967365928e-05 4.547673614567467e-05
26.81378851341176 -0.9567205239848668 -27.78073665880929 0.44881307850893 -0.4041045381828961 0.01551267304439471 0.06584052288676781 0.01076312442325883 -0.003966788533647475 0.0008920652647445387 0.0002602822348471548
27.57767801975233 -0.7968228525953025 -27.77914203750184 0.4926621050470587 -0.3637009691942475 0.01491884271853145 0.05335559949226984 0.007481196845372895 -0.0001906790873467922 5.136928944044472e-05 1.388442015361535e-05
27.28894147093898 -1.445741705751193 -27.88222697004291 0.4912913990656401 -0.4093370856266769 0.02392025980623665 0.05459551255339238 0.009985486952906941 -0.008297554926890244 0.003484597028933694 0.0008248279538007437
28.01140144523575 -1.299191198386421 -27.87194082315754 0.5325542752349467 -0.3718836662128162 0.0234111988854562 0.04607494678822507 0.007050803848518758 -0.006665983140323647 0.003280468564237029 0.0006965507242951308
27.79531181514956 -1.971860615346909 -27.9922072859354 0.5363508327656255 -0.4153179990412099 0.02849445074858916 0.04352685691750076 0.008541596321054555 -0.01218821111629866 0.007676497575092858 0.001540996471084154
28.38990786510618 -1.675708658221511 -27.94196002389676 0.5655851845069874 -0.3759093872597969 0.02718573120060095 0.0419233860931235 0.006671924452771409 -0.003862004867888967 0.00242952206095983 0.0004702743372878629
28.43893277451699 -2.104209433364483 -28.01802017247187 0.5794458734872616 -0.3958742323749881 0.03059311751277322 0.03831693488918017 0.006820824608750686 -0.005892065699016213 0.004550445388934854 0.0008646371922289501
29.03309087897308 -1.777586439449566 -27.97170028518637 0.607927426210978 -0.355411757930614 0.02756479663523162 0.03389422728871434 0.004689980597718951 -3.856028999698579e-05 3.056887718283146e-05 5.713900134218007e-06
28.88858981507881 -2.482724224309303 -28.08818591922435 0.6166435214368933 -0.3971487632951419 0.03367747469630773 0.03265627018647524 0.005779863800538175 0.005096287883362238 -0.005093201240701441 -0.0009178677196684702
29.62703135910991 -2.220695767535432 -28.0528662195684 0.6554690189835776 -0.354900163028498 0.03803277684969405 0.02644294319784499 0.003071018743932557 0.00351498178992031 -0.004957461523960556 -0.000844880731617991
30.11840533906357 -2.544155502832268 -28.11586735652492 0.6935588803483206 -0.3526358241506453 0.05612540775307132 0.01514852133085973 -0.0001222392479999998 0.004379449822401659 -0.01624726748142434 -0.002647848374618411
28.60064153050942 -3.235699952186202 -28.23420662642565 0.6180650054754323 -0.4463512654917719 0.03629419895425013 0.02731477185100588 0.006356102465948416 0.006714058398834358 -0.008570340501919184 -0.001507917135341576
28.13697469285188 -2.593513086576525 -28.11524205223025 0.5733668555616487 -0.4328758336011418 0.03258931240867501 0.03505139008743546 0.007667139604959958 -0.01146416778536739 0.01023991942954499 0.001915438589955275
27.75079152628032 -3.158404527433422 -28.24874004763841 0.5644014699622211 -0.4768745571440967 0.03228424877546304 0.03023153026552772 0.008160926153716016 0.01764126303436243 -0.01793530548385031 -0.003348050630967826
27.40014512162841 -2.593364081924651 -28.13018378568446 0.5282122571716809 -0.4631474849383667 0.02961257655597573 0.03761318217652183 0.009275811954077378 -0.01980030225258516 0.01484943954911214 0.002997397041227449
27.1227172497719 -3.094967810054294 -28.26015588450983 0.5245293157153568 -0.4997919837546706 0.02877785284556378 0.03209140476379144 0.009194759576050182 -0.02478848305737373 0.02101808247989805 0.004226268794445566
28.01179518767705 -3.703858914911168 -28.35627249827409 0.5943389969335227 -0.4930302008114716 0.03539240328327965 0.02707907785536404 0.007887241001820727 0.01270669244665392 -0.0158112152001992 -0.002734448721611376
26.67591153594132 -2.667299994616354 -28.16492735696825 0.4858029841062578 -0.4973029388693652 0.02657567318221245 0.03806456472163378 0.01053486548432046 -0.02522032327079479 0.01657356099460297 0.00373822368268427
26.97319612696997 -2.056214843874692 -28.009489570859 0.4877356667807292 -0.4538387016773854 0.02711832265003872 0.04675850891165235 0.010766453176302 -0.01718140053045132 0.009463064988093425 0.002178243308449402
26.11480763928864 -2.073006863799716 -28.01350859092325 0.4350761605084053 -0.4912835677551085 0.0218014431423413 0.05144210548795498 0.01318588824500844 -0.02008312895421296 0.007967228525002179 0.002122737828934033
26.62648090209454 -1.556135356926626 -27.89288715508075 0.4529003330552839 -0.4429507537973761 0.02204892660179681 0.05995215564008185 0.01262312861445346 -0.01034601574225933 0.003610765691748629 0.0009225411026229037
25.99566711747791 -1.219388736015618 -27.80929795273668 0.4044112516404026 -0.4527753054060822 0.01504127627621892 0.07321219034497584 0.01463849006210668 -0.005593461383405503 0.001074383771120575 0.0003740009270152463
25.32209048090808 -1.727887681773579 -27.91033146332346 0.3761946601668029 -0.5082665437606626 0.01156734037436429 0.06720360079853249 0.01703305908747801 -0.007301161902535397 0.001142116183480793 0.0004521034510144213
25.25395042817275 -1.13980454581054 -27.76803892850351 0.3555576488722189 -0.4812023261492977 -3.904331487689473e-05 0.08726954147196012 0.01806450044721366 -0.009585030441694309 -5.065079631361081e-05 0.0002239774312974621
25.58569985939891 -0.6087655770931208 -27.68120190325178 0.362057446375071 -0.439226467603706 -0.005208183020685312 0.09644069245826324 0.01500625051564742 -0.01715584665334832 -0.0009898156973721451 0.000407011865409685
24.9096953725826 -0.6968636313498964 -27.68009081670655 0.3216051782078502 -0.4738731712337697 -0.01711058699945365 0.1088194500586883 0.01731398618931181 -0.01334241697812982 -0.00207076326742659 -0.0001708021764513873
25.24606949896203 -0.1852400562848278 -27.61678041068479 0.3290904248802364 -0.4324207510988442 -0.02385780489809436 0.1075498894876937 0.01117032980607487 -0.02394613133145196 -0.005293398064576 -0.0001788445413060324
24.6813067228992 -0.1194258629854694 -27.60919990246954 0.2912362916356084 -0.4545651847445634 -0.02343602130218426 0.110807401953609 0.009164256500249801 -0.009857759741864411 -0.002070116130257716 -0.0001792264507205444
24.23835040251805 -0.6839861356527033 -27.67164338200017 0.2785900579038053 -0.5037760323931043 -0.02520132821179504 0.114509862217014 0.01637328332099563 -0.004034677019759004 -0.0008775768979280106 -7.255784399939169e-05
24.00797736245605 -0.07628148906956866 -27.61006750606144 0.2468366154492931 -0.4834136784415314 -0.02733111458062376 0.1107192159736963 0.00676673264200265 -0.001269991625558449 -0.0003116282591899911 -3.0598238878502e-05
24.47571859390887 0.4731777025230306 -27.58351183838635 0.2618285615987257 -0.43333245581366 -0.02754290981556198 0.08872534012146213 0.001128445565060487 -0.008010055647496767 -0.002484514590321539 -0.0001602542995620203
23.87460440081282 0.4563102178594889 -27.59557689509791 0.2233384488807618 -0.462209484254864 -0.02156293490719445 0.08760043978648313 -0.000207867772584226 -0.00321944038042994 -0.0007926625372992907 -8.179963960720105e-05
24.16777699872049 1.005373956402622 -27.59724140402199 0.2271985494066912 -0.4197815966216832 -0.02013855889521671 0.05334319345835991 -0.002141427947643679 -0.001587830199162315 -0.0006008306630421563 -3.437627356056908e-05
23.47698310602271 0.8216606898755101 -27.61509532597617 0.1870891202974026 -0.4620376816234787 -0.007841288868314275 0.05502616035161974 -0.001744366767408618 -0.0232764015692005 -0.003333937315926648 -0.000537032031879032
23.77702342638004 1.499589708733783 -27.63517054383023 0.1877881986599342 -0.4120407923017278 -0.003541247079271611 0.01612265519624424 -0.0009085529325809837 -0.01915013041768719 -0.004235544577066496 -0.0005204775177123686
23.03991875559383 1.303552967695044 -27.64692636101578 0.1445081133190645 -0.4577739162610329 2.398575834448209e-05 0.01878530498906772 -0.0008741340667024102 -0.0453573352011729 3.019870161632069e-05 -0.0005956045885645748
23.34467698203724 2.005923274389795 -27.6778610788655 0.1448699592243149 -0.4056630156628005 0.0009128089814498991 0.01615581622035966 -0.000759709598470192 -0.0422567670083876 0.002332650439528525 -0.001166873035055807
22.93774229618694 2.533441479249143 -27.7092421527292 0.1026984537925326 -0.3969438561622848 0.01751241799532976 0.0377791700287471 -0.001034406996343822 -0.06475709298890465 0.02998947736775276 -0.001039934994972446
23.70308993786099 2.701507840387459 -27.69471082741951 0.1496498278375612 -0.3506787398710231 0.02982582367492962 0.01329739580100848 0.0007972848820051362 0.01837280605423683 -0.04131562269798826 0.001763628064031819
23.27864855697104 3.217240900893203 -27.71362291537849 0.106787959507928 -0.3428421804011384 0.0262463923792825 0.03132263181302691 0.0005643926581223166 -0.05426355737314597 0.04547681288180936 -0.000409018813789592
22.52473972852693 3.038206161268065 -27.70878859868864 0.06038021750385351 -0.3898381648717585 0.0203403961552496 0.04266234123312892 -0.0003029866255217743 -0.09137977957954992 0.04359809651792794 0.004277263173142494
22.83272685541897 3.721395405828166 -27.69975587305076 0.0623443052370631 -0.3367756129984401 0.0147199835745476 0.03786437131656396 0.001081133850567107 -0.08133601042005126 0.03152078223648366 0.003468705202088149
22.00219111906735 3.554179931651158 -27.65378850694918 0.009544452377694993 -0.3877893036647114 0.009841430524242719 0.03589636694835919 0.0005226407137371675 -0.1186369726243672 0.03231718633438459 0.01432713543895859
22.43927199075651 4.230689833569 -27.65523525673522 0.0208260954504508 -0.3278686081301488 0.01469139365022872 0.04168174999366649 0.00193545957512207 -0.1015391043951979 0.0353526812035111 0.009397940553645236
21.84935474976333 4.164563516203154 -27.60410243623097 -0.01876894712188895 -0.3616670795085468 0.01245487123487695 0.05153109835643938 0.002225583188167658 -0.1321403207983189 0.03103561779518061 0.0208894493673626
21.31609143827132 3.840385727957649 -27.53013612545423 -0.04741481400064066 -0.4074748670329896 0.008370524468133045 0.03004777997351793 0.0003444229650663406 -0.1326653350305541 0.03660291480027807 0.03089835381938772
21.44825221025268 4.489775925244711 -27.50240421349127 -0.05714476369884358 -0.3643588578534602 0.009201125200987956 0.04766095664582431 0.003236394892836065 -0.1390767140290534 0.02471101885328049 0.03148919197362362
20.82839612271874 4.267023055056077 -27.36576533542738 -0.09620402974799722 -0.4099633023350415 0.00866206050952858 0.02980092436792716 0.000578633409843956 -0.1241259647217663 0.03527913350859265 0.04119331404386482
20.12999477360965 4.160537233522795 -27.13182904456697 -0.1463666486409101 -0.4546014864520728 0.0005700854296408966 0.001267350493135277 -4.792804286331541e-05 -0.0875079673741803 0.04085370380956468 0.03941209319417056
20.50990293255851 4.841901518783826 -27.18433670022466 -0.1386719371319326 -0.3956754932529447 0.002088557324938957 0.01109003804239473 0.0008053639772327338 -0.1102831576277038 0.0176463908736747 0.04300360030966523
19.8204298967065 4.838294613282009 -26.89753182518506 -0.1936633077720187 -0.4354530928529424 0.003116473018967712 0.009161273597390952 6.527814529812181e-05 -0.06881990827841634 0.02316471218615157 0.03457698078059911
19.39663419182949 4.129232901479321 -26.82338074798873 -0.2036641988494359 -0.4985105290340253 0.01339477706361042 0.02199737326435412 -0.002104966336792282 -0.05140114226656212 0.03408300788342623 0.02908825848561314
19.05712287952638 4.889156958514125 -26.51668393381379 -0.2589387445915957 -0.4782774610632258 0.01916064021851947 0.03010163465956963 -0.003829780226013401 -0.02482970905067797 0.01781724841719777 0.01581688166628322
18.66836072178673 4.045391542448732 -26.49878399491569 -0.2600025234570738 -0.5458811308621146 0.03790420106891988 0.03819933521449759 -0.00924904366671302 0.01609333708813149 -0.01874919680175307 -0.01148245944135028
18.27872616726255 4.669939468650251 -26.17261617304086 -0.3163220410408614 -0.5370876539622697 0.05999295634611604 0.0387491222586813 -0.01946073990912708 0.002334279919628382 -0.004696845080218457 -0.002156047052759363
17.93543357050078 3.901220872638878 -26.20171285385471 -0.3138567555464999 -0.5966383355019811 0.08184994621911539 0.04701217220119784 -0.0219197699110958 0.002080104163167167 -0.004552268632041147 -0.001996171635364204
17.53560149155581 4.536282425683684 -25.87949980096056 -0.3718685039287359 -0.5886219222374957 0.1083177774120766 0.03437711008839244 -0.032780458573962 0.005340566378797156 -0.02459932930735987 -0.008150452527194974
16.7143004936329 4.493070156747939 -25.62518769952532 -0.4340566578731129 -0.6394275786960844 0.144614712929882 0.0301508515162906 -0.02860982047523567 0.007674135051157462 -0.05119759378004897 -0.01516466036621517
17.21110732220809 5.205581799292183 -25.59811317345563 -0.4258727281225811 -0.5753382648361118 0.1354593419404412 0.00839641272584642 -0.04395475403067948 -0.0005413232931130708 -0.06022137638338201 -0.01317197288128232
16.54354366896278 5.288433584000419 -25.39413290879647 -0.4822466287491664 -0.6121623312803292 0.1456141233641234 -0.01309428893899446 -0.03369027028144207 -0.009548228178937712 -0.07335176304930956 -0.01275940183362396
16.09681909124742 4.811333690651247 -25.41540495191616 -0.4947125458535513 -0.6611368682115669 0.1302621973064979 0.01876303364261616 -0.01522164363243895 0.009231523134170876 -0.0808817615144672 -0.02069873214977213
16.42139406821453 6.016125223031983 -25.24912681658308 -0.5232516886997283 -0.5854464981571065 0.1417420666976786 -0.02497422790045236 -0.02864745999184117 -0.01254342291722486 -0.06369760654175562 -0.006532242136532247
16.97125158650416 5.795329829462252 -25.4037270922587 -0.4696703193007053 -0.5613805607121809 0.1554034439689808 -0.01774996079485281 -0.04703415031323906 -0.01010192106367876 -0.06710433987176249 -0.008053168167972392
17.54876447778478 5.905879921014003 -25.58726951745328 -0.4260886681437453 -0.51945346047565 0.12421984386984 -0.01070417486413883 -0.05007966985751292 -0.007164801504585902 -0.05404073936794831 -0.006221067374497609
17.89690736717869 5.280542329539344 -25.85651749532163 -0.3723596199150774 -0.5293870740978114 0.09137206582861523 0.02694466849211208 -0.03481117615022115 0.007172011187782075 -0.03916077044256307 -0.01148632546546216
18.20564238381844 5.995427281073285 -25.86340146541602 -0.3730884211935189 -0.4729941572162893 0.07955937177617947 0.009871530292396387 -0.03682786360262506 0.001489813094775008 -0.04148637718256927 -0.00790177345977101
18.55893989555167 5.422961428058214 -26.15131139755124 -0.3212303700843363 -0.480767269705248 0.04469696972444009 0.0372401394303747 -0.01559697990186164 0.007706001524532325 -0.01187387501459717 -0.006267228969902267
18.81164981443121 6.112913678730362 -26.16099928539164 -0.3238843402987664 -0.4278576759162502 0.02240460435828995 0.03773397628250925 -0.005861078880216872 -0.01343941365162691 0.009339833665483072 0.008756803549779008
19.08397160352525 5.62511562042556 -26.39364715003055 -0.2828724281101994 -0.4371029496853848 0.01467006002119686 0.03276318785253826 -0.002033516219298443 -0.01814097744112679 0.008818227530012653 0.01120424660078746
19.39292818834027 6.184092966987235 -26.46819116508314 -0.2749713821425294 -0.3870037555427783 0.007000864526112684 0.0334611482761907 0.001341713157156011 -0.0394573620441903 0.007373291534515748 0.02199937054482626
19.60168409461641 5.535025244552018 -26.67997575429776 -0.235269603569957 -0.4101578532303911 0.00619940279799804 0.0227541742421786 0.000616901468015573 -0.06128399023935058 0.01580863636520304 0.03276321296861219
20.01990901976222 6.191968699143779 -26.78388328425915 -0.2214243268474212 -0.347988586735612 0.004744347001342699 0.02959544806642654 0.001832591989509999 -0.0871136915320279 0.01137036630321966 0.04190048642153948
20.26345395626677 5.502297316514094 -26.98913074534748 -0.179437682726746 -0.372773153034302 0.002441853046290182 0.01610103642405087 0.001321594259816602 -0.1002755552092893 0.01168405801297455 0.04292749146511025
20.67711211847027 6.153737468873522 -27.0646522209984 -0.1664042310432023 -0.3116136825372423 0.003865931535952548 0.02942119066946999 0.002062133647368908 -0.1229680388603478 0.01291453742773179 0.04627486263895007
21.00337563015457 5.476288371570313 -27.25786657025507 -0.1203656076446122 -0.3324615098298729 0.001953193280899843 0.01953228881492492 0.002015177149208157 -0.1338758749310636 0.009175413501526959 0.04082451655135214
21.31678059255627 6.181029793018967 -27.26158430136553 -0.1172225131596287 -0.2741775200046825 0.004740530860880205 0.0341303604071566 0.002250416272332954 -0.1333520021753553 0.01614704683300694 0.03601767137359215
21.66052190648535 5.724793858912069 -27.38756625471394 -0.07815594820019273 -0.2824460694075237 0.00479417633757711 0.03651892380493404 0.003057728668476277 -0.1233068490178521 0.01402557344643269 0.02582175803425493
22.00535059211739 6.301397973991054 -27.39231551441651 -0.06876705367166823 -0.229854804672787 0.008142393432189778 0.04544327866193075 0.002272076713253608 -0.1076331218646661 0.01829380125360847 0.01983248018888605
22.42789777576847 5.565394749013079 -27.51680841572847 -0.01745670783892766 -0.2514960517898519 0.006072577339994051 0.02956123270165262 0.002283842995768498 -0.09669718920219995 0.01890738426345859 0.01238069957134604
22.88244261009789 6.580803354373473 -27.48673151546365 -0.01160266871581153 -0.1670910869294059 0.01390425773482973 0.05973281071062423 0.0009554012912254416 -0.07859429648969897 0.01816259914075493 0.008260673776789773
23.37421889669101 5.924674503333185 -27.5529874486557 0.04084081842577463 -0.1820406002545481 0.01449056285138613 0.05334700873102796 0.002631846264178725 -0.06534274809988778 0.01755298642291578 0.003972070256191076
23.12833428688931 5.325437116210916 -27.5919967437074 0.03914830495514695 -0.2300747063375017 0.005860757461699295 0.01693560734779302 0.001305373575423066 -0.07836173635883641 0.02666811094299456 0.005836241503782716
23.76466095954005 5.388793217602107 -27.59943487446936 0.08238327370436224 -0.1946881392649658 0.01196262136127442 0.02630188173773887 0.001676035872525275 -0.05632342883940335 0.02548909281020244 0.002007563402089857
23.34718528476768 4.925824262567533 -27.63350208675554 0.06525748857203895 -0.2425705131159464 0.002923142533001398 0.005402166898370802 0.0003782449013955398 -0.06953293491013243 0.03736030475467572 0.003775537531906978
23.95538681617112 4.702054254856975 -27.64112720786494 0.1135142225774934 -0.2256989260893893 0.001320664624960665 0.00192592706396449 0.00013393127347182 -0.04148620376821381 0.02840099788659639 0.0006802837368283214
23.15393333240704 4.387312096421565 -27.66999861523908 0.06628000011421549 -0.2832170895263729 0.01337028794096458 0.02512482640480729 0.001417578581674078 -0.06914558092446968 0.03661570229685586 0.003197821246330297
23.61856175964043 3.918629663344427 -27.68961745303365 0.1109877223543452 -0.2870318697031632 0.01814974476737862 0.02216073623109651 0.001210679129508975 -0.04593666404655507 0.03759903983111577 0.0004264744120548609
24.43847809236269 4.104698430114709 -27.65203818749441 0.1622368824063355 -0.2369427489519157 0.006670331244146118 0.004318489876761596 0.0004260153828421278 0.02152276513113323 -0.03322766636825844 -0.0001657965362883822
24.06227032115881 3.393581398287263 -27.68574932973837 0.1552651595858648 -0.2951602358340055 0.0211306633857154 0.008813961757503602 0.0009878092778039275 0.01954740612851278 -0.04692288435199875 0.0005333512011333137
24.85696607466501 3.551801176795037 -27.64219713771283 0.2049452071814104 -0.2486396748870525 0.001955020659588465 0.0004112090356299563 0.0001077177593905774 0.007877734480681589 -0.03749490259510773 0.0001588324598030895
24.47684033638595 2.867454425019643 -27.65930052836547 0.1972237307827276 -0.3047520108897255 0.009295142148552333 5.29363466924873e-05 0.0005031270997461412 0.0001704537572654601 -0.03718677094749354 0.00076350468083943
25.23340104501147 3.017939139627572 -27.61826854076356 0.244002278418827 -0.2611418366663196 0.01013391259689025 -0.001082030020942945 0.0005560700691461253 -0.003031616865049264 -0.02828266422101959 0.000214808501487898
24.88160167446796 2.34645150662505 -27.62013150269314 0.2380567197026411 -0.3145268619103193 0.01183169807991158 -0.005240435920604627 0.0007783209078741487 -0.007823949308291271 -0.01763728927447432 0.0001843991992678996
25.64758387417416 2.523703319436767 -27.58765895051874 0.2842392804195501 -0.2696771511109163 0.02604095650710465 -0.01116250905957077 0.001283879472388227 -0.005970887954470737 -0.01392594031726186 3.053135246204371e-05
25.28860397955111 1.810788785604437 -27.5827836543584 0.2790360188739542 -0.3250035609304976 0.0299626113379051 -0.02692973756014283 0.001722434856254639 -0.003219141475023436 -0.003582926909686334 -1.938913222032181e-05
24.52093918551105 1.661281904814341 -27.60958828930804 0.2324908626445467 -0.368420791074779 -0.01738147407012773 0.02185491159536956 -0.001628318086783297 -0.006437744127375101 -0.005125336437951584 -7.141855686227225e-05
24.89637982850853 1.108281291456681 -27.57768396195158 0.2719711410910686 -0.3805956962853538 -0.03089402447876845 0.05427556970134025 -0.001481679387438695 -0.0028028910447864 -0.001596684480041954 -4.614712143059861e-05
25.254888280511 0.4628093099022017 -27.57756965394461 0.3123742805280911 -0.3983302116862292 -0.031367389607084 0.08446085465366628 0.00310212442557408 -0.01442416836169612 -0.005349434117599436 -0.0002033223646245505
24.11767656573596 2.182854970328241 -27.65465966810123 0.1915903845056156 -0.3591939626990747 0.00822034347404675 -0.006291149092535606 0.0006649331858531976 -0.0134130217700275 -0.01751432876949302 0.0001118795564863196
25.88382392217746 3.136038566890167 -27.58637637672566 0.2844048811992423 -0.2248357085644702 0.02264599808276537 -0.003716498872511669 0.001004270552311905 -0.003203001834272479 -0.01952122131686447 -1.535802888324405e-05
25.64343214359432 3.667422274852726 -27.5983662320451 0.2550249798894673 -0.2056802157361917 0.01426967470718324 0.00161719971043363 0.000697529113714438 0.002832288247773246 -0.02498618177103686 -1.173577930790281e-05
25.27801073559791 4.251952238540088 -27.60700787058489 0.2157253407454791 -0.1889805073140544 0.008646032901305547 0.004044500722563866 0.0004947856302628518 0.01049046521322748 -0.02241683569378981 -7.275721087254064e-05
24.85686543486189 4.814696307915942 -27.60603088871337 0.1728802812886422 -0.1759294491584363 0.009980550696777304 0.01198460944465979 0.0008096601547976754 -0.018717863617096 0.0155929286493086 -7.481311048977944e-05
24.51917358109434 5.398278833117588 -27.59055451864 0.1349343755269192 -0.1574852135177196 0.01659001060580256 0.03162548086184072 0.001612768236393287 -0.03025088370514858 0.01586394196717973 9.777500781722335e-05
22.75591621304867 4.854771728778663 -27.61995169346844 0.02564333629493638 -0.2762439773054592 0.005794546840041857 0.01495073665804267 0.001063638819981454 -0.09015861688554427 0.03435161676224151 0.008317064420939553
22.07884619313654 4.733062826680125 -27.57501163635915 -0.01891082024545405 -0.3177470318618382 0.008155186555969907 0.02934823420753848 0.002244265676563586 -0.1189882335615229 0.03167833210420717 0.01812090840481643
21.60409033914927 5.131224538945675 -27.45055130686977 -0.06493507653351648 -0.3198142966379907 4.76176351474827e-06 3.387470061713901e-05 3.534502411228593e-06 -0.1306261284988005 0.01551732470691874 0.02726437634515697
21.06845032377676 4.835752067645261 -27.37003583046934 -0.09563655647223157 -0.3651998121076681 0.003058726311340376 0.02537124681134866 0.002514082661871952 -0.1392016082531077 0.01282146406234609 0.03996809415217787
22.22066514173179 7.001929398312243 -27.38455086431927 -0.07143574997590139 -0.1757800449713622 0.01251752619943421 0.05439106558890817 -3.312442482942713e-05 -0.09943048350538601 0.02289365522452383 0.01770960820802524
21.58292388672996 6.791258154644841 -27.27180394598064 -0.1140350193304146 -0.2230464125077882 0.008277561273885297 0.04614664952506466 0.00143522556841045 -0.1238918396331918 0.02126994211780656 0.03064725889603568
21.7854835506098 7.300336737345247 -27.28839120045472 -0.112156672964629 -0.1807556946376378 0.01104066283339935 0.0515753485291881 -0.0003612267441688685 -0.1149215115563423 0.02479239826970589 0.02731503244324272
21.03938925987751 6.670492233678685 -27.13378539780639 -0.1527971835714219 -0.2605117761419842 0.00526699692760504 0.03744039483183254 0.00192080684085427 -0.1331126750743267 0.01646792740413815 0.04401189373694717
22.2218487515964 7.566972422481044 -27.37053734436359 -0.0857577676108992 -0.1404766581870861 0.01590471468218064 0.06057098595050443 -0.002257755557709778 -0.0996163801169806 0.0268762858758694 0.0192904101633466
22.89500179743496 7.505219426798329 -27.47489938379593 -0.03385553124678738 -0.1089114765977645 0.02065450840900063 0.07051664695192335 -0.003641400184043463 -0.07980087726013946 0.02389487664390969 0.01008916570174009
23.20301500661204 8.17757092384811 -27.54411540750548 -0.02687387932798932 -0.04988809448647959 0.02632934664883854 0.07796813401794769 -0.009630019374553588 -0.07134708136968969 0.02507497010246273 0.007946670583198447
23.68394345785567 8.475985339074924 -27.63666436826371 0.002002109942614891 -0.005801117977035436 0.03174866938804102 0.08062084568769265 -0.01392364444944452 -0.05637530152922061 0.02301433939155119 0.004711029143716908
23.9817331861855 9.017981678187249 -27.760484140841 0.01239360282237426 0.04553691660004219 0.03411626762835445 0.07073466089753974 -0.01760314497300506 -0.05456226803265353 0.02717899813762365 0.003467350764948939
24.60483603482572 8.995383473403361 -27.84343836436839 0.05836098580291882 0.07486489447441233 0.04017992545605274 0.07425538106930499 -0.02105577505369102 -0.03890285645372123 0.02128550478678617 0.0008287226099627493
24.52381133256221 9.647878649909758 -27.9803039796123 0.03949868474540855 0.1160057595119986 0.0331766376137897 0.0491169185728813 -0.01750030501075301 -0.04562047647338213 0.03109228590789066 0.0007784584010634096
23.59841491375654 9.660138538172269 -27.80844786345468 -0.02893424760475424 0.07006698360976241 0.02644318455185 0.0517951434663189 -0.01461962751599553 -0.06198010409149119 0.0335816511937613 0.006868513597402226
24.11741655611349 10.24505506225074 -28.03795278715969 -0.001681946441176922 0.1375106176020504 0.02359071834122934 0.03611387984444799 -0.01332114480415564 -0.05073782658856406 0.03444636398312965 0.003531984252076885
24.81807443374848 10.4386472398428 -28.23973921488862 0.04618677974912656 0.1866202168179759 0.02234569639822769 0.02582121250783672 -0.01159044998375636 -0.04031508225924459 0.0347957062733236 -0.0002071759417679483
24.18028386539708 11.00917541153795 -28.22914926782138 -0.01089454696582139 0.1950794149383028 0.01441679004241481 0.02330296635034949 -0.009135010626257123 -0.04332269116065253 0.02856562364382385 0.004498037899940919
25.15255697958998 11.26292529464474 -28.5381895133102 0.05596988815358772 0.2625286403501407 0.0002113160997509405 0.0002232912374760105 -0.000111236082636543 -0.02862168022193351 0.02701328100778682 -0.000147370240960876
24.49323278598309 11.82901399817746 -28.51217960303745 -0.001893235321100579 0.2702237377227831 0.00249112817261137 0.006714960290872767 -0.002345802179582945 -0.03630716363426707 0.01559440605786604 0.006083215100396725
25.2067452969581 12.11921924807353 -28.77355712614349 0.0453518030544646 0.3270996243781624 -0.002974032507850873 0.01328747080047714 -0.002581275770753692 -0.03610891685155781 -0.006049884193497389 0.01046049913704819
24.65367508770043 12.52421179934623 -28.73074803677034 -0.001590861611468031 0.3289544438086591 -6.757791410951987e-05 0.0009211497483927587 -0.0002109137872661101 -0.04331118784423887 -0.0004450537434448286 0.01193339999697695
25.20950105468005 12.75886457389245 -28.93179609117108 0.03494616043786756 0.373585116955797 -0.0001202164628308709 0.0003415997480744615 -5.296517919660275e-05 -0.04954780230843757 -0.01504069410648576 0.01545476158750639
24.75939510835243 13.1636880174273 -28.91644708857129 -0.004212758039240571 0.3809127920790369 -0.0039517029068696 0.0152172826954389 -0.002727128007951168 -0.05440416286667878 -0.01112205254304747 0.01677283600609124
25.52599125285078 13.39780237919179 -29.14973379414563 0.04718405121634981 0.435071979449528 -0.007016801765853616 0.01724325652599061 -0.002589161084370138 -0.06133440731044937 -0.02232113094148204 0.01756645850422606
24.84351046672065 13.85266269415469 -29.11262564483118 -0.008976828452317259 0.4356375480298796 -0.01065529354146109 0.03131119735005 -0.00576523281068256 -0.06455536043691268 -0.01829732205159755 0.01993766031133207
24.08191003848032 13.5265535771099 -28.82155501592487 -0.0592358371136595 0.3738511912613702 -0.007385965595337625 0.03450719213021166 -0.007190841178502368 -0.05165114911279457 -0.00747077787736255 0.01720216587459553
24.23114335800942 12.89702435422934 -28.70356170977924 -0.03854594329474923 0.3348753101172627 -0.001455562280286061 0.0139101538422698 -0.003073082365909917 -0.04562366150664912 -0.001714180266104744 0.01385044866837301
23.64321607991008 12.89668422070548 -28.51927111529818 -0.08204369648657976 0.3045099809785009 -0.0002338362622344152 0.0276469060919562 -0.006893321947331579 -0.04077658462328901 0.002788750091508907 0.0125680124460766
24.01405337643036 12.35326682389075 -28.50221866869768 -0.04590900241658439 0.2838089300294972 0.002490844910877299 0.01371877736585748 -0.00411181456052924 -0.04015553193492776 0.01018944694812145 0.009671046982646538
23.32023641366758 12.26594219732778 -28.26029215029623 -0.09631706291080298 0.2410248319539101 0.006558382039110956 0.02941660079897686 -0.008914730476103744 -0.04128217463477785 0.01248670396009027 0.01083286962939318
23.74314988289379 11.68943589657638 -28.26302858059607 -0.05512747328893037 0.2213783189024028 0.0101266065084839 0.0251218236894056 -0.008722381085066289 -0.04313883694907031 0.02025966693200988 0.00826720971623356
22.97933405347151 11.55334386076128 -27.9963659001793 -0.1103422773066674 0.1710135458875291 0.01170807728953706 0.03408528740373326 -0.01046951545299751 -0.04947402809788212 0.02069407546528209 0.0120461892969311
23.4742027602678 11.12498140995559 -28.06257725107236 -0.06553916025465394 0.1666643698747165 0.01451868008696346 0.02991226843143521 -0.01023093417622225 -0.04779907547467599 0.02608892931224645 0.008444934736068723
23.02220923088651 10.91331608129139 -27.89029440343955 -0.09587547638089697 0.1275944506927941 0.01389668985301715 0.03204727959369544 -0.009964296012516581 -0.05543399390625032 0.02759213962264513 0.01143121323402152
23.44867303306436 10.47302911817105 -27.92630146848525 -0.05567324613725511 0.1190514755463239 0.01822528266891515 0.03479841643463316 -0.01141910177528483 -0.05543344443632813 0.03175664227304944 0.00830106168461776
22.73490307743581 10.43077953585534 -27.72409319986377 -0.1089167379984287 0.0780896240278111 0.01511826271867349 0.03753704626529155 -0.01028597064800009 -0.06522756800899723 0.03018606955246104 0.01428823634903639
22.48397432633292 11.01107239625497 -27.73781554370152 -0.1387914725436385 0.1053111537902352 0.0112416558175179 0.0344251842629136 -0.009300973691058879 -0.06345337659737392 0.02533770173724002 0.017087891678373
22.10105623625669 10.48076950832539 -27.53227591230849 -0.1588019090157043 0.04673113123291104 0.01130927472125759 0.03791790173700265 -0.008839142747733508 -0.0742592330857957 0.02720165708392111 0.02167763303559394
23.00950603877999 9.955469183928543 -27.72329740710171 -0.07895642272939429 0.05967344632463428 0.01935342247122208 0.04574466885728671 -0.01213031761513367 -0.06633558325845967 0.03119833798295403 0.01181643191875036
21.86263281166302 11.08678874069685 -27.52746889134758 -0.1885821741460432 0.0758849627384089 0.00831807064144717 0.038259074308174 -0.008620331558949446 -0.06918761796437256 0.02036570040084946 0.02362616215400174
21.5620321458975 10.61362008777662 -27.35215516157018 -0.2038620971858983 0.02530923044216607 0.008804844793885689 0.03926092449981598 -0.007937576607237977 -0.07877670291242107 0.02338154030109086 0.02826608888763768
21.0536315794053 10.37080224963843 -27.11569772014589 -0.2405604835991692 -0.02164259242931702 0.008071883165285417 0.0444172393382932 -0.007455520450917617 -0.08150205944729878 0.0205314696655472 0.03407892208001423
21.18792741909328 11.17629425824664 -27.25958956204563 -0.2441858747227642 0.04287518197584426 0.006017675024532789 0.04498120680138497 -0.008434293126993574 -0.07139924412983197 0.01519087172535902 0.03007321308163846
20.50277974942972 10.88060312739723 -26.89570195798025 -0.2960554056397613 -0.02013699102159083 0.005127353691031673 0.04853872506038441 -0.007235160189886309 -0.06464767630532646 0.01159885879268782 0.03199961164030535
20.45415931710556 10.07909839046126 -26.81220614399904 -0.2852418442019171 -0.078645343918396 0.00653944392828667 0.04672901385304173 -0.005837587167743156 -0.07347395876863275 0.01476119831897063 0.03585341017851904
19.91471894779874 10.55187096184173 -26.55195496818824 -0.3411556460508142 -0.08099847764827793 0.005052050360379118 0.04884145821192432 -0.006151382008377938 -0.04752207515366998 0.008215508263250213 0.02620118314936066
19.88757148602818 9.776063873022268 -26.5011043778725 -0.3285661042909968 -0.1356237901771299 0.006348344157127484 0.04673766928968599 -0.004710464933969809 -0.04877358314123308 0.009308376217655342 0.02662588926699324
19.37276496418517 10.2308164365357 -26.2175748064819 -0.3841041976642715 -0.1395820167720786 0.009378435411884182 0.04781032496331764 -0.007417590942132882 -0.01465934993754677 0.004186687607807251 0.008450874275583078
19.32072482794429 9.46430050887302 -26.17215600174432 -0.3733440792221126 -0.1943560324959162 0.01064223189362352 0.04434483997100273 -0.006144781297590012 -0.008123242699893918 0.002593890260662486 0.004650485442365964
20.36633972871852 9.411445944823967 -26.7450181637547 -0.2788442255037522 -0.1289538182857655 0.006851281867111174 0.0491838734754592 -0.004316828222891875 -0.07809721293749786 0.01422716978900521 0.03814868033720079
18.7942689525611 9.953142239949466 -25.86928191125862 -0.4322096901934123 -0.1983373656091312 0.03545521771562907 0.0453514903495876 -0.02081868821776635 -0.01320803143862655 0.013700543009751 0.007351395642154208
18.72470751660865 9.168906588947532 -25.83583991194153 -0.4218677788570306 -0.2544665970289471 0.05016448660943999 0.03269635528210434 -0.02643231456604153 0.01026201128251148 -0.02065744852548104 -0.006077210841377237
18.2065800003522 9.631080957911047 -25.54686686304937 -0.4805132264286761 -0.2607808157196971 0.1000092464927617 0.03988677929921872 -0.04982089625314379 0.007895731231659235 -0.02550755933987394 -0.004571741497912118
17.69382393861881 9.426671324087069 -25.31477116059972 -0.5238601809678025 -0.3100342482838534 0.1752779228996368 0.03136885718673316 -0.06737978893983591 0.002806282574522388 -0.02031067980790681 -0.002155593477113049
17.699089420916 10.03177350916281 -25.2956108044907 -0.5360894652661419 -0.2700864261772353 0.1827041910397218 0.0325170755331062 -0.07677711774610654 0.007007291930665955 -0.04878996945262002 -0.00398876028910093
17.16427581056183 9.750044060992394 -25.12453943024566 -0.5796719837564673 -0.3261213575297685 0.2167968077109233 0.01010639521569579 -0.05646953984273423 0.001148515265383242 -0.03777320853560844 -0.002350940546941311
17.32894658374842 10.21994182524261 -25.14535797079446 -0.5737601295463479 -0.2832845396917315 0.240647523993754 0.02776075039226534 -0.07511571910128835 0.0058552310363457 -0.05801789654979882 -0.002683506135692519
16.88608173120204 10.42261691438689 -25.03888379851279 -0.6172826608031201 -0.299820909036096 0.2271234826468052 0.02169077302834672 -0.04419421411698591 0.003003869567441404 -0.03374813192161916 -0.001126250416779548
16.58387248302708 9.910382644570586 -25.0018696488421 -0.6366776624898562 -0.3567255819752327 0.2005415463744524 -0.004697660698118696 -0.02663296111941022 -0.000865484144095046 -0.03125554416294398 -0.001003928443665555
16.45078747714178 10.90430893544525 -24.95877732494376 -0.6633344457115873 -0.2952115523223491 0.2188137543220393 0.02414217782966658 -0.02221322126064236 0.00218586468889878 -0.02041714333042347 -0.0006580336038363939
16.93781067814801 11.10433226988611 -25.04156610159428 -0.6210942077027013 -0.2467480023712898 0.242201310141065 0.04556592156422911 -0.05839582789667246 0.006458577068448481 -0.03611654214564763 -0.001394067040175193
16.38240891831044 11.46727295594827 -24.94797228399804 -0.6737459807727209 -0.2564734958475471 0.2267244531098922 0.05142723208204555 -0.02434062937068796 0.007353738754742848 -0.0327704917381938 -0.0007404609924532789
16.88836633442775 11.75275280669867 -25.0430816226458 -0.6306066732330848 -0.2006113686791504 0.2371462516998401 0.064255513608626 -0.06278847693919826 0.01532517609787044 -0.05792188000028187 -0.001393441672905682
16.32057692271761 12.09906836247889 -24.9489338117357 -0.6808441185591774 -0.2092264589019844 0.2255851246553028 0.08917979016630163 -0.0326651124074348 0.01811223086738128 -0.04613677045927309 -0.0008760922095725989
16.82043695664419 12.3936054645026 -25.06926224454328 -0.6386817616682894 -0.1537693589314908 0.2254362813817658 0.09337472570897092 -0.07083218048337932 0.02731354716963644 -0.06652905745376642 -0.0007717958953182093
16.18925461792798 12.79852566289968 -24.97515721142109 -0.6904080013364891 -0.1576626503316774 0.2167420692379077 0.1130452716345215 -0.04520326121003004 0.02464404230386165 -0.04716935267756797 0.0002019420019913358
16.82298523558674 13.0369133637753 -25.16006819339155 -0.6384206644419311 -0.1001529585797702 0.1957198393048044 0.09106762222538109 -0.08005448283461844 0.02594816394389276 -0.05497606048761643 0.0008997793362335968
16.27149292561742 13.50003517570608 -25.07744056936096 -0.6803778002908579 -0.09158491729829066 0.2008233130930893 0.1120175332031909 -0.06777041888699768 0.02959833413337094 -0.05212903902088276 0.001544466819692828
15.73506506388085 13.32902132983596 -24.95855922067069 -0.7231369203991198 -0.1359175996029215 0.1982835051351953 0.1273333069554374 -0.03470172362631443 0.0241118123000192 -0.0372073899140608 0.001245893648901859
15.62568377541496 14.02307450577035 -25.04652261775333 -0.7243983852636974 -0.07735619720126848 0.1754077235777008 0.1418597291124016 -0.05274219198481424 0.01008153199658997 -0.01229853363967033 0.0004495817523290452
16.31918913088862 14.07226164444903 -25.20756162007405 -0.6733167090685401 -0.0383239561947803 0.1750455562721184 0.1134963960921303 -0.08093497581268026 0.03675349441903705 -0.05476363776843549 0.002694265979851855
16.03877560832379 14.67337831174127 -25.29456840204952 -0.688830770849115 0.002302716037266644 0.1466486454058769 0.1246249834292667 -0.08356427866067422 0.01806373679039119 -0.02088319288800056 0.0005559189214156463
16.73613814747411 14.41827119696594 -25.4683400002762 -0.6400069464918681 0.01525510317917281 0.1252779867778547 0.08858272329565209 -0.08372297678030838 0.04060894523928586 -0.05591732829545942 0.001601683194721292
16.52185557389624 15.21768693239765 -25.68455767773783 -0.6502837444906199 0.07713697827256422 0.08827653435827777 0.1113703888378667 -0.08844949456164093 -0.04287903930848872 0.03707614309823468 0.003888902795858514
17.23489207306153 14.77121901420237 -25.84848492003086 -0.600466792597633 0.07573129618485955 0.05684075104883302 0.08833096880909332 -0.06789234614957992 -0.0504285000603239 0.04016285587788662 0.01003397570969044
17.10918322654409 15.48936294693205 -26.12255399294679 -0.6059511257864397 0.1354730971501145 0.02471489050857801 0.1133085801151762 -0.07559204498236773 -0.04696104796891993 0.02083178628861016 0.01587181517823913
16.60267849277128 15.82759903415715 -26.02097630080096 -0.6400703569401581 0.1392325532897846 0.03358460126106607 0.1366568134393651 -0.09712113860528453 -0.05917971973331849 0.02645466688896772 0.01675930915798078
16.91771066953572 16.13964427074064 -26.41137569173112 -0.6148159328728867 0.1891230773436773 -0.01675538686902704 0.1161658993568193 -0.07172130392519098 -0.03821103965421253 0.006196619552702013 0.01896335622682453
16.30980050616395 16.33819677764946 -26.19683400763103 -0.655148736067145 0.1755579891729638 0.004137417493854592 0.1281225952985732 -0.09486460401463109 -0.06138834342947781 0.01759493903306575 0.02108605277795883
16.07329734669384 15.878512099702 -25.7847536818869 -0.6757908518347345 0.1166685348952748 0.04878808582266565 0.1587447476649518 -0.1075916848870077 -0.05993575348142767 0.02740951164999438 0.01326278445493703
15.77077396108416 16.38958042298812 -25.95069207999331 -0.6900774771585323 0.1531629285911803 0.02121947471898054 0.1468892712928562 -0.1107036188188151 -0.06559793120634731 0.02180767464238587 0.01636224554615363
15.82177687076576 16.92204652973462 -26.40102808933583 -0.680133841571158 0.2140342783130545 -0.008980496435422949 0.09480104445603957 -0.07679226434564149 -0.0594860812072434 0.01198048576528591 0.02174668396756986
15.17825426974789 16.69536154756291 -25.90306096959838 -0.7226439103003248 0.158410446704366 0.02416615263760139 0.1337571260825373 -0.108362899979808 -0.09326106867812878 0.03072261974902929 0.01712401664112941
15.39038261949549 16.02588509486202 -25.56695144594356 -0.7184176977479672 0.09907141695050987 0.06807994455287734 0.1951774471001325 -0.1267718497938018 -0.07811267858516338 0.03558204467324523 0.01283333656185055
14.86445301682751 16.30632672131642 -25.5142366762003 -0.7466368849745533 0.1047255159255623 0.0719995869632982 0.2133809153105337 -0.1448397937024587 -0.1118000559223867 0.04529922387664213 0.01116013744185384
14.8514110897249 15.8947655719376 -25.31457623538389 -0.7529609368141056 0.06432086159866286 0.1046868115137789 0.2334679148901399 -0.1187021724556236 -0.1055716164800655 0.05171521577555083 0.008608837213488946
15.13635663217375 15.52693404144691 -25.26942285357343 -0.7402225497788839 0.04090785311615591 0.1298493904231409 0.1849005829975893 -0.09666141210801929 -0.06400773173181022 0.04685779447192696 0.003648493855054654
14.42736826389493 15.3996741376981 -25.08696991196481 -0.7844650026336774 0.003576601025771184 0.1189465957937836 0.2048086109310022 -0.06635237738042066 -0.0591810396051095 0.03475962429821218 0.001200969363593659
15.19024023029202 14.87025881760696 -25.11928637310773 -0.7446363829689089 -0.0179234360872456 0.1501863985250408 0.1616943914850547 -0.06732493661945155 -0.02055634784380814 0.01935088564277006 0.000618579553226356
14.59636461236279 14.80697043977577 -24.99115469548864 -0.7840587318555371 -0.04761836426904426 0.1532036957750591 0.1774681554665467 -0.04416987415446075 -0.04518067455105963 0.03921145346614786 0.0008362713653637811
15.74202420796228 15.37856485708776 -25.42413401522298 -0.7026885337510148 0.05338513347728309 0.1093879850979846 0.1583754510454965 -0.09785890193935444 -0.03557606521086926 0.0265760599307043 0.003243459523004303
14.36109142797408 16.14246790022528 -25.30376713991722 -0.7770818967788027 0.07173879181636973 0.07287673858228966 0.2428129530697057 -0.1217713950706271 -0.08577817136353554 0.02858361298416024 0.005660098639409957
13.70630992609738 15.92049862776116 -25.10402003050363 -0.8154547635192736 0.03211519478428041 0.06610858885739183 0.279298786766721 -0.09559987056761846 -0.06491056665085658 0.01700509164966649 0.004794520125032425
13.10339735209425 15.80071433996884 -24.98842213530122 -0.8478360818921276 0.0070737102717278 0.0906663137267088 0.3237389715894279 -0.07716339295110006 -0.1307155722221826 0.03718486034154431 0.002419403274862498
13.09912746514736 16.31410542221716 -25.16507713166959 -0.8379456509782715 0.05639315259598303 0.06630432017359814 0.2755363656228101 -0.1293334985445302 -0.1185401608739147 0.02822234408858464 -0.0006451743858156502
12.62487219681324 15.99705291084869 -25.0200490382943 -0.8654939241972813 0.01829756725178959 0.08402839734909918 0.3282367018480259 -0.08978728927629587 -0.1418302059618684 0.03316630219909496 -0.01148678465132016
12.31429259515035 16.51809173852487 -25.22739234387441 -0.8679475500806556 0.06485109652247158 0.1006944471129945 0.2541221178017825 -0.1116296352111946 -0.1146375676786869 0.03772686358148936 -0.01752344725247913
12.26061378630831 17.12166742658107 -25.54724315099019 -0.8594657923424351 0.1225607236754841 0.0737512214004411 0.20711602845008 -0.1409100023160275 -0.1431944268807228 0.03715233696088992 -0.02033865129590487
11.63573819263488 16.90412318498079 -25.44564435528167 -0.8864501303798182 0.09671327095784456 0.07231296497325479 0.2424306011027014 -0.1274261227761392 -0.1536356572109 0.02779505577474748 -0.03430597843002264
11.78020169603557 17.4795493824118 -25.83199382465668 -0.8718345972361682 0.1549929910226927 0.05566943709521049 0.1876893904786308 -0.1539174582545631 -0.1635548708008686 0.02259732027057955 -0.03159960136285943
10.9536945662836 17.26157130930411 -25.80634520958643 -0.9032462063383647 0.1322326704646939 0.04500414756632819 0.2267254767529319 -0.1517774244874305 -0.1373268555894419 0.003622607740992798 -0.03530788998890565
10.25770796808481 17.3243553068533 -26.048447501286 -0.9232073757002001 0.1429549243116658 0.01734306594652487 0.2408270014657478 -0.1820467214416017 -0.1438100767917103 -0.01973408867308432 -0.0398063144998529
15.20028442324277 17.21310666448544 -26.33220770919136 -0.7146897126233436 0.2162265372023814 -0.01646808036228099 0.1014482320546728 -0.0834994387651396 -0.09137661146656956 0.01178203131057155 0.03233630868980085
15.473541769129 17.52867729182532 -26.78197643038651 -0.694455581832424 0.266933957897832 -0.06070169107639597 0.08325157929451719 -0.05295940729530701 -0.04848024562172543 -0.01149770857890727 0.03749344256259421
15.08441360427771 17.99005354206371 -27.09016557194902 -0.7119850045760757 0.3060069668196883 -0.0879071790368401 0.08037532910412472 -0.05240510189304102 -0.03769185018646384 -0.01682317833197109 0.03742413728275011
15.69710030539554 17.91164578355172 -27.31811637543817 -0.6767995361286292 0.3259493357937289 -0.07316319987232009 0.07579115082344867 -0.04513185038822227 -0.01241663703540192 -0.004768663965251903 0.01212045069371147
15.30441282281461 18.2756120785791 -27.54320957096334 -0.6966172975630313 0.3540310142870666 0.09508005636775733 -0.0759749803744502 0.0491075021749767 -0.01046292976495565 -0.005409963227383776 0.01188808381490778
14.74034993027738 18.40862171724127 -27.46565718822519 -0.7268217892728098 0.3477484614636014 0.09519557733846438 -0.07094951831844859 0.0564956427829084 -0.02167495647234436 -0.01062684451690613 0.02317684038896357
15.19019179776656 18.6491099653082 -27.98750826001917 -0.7001140513713934 0.4012233938186285 0.1005966616538202 -0.06459057584162285 0.0449527251605028 -0.01049722060292527 -0.006823622619645595 0.01368645911393439
15.80473630156883 18.32382052556257 -27.86077781880102 -0.6667345844560745 0.3849187469199636 0.08271637850702011 -0.06965570782516023 0.04195195641958258 -0.01636458325662245 -0.0083641568058826 0.01837835147373836
15.79090737340681 18.7876099537565 -28.42505058160818 -0.6649942492340425 0.4458411086701493 0.08903813723330316 -0.06204490443332947 0.0396716966019247 -0.03348224632079299 -0.02195056387984296 0.04081691339938597
16.3389576140741 17.85421790537883 -27.61842260895231 -0.6373834291460841 0.3526363641870614 -0.05753153058166463 0.06378508728384677 -0.03541270275251084 -0.01406651019952099 -0.00523406188774221 0.01342492186165144
16.14892786636276 17.38824669208689 -27.02447213681893 -0.6538622117683157 0.2857432215200801 -0.04596002087133979 0.07053816681358771 -0.04293607994276354 -0.01596499575513799 -0.00297087431504904 0.01220864854916053
16.57932744513236 16.77135373318625 -26.70711717718864 -0.6319867397048787 0.2382367922210309 -0.03524196022004015 0.08482336190963834 -0.05157684917171695 -0.02629355244831082 -0.0008676861832760224 0.01653913110199588
17.74272465222743 15.08702637796997 -26.29298599633064 -0.5600700439583164 0.1356988300782006 -0.003646540743388116 0.09791247242111417 -0.04721754911149625 -0.03142250453699996 0.006540455638713646 0.01598930142726789
17.84888183188571 14.3453924119081 -26.02273507384201 -0.5538916792890874 0.07480917172054 0.01008943441673755 0.0976639917264967 -0.0441607773828002 -0.05298788251274115 0.01664588741657864 0.02470712949595387
17.36173443713155 14.01383652393044 -25.63373106206236 -0.5933094311196789 0.01575131839024254 0.07684468551383813 0.07814808295134788 -0.06423391634317109 -0.0521809419609288 0.05808392095313125 0.008240490820356038
17.95639683508869 13.61884086824762 -25.83992658172276 -0.5452544621765634 0.01910540895492406 0.0228576307773586 0.0875437717195497 -0.03828579730671854 -0.06440880615130615 0.02934006242867735 0.02863482269661558
17.46255618522461 13.18530965183023 -25.46195680615285 -0.5857604835205393 -0.04845378706204118 0.1213160736086247 0.04612957122548685 -0.07038721987440023 0.02776834576132253 -0.06937931208229793 0.002391183518755778
16.8445628171052 13.70973764460941 -25.30612386301164 -0.6350128997185301 -0.04128893420604497 0.1583404149456235 0.08565652759418593 -0.08379342384797531 0.03567103649594167 -0.06449149343164143 0.00148041848505067
17.25655618359553 12.61792150315599 -25.24557800534227 -0.602602368576995 -0.1085066156762576 0.1897813818905048 0.06920153864954598 -0.08966533337156574 0.02850355681082951 -0.07724411609625106 0.0007141301154109445
17.74978463126887 12.4197398902881 -25.4539117923092 -0.5593542900736282 -0.09216787098769347 0.122075828549748 0.04578044507522599 -0.07189473203599105 0.02718556442201998 -0.07570023865785204 -0.002043130455971647
18.14483634472593 12.86582644299244 -25.76557182368861 -0.5269191386972935 -0.03013004152352752 0.0152738362432658 0.07328204919604581 -0.02458767393317113 -0.06210942449841722 0.02356799237007871 0.03166064425124879
18.33182408552582 12.07911806346324 -25.73940864604448 -0.5051946334559979 -0.07890322222999144 0.03454727229200023 0.0662936982093138 -0.030391616751962 -0.04183534229087596 0.03132124285683929 0.0207657284273718
18.76969719603413 12.56227358591388 -26.09578799455885 -0.4700847367529983 -0.01156007405480129 0.002037843665237616 0.07016686732050481 -0.01458402333991519 -0.01296129940502524 0.002004979228593607 0.007835287078468253
18.52844640048627 13.3340687875723 -26.11188082497593 -0.4961395834668014 0.03322882224217615 -0.003694754188427643 0.0882558048057272 -0.02082374698569046 -0.0313004197282733 0.003169590713197219 0.01898707934072849
18.31939032988507 13.9537959497737 -26.16374115634283 -0.5157194014631804 0.07083277336171803 -0.01107408545621379 0.1013104021860025 -0.02812210781604953 -0.03957950280107352 0.00235774683820005 0.0240796700302065
18.81035777722748 13.86439037194178 -26.45397140590407 -0.4743695716747736 0.09588987228982636 -0.01451099044878514 0.09493842183359877 -0.0225529637246936 -0.002797462888862173 2.79447208489753e-06 0.001811702467555102
18.40485850426593 14.59320013594519 -26.4758756628241 -0.508796151011402 0.1325137857347954 -0.02262723513097363 0.09642981961126088 -0.02817145245736729 -0.01494429454819188 -0.0006591452495179048 0.009746988001963133
19.05382475411567 14.42222402274191 -26.81767437217679 -0.4560596616437045 0.1593572574420616 -0.01981128755934989 0.09500408982903767 -0.02594851084386426 -0.00902026912290379 -0.0002754161926432255 0.005878467618745528
18.76040400046943 14.9963425302037 -26.88603272110411 -0.4805413572538359 0.19131535711868 -0.02596402011432879 0.09826739759567064 -0.03219171546832632 -0.003721796564933138 -0.0001853782257137656 0.002435911349263866
19.2610066808236 14.98574526766435 -27.20251527458564 -0.4407292689996716 0.2223853760151441 -0.02269051464380496 0.09686989292411229 -0.03319545926294799 -0.02065001870061158 -0.0003132363815627269 0.01320109396613418
18.81417043351468 15.50944842344331 -27.19736840472578 -0.4760635161061402 0.2424382145292851 -0.02988742042739988 0.09659799812801929 -0.03731560398435682 -0.001996751542731632 -0.0001039705551950521 0.001330124667723085
19.33563888511611 15.59309976167183 -27.57793905869249 -0.4355808327579297 0.2831211809152258 -0.02982631787874032 0.08692207172278128 -0.03254560842351927 -0.03837647679284594 -0.003590005167662239 0.02558189413411499
19.36653213081526 16.24625191426109 -28.00695843839507 -0.4335176639497963 0.3477802016921529 -0.0330665896856151 0.06494357262388947 -0.02404997614248005 -0.04904763018834392 -0.01184453017520621 0.03545166746982392
19.80199887818764 15.70613472719574 -27.91756085031076 -0.4001073556021796 0.3218205779685911 -0.02772285565724361 0.07588907349321401 -0.02818779110573936 -0.05294801069376529 -0.006965967112378508 0.03332042812916985
19.95569790728421 16.08397566242349 -28.22397812472734 -0.3895840408060037 0.3659459443685844 -0.02868263723096923 0.06040179857431732 -0.02137669150060628 -0.05830271042066402 -0.01400576479070553 0.03865434970548452
19.78156378912861 16.61513101052797 -28.46933175516415 -0.4037359642475924 0.4066382354840967 -0.02885839366876315 0.04696106586658979 -0.01619325833647542 -0.06258133705855162 -0.02287602116254896 0.04518636764566917
19.12412712931566 17.00232807715586 -28.40289636195746 -0.4513829587230263 0.4090328187360556 -0.03365673905267848 0.04502485048394529 -0.0150731008867414 -0.05486399327653523 -0.02543079834720523 0.04654153230295496
19.62671148753402 17.1548044100679 -28.75267809908974 -0.4162417741177888 0.4502357724858785 -0.0260216591496878 0.03363364881052813 -0.01060675278202651 -0.06589650043682223 -0.03449190112578229 0.05229194982201227
19.86844363536337 17.56437288979384 -29.11501828244263 -0.4012960738501736 0.5003324223152023 -0.02381398534361375 0.02861548309885583 -0.0087149948531138 -0.07176101390648945 -0.04332277379353948 0.05383980599366314
19.48907936417917 18.18057720162408 -29.36426568997436 -0.4301433175974456 0.5400787415591158 -0.03012567560708134 0.03317100402926542 -0.01097429132258532 -0.06693150933922926 -0.0439971410307611 0.05074838816172585
20.17097236193842 18.05256037529896 -29.5076547421439 -0.3839990600002479 0.55773461857465 -0.0232636763284155 0.02869344020030827 -0.009441747693970296 -0.07498692715260638 -0.04498395526108926 0.04805542221521758
19.80488002745842 18.72775032944701 -29.79391731386897 -0.4130639914692518 0.6024076644209668 -0.03108909992768018 0.04082938067244919 -0.01615866638284855 -0.06240421738932066 -0.03322574923645942 0.03611091242293876
19.14440801063583 18.71182468421799 -29.59820410710197 -0.4556511813449166 0.574937007686639 -0.03842468512041462 0.04098538125020053 -0.01550048854292745 -0.06084420720216833 -0.04015912956563045 0.04464261015416535
19.18353818639451 19.22998745917238 -29.9460952940603 -0.4564676605378878 0.62380827713605 -0.04408740084369932 0.05556046293664614 -0.02583897479597068 -0.04796582358303321 -0.02488576107204656 0.02833022947659004
18.66051917433271 19.64851187832359 -30.1150602334335 -0.4919946422597923 0.6440315986697381 -0.05597010177750066 0.06553203810275522 -0.03648917612339293 -0.03582198983648674 -0.01857353926875251 0.02158992385286538
19.22324790710312 19.73426686698309 -30.29400552230147 -0.457616621288065 0.6709827193198233 -0.04751310259707307 0.06993908984978696 -0.03933252282235897 -0.03458655382146244 -0.0140271483018722 0.01683768157380779
18.87299456363901 20.16346039409404 -30.54591038506844 -0.4824041635427107 0.699167528749803 -0.05371965632197622 0.07271899033678107 -0.047856813859786 -0.02438843071074403 -0.01007195596999012 0.01207175322728195
20.37649644678062 18.96526321751693 -30.06160853035707 -0.3781268504572915 0.6447814398421126 -0.02813323970050391 0.0514363846008412 -0.02267537189580241 -0.06031406511273874 -0.02205267608407668 0.02480753679256173
20.44931688252187 18.47678513463818 -29.81463235192418 -0.3690329820312975 0.6058724730482813 -0.02333297364367424 0.03378498673577037 -0.01258159189763266 -0.0708006727237107 -0.03560576815233563 0.03569101823733972
20.85998536785543 17.98001692362741 -29.65621501695367 -0.3375529873828353 0.5800099566969266 -0.02226716594014907 0.02940533279840362 -0.009407938081608535 -0.07534920721755031 -0.04390854802693007 0.04110016772975948
20.5732514004856 17.41400757566389 -29.27512629170183 -0.3522881085751878 0.5189083724334438 -0.02156429907936138 0.02761272980552949 -0.008237784126523968 -0.07637392189285509 -0.04483827665244704 0.04963020020096438
21.33509192581203 17.33244816213717 -29.45947363268123 -0.2996826896623712 0.545384926473288 -0.02250191974032815 0.02933488592019182 -0.008073573349991816 -0.07763594939579678 -0.04746810259782796 0.04390701766690606
21.00071497344691 16.66250066643114 -29.01366779027923 -0.3172996953879537 0.4726900161676627 -0.02518379584069364 0.03662439000097979 -0.01006557628973546 -0.07251992069178495 -0.03730026515710515 0.04572290801677735
21.54265097948539 16.1502101533673 -28.95602612880841 -0.2747740471439306 0.4550814260324702 -0.0201495183888026 0.0325533129308506 -0.008190568615381696 -0.07082225996304362 -0.03343381846444193 0.04134668670984511
21.0316913134865 15.91629875239501 -28.63689579045297 -0.3098493185756419 0.4089278964599574 -0.02249296463807215 0.04399547242486222 -0.01296995396420802 -0.06228622666493948 -0.02089840671734051 0.03712940066603591
21.65408846218758 15.60793572831072 -28.74039404858104 -0.2621203840668654 0.4146533316672834 -0.01761506782135131 0.03778359108417217 -0.01063829697338837 -0.06335454333485052 -0.0200127060850032 0.03382521425476199
21.16825241698548 15.24194307412268 -28.36305633662939 -0.2950247404879855 0.35767332715266 -0.01893705050054328 0.0611071822568709 -0.01994818340194635 -0.05468084101686958 -0.007802929248107301 0.02800650148386773
21.34532950946932 14.58615289576509 -28.15782107508473 -0.2763524552285467 0.3121410148092955 -0.01460378212384697 0.07409753805391099 -0.02276175649145529 -0.0495533031887948 -0.002601151413383592 0.02332538473681608
20.68419168112143 14.80280888365056 -27.93406068903864 -0.3285026200621953 0.2929790604031871 -0.01656093467927343 0.07869681371898565 -0.02586174987433527 -0.05432846551859283 -0.00218901797574377 0.02812885564003833
20.95179058131515 14.12425780529517 -27.79872741193689 -0.302390882718213 0.2518740788401725 -0.01134363184447171 0.08015860298979108 -0.02279641197954511 -0.05201911363677082 -0.0001419862419880435 0.02538576051744445
20.31182348466409 14.25245071867456 -27.51523131620166 -0.3536380354474445 0.2245770029961266 -0.01236396526203076 0.08478592557460589 -0.02513334579197999 -0.05528608953799588 0.0007916878811947182 0.02986786106822818
20.65170443632427 13.56468204220769 -27.466912736903 -0.3206217073846402 0.1891928059398378 -0.007292500845667306 0.07939602343496648 -0.01978057489684297 -0.05491437031469476 0.00192666423431554 0.02797858876925547
20.01983476750984 13.64312673658085 -27.14176463601038 -0.3724505164342773 0.1565155089780508 -0.007323773849184044 0.08336190119405062 -0.02138037398633694 -0.04948913180034387 0.002790112397864392 0.02783095766750872
20.37053074795681 12.9532131620962 -27.15393833833426 -0.3369424510184986 0.1240505934413932 -0.003343791080771463 0.07279010565160739 -0.01536729832720767 -0.05243498801072809 0.003456207842328167 0.02778037948751038
19.74001255837912 13.01625478249698 -26.80526298672377 -0.3901311713926154 0.08879549486510678 -0.003080562130345487 0.0749492335249211 -0.01616451986645119 -0.04077153038623398 0.003438544816333007 0.02371338796921943
20.10038098169003 12.29869853538217 -26.86892058035804 -0.3516343619292985 0.05720383714697711 -7.856623508274898e-05 0.06112740587710166 -0.01108669127385383 -0.04794658693445256 0.00471109637369583 0.02631480175420649
19.43464980695378 12.34663236134317 -26.47933914415716 -0.4094847164945882 0.01708369533752596 0.001284965454844766 0.0650943324970472 -0.01251519724494427 -0.02677256296764174 0.003581303920816003 0.01587835698904198
19.85043357024459 11.4661859279065 -26.59894676093567 -0.3618234048482976 -0.02050321554928927 0.002951695079346272 0.05542511839556151 -0.008470504628378206 -0.04122135071104554 0.005738806606471202 0.02318647898462935
19.01358218871397 11.62573552078351 -26.10814862657492 -0.4385885208943152 -0.06549151715276401 0.008077989292379557 0.06108046039335391 -0.01234107945149761 -0.002560658769419992 0.000642945099036223 0.001506060195870065
19.40993252478106 10.91866999308127 -26.28069088140283 -0.3926568155084877 -0.08928230072630496 0.006326136257014048 0.05294449301087169 -0.008023414569803012 -0.01983592825785444 0.00412316405651337 0.01156789853269239
18.87151343817966 10.74802979269145 -25.9427435086435 -0.4391895858674453 -0.1384544493597912 0.02389997349205069 0.05396340126627253 -0.01736450111931801 -0.009900476238125499 0.00616572509719938 0.00553441629030771
18.37547113981925 11.29402317536558 -25.67940799289391 -0.4929682603519041 -0.1343294219973838 0.05920847660429111 0.05956395164729086 -0.0394227109222867 0.02520527285751212 -0.03318934084294531 -0.01229044054938283
18.20460288614331 10.49119337820487 -25.54837742583271 -0.4969845538610786 -0.2031161678347735 0.09709234887128469 0.03967180962522177 -0.05219909402367151 0.0115767517846034 -0.03547051662520541 -0.005424721733063428
17.88856955192652 11.11657265256337 -25.39483735483132 -0.5356687885230038 -0.181273297449032 0.1468507057886638 0.04409778858138758 -0.07466307839735987 0.0125130861203267 -0.04894922077537525 -0.00429927170834688
17.49751429689679 10.68232725861406 -25.21553865462718 -0.5653570796917272 -0.2392088296898919 0.2050911724490819 0.03200788552723222 -0.07815281436445533 0.005492204854240744 -0.03904461443100747 -0.00157809820770736
17.42121712786034 11.40359452666293 -25.19912404413826 -0.5810332027362474 -0.1920610098696769 0.2069773907415158 0.04864370027755595 -0.08158601734592209 0.01200284016136788 -0.05479415553446815 -0.002219423702536017
17.8674755985118 11.72496925009063 -25.42696721843092 -0.5441302502965683 -0.1378467436990873 0.1342202602655541 0.05536104908077619 -0.07502003732728348 0.02379180494597816 -0.06581318795492944 -0.006000328612673219
17.34977376495311 12.05119019721612 -25.21458021056793 -0.5923518383782236 -0.1474971926599872 0.2024323149886892 0.06903740164153373 -0.08794446196725292 0.02434340815618617 -0.0747466999002642 -0.002642866525341541
19.11824629890167 13.14109985269608 -26.44528823290933 -0.4442247492422199 0.05746394529831415 -0.003456524216037391 0.08063596916924251 -0.01789745089706543 -0.01241529935403408 0.001165278066145896 0.007647854986117064
20.57063881668213 11.6899735808775 -27.02681337021351 -0.3035706726962973 0.04200186599478664 0.002802242218875639 0.05242930559521011 -0.009149503356475321 -0.05861801614123817 0.008237154575660736 0.02924819025015136
20.65165238858654 12.35679803406759 -27.17990533230485 -0.3063829764553105 0.09623336177697321 1.092901079647568e-05 0.05909553759478281 -0.01112052994777819 -0.05600445830896331 0.005301594857254854 0.02811813163024439
21.15652655236013 12.00814042524514 -27.3682365054153 -0.2601543988215417 0.1010966085557047 0.003206027624605133 0.05161609099625915 -0.01032431880853965 -0.06418789441065414 0.009670422740152932 0.02841458724033031
21.08994151828943 12.86391534160494 -27.50403212289403 -0.2775475935338022 0.1609468128519065 -0.001408887245975543 0.06669535263908968 -0.01468488129953269 -0.05660053286870186 0.004579069184868963 0.02622741001863014
21.83367530557783 12.35451066123991 -27.72905130563478 -0.2115846168149308 0.1659913205993635 0.004015828093272931 0.05206905460282422 -0.01221859046189613 -0.05547940067644248 0.009225237141153329 0.02107883404354186
22.34580835182806 12.82366848845751 -28.03716613743198 -0.178880554061755 0.2295325540970694 0.002047723667971352 0.05198268904416411 -0.01321189320632008 -0.04284980317217503 0.005561831487998795 0.01524190344929334
22.60474327127183 12.24726260027451 -28.00591191202509 -0.150320127597167 0.2010475635173372 0.006977152868930876 0.04163778469555576 -0.01140720286389605 -0.04474307940217859 0.01132928867858334 0.01398652937451541
22.95222634738914 12.85073240800694 -28.27058604764828 -0.1331475187548131 0.2645253538449263 0.001704378267178061 0.04224938730168581 -0.01102918409130036 -0.03882041845819055 0.004882435986294461 0.01270404503704546
22.2292583065175 11.64433267100186 -27.75277139525122 -0.1694511200507707 0.1364669905692273 0.008435547135890842 0.04087828931408719 -0.01023208189534681 -0.05644345614483928 0.01616120207134012 0.01803258232297732
21.64703270728881 11.64679637377477 -27.52620944285684 -0.2151470632155677 0.1036286033922553 0.005679289709858868 0.04461863789191452 -0.009547543920453479 -0.06626197564954878 0.01383720168424177 0.02525006817813326
21.20388028439644 13.56033974821637 -27.73866367326136 -0.2769424348803582 0.2214131021531099 -0.006458703154381575 0.07523767597428509 -0.01901395113722361 -0.05184947240810118 0.001606961434796323 0.02397105112136911
19.40191534719159 13.7377343190878 -26.79458573102628 -0.4242258549270766 0.1244565628413772 -0.009255241914905368 0.08692106166023165 -0.02183737906766157 -0.02795108468773588 0.001333669493330489 0.01715489838191776
19.66182390467493 14.34630330252894 -27.17301613366716 -0.406291607195701 0.1920820043363408 -0.01366764990869858 0.09026101256402391 -0.02724842361362808 -0.03983414587207171 0.001173950936024761 0.02386931330780884
19.92501630988637 15.03744799901092 -27.63362806623863 -0.3885081617318057 0.268501135560773 -0.02120513753490258 0.08719207537984094 -0.02988780241346148 -0.05181941294377355 -0.002096273566441405 0.03064993949558863
20.42330382384137 15.57976446041493 -28.17785466868596 -0.3528389156694053 0.3460523247610917 -0.02387145511986301 0.06627228580647143 -0.02303460130855643 -0.05691795139800928 -0.008971384516397455 0.03317444714260469
20.40084986695176 16.29346601746074 -28.5651183990975 -0.3578384912290229 0.4095547385396196 -0.02767058295446458 0.04922523753723763 -0.01573216697064003 -0.06597092809470513 -0.02329950300570054 0.04313013393124188
20.20892360664543 16.94285210111001 -28.8680833125428 -0.3746121588933192 0.4593764432141496 -0.02444669227778899 0.03432944596630167 -0.01072389821895101 -0.07167273637489793 -0.0352304560083555 0.05060839667408759
24.27221487666015 14.27516290847331 -29.08937676978189 -0.05644537185339059 0.4394354249538889 -0.01003456969809059 0.0303828820045078 -0.00637342021283426 -0.06455719035051065 -0.01675909868471409 0.02174874770792632
24.91091786761129 14.52755762822597 -29.31063024102928 -0.01450100341500188 0.4887771216214478 -0.01057511534294744 0.02452074216447288 -0.004694293417932544 -0.07526263481400251 -0.02810875323902979 0.02272196131279405
24.45255376274546 14.87235933011624 -29.31335806267636 -0.05219057376268013 0.4930163321564734 -0.006872593286671072 0.01559147062915331 -0.003059326585019634 -0.07700628578593399 -0.02886589802939708 0.0258785975325668
24.91025227386291 14.93317060697736 -29.42534143490807 -0.02067742613552036 0.5188403031602975 -0.003352241674147503 0.007370938191440084 -0.001443395456017298 -0.0800528266769671 -0.03189862805756935 0.02302460200855563
24.78699624978134 15.31750326522841 -29.50710396583073 -0.03515071601666173 0.5415544893134394 -0.004884214405401464 0.01014734904624023 -0.001926868115309108 -0.07372042507963945 -0.03138393182443788 0.02159081420766699
25.46265723979628 15.02028007012093 -29.53073283299884 0.01680936156749659 0.5501891799113846 -0.008468195204115504 0.01837731304870635 -0.003480103477114465 -0.05917466504314307 -0.02455483791076296 0.01432447969003663
25.24917569236126 15.74834576245458 -29.69041736478504 -0.009457432376882333 0.593705120191414 -0.004076410668162974 0.01040507537682167 -0.002183212545363486 -0.05248465721536678 -0.01816035528049063 0.01144604590941051
24.5769523809403 15.91612774451422 -29.63839191297178 -0.05874713187891603 0.5763049294606308 -0.005681284984571084 0.009939070798222958 -0.001884351956275857 -0.06217818119131135 -0.03190305642555209 0.01919239691737239
25.05447253984056 16.37054395687489 -29.82799029810288 -0.03257139010470058 0.6303051417116882 -0.00240664815119076 0.007444615247775259 -0.00166525388025617 -0.04009773093998806 -0.01118224683482785 0.007958909389048785
25.70672441100476 16.22369175519766 -29.86151922782651 0.01476189766310292 0.6480087980639063 -0.00125774858468706 0.01545439849484938 -0.00384410995945278 -0.02242917265880304 -0.001174155773297202 0.002618132430629252
25.85907929319054 15.66261066416265 -29.73606191571757 0.03429608381624824 0.6143260126030358 -0.004683634757496185 0.01569250453025153 -0.003425408788331929 -0.02926675800836444 -0.007653037781921319 0.004956919314873242
26.53270250951726 16.08367010905753 -29.90341077441862 0.07426569449286664 0.6742292284197514 0.01011119718344988 0.03601869034153417 -0.01024836644282517 -0.001393666360770259 0.00039959126075911 2.93820975719837e-05
26.02546992362231 16.75325946279143 -30.03106447898749 0.02815910618764772 0.6996778665868801 0.01572327995178229 0.04635395792766065 -0.01442726061101169 -0.007027325675310183 0.002403523210578136 6.378237011556086e-05
26.62917497449024 16.90703715943358 -30.1381772121653 0.06718730922686394 0.7372044435817456 0.04265165163958345 0.0737169543198094 -0.02747304077144009 -0.004921098717071844 0.002748096878471739 -0.0002661393097570147
26.15687524583367 17.30591708116697 -30.20623540949055 0.02801623170824393 0.744738303587159 0.03917110293880713 0.07735267349649591 -0.02934743295094969 -0.006226615602383257 0.003061384706662723 -0.0002418306593135936
25.61273095112792 17.25602556118829 -30.13031905788185 -0.008370429336068953 0.7176433262143274 0.02433961292485633 0.05695589361128308 -0.01985847750066436 -0.02153376331731431 0.009151030844608072 -0.0001469561168390544
25.84814952583827 18.03575784657409 -30.41862686740651 -0.005256540334878925 0.7834505982904322 0.05225856886356058 0.08902007678839961 -0.04189329952587753 -0.01496130414426974 0.008469306940660091 -0.0006664070155816328
25.21285357098523 17.63522879683911 -30.18986583219561 -0.04168974998289541 0.7275085873862309 0.03247024506003791 0.05411143330173036 -0.02063655593143762 -0.00946361752719123 0.005558600784692344 -0.0003150779942227696
24.92586942389224 17.07084402394873 -29.99662208490644 -0.05224944232741 0.675173237531257 0.001485411950926941 0.019044924115523 -0.00537939220851744 -0.01487639881828987 0.001565514210114183 0.00143464511283168
25.47239999405015 16.73230846842541 -29.96953876832875 -0.00951364577661077 0.6742870284041478 0.004134467326390025 0.02834919244457718 -0.008040675879875298 -0.02057923251785958 0.003381580605499551 0.001340797100386314
26.63984673940155 17.55289449030153 -30.35459305695037 0.05693511650332985 0.7839415269404812 0.061655835534438 0.09836467977721351 -0.04609684555246928 -0.002782487087515502 0.001654765724538102 -0.0001906001492890303
27.22799816358242 17.14792009393316 -30.2950120368539 0.1044777462036757 0.7817212444529017 0.06909375707016027 0.09792648778397438 -0.04659673156389214 -0.007865446858136019 0.005223442751386772 -0.0006854530480650592
27.15487748506266 16.55727508571211 -30.09152414710926 0.1095241317641195 0.7358736502537034 0.04785825398756051 0.075206573205939 -0.02817783930008617 -0.005465319817764758 0.003343783438046311 -0.0003579468935209206
27.53917463537926 15.91752285410192 -29.95459422360698 0.1471605423252858 0.7075531838207854 0.0405341767299744 0.06326139620769049 -0.02140932679660461 -0.009212869870616234 0.005708974958471442 -0.000573505596641037
28.19986967081173 16.18187687374244 -30.1057613103378 0.1890046471178827 0.7573063914765181 0.09731846876955973 0.09977366482490004 -0.0470763672220544 -0.01322461155254526 0.01203590592107736 -0.001829633597810421
28.3392451713658 15.58163453356782 -29.94998546486237 0.2089321703604618 0.7202093683791077 0.07005202852756395 0.08258609158474263 -0.03216708251394911 -0.01224038514897343 0.009903233486249814 -0.00123090000302544
27.71520535156221 14.89599509749089 -29.72446486048109 0.1765650954212745 0.6421563465850685 0.01389599789683218 0.05011554231546226 -0.0122021238317448 -0.006712341013779499 0.001902085192641369 0.0001679506270704157
28.65363778196095 14.89880233910678 -29.80787763792654 0.2423377525975836 0.684974086924385 0.05425291719512509 0.07517063847180164 -0.0242895161199197 -0.02612967471443839 0.01840392692361094 -0.001407032614937026
29.46148508200909 14.83331428658382 -29.90526064306506 0.3003924492574795 0.718067088721092 0.102257376026267 0.09091621187747154 -0.04250992796755314 0.0361160362140339 -0.0388535827028429 0.003780541303877991
29.00925236029749 14.26445065061549 -29.71037854408292 0.2777268542262454 0.6551724664733155 0.06149494235257463 0.05676768168264026 -0.01870227718677138 0.02639777868816996 -0.02779914363049731 0.002418793259623173
29.65992532707426 14.22208574027115 -29.79164888409058 0.3241730875744875 0.682064357250064 0.09509427100652812 0.06804338408319752 -0.03147568909246646 0.01712532319814767 -0.02298789176275138 0.002044313521274892
29.41625396583916 13.65815404179423 -29.65035530377274 0.3161899194925922 0.629631945025885 0.0669719638099836 0.04569115173170975 -0.01693579016618102 0.00497367985667556 -0.007063191275696933 0.0006124168387769814
29.90647346330567 13.05178325116689 -29.60479705726836 0.3602293446607047 0.6071608956105943 0.06408665221907549 0.04919542335181826 -0.01772812560618979 0.009410602739070659 -0.01188782526753309 0.001030420730750579
30.73428266352462 13.06373034804326 -29.73151414466764 0.4177642633038541 0.6445066460378791 0.07650119725343583 0.06664766897535433 -0.02939546005230744 0.01173077984469533 -0.01297518327975242 0.001110817202863007
30.33675814215166 12.29478213637998 -29.51537730117836 0.4021133777466987 0.57014573237169 0.04916563123155052 0.0363771062708551 -0.01258832983739485 0.01151257172702135 -0.01499564271583202 0.001630459929874069
29.57997080153354 12.49862192038114 -29.47392542828871 0.3465372234488611 0.5527845797820683 0.0342879988864342 0.02162858883973898 -0.006839135404648445 0.008512975495477965 -0.01306857277652851 0.001350771180399493
29.13033374570134 12.98423392370983 -29.50920660654389 0.3073122663390569 0.5682442167599244 0.03245588380641066 0.02127891315332151 -0.006478532937951682 0.0024476085021629 -0.003628195997226008 0.0003450209550509219
28.97473532148647 12.29702693206151 -29.3917403442334 0.3080015598729058 0.5124253708216214 0.0009718593081169876 6.062167468700273e-05 -9.167885674592578e-05 0.001635086148190146 -0.02127941111257505 0.003262258772740657
29.58976771568122 11.86468164039653 -29.37141138502746 0.3577252784447985 0.5077522010900255 0.008665920551859886 0.002321519416233276 -0.001139527287591812 0.008144536969107542 -0.02830246747178085 0.004278249933991955
28.89376170731846 11.60190529871352 -29.26849620639556 0.3142024354356841 0.4596849966771558 0.01406608423046298 -0.005674319124241312 -0.0002146986506671484 -0.02170078242633943 -0.05425887509792618 0.01228297962724732
29.49376147928363 11.14328686849417 -29.23039493331909 0.3632953667548622 0.4524390611002263 0.0129842673084403 -0.003187692150448957 -0.0004506847495056391 -0.01351863187289902 -0.0569031364764635 0.0130027732383994
28.81808319588119 10.91161976474734 -29.11529558879543 0.3208696454264845 0.407621079707592 0.01891592770670059 -0.009684658723815359 0.0002091379459167602 -0.03975403114803421 -0.07714578605086737 0.02320845861680369
28.23131671535961 11.3525325781638 -29.14934903691623 0.2726725374880544 0.413465216556729 0.01750120099125626 -0.009874087951700163 0.0001018728059339616 -0.0412675992706808 -0.07292230646380307 0.02150997587913912
28.18236423157038 10.65889677413184 -28.96439947797822 0.2813483473800791 0.3620007474558063 0.01805446047756563 -0.008518874831320777 -0.0002165785545891708 -0.03507886721627067 -0.07502985285257115 0.02696436551908883
28.76864556390095 10.25279999726478 -28.92867411726118 0.3289630387380797 0.3586443266038675 0.02184783131589257 -0.01086627886642838 0.0002437612541567504 -0.03825648495569337 -0.07627216662914144 0.02882573662633459
28.16540208695121 9.948994800461509 -28.73032583479054 0.2926682886867434 0.3102030594896587 0.01424913263545889 -0.004639970824863316 -0.0007694317848261012 -0.01430662143655538 -0.04705280103530907 0.01880176761923749
28.81829639936424 9.595632982352566 -28.71221219926473 0.34399109556955 0.3135619929663374 0.01710484653211903 -0.009992017181164556 0.0008913077505398299 -0.02526737473162604 -0.04156327359276327 0.01895374880274534
28.17341102108709 9.079302123663323 -28.40715453794857 0.3089164440138079 0.2478092207774759 0.007742474540495601 0.008609014453090806 -0.004507105444904022 -0.004838964084068496 0.00399571930273513 -0.0006803370884076544
29.03649197290608 8.948121194733114 -28.50364508782375 0.3706020168327361 0.2764629028513903 -0.001600304138051852 0.00279904655691095 -0.000790881399236722 -0.02127093317378465 -0.01011332868478945 0.007247969859571286
28.70196786685214 8.519751270148081 -28.28294680152893 0.3556226424744596 0.2313562638833614 0.004595554821829736 0.03400440556682775 -0.01335071786801512 -0.005853320883486409 0.001028124483127217 0.0006038255745733086
28.21906825399994 8.282611696741503 -28.11711001140939 0.327035768333676 0.1934372527672588 0.03084621037401298 0.0668334092404953 -0.02775619168240025 -0.01354014019385691 0.006207911613909811 -9.965760158065573e-05
28.77884065933704 7.964976815978883 -28.09736816267635 0.3713913884127816 0.1960631036509028 0.02006478068473176 0.07801759863516501 -0.02892279300644037 -0.01254201054799094 0.003553253724553079 0.0008838576528333276
28.29636308336616 7.734948447972181 -27.95021104889148 0.3429943369419626 0.1593741688057188 0.04086556689597583 0.1037139218185683 -0.03502087727481176 -0.02083401600319551 0.008360362615955297 0.0004480790104860662
28.7138159401737 7.35418902755816 -27.90643288666406 0.3789477401101025 0.1522265237208783 0.041065647507453 0.102378069563715 -0.03183781802390404 -0.01471594919184298 0.006047042604478332 0.0004637430289705648
27.97278292575794 7.18088077215894 -27.78049427358639 0.3321700457784554 0.1090032734489528 0.04697772932527121 0.1054937426005255 -0.02604764700389272 -0.01727887406770973 0.00772927473783409 0.000140813129222401
28.59599509686895 6.695257596367994 -27.74937856527343 0.3843938684576497 0.1047197845016841 0.04469645324485415 0.1015369756936845 -0.0226216478669048 -0.01497192579060006 0.006669786543166606 0.000355322170952425
29.16591021059036 6.9550282992854 -27.87000887512561 0.417479259923876 0.1454686334211019 0.03910261319977128 0.1006824834169992 -0.02851307159926983 -0.006275370893463586 0.002514459664166374 0.0002728097069743151
29.27721851519304 6.285153287290335 -27.75499020635326 0.4386051032987556 0.1075929266588183 0.04147858350559239 0.1001464761560676 -0.02063039766120908 -0.004975518517429695 0.002098708867477804 0.0001842348028856192
29.77968988395698 6.858819071082737 -27.93443735951865 0.4606350087803193 0.1649523955804777 0.02686501310818872 0.08912346562566067 -0.02553227004712947 -0.001296264805212503 0.0004132646993989062 7.862251353892033e-05
29.97414949173742 6.28853274686714 -27.83175242702293 0.4850040711761666 0.1364157993813035 0.03628154474662617 0.09851125954045532 -0.0235166981774578 -0.01057929300831277 0.004020175583835332 0.0005187576749328157
30.55983138695492 6.646085372959659 -27.99390297657035 0.516949634010141 0.1830907242312533 0.01372149155037979 0.07649797694001226 -0.02057824775991452 -0.0095009089900275 0.001944280450104997 0.0008925385107490428
30.23708049172295 7.405598198670273 -28.15491317593406 0.4807164029834414 0.2199558949154216 0.0007726967893539248 0.05844227530655938 -0.01758890262368472 -0.004331472747917683 0.0002316241186753424 0.0005793269565352151
30.98759796885818 7.319164490192218 -28.24020535996512 0.5325974908907983 0.2444714887889682 -0.00797449337210053 0.04844488693042582 -0.01291943189297015 -0.007261471562459675 -0.0008439929826403814 0.001317349893822021
30.67401178241481 7.946670562799278 -28.39116843476782 0.4998798452237545 0.2744254139286865 -0.01141469638060692 0.03270233615954161 -0.009051594317178089 -0.008237089512728802 -0.002343797515782709 0.001919686299205819
31.25492567971219 7.848481139233938 -28.44014069322814 0.5405787125587826 0.2907098771896017 -0.02171333087535964 0.0318533658231256 -0.006861262059350319 -0.004629933208775234 -0.002822135797285495 0.001550261110488222
31.13515249838313 8.415603292214618 -28.60851756051973 0.5221789622532391 0.3250602065539372 0.02049852096599226 -0.01620686480799825 0.002600353887730623 -0.006586874716577268 -0.007783410880740479 0.003413574448748083
31.75557630100346 8.127776419356216 -28.60138465258733 0.568866069389344 0.3292600496761069 0.04028160956969895 -0.01994041008652952 3.472451933674365e-05 -0.002286623924639465 -0.004616110671393499 0.00177835068267798
31.73789075828282 8.878728671368735 -28.83494711905606 0.5541098426693203 0.3805637089392723 0.04527740262452129 -0.009816902830716182 -0.003210883380633792 -0.003145460043833891 -0.01630287695626175 0.005489298740352578
30.93374157138827 9.091048166007203 -28.80561350796259 0.4965220469582622 0.3644923939272741 0.01615426766683406 -0.007238439289188541 0.0004606800821799012 -0.01507109278432001 -0.03285713113236185 0.01221697696253103
31.41230898985639 9.625085071454484 -29.01947723816919 0.5191927506605389 0.4206635892294879 0.04176552818529487 -0.006524105987273709 -0.002975540460775619 -0.005862436204225312 -0.04346026284865066 0.01300322312781456
30.67002218618305 9.761781031682242 -28.9860350197264 0.4669631087829901 0.4016759144411878 0.0097582402697494 -0.003148305894846735 -4.523154617018159e-06 -0.01765818191045404 -0.05475735058652918 0.01771061026849038
31.09887541873393 10.32871837314913 -29.17508434910946 0.4860827285472668 0.4586338167395333 0.03393483339896578 -0.002330381839684357 -0.002535762413680694 -0.0024103785595211 -0.04840805284012847 0.01223042514551354
31.77184004269294 10.11494631807037 -29.19229002875495 0.534772673986546 0.4691081695848882 0.06804361609803235 -0.001568187356385064 -0.008448659849690877 0.0003488951348159696 -0.04099608034563634 0.01041935916907379
32.25392392513838 9.551866241334853 -29.11312483565366 0.5765679433497387 0.4474344092281297 0.07694157345939232 -0.0007968091944156958 -0.01295222332191005 0.001189504125469561 -0.03222986651561767 0.00904889995420627
32.85970607311454 9.13037376406842 -29.10341961723121 0.6241866459548689 0.4406506394140547 0.09248894359274958 -0.003920800207106495 -0.01983260224505205 0.0002054999567994846 -0.009535844122768205 0.002843530709052287
32.40596241523685 8.888089524544323 -28.9387776856964 0.5983954904268206 0.406524137514792 0.07701193431780749 -0.007203691243837535 -0.01182908151559419 -0.000341064865299659 -0.007413282501572005 0.002294086248735767
32.9063011168421 8.41625247878893 -28.90201912517686 0.6402512813551097 0.3930853058779615 0.09058009047245123 -0.01070173357622853 -0.01830825004220035 -0.0001407193317494351 -0.002556046326904006 0.0007978783862065867
32.25068281861608 8.419745818783019 -28.76965542476455 0.5965217295976629 0.368229054411533 0.06742890576079681 -0.01317301053714511 -0.007817717858874982 -9.204338606108249e-05 -0.0005867578554461503 0.0001948116618455969
32.4292884793123 7.754123096325882 -28.60183594252271 0.620613179950231 0.329774138791691 0.06810447818735163 -0.01120042649051633 -0.009815748953623396 -0.002230754460197265 -0.01882031976383221 0.005997630934238658
33.11760266315741 7.726606431299693 -28.74435599687084 0.667099333356772 0.3544246911979569 0.09294331357222854 -0.009723890125814576 -0.02144939328969883 -0.0006162546153276646 -0.01819354603715891 0.005577560870638033
33.57805306704007 7.159743642528619 -28.71566067454421 0.708889991525339 0.3350397119565676 0.1027971397271119 -0.01059511167188574 -0.02956237470930205 -0.0007671216374508874 -0.03516547823051501 0.009935746420344949
32.90976071600795 7.234278204942629 -28.55022042295567 0.6623329736533258 0.3135705922737868 0.08758944892573868 -0.0111660956522616 -0.01774415570478041 -0.002500066495712316 -0.03662977044666998 0.01070955851900927
33.0703262838362 6.612277534914582 -28.42822597465394 0.6848059610629282 0.2793621767296995 0.0850049444054944 -0.01107588291687677 -0.01917591053191881 -0.003385286893804185 -0.04766123749430822 0.01252217784163358
32.3275353864981 6.878494829742998 -28.33430380676942 0.6301276544145326 0.2677601402095492 0.05820332402910607 -0.02367074479073664 -0.00486740838758908 -0.01537183755366072 -0.04061254773436815 0.01369049098761756
32.60546367858421 6.215749816454742 -28.22468440289789 0.6611290422691906 0.2358410834114248 0.07308158619028886 -0.007763433285971749 -0.01415444228585359 -0.003576332345118028 -0.05836017960598803 0.01354425109318214
32.06597873540198 6.232993496446014 -28.12394505172842 0.6249193091023565 0.2159778380301018 -0.001115636259485486 0.06607080141869184 -0.01444383507374352 -0.05246087549624369 0.001072452343253833 0.008957803799996177
31.46730490609494 6.638266861954706 -28.12687440594079 0.5774727629002947 0.2186801482872451 0.003490970976690612 0.06111336690154238 -0.0158709102816866 -0.02467025812912782 0.002259739711897699 0.00327499469636062
31.58175277450395 5.860881071459845 -27.97022429822921 0.6000619056441464 0.1737331453923891 0.01916852591313282 0.07598832787715253 -0.01717110002412135 -0.03332758265005845 0.009158482706656481 0.003325189128286169
31.00334855398786 6.093534186029898 -27.93124745386812 0.5572365977713316 0.1655638762916329 0.01873775932870557 0.0848051136585605 -0.01951807306172045 -0.0151792308214547 0.00367733118647439 0.001405452024648982
30.94816521362012 5.404376109329677 -27.8116278598619 0.5673637273859069 0.1207289782991865 0.03395874215822728 0.08076851353962108 -0.01483454561787557 -0.01527054224196733 0.006601662592260528 0.0009867553906119785
30.4287497172744 5.919353504705241 -27.82236500504102 0.5226422538528595 0.1317407918350559 0.03165606271084736 0.09668392565749494 -0.02031731471306978 -0.01651594759653094 0.005640902368427011 0.001110122705872304
30.25706321629442 5.355023070452585 -27.7255602615132 0.5228424384742242 0.09022580999433941 0.03849167574270599 0.08416449314807048 -0.01282850919350903 -0.01696076639234393 0.007895240263716449 0.0009081783845889359
29.79030694666933 5.729234635748879 -27.72363356098458 0.4842438545400078 0.09420747126750408 0.03899236403480066 0.0948233509319989 -0.01568720910878446 -0.01461038759035046 0.006107538439263448 0.0006020005903524951
29.68078217695454 5.03769081761806 -27.6506262006939 0.4915641039407982 0.04791596316543879 0.03219189446049235 0.06549605296629049 -0.006819299062239154 -0.01433209162675968 0.007101967043371568 0.0005533748492797297
30.4051033964169 4.683892938810927 -27.68670372045389 0.5466079438878854 0.05590228432738503 0.03562971171861559 0.06179928173709152 -0.007245650897182485 -0.007311170814522304 0.004255524164354104 0.0003441275822306346
29.61978672281328 4.326537728590818 -27.61315885043996 0.5028835759781566 0.003314592113972463 0.0257409091179213 0.04712917437812894 -0.003070750592607415 -0.01195412921003253 0.006561936065003104 0.0005042661198394091
30.14448388601981 3.986531361400352 -27.63523364460553 0.5444717302834752 0.004496850543950678 0.02476395046423864 0.04953786426147532 -0.002859814215896971 -0.005345410943031497 0.002687330687549516 0.0002626502858537281
30.29601359051142 3.340705692443366 -27.63693278342354 0.5682851835023581 -0.0268630872999105 0.01256005018737716 0.04236627604561911 -0.0007300149078508229 -0.01198026902940789 0.003562951713088428 0.0006523367415529327
31.01400349182011 3.391165653390166 -27.67697216760631 0.6134531571002029 0.004175466208622858 0.02107810662392608 0.05492443230500167 -0.001847783907372358 -0.02738762021550902 0.01056956046180888 0.001757742876313833
30.81911490148857 2.821713949619765 -27.67060882742939 0.6131799105907807 -0.03598851690780912 0.005754866978864561 0.03773083140838897 0.0003558470740042138 -0.02363376542203032 0.003590128012774463 0.001547466507871473
32.0514021393748 2.65556234621627 -27.76832122225155 0.6954132736722844 0.001886216867559662 0.06648909273350725 0.008445235129538788 -0.007050904968350491 0.006486948458181816 -0.05258222065519058 -0.001809398868671388
29.08166648396001 5.481872841966491 -27.6417535898456 0.4424792733767152 0.05014200388378456 0.03479683260284491 0.07684281125163793 -0.009013618901089759 -0.005212872828768843 0.002381047436520872 0.0001747262182330785
28.49763738564624 5.966169545687858 -27.64092504982148 0.3931584396702973 0.05520015237257892 0.03844945884217742 0.08886694513592781 -0.01211540639769553 -0.01191364878335319 0.005208124998285928 0.0003926248754593188
31.70763771700844 7.430047997244793 -28.3820194532197 0.5785427748376386 0.2801788654508202 -0.02810604585804768 0.03325518798171738 -0.005113654345596211 -0.01811213255845643 -0.014223880185177 0.007048309575043541
30.45734750552709 10.29113232746203 -29.11575197069706 0.4434525812683818 0.4309833787950719 7.097324179257748e-05 -1.508909250886808e-05 -2.134012178706177e-06 -0.01416272436253685 -0.06931415858488088 0.01907828401539322
30.58833929337772 10.73737563292709 -29.23082806314964 0.4447379402532436 0.4678990984551947 0.008435664735397325 -0.0001431594543904337 -0.0006336766855495673 -1.559161965909072e-05 -0.04901394309631386 0.01086560991129847
30.01955552057046 10.66090407832586 -29.16863246514087 0.4074343902233077 0.4397618791508537 0.01063637269395064 -0.002295397312359076 -0.0003669081742776545 -0.01319936274449098 -0.06373113733103082 0.016066526404836
29.92479639156302 9.969880277558957 -28.97722830568896 0.4129146476129452 0.386797729543668 0.0117221706345982 -0.004888160548269058 0.0002733840830020245 -0.02944304109298832 -0.06929159824471597 0.02351232287037825
29.37773291725125 10.47643307624793 -29.06651564183108 0.3668236014929642 0.400383880523447 0.02106649585162446 -0.008889846610677172 0.0001614917773405998 -0.03408812996011286 -0.08033210827445297 0.02462867142620534
29.27395612767153 9.9385562330899 -28.89906682629404 0.3691337368041956 0.3577776227595365 0.02286161715050072 -0.01234707107351998 0.001094980059720608 -0.04031816367469115 -0.07214753545075737 0.02824496562987856
29.49751770136522 9.412422999374174 -28.74594098656776 0.393699946242051 0.32941215225667 0.008159394887471517 -0.006775270653963807 0.001301294853952046 -0.03901640050378267 -0.04308305329690389 0.02032657858601549
30.20051377605518 9.265270246127887 -28.78116741081822 0.4440230425126105 0.3477738214972995 0.0008646464579682268 -0.0006023783712729521 9.984634852898016e-05 -0.03050543419242523 -0.04093682708028487 0.01719598590088135
29.73868938708262 8.77069435633851 -28.54660458617878 0.4216553841682588 0.2937149631146633 -0.005643696455492399 0.009290839844547696 -0.002530833740267135 -0.03092471144959207 -0.01599655643697476 0.01023703772506696
30.44310871349931 8.596788241391739 -28.5812037461027 0.4724251950503323 0.3103036926513987 -0.008770249859083708 0.01117921474741753 -0.002678227749371011 -0.02139264180193767 -0.01489042782225033 0.007899075591305938
29.9690804764388 8.098778461804814 -28.34023644474159 0.4496198424737813 0.2561737582445565 -0.006870530216649821 0.03564604102784005 -0.01113220743460586 -0.01825448349126042 -0.002405532843124009 0.003563557203659801
29.27866729321604 8.311867944175166 -28.30530149808898 0.3988630243799756 0.2418508003860508 -0.004403634823290196 0.03831564050329441 -0.01296778924803873 -0.01338237351826511 -0.0007025847586891185 0.002468508732984234
29.42361044802146 7.565706670409959 -28.07742561433219 0.4228542528000128 0.1967638880908653 0.01375997022046946 0.07482766757088302 -0.02490388120345951 -0.002423560545841084 0.0005202977374815058 0.0002242439704175458
30.30472102146101 11.35776545819238 -29.3352003613759 0.4151283601517789 0.5009233636515888 0.01403410248153531 0.004274785099262821 -0.002027363570975281 0.008909534859969318 -0.02704859781953704 0.004641684652636847
27.89492059337895 6.397008547591869 -27.64408912216885 0.3433869470775518 0.05606669941633 0.04292324909024192 0.09241633410973552 -0.01467571246549183 -0.02142269788011129 0.009983817188840559 0.0002136855521507856
27.32617910163891 7.435375824633215 -27.76871740279261 0.2827041295835478 0.09710796958869762 0.04765582021025092 0.110603270422426 -0.02670861813251802 -0.01210983674199994 0.005213260838419854 -1.873942917458764e-05
27.75486387400602 7.861727794500371 -27.9179264545913 0.3034359400993298 0.1441633368799338 0.04468292939444347 0.1045600553947824 -0.03462850972521376 -0.01349100069859728 0.005770091294994193 1.454390517326047e-05
27.09245637438687 7.986282747863558 -27.87861805683239 0.2552679374260823 0.1230867273279194 0.04815127148184899 0.1025229661485619 -0.0318659692355757 -0.001948812421087194 0.0009047079797411277 -3.403161427849316e-05
26.48479303005724 8.03068816704744 -27.8276289044739 0.2120882679090537 0.0985597226105132 0.05097835671006556 0.1025072152590695 -0.02880778936767451 -0.007171216072703998 0.003527852547671213 -0.0001369931737038597
26.76282896998887 8.664865420383647 -28.0387879873368 0.2187429909764581 0.1544465218628439 0.04231717356817558 0.07081696995080171 -0.02762567130104996 -0.01143643091914045 0.006634459044263265 -0.0005113050566037422
26.02244860160789 8.382319243752637 -27.86730203909763 0.172374958449263 0.1008450473700231 0.05080879542825045 0.0951127293743072 -0.02848138853664715 -0.01273815064209155 0.006727509173186189 -0.000257653546153389
26.04229931622783 9.0522838664658 -28.05595435572882 0.1603639255412122 0.1478306236018316 0.04123490744319142 0.06126758990492669 -0.02433610325077798 -0.01846956356707329 0.01207959450430342 -0.0008835885382041002
26.71723796375518 9.537454323284258 -28.32592100718579 0.1988955211170022 0.2139966591833734 0.02144285563161574 0.02430917843841745 -0.01205896392496366 -0.01948740255459581 0.01611666173035013 -0.002162934887356943
25.89675733110079 9.765450502003896 -28.25668462175469 0.1364343852416384 0.1913886596716162 0.02789732184123261 0.03156489846446651 -0.01484059077974741 -0.02762892922670736 0.02331646893945039 -0.002344324202371581
26.40802466760727 10.27438922360768 -28.5217983206025 0.1636168442455614 0.25250880541312 0.0009218705548586188 0.0007412460171282133 -0.0004260586516401101 0.02516093390806296 -0.02867443553202944 0.004554098276378775
25.66427376488422 10.52509374153329 -28.44788985647272 0.1059555789433258 0.2346794938124354 0.01209729159267468 0.01121662108544653 -0.005980395643338116 -0.03491460352995259 0.03590711137512575 -0.003279996566548853
26.24183632594687 10.82682917367033 -28.6687552639351 0.1420583576354417 0.2845945655532498 0.01979331180929514 0.01184806111130924 -0.007755489677989659 0.02886935685308769 -0.04342828631386964 0.007334055499066509
25.85625755317518 11.14767118634396 -28.6783665846987 0.1088778666089437 0.2890779317769452 0.01857941244833861 0.01182253300162779 -0.00762779056509484 0.0298078846657478 -0.04337360153782457 0.005378641100188796
26.38075281853201 11.35406193399723 -28.85039570774119 0.1428025022434273 0.3292059565385979 0.04239165306920244 -0.01034190661068151 -0.005787434521302429 -0.01056486530594701 -0.05246425595452702 0.01636620342906875
25.82720184981422 11.74841713572683 -28.83095268721015 0.09642783819327064 0.3308389384747319 -0.02113720278837771 0.02349950693407168 -0.001060442485685744 -0.02961462983482737 -0.02603552554511223 0.01334199962082109
26.46456032720511 12.01538748572829 -29.03273963820702 0.1373674335029094 0.3804657121845103 -0.02147494798028297 0.02436385118926128 -0.00152342019354189 -0.04823680084279744 -0.04134102317151837 0.01881047159092974
27.00571521404176 11.55417678767058 -29.01957451784187 0.1835609985659984 0.3727558786925729 0.02774509021053095 -0.01777430317147661 -0.0002537406332814132 -0.03742350457848592 -0.05871729652997768 0.02104715882489977
27.08952451997585 12.23756222693891 -29.18674323618987 0.1776687619704115 0.4251569793996542 -0.01785557127416548 0.01924200278978638 -0.001297089553174305 -0.05495710005902194 -0.04977834386968312 0.01808308875552983
26.59782838835112 12.6129496363286 -29.18496060507291 0.1365738976574623 0.4292117733018957 -0.006067880482276348 0.009476448814410402 -0.0008556013387541219 -0.06166852305938757 -0.03787446806607118 0.01786085265361359
27.12627201123842 12.92653501258156 -29.31686697185471 0.1684177835512635 0.4755501977992471 -0.0006212021608587334 0.001123642113373033 -0.0001177285019741038 -0.05430836188734418 -0.02880312140709801 0.01165454010284128
26.42661794906069 13.30500913165895 -29.28777396982074 0.1126896530219312 0.4704644479647769 -0.007980522006462832 0.016093726799364 -0.001957526896898432 -0.06052765191052321 -0.0282207929424545 0.01474540474509132
25.89427826372908 12.56881649910473 -29.03912968596556 0.08728460069817122 0.3929078666751528 -0.002457233676715712 0.004264180137977911 -0.0004423680321665128 -0.05071035599336104 -0.02748626536913909 0.01672997846297916
26.04527518306972 13.90425259831586 -29.356065746362 0.0757981067791577 0.4959242891500267 -0.0101111599678787 0.02227769003624621 -0.003329798586969111 -0.06322030457821494 -0.0264242121985678 0.01518416284832355
26.63970149395651 14.06682689338116 -29.46446106014154 0.1149830617267161 0.5346125107705137 -0.01017070970686417 0.0246716939222855 -0.003744659963487899 -0.04620302466602808 -0.01774107449711991 0.008602968474029997
26.13419000918712 14.53050706759222 -29.50217129430867 0.07181853174478915 0.5450313913368174 -0.01042694742511787 0.02555231189063469 -0.004317210263224955 -0.05139539960921844 -0.01920682481459731 0.01045081169921262
26.8378786607329 14.73364953645206 -29.61559032390613 0.1178256327253119 0.5911650870308459 -0.006236399260293354 0.03153915744536517 -0.006018844534676182 -0.02131374875278452 -0.00369207660067112 0.002737412746268099
27.22887563613681 14.27137105424308 -29.55894814662534 0.1529055332277276 0.5756598891106045 -0.006709870144258729 0.03248983046260272 -0.00556218322854671 -0.0200250932560341 -0.003707200834585339 0.002502515324688408
26.99005448678833 15.37851164890347 -29.77002332181162 0.11779947616451 0.6441158074352414 0.004397356734990505 0.0374959984174622 -0.009190446115383114 -0.002767413145230075 0.0003644297589979613 0.0001627075351088795
26.30788176187833 15.23722908216559 -29.67775199754081 0.07246494737541771 0.6035895850536419 -0.007427779642880887 0.02773222507707093 -0.005729780848382454 -0.0262873249084476 -0.006202548363386832 0.004057046887310481
27.7934295839584 14.00402707408509 -29.5573487249854 0.1969209036787437 0.5818439701346019 -0.004806795296322878 0.03318729894586873 -0.005440784188680685 -0.007252550877108792 -0.00092592517646751 0.0007595544440253713
27.16388235945941 13.63915956071913 -29.44011453758029 0.1589477933746666 0.5277330604884712 -0.008485857924861881 0.02161066616718301 -0.002908354694913727 -0.0392807699699886 -0.01453598423836285 0.00660123415874492
27.78637968542943 13.24713819875878 -29.43531384404299 0.2091871975394428 0.5277670658008825 -0.004018095750330301 0.009411541781859288 -0.001124519211999294 -0.02283700738820716 -0.009323390454768722 0.003569350777063904
28.54802180497008 13.61343281421147 -29.55467330015102 0.2562323961970402 0.5876150781450469 0.01809831979577925 0.02526323586621065 -0.005711613230747469 -0.01417426644880625 0.01007507373755675 -0.0003504163848043271
28.34042299529896 14.33930320446895 -29.65842536381202 0.229613491348494 0.6302715997234317 0.02061028004776565 0.05305329315462595 -0.01196043723014518 -0.02143047614602343 0.008383702209590024 0.0002587611188795192
28.40252383326065 12.78413265656118 -29.41815803246637 0.2600308576945142 0.5221621848206338 0.002980243483475235 -0.002485483286791069 0.0001239100034657495 -0.008198469383147746 -0.009720498791120809 0.002205614247031061
27.71952633178759 12.50864641689164 -29.3132285058363 0.2171186604244871 0.4725911963257384 -0.008786824601477608 0.00915961411832401 -0.0006237586051226665 -0.03964048303440108 -0.03730578982665911 0.01059277145897943
28.30373750110647 12.05603136643968 -29.29509277154035 0.2655730130198661 0.4663424805543753 0.01238023132185391 -0.007754163208711426 0.0001518806429597986 -0.03007600330075695 -0.04779591332122613 0.01139424658913725
27.64921952740228 11.80059114656641 -29.17359379542315 0.2244083093273807 0.4194431938867639 0.01772447041517597 -0.01235705761704027 0.0002978702030424599 -0.04500722060060338 -0.06408673970108265 0.01949041888330493
27.58103211965594 11.09614630440761 -28.99443252226165 0.2318559189347759 0.3663188381556837 0.02094306575939322 -0.01021645678821016 -0.0005500769226850957 -0.03345321253717703 -0.06987686568551765 0.0241441663790772
26.88461034439664 10.81071993559555 -28.78898901347322 0.1879216272031384 0.3138033866295517 0.02710816077775074 -0.004930819235946127 -0.003532969422427746 -0.007277854733836229 -0.05244523334533412 0.01735330874411601
27.5543440474058 10.3971118167015 -28.77932681187033 0.242218850944159 0.3149426198018235 0.01862960538339916 -0.004845674165353251 -0.001650837775176922 -0.0123681469099409 -0.05433544766334094 0.01991605670976633
27.01574986117827 10.14966825768276 -28.59709563720642 0.2088308152550418 0.2721861354855535 0.009457391430636376 0.003440163675347077 -0.002934771208723509 0.01409249218907749 -0.03170715017646893 0.008246103991852417
27.49925888211224 9.706760284849066 -28.52552304281053 0.250655298142968 0.2624586973552604 0.001862875320048243 0.0008791657317860503 -0.0006445095808797564 0.01158913291625206 -0.0205740404694735 0.005432220791078343
27.35027829132902 9.104502099860625 -28.27728926085706 0.2513311458982817 0.2122978739843152 0.02417150642630525 0.03126610156239994 -0.01508424654491733 -0.01094567957172531 0.007948532404846264 -0.001064285353496521
27.56674457975953 8.503568873821656 -28.09786866810204 0.2778331210357182 0.1797508022235805 0.03622853696005141 0.06416114522873864 -0.02676537068250777 -0.0005077027908539293 0.0002779643489665562 -2.087840917081088e-05
25.49107255122898 14.20755883541548 -29.33579831332774 0.03166454112987757 0.4922902051236974 -0.0119702474031503 0.02644738947284014 -0.004322089503961782 -0.06813778755960247 -0.02780827694079243 0.01854886246490609
25.24039419547138 9.927685066031458 -28.18529233096495 0.08625316633807679 0.1711227041999178 0.0300174246134187 0.03486092065999023 -0.01551498776167491 -0.03660323821797162 0.03071466854557986 -0.00180427603164223
25.26431942313233 9.240366658521626 -27.99638870443547 0.1011100759137828 0.1238443656304247 0.04134613001296469 0.06157678991955064 -0.02241412316223892 -0.029715927089622 0.01967659047612831 -0.0007592225088856287
25.53569323599356 8.679680319014924 -27.88431345056228 0.1317616895675942 0.09812306069884466 0.04860215430841175 0.08774326807564578 -0.02684891919737412 -0.01815682388604324 0.00996649571676342 -0.0002967661659230215
31.21684990534753 12.45630024012604 -29.66242975730879 0.4601436873189186 0.6189540718828943 0.08381942942436257 0.06252320605006408 -0.02893511100522112 0.003606337891365635 -0.004578489019432626 0.0005536309158411048
16.32488907281785 6.653426648003341 -25.15787308635837 -0.5581804914041862 -0.5613069832148799 0.1380745537390659 -0.03097296984043725 -0.0246406974949546 -0.01086988951445511 -0.04631894646600274 -0.002687416295036668
25.83741129397681 0.0507119359965964 -27.60966707627555 0.3605661139379162 -0.3939241834264007 -0.02214557410790177 0.09164306977919072 0.008815376486635173 -0.01405978320770618 -0.003405268458795832 8.023299062563325e-05
28.59518099039654 -4.035823420004503 -28.39349509580783 0.6380040179151961 -0.4858231484017517 0.04149793657991152 0.02257117588507052 0.006674209185922727 0.0004682992965297756 -0.0008183589781742878 -0.000144156415765437
28.56883599244174 -4.742082062392557 -28.541206712707 0.6541928078416319 -0.520790217860096 0.04899046298740049 0.016668780785314 0.006631450803745464 0.002657598890932716 -0.007260713233774722 -0.001382768738568868
29.15147524558208 -5.166820526204855 -28.60289358209556 0.6996244233366623 -0.5186591815646981 0.05879850016985082 0.00637822798830582 0.003387993130877615 0.001845498232460199 -0.01528258386145896 -0.003257599289501239
33.07586854997461 3.141304996488144 -27.9257704361269 0.7514144123218062 0.06836248616466009 0.1119876734543507 0.002600839433787778 -0.02442361039450653 0.001684364525796257 -0.07061968389757481 0.0002029841506003632
33.84239508917501 3.215533989879894 -28.13338523036578 0.8007298154769654 0.1019551127184867 0.1214247050346807 0.02837050509402794 -0.03931994018572905 0.01267111628365242 -0.05825141171063248 -0.002900193004606125
23.19977190128089 19.16113447433984 -30.46792529052931 -0.1977423141353508 0.7590652987264525 -0.03517677186530999 0.1189268261180601 -0.04883357428320616 -0.0221927562348399 -0.005125223229594307 0.003504617341762957
21.4972310374338 20.47556469999689 -31.15227055261454 -0.3235753026312969 0.8136046920460737 0.006034376234554141 0.1011989116692467 -0.07762619709524864 -0.03755577997747359 0.003349632448058343 0.00144736514570498
21.5303762642881 21.03376204616322 -31.62420956491681 -0.329011646351586 0.8678135556806647 0.02011594352568248 0.0839531604253119 -0.07980359155289743 -0.0335362888849747 0.006573504870339169 -0.001538121053782501
20.77214518700981 20.84123348641357 -31.35372395468855 -0.3728084098632899 0.8232646147851476 0.004363260470660692 0.0789912453977336 -0.06584658212442637 -0.006105967885502292 0.0006109234006051921 0.0003282732565471809
21.01765824275644 21.26822927682982 -31.76547630848532 -0.3633270985543089 0.8731212854144063 0.02359858136576281 0.06659881125908154 -0.06651392130241043 -0.007811888505840667 0.002063343620591033 -0.0007056155050848752
20.50023039995955 21.28965966494428 -31.70552440636395 -0.3946337305734706 0.8565909499166592 0.01618784927621188 0.05666777623952206 -0.05459790690224647 -0.01779156398657272 0.004009169702036052 -0.001113896632161291
16.77997290009698 19.79838143387934 -29.8501722953194 -0.6070247927091816 0.6020046131492602 0.08774287373911296 -0.063292177427945 0.04809824911365115 -0.04541782661679424 -0.03180033685794524 0.04100727365356459
17.23456337226159 19.3318354884139 -29.50338566259272 -0.5783838273895979 0.5645369307555174 0.07808729199223678 -0.06139122655742771 0.03523190262496064 -0.0478443838996581 -0.03481867770772273 0.04537015957361161
17.81618189743717 18.32294778587946 -28.82074826887315 -0.5404245153946663 0.4800048614789454 0.05407315728634603 -0.04733927945044272 0.01749451297736238 -0.04956662617973979 -0.03713482986616214 0.05271869450639272
33.71410418416973 -2.61955983607287 -28.70503793173871 0.9190822858179215 -0.2277405713098427 0.08607887275145959 0.01383312148744816 -0.02374523378616203 0.002184779989686169 -0.02020858996704011 -0.003852751343946546
0 1 2
3 0 2
4 3 2
4 2 5
6 4 5
5 7 6
8 6 7
9 8 7
7 10 9
11 9 10
12 11 10
10 13 12
14 12 13
15 14 13
13 16 15
17 15 16
18 17 16
18 16 19
19 16 20
21 19 20
22 21 20
20 23 22
22 23 24
24 23 25
26 24 25
27 26 25
28 27 25
29 28 25
25 30 29
29 30 31
31 30 32
33 31 32
34 33 32
35 34 32
32 36 35
35 36 37
37 36 38
39 37 38
40 39 38
41 40 38
38 42 41
43 41 42
44 43 42
42 45 44
46 44 45
47 46 45
45 48 47
49 47 48
50 49 48
48 51 50
52 50 51
53 52 51
54 53 51
51 55 54
56 54 55
57 56 55
55 58 57
59 57 58
60 59 58
58 61 60
62 60 61
63 62 61
64 63 61
61 65 64
66 64 65
67 66 65
67 65 68
69 67 68
68 70 69
71 69 70
72 71 70
73 72 70
70 74 73
75 73 74
76 75 74
74 77 76
78 76 77
79 78 77
79 77 80
80 77 81
82 80 81
82 81 83
84 82 83
85 84 83
86 85 83
86 83 87
88 86 87
88 87 89
90 88 89
91 90 89
91 89 92
93 91 92
94 93 92
95 94 92
95 92 96
97 95 96
97 96 98
98 96 99
100 98 99
100 99 101
102 100 101
103 102 101
103 101 104
105 103 104
106 105 104
106 104 107
108 106 107
109 108 107
109 107 110
110 107 111
112 110 111
112 111 113
114 112 113
115 114 113
115 113 116
116 113 117
118 116 117
118 117 119
119 117 120
121 119 120
121 120 122
123 121 122
124 123 122
124 122 125
125 122 126
127 125 126
127 126 128
129 127 128
130 129 128
130 128 131
131 128 132
133 131 132
133 132 134
135 133 134
136 135 134
136 134 137
137 134 138
139 137 138
139 138 140
140 138 141
142 140 141
142 141 143
143 141 144
145 143 144
146 145 144
146 144 147
147 144 148
149 147 148
149 148 150
151 149 150
152 151 150
152 150 153
153 150 154
155 153 154
155 154 156
156 154 157
158 156 157
158 157 159
159 157 160
161 159 160
161 160 162
163 161 162
164 163 162
165 164 162
162 166 165
165 166 167
167 166 168
169 167 168
169 168 170
171 169 170
172 171 170
173 172 170
173 170 174
175 173 174
175 174 176
177 175 176
178 177 176
179 178 176
179 176 180
181 179 180
181 180 182
182 180 183
184 182 183
184 183 185
186 184 185
187 186 185
187 185 188
189 187 188
189 188 190
191 189 190
192 191 190
192 190 193
193 190 194
195 193 194
195 194 196
197 195 196
196 198 197
199 197 198
200 199 198
200 198 201
201 198 202
203 201 202
202 204 203
205 203 204
206 205 204
207 206 204
207 204 208
209 207 208
210 209 208
208 211 210
212 210 211
211 213 212
214 212 213
215 214 213
216 215 213
217 216 213
213 218 217
219 217 218
220 219 218
218 221 220
220 221 222
222 221 223
224 222 223
225 224 223
226 225 223
227 226 223
223 228 227
229 227 228
230 229 228
228 231 230
232 230 231
233 232 231
231 234 233
235 233 234
236 235 234
236 234 237
238 236 237
239 238 237
237 240 239
241 239 240
242 241 240
240 243 242
244 242 243
245 244 243
246 245 243
246 243 247
248 246 247
247 249 248
250 248 249
251 250 249
252 251 249
252 249 253
254 252 253
253 255 254
256 254 255
257 256 255
255 258 257
259 257 258
260 259 258
261 260 258
261 258 262
263 261 262
262 264 263
265 263 264
266 265 264
264 267 266
268 266 267
269 268 267
270 269 267
267 271 270
272 270 271
273 272 271
271 274 273
273 274 275
275 274 276
277 275 276
278 277 276
279 278 276
276 280 279
281 279 280
282 281 280
282 280 283
284 282 283
285 284 283
283 286 285
287 285 286
288 287 286
289 288 286
289 286 290
291 289 290
290 292 291
293 291 292
293 292 294
294 292 295
296 294 295
297 296 295
298 297 295
298 295 299
300 298 299
301 300 299
301 299 302
302 299 303
304 302 303
304 303 305
304 305 306
306 305 307
308 306 307
309 308 307
310 309 307
310 307 311
312 310 311
313 312 311
313 311 314
315 313 314
314 316 315
317 315 316
318 317 316
319 318 316
319 316 320
321 319 320
322 321 320
322 320 323
324 322 323
323 325 324
326 324 325
327 326 325
328 327 325
325 329 328
330 328 329
331 330 329
332 331 329
332 329 333
332 333 334
334 333 335
336 334 335
337 336 335
338 337 335
338 335 339
340 338 339
341 340 339
342 341 339
342 339 343
344 342 343
343 345 344
346 344 345
347 346 345
347 345 348
349 347 348
349 348 350
350 348 351
352 350 351
353 352 351
354 353 351
354 351 355
356 354 355
357 356 355
355 358 357
357 358 359
359 358 360
361 359 360
362 361 360
360 363 362
364 362 363
365 364 363
366 365 363
366 363 367
368 366 367
367 369 368
370 368 369
371 370 369
369 372 371
373 371 372
374 373 372
372 375 374
376 374 375
377 376 375
375 378 377
379 377 378
380 379 378
380 378 381
382 380 381
383 382 381
381 384 383
385 383 384
386 385 384
384 387 386
388 386 387
389 388 387
389 387 390
391 389 390
392 391 390
393 392 390
393 390 394
395 393 394
394 396 395
397 395 396
398 397 396
399 398 396
399 396 400
401 399 400
400 402 401
403 401 402
404 403 402
405 404 402
405 402 406
407 405 406
406 408 407
409 407 408
410 409 408
411 410 408
408 412 411
413 411 412
414 413 412
412 415 414
416 414 415
417 416 415
415 418 417
419 417 418
420 419 418
418 421 420
422 420 421
1 422 421
418 423 421
424 421 423
423 425 424
426 424 425
425 427 426
428 426 427
429 428 427
427 430 429
430 431 429
432 429 431
431 433 432
432 433 434
434 435 432
435 436 432
436 435 437
438 436 437
437 439 438
439 440 438
441 438 440
440 442 441
442 7 441
443 441 7
441 443 444
444 443 426
442 440 445
445 446 442
10 442 446
447 446 445
448 447 445
449 447 448
450 449 448
448 439 450
439 451 450
452 450 451
451 453 452
454 452 453
455 454 453
453 456 455
457 455 456
456 458 457
458 459 457
460 457 459
461 460 459
459 462 461
463 461 462
462 464 463
465 463 464
464 466 465
466 467 465
465 467 468
468 469 465
469 468 470
470 471 469
472 469 471
471 473 472
474 472 473
473 475 474
475 476 474
477 474 476
476 478 477
454 477 478
478 479 454
480 454 479
479 481 480
482 480 481
481 483 482
484 482 483
483 485 484
486 484 485
485 23 486
23 485 487
488 487 485
489 487 488
490 489 488
491 490 488
488 483 491
492 491 483
491 492 493
494 493 492
492 495 494
495 496 494
494 496 497
497 498 494
498 497 499
499 500 498
501 498 500
500 502 501
503 501 502
502 36 503
36 502 504
504 502 505
505 42 504
506 505 502
505 506 507
507 508 505
508 45 505
508 507 509
509 48 508
510 509 507
507 511 510
512 510 511
511 513 512
514 512 513
513 515 514
516 514 515
515 517 516
518 516 517
517 519 518
520 518 519
519 521 520
522 520 521
521 523 522
524 522 523
523 525 524
526 524 525
525 527 526
528 526 527
527 529 528
530 528 529
529 531 530
532 530 531
531 533 532
534 532 533
533 535 534
536 534 535
535 537 536
538 536 537
537 539 538
540 538 539
539 541 540
541 542 540
543 540 542
542 544 543
545 543 544
544 546 545
547 545 546
546 548 547
549 547 548
548 550 549
551 549 550
550 552 551
553 551 552
552 554 553
555 553 554
556 555 554
554 557 556
558 556 557
557 559 558
560 558 559
559 561 560
560 561 562
562 563 560
563 562 141
141 564 563
564 565 563
566 563 565
565 567 566
566 567 555
567 568 555
568 567 569
569 570 568
570 571 568
568 571 553
572 553 571
571 573 572
574 572 573
573 575 574
576 574 575
575 577 576
578 576 577
579 578 577
577 580 579
581 579 580
580 582 581
536 581 582
582 583 536
583 582 584
585 583 584
584 586 585
587 585 586
586 588 587
589 587 588
588 590 589
591 589 590
590 592 591
593 591 592
592 594 593
595 593 594
594 596 595
597 595 596
596 598 597
599 597 598
598 600 599
601 599 600
600 602 601
603 601 602
602 604 603
605 603 604
604 606 605
607 605 606
606 608 607
609 607 608
608 55 609
607 609 610
509 610 609
609 51 509
608 606 611
611 58 608
612 611 606
606 613 612
614 612 613
613 615 614
616 614 615
615 617 616
618 616 617
617 619 618
620 618 619
619 621 620
622 620 621
621 623 622
624 622 623
623 625 624
624 625 626
626 627 624
627 626 628
628 629 627
630 627 629
629 631 630
632 630 631
631 633 632
634 632 633
633 635 634
636 634 635
68 636 635
636 68 637
637 616 636
638 636 616
639 637 68
637 639 612
634 636 638
635 633 74
632 634 638
638 620 632
633 631 81
630 632 620
631 629 83
627 630 622
87 629 628
628 640 87
640 628 626
641 640 626
626 642 641
643 641 642
642 644 643
645 643 644
644 646 645
647 645 646
646 648 647
649 647 648
648 650 649
651 649 650
650 652 651
653 651 652
652 654 653
113 653 654
654 652 655
655 656 654
120 654 656
656 657 120
657 656 658
658 659 657
126 657 659
659 660 126
660 659 661
661 662 660
132 660 662
662 663 132
569 663 662
662 664 569
663 569 565
664 662 661
661 665 664
666 664 665
665 667 666
668 666 667
669 668 667
667 670 669
670 671 669
669 671 672
673 672 671
671 674 673
673 674 580
674 671 675
675 676 674
677 674 676
676 678 677
584 677 678
678 679 584
679 678 680
680 681 679
682 679 681
681 683 682
684 682 683
683 685 684
686 684 685
685 687 686
688 686 687
687 689 688
690 688 689
689 691 690
692 690 691
691 619 692
690 692 596
691 689 621
688 690 594
689 687 623
686 688 592
687 685 625
644 625 685
685 693 644
684 686 590
693 685 683
683 694 693
693 694 646
682 684 588
694 683 681
679 682 586
681 680 694
695 694 680
680 696 695
697 695 696
696 698 697
699 697 698
698 700 699
701 699 700
700 670 701
675 670 700
699 701 655
700 698 675
697 699 652
698 696 676
695 697 650
694 695 648
696 680 678
678 676 696
582 674 677
676 675 698
577 672 673
671 670 675
670 667 701
658 701 667
672 668 669
668 672 573
666 668 571
667 665 658
664 666 570
665 661 659
659 658 665
701 658 656
656 655 701
655 652 699
651 653 111
111 702 651
652 650 697
649 651 702
702 703 649
703 702 104
650 648 695
647 649 703
703 704 647
704 703 101
648 646 694
645 647 704
704 705 645
705 704 99
646 644 693
643 645 705
625 644 642
705 641 643
641 705 706
96 706 705
706 640 641
640 706 89
642 626 625
625 623 687
622 624 627
623 621 689
620 622 630
621 619 691
618 620 638
619 617 692
600 692 617
616 618 638
617 615 600
614 616 637
615 613 602
612 614 637
611 612 639
639 61 611
610 605 607
605 610 512
613 606 604
603 605 514
514 707 603
604 602 613
601 603 707
707 518 601
602 600 615
599 601 518
692 600 598
597 599 520
598 596 692
595 597 522
596 594 690
593 595 524
594 592 688
591 593 526
592 590 686
589 591 528
590 588 684
587 589 530
588 586 682
585 587 532
586 584 679
583 585 534
677 584 582
674 582 580
538 579 581
580 577 673
578 579 540
576 578 545
672 577 575
574 576 547
575 573 672
572 574 549
573 571 668
571 570 666
570 569 664
567 565 569
563 566 558
565 564 663
663 564 134
708 562 561
561 709 708
148 708 709
709 710 148
710 709 711
711 712 710
154 710 712
712 711 713
713 160 712
160 713 714
714 166 160
166 714 715
714 716 715
717 715 716
718 717 716
716 719 718
720 718 719
719 721 720
722 720 721
721 723 722
724 722 723
723 725 724
726 724 725
725 727 726
728 726 727
727 729 728
730 728 729
729 731 730
732 730 731
731 733 732
734 732 733
733 735 734
736 734 735
735 737 736
736 737 738
738 739 736
739 740 736
740 739 741
741 742 740
743 740 742
742 744 743
743 744 732
745 732 744
744 746 745
728 745 746
746 747 728
747 746 748
748 749 747
750 747 749
749 751 750
752 750 751
751 753 752
754 752 753
753 755 754
718 754 755
755 753 756
755 756 757
757 717 755
757 758 717
758 757 759
760 758 759
759 761 760
761 762 760
174 760 762
762 761 763
764 762 763
763 765 764
765 183 764
183 765 766
766 767 183
767 766 768
768 769 767
770 767 769
769 771 770
772 770 771
771 773 772
774 772 773
773 775 774
776 774 775
775 777 776
778 776 777
777 779 778
780 778 779
779 781 780
780 781 782
782 202 780
783 782 781
783 781 784
784 785 783
785 786 783
787 783 786
786 211 787
788 211 786
788 786 789
218 788 789
790 789 786
789 790 791
791 792 789
221 789 792
792 793 221
793 792 794
794 231 793
231 794 795
794 796 795
797 795 796
796 798 797
799 797 798
798 800 799
801 799 800
800 802 801
803 801 802
802 804 803
805 803 804
806 805 804
804 807 806
808 806 807
807 809 808
810 808 809
809 811 810
810 811 812
812 813 810
813 814 810
814 813 815
815 816 814
817 814 816
816 818 817
818 819 817
817 819 806
819 820 806
820 819 821
821 822 820
823 820 822
822 824 823
825 823 824
824 253 825
826 825 253
825 826 827
828 827 826
826 829 828
828 829 830
830 799 828
829 240 830
829 826 247
827 828 801
823 825 827
827 805 823
824 822 831
831 832 824
832 255 824
833 832 831
831 834 833
835 833 834
834 836 835
835 836 837
837 838 835
838 839 835
839 838 840
264 839 840
839 264 833
840 838 841
841 271 840
842 841 838
838 843 842
844 842 843
843 845 844
846 844 845
845 847 846
848 846 847
847 849 848
850 848 849
849 851 850
852 850 851
851 853 852
854 852 853
853 855 854
854 855 856
856 857 854
857 858 854
858 857 859
859 860 858
861 858 860
860 862 861
863 861 862
862 864 863
865 863 864
864 866 865
866 867 865
868 865 867
867 869 868
870 868 869
871 870 869
869 872 871
873 871 872
872 874 873
874 875 873
876 873 875
877 876 875
875 878 877
878 879 877
880 877 879
879 280 880
877 880 881
274 881 880
881 274 841
882 879 878
878 883 882
884 882 883
883 885 884
884 885 886
886 290 884
887 886 885
888 887 885
885 889 888
890 888 889
889 891 890
890 891 892
892 893 890
894 893 892
895 894 892
892 896 895
897 895 896
896 898 897
899 897 898
898 900 899
901 899 900
902 901 900
900 903 902
904 902 903
903 905 904
906 904 905
905 907 906
908 906 907
907 909 908
910 908 909
909 911 910
912 910 911
911 913 912
913 914 912
912 914 915
915 916 912
916 915 917
917 918 916
919 916 918
918 920 919
921 919 920
920 922 921
923 921 922
922 924 923
925 923 924
924 926 925
926 927 925
928 925 927
927 929 928
928 929 930
930 901 928
930 931 901
931 930 932
932 933 931
931 933 897
934 897 933
933 935 934
936 934 935
935 937 936
938 936 937
937 939 938
939 940 938
940 305 938
941 938 305
942 940 939
939 943 942
944 942 943
943 945 944
946 944 945
945 947 946
948 946 947
949 948 947
947 932 949
929 949 932
949 929 950
951 950 929
950 951 952
952 953 950
948 950 953
948 953 954
955 954 953
953 956 955
956 957 955
958 955 957
957 959 958
959 960 958
961 958 960
944 961 960
958 961 954
946 954 961
962 960 959
962 959 320
960 962 314
960 314 963
963 942 960
959 957 323
957 964 323
965 323 964
964 966 965
967 965 966
967 966 968
968 969 967
969 970 967
970 333 967
333 970 971
972 971 970
970 973 972
974 972 973
973 975 974
974 975 976
976 977 974
976 978 977
977 978 979
979 345 977
980 979 978
978 981 980
980 981 982
982 983 980
984 983 982
984 982 985
985 986 984
986 987 984
348 984 987
355 987 986
986 988 355
988 986 989
989 990 988
988 990 991
991 358 988
992 358 991
991 993 992
992 993 994
994 995 992
995 994 367
996 367 994
994 997 996
998 996 997
997 999 998
1000 998 999
1001 1000 999
999 1002 1001
1001 1002 1003
1003 1004 1001
1005 1001 1004
1004 1006 1005
1006 1007 1005
1007 1008 1005
1005 1008 1000
1009 1000 1008
1008 1010 1009
1010 1011 1009
1012 1009 1011
1011 372 1012
996 1009 1012
1011 1010 1013
1013 375 1011
1014 1013 1010
1010 1007 1014
1015 1014 1007
1014 1015 1016
1017 1016 1015
1015 1018 1017
1019 1017 1018
1018 1020 1019
1019 1020 1021
1021 1022 1019
1023 1019 1022
1022 1024 1023
1025 1023 1024
1024 387 1025
1026 1023 1025
1025 381 1026
1027 1026 381
1026 1027 1016
1013 1016 1027
1027 378 1013
1023 1026 1017
1028 1024 1022
1024 1028 390
1022 1021 1028
1029 1028 1021
1021 1030 1029
1031 1029 1030
1030 1032 1031
1033 1031 1032
1032 1034 1033
1035 1033 1034
1034 1036 1035
1037 1035 1036
1038 1037 1036
1036 1039 1038
1040 1038 1039
1039 1041 1040
1041 1042 1040
1043 1040 1042
1043 1042 1044
1044 1045 1043
1045 1046 1043
1046 1045 1047
1047 1048 1046
1048 1049 1046
1050 1046 1049
1049 1051 1050
1051 1052 1050
1038 1050 1052
1052 1051 1053
1053 1054 1052
1052 1054 1037
1055 1037 1054
1054 1056 1055
1056 1057 1055
1058 1055 1057
1057 1059 1058
1060 1058 1059
1059 400 1060
1061 1060 400
1060 1061 1031
1058 1060 1033
1059 1057 406
1062 406 1057
1055 1058 1035
1057 1056 1062
1063 1062 1056
1064 1063 1056
1063 1064 1065
1065 1066 1063
1067 1063 1066
1066 412 1067
1068 1066 1065
1065 1069 1068
1068 1069 1070
1070 1071 1068
425 1071 1070
1070 1072 425
1072 1070 1069
430 1072 1069
1069 1073 430
1073 1074 430
1074 1073 1075
1075 1076 1074
1074 1076 433
1077 433 1076
1076 1078 1077
1077 1078 1079
1079 1080 1077
1080 434 1077
434 1080 458
1081 1080 1079
1079 1082 1081
1083 1081 1082
1082 1084 1083
1085 1083 1084
1084 1086 1085
1087 1085 1086
1086 1088 1087
1089 1087 1088
1088 1090 1089
1091 1089 1090
1090 1092 1091
1093 1091 1092
1092 1094 1093
1095 1093 1094
1094 1096 1095
1097 1095 1096
1096 1098 1097
1099 1097 1098
1098 1100 1099
1101 1099 1100
1100 1102 1101
1103 1101 1102
1102 1104 1103
1105 1103 1104
1104 1106 1105
1107 1105 1106
1106 1108 1107
1108 1109 1107
1107 1109 1110
1110 1111 1107
1111 1110 1112
1112 1113 1111
1114 1111 1113
1113 1115 1114
1116 1114 1115
1115 1117 1116
1118 1116 1117
1117 1119 1118
1120 1118 1119
1119 1121 1120
1122 1120 1121
1121 1123 1122
1124 1122 1123
1123 1125 1124
1124 1125 1095
1125 1123 1126
1126 1127 1125
1128 1125 1127
1127 1129 1128
1130 1128 1129
1129 1131 1130
1087 1130 1131
1132 1087 1131
1131 467 1132
467 1131 1133
1134 1133 1131
1135 1133 1134
1134 1129 1135
1136 1135 1129
1135 1136 1137
1137 1138 1135
1138 1137 1139
1139 1140 1138
1140 1141 1138
1142 1138 1141
470 1142 1141
1141 1143 470
1143 1141 1144
1144 1145 1143
1146 1143 1145
1145 1147 1146
1148 1146 1147
1147 1149 1148
1150 1148 1149
1149 1151 1150
1152 1150 1151
1151 1153 1152
1154 1152 1153
1153 496 1154
1155 1154 496
1154 1155 479
496 1153 1156
1153 1157 1156
1158 1156 1157
1157 1159 1158
1158 1159 1160
1160 517 1158
1161 1158 517
1162 1160 1159
1159 1163 1162
1164 1162 1163
1163 1165 1164
1165 1166 1164
1167 1164 1166
1168 1167 1166
1166 1169 1168
1170 1168 1169
1169 1171 1170
1171 1172 1170
1170 1172 1173
1173 527 1170
1174 1173 1172
1172 1175 1174
1176 1174 1175
1175 1177 1176
1178 1176 1177
1177 1179 1178
1180 1178 1179
1179 1181 1180
539 1180 1181
1181 1182 539
1182 1181 1183
1183 1184 1182
1185 1182 1184
1184 1186 1185
1187 1185 1186
1186 1188 1187
1188 1189 1187
1190 1187 1189
1189 1191 1190
1191 1192 1190
546 1190 1192
1192 1193 546
1193 1192 1194
1194 1195 1193
1196 1193 1195
1195 1197 1196
1198 1196 1197
1197 1199 1198
1200 1198 1199
1199 1201 1200
557 1200 1201
1201 1202 557
1202 1201 1203
1203 1204 1202
1205 1202 1204
1204 711 1205
711 1204 1206
1207 1206 1204
719 1206 1207
1207 1208 719
1208 1207 1203
1203 1209 1208
1210 1208 1209
1209 1211 1210
1212 1210 1211
1211 1213 1212
1214 1212 1213
1213 1215 1214
1216 1214 1215
1215 1217 1216
1218 1216 1217
1217 1219 1218
1220 1218 1219
1219 1221 1220
1222 1220 1221
1221 1223 1222
1224 1222 1223
1225 1224 1223
1223 1226 1225
1227 1225 1226
1226 1228 1227
1229 1227 1228
1228 1230 1229
1230 1231 1229
1232 1229 1231
1231 1233 1232
1234 1232 1233
1233 1235 1234
1236 1234 1235
1235 1237 1236
1238 1236 1237
1237 1239 1238
1137 1238 1239
1239 1237 1240
1240 1241 1239
1139 1239 1241
1241 1242 1139
1242 1241 1175
1241 1240 1177
1243 1240 1237
1240 1243 1179
1236 1238 1244
1244 1245 1236
1245 1244 1126
1244 1136 1126
1136 1244 1238
1237 1235 1243
1183 1243 1235
1234 1236 1245
1245 1246 1234
1246 1245 1123
1235 1233 1183
1232 1234 1246
1246 1247 1232
1247 1246 1121
1233 1231 1184
1247 1229 1232
1229 1247 1248
1248 1247 1119
1231 1230 1186
1228 1249 1230
1230 1249 1188
1249 1250 1188
1223 1250 1249
1250 1223 1251
1250 1251 1191
1251 1252 1191
1252 1251 1219
1219 1194 1252
1248 1227 1229
1227 1248 1115
1249 1228 1226
1225 1227 1115
1226 1223 1249
1224 1225 1113
1222 1224 1253
1253 1254 1222
1254 1253 1255
1255 731 1254
1256 1254 731
1254 1256 1220
1257 1255 1253
1253 1258 1257
1257 1258 735
1259 735 1258
1110 1259 1258
1259 1110 1260
1260 737 1259
1261 737 1260
1109 1261 1260
1109 1262 1261
1262 1263 1261
1261 1263 1264
1265 1264 1263
1263 1266 1265
1267 1265 1266
1266 1268 1267
1269 1267 1268
1268 1270 1269
1271 1269 1270
1270 1272 1271
1273 1271 1272
1272 1274 1273
1273 1274 1275
1275 1276 1273
1277 1273 1276
1276 1278 1277
1279 1277 1278
1278 1280 1279
1281 1279 1280
1280 1282 1281
1283 1281 1282
1282 1284 1283
1283 1284 1285
1285 1267 1283
1286 1285 1284
1284 1287 1286
1287 1288 1286
739 1286 1288
1286 739 1289
1288 1287 1290
1290 1291 1288
741 1288 1291
1291 1292 741
1293 1292 1291
1292 1293 1294
1295 1292 1294
1294 1296 1295
1297 1295 1296
1296 1298 1297
1298 1299 1297
748 1297 1299
1297 748 1300
1300 748 744
1299 1298 1301
1302 1299 1301
1301 1303 1302
753 1302 1303
1303 1304 753
1304 1303 1305
1306 1304 1305
1305 1307 1306
1307 1308 1306
1309 1306 1308
763 1309 1308
1308 1310 763
1310 1308 1311
1311 1312 1310
1310 1312 765
1312 1311 1313
1313 1314 1312
1312 1314 766
1314 1313 1315
1315 1316 1314
1314 1316 768
1315 1317 1316
1316 1317 1318
1318 1319 1316
1316 1319 769
1319 1318 1320
1319 1320 771
1318 1321 1320
1322 1320 1321
1321 1323 1322
1324 1322 1323
1323 1325 1324
1325 1326 1324
1327 1324 1326
1326 1328 1327
1327 1328 1329
1329 1330 1327
1331 1330 1329
1329 1332 1331
1331 1332 1333
1333 1334 1331
1334 1333 1335
1335 1336 1334
1337 1334 1336
1336 1338 1337
1339 1337 1338
1340 1339 1338
1340 1338 775
1339 1340 773
1320 1339 773
1337 1339 1341
1341 1339 1322
1342 1338 1336
1338 1342 1343
1338 1343 777
1343 1344 777
1343 1345 1344
1346 1344 1345
1345 1347 1346
781 1346 1347
1347 1345 809
809 1348 1347
1349 1347 1348
1348 1350 1349
1351 1349 1350
1350 802 1351
1349 1351 785
790 785 1351
1351 1352 790
1352 1351 800
807 1350 1348
784 1347 1349
1346 779 1344
1345 1343 811
1342 811 1343
1341 1334 1337
1334 1341 1330
1330 1341 1324
1336 1335 1342
1335 812 1342
812 1335 1333
1353 1333 1332
1332 1354 1353
815 1353 1354
1354 1355 815
1355 1354 1356
1356 1357 1355
1358 1355 1357
1357 1359 1358
1359 836 1358
1358 836 818
821 818 836
1359 1357 1360
1360 1361 1359
1361 837 1359
837 1361 843
847 1361 1360
1360 1362 847
1362 1360 1356
1356 1363 1362
851 1362 1363
1363 1364 851
1364 1363 1332
1355 1358 816
1357 1356 1360
1363 1356 1354
1354 1332 1363
813 1333 1353
1332 1329 1364
1330 1331 1334
1328 1364 1329
1364 1328 853
1328 1326 855
1365 855 1326
1324 1327 1330
1326 1325 1365
1366 1365 1325
1325 1367 1366
1368 1366 1367
1369 1368 1367
1367 1370 1369
1317 1369 1370
1371 1369 1317
1369 1371 1372
1372 1373 1369
1373 1372 1374
1374 1375 1373
1375 1376 1373
1373 1376 1368
1377 1368 1376
1376 1378 1377
1379 1377 1378
1378 1380 1379
1381 1379 1380
1380 1382 1381
1383 1381 1382
1382 1384 1383
859 1383 1384
1384 1385 859
1385 1384 1386
1386 1387 1385
1387 1388 1385
1389 1385 1388
1388 1390 1389
1390 866 1389
866 1390 1391
1391 1392 866
1392 1391 1393
1393 1394 1392
1395 1392 1394
1394 1396 1395
1395 1396 869
1397 869 1396
1396 1398 1397
1399 1397 1398
889 1399 1398
1399 874 1397
874 1399 883
891 1398 1396
1396 1394 891
1400 891 1394
1401 1400 1394
896 1400 1401
1401 1402 896
1402 1401 1393
1393 1403 1402
1404 1402 1403
1403 1405 1404
1404 1405 903
1406 903 1405
1405 1407 1406
1408 1406 1407
1407 1409 1408
1408 1409 909
1409 1410 909
1410 1409 1411
1412 1410 1411
1411 1413 1412
1414 1412 1413
1413 1415 1414
1416 1414 1415
1415 1417 1416
1418 1416 1417
1417 1419 1418
1420 1418 1419
1419 1421 1420
1422 1420 1421
1421 1423 1422
1422 1423 1298
1423 1421 1424
1424 1425 1423
1423 1425 1301
1425 1424 1426
1426 1427 1425
1305 1425 1427
1427 1426 1428
1428 1311 1427
1429 1428 1426
1428 1429 1430
1430 1313 1428
1372 1430 1429
1426 1424 1429
1374 1429 1424
1424 1421 1374
1420 1422 1296
1421 1419 1375
1419 1431 1375
1418 1420 1432
1432 1433 1418
1433 1432 1434
1434 1435 1433
1433 1435 1416
1435 1434 1436
914 1435 1436
1436 1437 914
1437 1436 1438
1438 1439 1437
915 1437 1439
1439 1438 1280
1440 1438 1436
1436 1441 1440
1290 1440 1441
1441 1293 1290
1293 1441 1434
1438 1440 1282
1287 1282 1440
1442 1435 914
1435 1442 1414
1441 1436 1434
1434 1432 1293
1294 1432 1420
1431 1419 1417
1443 1431 1417
1431 1443 1378
1416 1418 1433
1417 1415 1443
1444 1443 1415
1443 1444 1380
1414 1416 1435
1415 1413 1444
1445 1444 1413
1382 1444 1445
1412 1414 1442
1442 913 1412
1413 1411 1445
1411 1446 1445
1386 1445 1446
1410 1412 913
1446 1411 1409
1409 1407 1446
1447 1446 1407
1446 1447 1387
1406 1408 905
1407 1405 1447
1448 1447 1405
1447 1448 1388
1405 1403 1448
1403 1391 1448
1402 1404 898
1392 1395 867
1394 1393 1401
1391 1403 1393
1448 1391 1390
1390 1388 1448
1385 1389 860
1388 1387 1447
1387 1386 1446
1445 1386 1384
1384 1382 1445
1381 1383 856
1444 1382 1380
856 1379 1381
1379 856 1365
1380 1378 1443
1377 1379 1366
1378 1376 1431
1376 1375 1431
1375 1374 1421
1429 1374 1372
1430 1372 1371
1371 1315 1430
1323 1370 1367
1368 1369 1373
1366 1368 1377
1365 1366 1379
1367 1325 1323
1322 1324 1341
1370 1323 1321
1320 1322 1339
1321 1318 1370
1370 1318 1317
1317 1315 1371
1313 1430 1315
1311 1428 1313
1308 1427 1311
759 1306 1309
1306 759 756
1427 1308 1307
1307 1305 1427
1304 1306 756
1425 1305 1303
1303 1301 1425
1299 1302 749
1301 1298 1423
1298 1296 1422
1300 1295 1297
1295 1300 742
1296 1294 1420
1292 1295 742
1432 1294 1293
1291 1290 1293
1440 1290 1287
1289 1285 1286
1264 1285 1289
1289 738 1264
1284 1282 1287
1281 1283 1267
1282 1280 1438
1279 1281 1269
1280 1278 1439
917 1439 1278
1277 1279 1271
1278 1276 917
1449 1276 1275
1275 1450 1449
1451 1449 1450
1450 1452 1451
1453 1451 1452
1454 1453 1452
1454 1455 1453
1453 1455 1456
1456 922 1453
1457 1456 1455
1458 1457 1455
1459 1458 1455
1459 1460 1458
1461 1458 1460
1460 1462 1461
1462 1463 1461
1464 1461 1463
1463 1465 1464
1464 1465 1466
1466 1467 1464
1468 1464 1467
1467 1457 1468
1457 1467 926
951 1467 1466
1467 951 927
952 1466 1465
1465 1463 1469
1469 968 1465
1461 1464 1468
1463 1462 1469
1469 1462 1470
1470 969 1469
1470 973 969
1471 1470 1462
975 1470 1471
1471 1472 975
975 1472 1473
1474 1473 1472
1472 1475 1474
1474 1475 1476
1476 981 1474
981 1476 1477
1476 1478 1477
1479 1477 1478
1479 1478 1480
990 1479 1480
990 1480 1481
990 1481 1482
1483 1482 1481
1484 1483 1481
1481 1485 1484
1484 1485 1486
1486 1487 1484
1486 1488 1487
1489 1487 1488
1490 1489 1488
1488 1491 1490
1491 1492 1490
1493 1490 1492
1492 1494 1493
1495 1493 1494
1494 1496 1495
1497 1495 1496
1498 1497 1496
1496 1499 1498
1500 1498 1499
1499 1501 1500
1502 1500 1501
1502 1501 1503
1503 1504 1502
1505 1502 1504
1504 1506 1505
1507 1505 1506
1506 1508 1507
1508 1509 1507
1510 1507 1509
1509 1511 1510
1512 1510 1511
1511 1513 1512
1514 1512 1513
1513 1515 1514
1515 1516 1514
1517 1514 1516
1516 1518 1517
1519 1517 1518
1520 1519 1518
1521 1520 1518
1518 1522 1521
1522 1006 1521
1006 1522 1015
1523 1015 1522
1522 1524 1523
1525 1523 1524
1524 1526 1525
1526 1527 1525
1525 1527 1528
1528 1020 1525
1528 1529 1020
1020 1529 1030
1529 1528 1530
1530 1531 1529
1034 1529 1531
1531 1530 1532
1533 1531 1532
1534 1533 1532
1532 1535 1534
1536 1534 1535
1535 1537 1536
1537 1538 1536
1536 1538 1041
1538 1537 1539
1540 1538 1539
1541 1540 1539
1539 1508 1541
1540 1541 1542
1542 1543 1540
1543 1542 1544
1544 1545 1543
1044 1543 1545
1545 1546 1044
1547 1044 1546
1546 1548 1547
1047 1547 1548
1548 1078 1047
1549 1047 1078
1078 1548 1082
1548 1546 1084
1088 1546 1545
1545 1544 1088
1092 1544 1542
1542 1550 1092
1550 1542 1541
1541 1506 1550
1551 1550 1506
1550 1551 1094
1538 1540 1543
1543 1042 1538
1509 1539 1537
1537 1535 1509
1039 1534 1536
1552 1535 1532
1532 1527 1552
1515 1552 1527
1511 1535 1552
1534 1039 1533
1036 1531 1533
1527 1532 1530
1530 1528 1527
1527 1526 1515
1516 1526 1524
1523 1525 1018
1524 1522 1516
1521 1004 1520
1553 1519 1520
1553 1520 1554
1554 1555 1553
1555 1556 1553
1555 1557 1556
1556 1557 1558
1558 1559 1556
1560 1556 1559
1559 1561 1560
1562 1560 1561
1561 1563 1562
1512 1562 1563
1563 1561 1564
1564 1565 1563
1510 1563 1565
1565 1564 1500
1497 1564 1561
1560 1562 1517
1561 1559 1497
1556 1560 1519
1559 1558 1495
1558 1557 1493
1555 1489 1557
1555 1566 1489
1554 1566 1555
1566 1554 1003
1520 1003 1554
1519 1553 1556
1517 1519 1560
1518 1516 1522
1514 1517 1562
1526 1516 1515
1513 1552 1515
1562 1512 1514
1552 1513 1511
1563 1510 1512
1535 1511 1509
1565 1507 1510
1539 1509 1508
1508 1506 1541
1507 1565 1505
1506 1504 1551
1567 1551 1504
1551 1567 1096
1505 1565 1502
1504 1503 1567
1100 1567 1503
1503 1568 1100
1568 1503 1569
1569 1570 1568
1568 1570 1102
1571 1102 1570
1571 1570 1572
1571 1572 1573
1571 1573 1104
1574 1573 1572
1572 1575 1574
1576 1574 1575
1575 1577 1576
1578 1576 1577
1577 1579 1578
1580 1578 1579
1579 1581 1580
1580 1581 1582
1582 1268 1580
1583 1582 1581
1581 1584 1583
1584 1585 1583
1586 1583 1585
1586 1585 1587
1587 1588 1586
1588 1589 1586
1589 1588 1274
1590 1274 1588
1588 1591 1590
1592 1590 1591
1593 1592 1591
1591 1594 1593
1594 1475 1593
1595 1593 1475
1596 1593 1595
1595 1460 1596
1460 1595 1472
1597 1475 1594
1598 1597 1594
1597 1598 1599
1599 1600 1597
1600 1601 1597
1601 1600 1478
1600 1599 1602
1485 1600 1602
1485 1480 1600
1599 1603 1602
1604 1602 1603
1605 1604 1603
1603 1585 1605
1604 1605 1491
1605 1606 1491
1606 1605 1584
1584 1607 1606
1608 1606 1607
1607 1609 1608
1610 1608 1609
1609 1575 1610
1575 1611 1610
1496 1610 1611
1612 1496 1611
1611 1572 1612
1608 1610 1494
1609 1607 1577
1606 1608 1492
1602 1604 1486
1603 1599 1587
1598 1587 1599
1475 1597 1601
1594 1591 1598
1593 1596 1592
1592 1596 1454
1454 1613 1592
1613 1454 1450
1459 1454 1596
1590 1592 1613
1591 1588 1598
1613 1274 1590
1587 1598 1588
1585 1603 1587
1583 1586 1589
1585 1584 1605
1581 1607 1584
1589 1582 1583
1582 1589 1270
1607 1581 1579
1578 1580 1268
1579 1577 1607
1576 1578 1614
1614 1615 1576
1615 1614 1263
1614 1578 1266
1577 1575 1609
1574 1576 1615
1615 1616 1574
1616 1615 1108
1108 1615 1262
1611 1575 1572
1573 1574 1616
1573 1616 1106
1572 1570 1612
1569 1612 1570
1612 1569 1499
1501 1569 1503
1500 1502 1565
1501 1499 1569
1498 1500 1564
1499 1496 1612
1564 1497 1498
1495 1497 1559
1610 1496 1494
1493 1495 1558
1494 1492 1608
1490 1493 1557
1492 1491 1606
1491 1488 1604
1489 1490 1557
1487 1489 1566
1487 1566 1483
1002 1483 1566
1002 1617 1483
1488 1486 1604
1602 1486 1485
1483 1484 1487
1482 1483 1617
993 1482 1617
1617 997 993
1481 1480 1485
1478 1600 1480
1477 1479 989
989 985 1477
1478 1476 1601
1601 1476 1475
1475 1472 1595
1473 1474 978
1472 1471 1460
1462 1460 1471
1468 1458 1461
1596 1460 1459
1458 1468 1457
926 1456 1457
1459 1455 1454
1451 1453 922
1454 1452 1450
1449 1451 920
1450 1275 1613
1276 1449 918
1274 1613 1275
1274 1272 1589
1271 1273 1277
1272 1270 1589
1269 1271 1279
1270 1268 1582
1267 1269 1281
1268 1266 1578
1265 1267 1285
1266 1263 1614
1285 1264 1265
1263 1262 1615
737 1261 1264
1255 1257 733
1258 1253 1224
1112 1258 1224
1251 1223 1221
1220 1222 1254
1221 1219 1251
1218 1220 1256
1256 729 1218
1194 1219 1217
1216 1218 729
1195 1217 1215
1214 1216 727
1197 1215 1213
1212 1214 725
1213 1211 1197
1210 1212 723
1211 1209 1199
1208 1210 721
1206 719 1618
1618 713 1206
561 1202 1205
1204 1203 1207
1201 1209 1203
1209 1201 1199
1198 1200 552
1199 1197 1211
1196 1198 550
1215 1197 1195
1193 1196 548
1217 1195 1194
1252 1194 1192
1192 1191 1252
1191 1189 1250
544 1187 1190
1189 1188 1250
1188 1186 1230
1185 1187 542
1186 1184 1231
1182 1185 541
1184 1183 1233
1243 1183 1181
1181 1179 1243
1178 1180 535
1179 1177 1240
1176 1178 533
1177 1175 1241
533 1174 1176
1175 1172 1242
1173 1174 531
1172 1171 1242
1619 1242 1171
1242 1619 1140
1171 1169 1619
1144 1619 1169
1168 1170 527
1169 1166 1144
527 1167 1168
1164 1167 523
1166 1165 1145
1165 1163 1147
1162 1164 521
1163 1159 1149
1160 1162 519
1159 1157 1149
1156 1158 1161
1161 1620 1156
497 1156 1620
1620 1161 515
515 1621 1620
499 1620 1621
1621 1622 499
1622 1621 511
1152 1154 478
1157 1153 1151
1150 1152 475
1151 1149 1157
1148 1150 475
1149 1147 1163
1146 1148 473
1147 1145 1165
1143 1146 471
1145 1144 1166
1619 1144 1141
1138 1142 1133
468 1133 1142
1141 1140 1619
1140 1139 1242
1239 1139 1137
1238 1137 1136
1133 1135 1138
1131 1129 1134
1128 1130 1091
1129 1127 1136
1125 1128 1093
1127 1126 1136
1126 1123 1245
1122 1124 1097
1123 1121 1246
1120 1122 1099
1121 1119 1247
1099 1118 1120
1119 1117 1248
1116 1118 1103
1117 1115 1248
1114 1116 1105
1115 1113 1225
1111 1114 1105
1113 1112 1224
1258 1112 1110
1260 1110 1109
1262 1109 1108
1616 1108 1106
1105 1107 1111
1106 1104 1573
1103 1105 1116
1104 1102 1571
1101 1103 1118
1102 1100 1568
1118 1099 1101
1567 1100 1098
1097 1099 1122
1098 1096 1567
1095 1097 1124
1096 1094 1551
1093 1095 1125
1094 1092 1550
1091 1093 1128
1544 1092 1090
1089 1091 1130
1090 1088 1544
1130 1087 1089
1546 1088 1086
1085 1087 1132
1132 466 1085
1086 1084 1546
1083 1085 466
1084 1082 1548
1081 1083 464
1080 1081 462
1082 1079 1078
1078 1076 1549
1076 1075 1549
1549 1075 1048
1623 1048 1075
1075 1073 1623
1624 1623 1073
1623 1624 1051
1073 1069 1624
1069 1065 1624
1066 1068 1071
1071 415 1066
1064 1624 1065
1624 1064 1053
1062 1063 1067
1067 408 1062
1056 1054 1064
1054 1053 1064
1053 1051 1624
1051 1049 1623
1040 1046 1050
1049 1048 1623
1048 1047 1549
1547 1047 1045
1045 1044 1547
1042 1543 1044
1046 1040 1043
1042 1041 1538
1041 1039 1536
1050 1038 1040
1533 1039 1036
1037 1038 1052
1035 1037 1055
1531 1036 1034
1033 1035 1058
1529 1034 1032
1031 1033 1060
1032 1030 1529
1029 1031 1061
1061 394 1029
1028 1029 394
1030 1021 1020
1020 1018 1525
1017 1019 1023
1018 1015 1523
1016 1017 1026
1016 1013 1014
1008 1007 1010
1007 1006 1015
1004 1521 1006
1003 1520 1004
1566 1003 1002
999 1617 1002
1000 1001 1005
998 1000 1009
1617 999 997
1009 996 998
1012 367 996
997 994 993
993 991 1482
358 992 995
1482 991 990
990 989 1479
985 989 986
982 1477 985
983 984 348
983 348 979
1477 982 981
981 978 1474
979 980 983
978 976 1473
1473 976 975
973 1470 975
977 972 974
972 977 343
343 971 972
969 973 970
968 1469 969
966 1465 968
956 1465 966
965 967 333
966 964 956
964 957 956
953 1465 956
955 958 954
1465 953 952
1466 952 951
947 1625 932
950 948 949
948 954 946
1625 947 945
935 1625 945
961 944 946
937 945 943
942 944 960
963 940 942
940 963 311
943 939 937
938 941 936
1626 936 941
941 1627 1626
1628 1626 1627
1627 1629 1628
1630 1628 1629
1629 295 1630
1628 1630 887
1630 292 887
1629 1627 299
1626 1628 893
893 1628 888
1627 941 303
936 1626 894
945 937 935
934 936 894
1625 935 933
933 932 1625
932 930 929
929 927 951
901 925 928
927 926 1467
1456 926 924
923 925 904
924 922 1456
921 923 906
922 920 1451
919 921 908
920 918 1449
916 919 910
918 917 1276
1439 917 915
1437 915 914
914 913 1442
913 911 1410
910 912 916
911 909 1410
908 910 919
909 907 1408
906 908 921
907 905 1408
904 906 923
905 903 1406
902 904 925
903 900 1404
925 901 902
899 901 931
900 898 1404
897 899 931
898 896 1402
895 897 934
1400 896 892
894 895 934
893 894 1626
891 1400 892
889 1398 891
888 890 893
889 885 1399
887 888 1628
886 887 292
885 883 1399
882 884 286
879 882 283
883 878 875
876 877 881
881 1631 876
1631 881 842
873 876 1631
1631 1632 873
1632 1631 844
875 874 883
1397 874 872
871 873 1632
872 869 1397
1632 870 871
870 1632 846
846 1633 870
868 870 1633
869 867 1395
865 868 1633
867 866 1392
864 1389 866
1633 863 865
848 863 1633
1389 864 862
850 861 863
862 860 1389
858 861 852
860 859 1385
1383 859 857
857 856 1383
855 1365 856
855 853 1328
852 854 858
853 851 1364
861 850 852
1362 851 849
863 848 850
849 847 1362
1633 846 848
1361 847 845
844 846 1632
845 843 1361
842 844 1631
841 842 881
843 838 837
836 1359 837
836 834 821
833 835 839
832 833 262
834 831 822
820 823 805
822 821 834
819 818 821
818 816 1358
814 817 808
816 815 1355
1353 815 813
1333 813 812
811 1342 812
811 809 1345
808 810 814
1348 809 807
806 808 817
1350 807 804
805 806 820
803 805 827
804 802 1350
801 803 827
802 800 1351
799 801 828
800 798 1352
791 1352 798
797 799 830
830 237 797
798 796 791
795 797 237
796 794 792
792 791 796
1352 791 790
786 785 790
785 784 1349
1347 784 781
787 782 783
782 787 208
781 779 1346
778 780 202
202 196 778
779 777 1344
776 778 196
777 775 1338
774 776 194
775 773 1340
772 774 194
773 771 1320
770 772 188
771 769 1319
767 770 185
769 768 1316
768 766 1314
766 765 1312
765 763 1310
176 762 764
1309 763 761
761 759 1309
758 760 168
168 715 758
756 759 757
756 753 1304
752 754 722
1302 753 751
750 752 724
751 749 1302
747 750 726
749 748 1299
746 744 748
744 742 1300
740 743 734
742 741 1292
1288 741 739
738 1289 739
1264 738 737
737 735 1259
734 736 740
735 733 1257
732 734 743
733 731 1255
730 732 745
731 729 1256
745 728 730
729 727 1216
726 728 747
727 725 1214
724 726 750
725 723 1212
722 724 752
723 721 1210
720 722 754
721 719 1208
754 718 720
1618 719 716
717 718 755
715 717 758
716 714 1618
713 1618 714
1206 713 711
709 1205 711
1205 709 561
144 562 708
1202 561 559
558 560 563
559 557 1202
556 558 566
1200 557 554
555 556 566
553 555 568
554 552 1200
551 553 572
552 550 1198
549 551 572
550 548 1196
547 549 574
548 546 1193
545 547 576
1190 546 544
543 545 578
1187 544 542
540 543 578
542 541 1185
541 539 1182
579 538 540
1180 539 537
581 536 538
537 535 1180
534 536 583
535 533 1178
532 534 585
1174 533 531
530 532 587
531 529 1173
528 530 589
529 527 1173
526 528 591
1167 527 525
524 526 593
525 523 1167
522 524 595
523 521 1164
520 522 597
521 519 1162
518 520 599
519 517 1160
516 518 707
517 515 1161
707 514 516
1621 515 513
512 514 605
513 511 1621
510 512 610
511 507 1622
610 509 510
506 1622 507
1622 506 500
501 503 490
490 493 501
502 500 506
498 501 493
500 499 1622
1620 499 497
1156 497 496
496 495 1155
481 1155 495
495 492 481
493 494 498
493 490 491
489 490 503
503 32 489
487 489 30
484 486 449
485 483 488
482 484 449
483 481 492
480 482 452
1155 481 479
479 478 1154
478 476 1152
474 477 460
476 475 1152
475 473 1148
472 474 461
473 471 1146
469 472 463
471 470 1143
1142 470 468
1133 468 467
467 466 1132
466 464 1083
463 465 469
464 462 1081
461 463 472
462 459 1080
460 461 474
457 460 477
459 458 1080
435 458 456
455 457 477
456 453 435
477 454 455
452 454 480
453 451 435
450 452 482
449 450 482
447 449 486
486 1634 447
1634 486 20
446 447 1634
16 446 1634
445 440 448
444 438 441
438 444 428
440 439 448
451 439 437
436 438 428
437 435 451
458 435 434
433 1077 434
433 431 1074
429 432 436
431 430 1074
1072 430 427
428 429 436
426 428 444
427 425 1072
424 426 443
5 424 443
1071 425 423
421 424 2
423 418 1071
415 1071 418
412 1066 415
408 1067 412
406 1062 408
406 402 1059
400 1059 402
400 396 1061
394 1061 396
394 390 1028
390 387 1024
384 1025 387
381 1025 384
381 378 1027
375 1013 378
372 1011 375
369 1012 372
367 1012 369
367 363 995
360 995 363
995 360 358
355 988 358
987 355 351
987 351 348
348 345 979
343 977 345
971 343 339
339 335 971
971 335 333
333 329 965
325 965 329
323 965 325
323 320 959
320 316 962
314 962 316
314 311 963
311 307 940
305 940 307
305 303 941
303 299 1627
299 295 1629
292 1630 295
290 886 292
290 286 884
283 882 286
283 280 879
276 880 280
880 276 274
271 841 274
267 840 271
840 267 264
262 833 264
262 258 832
255 832 258
253 824 255
253 249 826
247 826 249
247 243 829
240 829 243
237 830 240
237 234 795
795 234 231
228 793 231
793 228 223
223 221 793
789 221 218
213 788 218
211 788 213
208 787 211
208 204 782
202 782 204
196 202 198
196 194 776
194 190 772
190 188 772
188 185 770
185 183 767
180 764 183
764 180 176
762 176 174
760 174 170
170 168 760
715 168 166
162 160 166
157 712 160
712 157 154
710 154 150
150 148 710
708 148 144
562 144 141
564 141 138
138 134 564
134 132 663
660 132 128
128 126 660
657 126 122
122 120 657
654 120 117
117 113 654
653 113 111
702 111 107
107 104 702
104 101 703
101 99 704
99 96 705
706 96 92
92 89 706
89 87 640
629 87 83
83 81 631
81 77 633
74 633 77
70 635 74
635 70 68
68 65 639
61 639 65
58 611 61
55 608 58
51 609 55
48 509 51
45 508 48
42 505 45
38 504 42
504 38 36
32 503 36
30 489 32
25 487 30
487 25 23
20 486 23
1634 20 16
13 446 16
446 13 10
7 442 10
443 7 5
5 2 424
421 2 1
$EndParametrizations
