$MeshFormat
4.1 0 8
$EndMeshFormat
$PhysicalNames
1
2 1 "cartilage"
$EndPhysicalNames
$Entities
1 1 1 0
1 -24.0401588840987 18.00007441412733 -33.84185355630588 0 
3 -29.96029336023814 -11.032282172297 -33.8936358441742 0.0679990030531048 28.53364669455214 -24.51787365712331 0 2 1 -1 
2 -29.96263311189267 -11.03450379223257 -33.89380972011658 0.07170362135981811 28.53608680646494 -24.51659312043532 1 1 1 3 
$EndEntities
$Nodes
3 4450 1 4450
0 1 0 1
1
-24.0401588840987 18.00007441412733 -33.84185355630588
1 3 0 229
2
3
4
5
6
7
8
9
10
11
12
13
14
15
16
17
18
19
20
21
22
23
24
25
26
27
28
29
30
31
32
33
34
35
36
37
38
39
40
41
42
43
44
45
46
47
48
49
50
51
52
53
54
55
56
57
58
59
60
61
62
63
64
65
66
67
68
69
70
71
72
73
74
75
76
77
78
79
80
81
82
83
84
85
86
87
88
89
90
91
92
93
94
95
96
97
98
99
100
101
102
103
104
105
106
107
108
109
110
111
112
113
114
115
116
117
118
119
120
121
122
123
124
125
126
127
128
129
130
131
132
133
134
135
136
137
138
139
140
141
142
143
144
145
146
147
148
149
150
151
152
153
154
155
156
157
158
159
160
161
162
163
164
165
166
167
168
169
170
171
172
173
174
175
176
177
178
179
180
181
182
183
184
185
186
187
188
189
190
191
192
193
194
195
196
197
198
199
200
201
202
203
204
205
206
207
208
209
210
211
212
213
214
215
216
217
218
219
220
221
222
223
224
225
226
227
228
229
230
-24.50597488597031 17.1227162513875 -33.85551789424341
-24.97242400006155 16.24565703579815 -33.86662834405087
-25.4395026022627 15.36889944836529 -33.87478175579123
-25.90048774935392 14.48892340672429 -33.88266168502526
-26.35725949192571 13.60672664136022 -33.88679055901208
-26.81898489695864 12.7271504561091 -33.87878348880729
-27.28323857569479 11.8491397222945 -33.85686739229823
-27.72402970459155 10.95941293070257 -33.82893898125418
-28.10158952187842 10.04123826781652 -33.80426415097699
-28.40174630044978 9.094776332918965 -33.7805973671415
-28.64803760424728 8.132977330523097 -33.74804361146629
-28.86107799543818 7.163607397510479 -33.70576889060809
-29.05227419483589 6.189858703868011 -33.65917359069869
-29.23886291562627 5.215286539261753 -33.6109355016584
-29.43145111890136 4.241719226674891 -33.56623279709961
-29.62738499615148 3.268307384732592 -33.5349133054718
-29.8064901582607 2.291253974268189 -33.52598372018956
-29.93101066406131 1.305968487945184 -33.53009692744465
-29.95833987271666 0.3137285718837369 -33.52021138504172
-29.8474402240332 -0.6706544835038738 -33.46510947032507
-29.56627288255648 -1.614467362482274 -33.34616736698543
-29.13515370918605 -2.492927733141763 -33.1789383476346
-28.62563543892707 -3.326546388046971 -32.99972183528302
-28.08866535564676 -4.144653234099157 -32.82867669329278
-27.54803188167031 -4.963198096695872 -32.67183094759185
-27.03631017566925 -5.802572798777775 -32.53009928869513
-26.59737320352999 -6.68325099902625 -32.39596668258013
-26.1961255830232 -7.580575461665265 -32.25218603767968
-25.74930491693852 -8.450753876432685 -32.08219416143685
-25.17932012607326 -9.233916541527618 -31.87015783199271
-24.50914237260435 -9.827749606455866 -31.63079357081756
-23.6184725329883 -10.11915383648425 -31.3282621132891
-22.68881893636646 -10.31322114627585 -31.03886077417076
-21.73708046938965 -10.4129152875585 -30.77281813024101
-20.7773700524481 -10.48969674635188 -30.5280695461841
-19.81901533149758 -10.61515077482332 -30.29913340307961
-18.86045924072314 -10.7687260760104 -30.08825275646563
-17.89465880860101 -10.90498462753295 -29.90000207075477
-16.91943864875364 -11.00219798253307 -29.73841124406138
-15.93503038452559 -11.032282172297 -29.61130002967293
-14.9479841067124 -10.9688650488049 -29.52567105396103
-13.96984311899515 -10.80574335176679 -29.47342534152618
-13.00705591964484 -10.57219857395225 -29.40388717306488
-12.06580883507605 -10.29165732079374 -29.25810616746595
-11.16006065403761 -9.947443138951162 -29.04156763009605
-10.31673227240852 -9.479690473876774 -28.81089861717396
-9.603160354515424 -8.818527664999028 -28.63055067368478
-9.095830308299192 -7.973270183618016 -28.53704416782181
-8.775312424479997 -7.034843551957688 -28.50697016550103
-8.559701477401891 -6.06547062017741 -28.49041422427659
-8.349933524873705 -5.097706356105083 -28.41852951705573
-8.052635149880292 -4.166769209150361 -28.24357656748111
-7.699651937872494 -3.264929900916404 -28.02274533197763
-7.316780424695529 -2.389622999744936 -27.75179767975017
-6.910175251780172 -1.568850358853047 -27.37025504264501
-6.508430366315707 -0.8146633070117338 -26.86453469279494
-6.146254070575148 -0.05452614162388598 -26.33789650497429
-5.843492411111062 0.7838699587416291 -25.90172707764093
-5.605092322364754 1.691865376003197 -25.57838636843967
-5.407415387039881 2.625487236932099 -25.30245004375217
-5.220754385103068 3.56373346162529 -25.03460981963775
-5.037159390806116 4.513981847749679 -24.81139646777955
-4.85822613654749 5.477248756232695 -24.64765310443749
-4.68248601116641 6.448041398069099 -24.5324799021755
-4.526594147681419 7.426579127147514 -24.55607286888929
-4.426625682098623 8.370010700121448 -24.83843521205853
-4.38384468324087 9.239086514671916 -25.31558614249947
-4.376369327650708 10.05736130367052 -25.87859855558169
-4.381472342687275 10.86741796459617 -26.45360721903406
-4.360124811174539 11.71151967767438 -26.97608633778981
-4.275823121158005 12.57604716385411 -27.45782967897381
-4.137022678548522 13.42177115057302 -27.95991093028732
-3.931991016491852 14.24916025972369 -28.46962155969739
-3.635365324526014 15.07196508153958 -28.93963299093589
-3.258708854488124 15.89454428162717 -29.34639099894416
-2.664557976275396 16.52068998022078 -29.78443387857322
-1.939593321682285 17.03550279681926 -30.22692952537325
-1.190701114922027 17.50838857851529 -30.67640081096121
-0.5519916993294089 18.00793818250497 -31.24613973032855
-0.1383121627840153 18.59342564455392 -31.92981474467911
0.05446866977467033 19.27222941643714 -32.62470264828643
0.01950339736172166 20.05462880256354 -33.22795079579063
-0.2729554320789771 20.92319755782437 -33.59308287561477
-0.7048376751087506 21.80960152277532 -33.69843100643858
-1.102171453365721 22.71967270509336 -33.70255133658662
-1.456395433471072 23.64745983003924 -33.68038007074968
-1.893500962309057 24.53707713632706 -33.62865602495925
-2.456164563529197 25.35337784197262 -33.58036686133869
-3.121989304759637 26.08922076820737 -33.56639529302952
-3.879735510508762 26.72965307901423 -33.59309942901413
-4.720634873994607 27.25415318694142 -33.64976577713251
-5.614118366341509 27.68291827032134 -33.71198442018046
-6.540581426789867 28.03705736401728 -33.7635785328206
-7.494588207229755 28.31003850234389 -33.79948473817981
-8.472895483440611 28.47714726859448 -33.82238234646002
-9.464209343858455 28.53364669455214 -33.83601610200142
-10.45720177101227 28.51300153663666 -33.84357204050927
-11.44714051004737 28.4316295282795 -33.84645112688938
-12.42822534252864 28.27848484082199 -33.84761810749863
-13.37981244840172 27.99779577339315 -33.85385982495529
-14.2798247017865 27.57888851556557 -33.86777166038082
-15.15271124783943 27.10471656991452 -33.87716258030615
-16.01920923031413 26.61883783321219 -33.87389119963764
-16.8748086033991 26.11433796921905 -33.85891461202077
-17.70165002555431 25.5643890064788 -33.8421846693358
-18.47871878605607 24.94597441730286 -33.83885618952533
-19.20968744996812 24.27352070087653 -33.85333721773648
-19.91410655365048 23.5733366718115 -33.87314093144133
-20.59304569081348 22.84835056101011 -33.88729424522249
-21.23616947193781 22.09135641115877 -33.89350121478824
-21.84627820781743 21.30740856281723 -33.8912304033004
-22.43698983398915 20.50880468947664 -33.8778878542821
-23.01023404189914 19.69778087944676 -33.85597095904082
-23.54892665078649 18.86341958735552 -33.83937610109643
-24.27422354731194 17.56109188183089 -33.84851110807563
-24.73873109651633 16.68392887083143 -33.86160426756904
-25.20642104200471 15.80744686183225 -33.87081276848832
-25.67106014773776 14.92942321809901 -33.87880222168794
-26.12883621620906 14.0478305547299 -33.88566720222998
-26.58719432673643 13.16647902011895 -33.88453039661126
-27.05197451289364 12.28826211645972 -33.86929202723268
-27.50969664185627 11.40688019543427 -33.84294640809159
-27.9233791341145 10.50486717892298 -33.81592016906417
-28.26022984007497 9.570634783333535 -33.79294817123314
-28.52956835267295 8.615058729406496 -33.76570335805197
-28.75825048966294 7.649026953691062 -33.72778303934788
-28.95844686659983 6.677135016012995 -33.68281229766404
-29.14536556617222 5.701468682073883 -33.63503110263977
-29.33407824296177 4.728679030085977 -33.58747884145497
-29.5296960966032 3.755208188181529 -33.54829984432843
-29.72080864121741 2.780556806475231 -33.52790408210061
-29.87895568078107 1.79989718647863 -33.52775895280708
-29.96029336023814 0.8102649097734742 -33.52919438275644
-29.92178119532534 -0.1811237044077605 -33.49968437530023
-29.72653310251086 -1.149271092147089 -33.41281695776037
-29.36377152375823 -2.060716079167446 -33.26585268558257
-28.88601646677717 -2.913295612216451 -33.08906203120674
-28.35902064136462 -3.736321911381423 -32.91249245701768
-27.81767075969691 -4.55274189272244 -32.74847500900174
-27.28493325690924 -5.37912087322822 -32.59918998450334
-26.8067330972067 -6.237595737403478 -32.46310547416981
-26.39706363724049 -7.133202816868622 -32.32651873310083
-25.98386363001352 -8.022417323450515 -32.17161347651401
-25.48246451134324 -8.857902093847152 -31.98179280916976
-24.85935370482539 -9.556047894282823 -31.75485678268985
-24.06712814584079 -9.9822239306662 -31.47843412420602
-23.15730029135355 -10.22976881159703 -31.1810075530736
-22.214019333651 -10.3706295032754 -30.90298330359947
-21.25572315612036 -10.44863986446051 -30.64776724861391
-20.29794371518898 -10.54502947031612 -30.41178166451212
-19.33912978165847 -10.69254530208575 -30.1906589811076
-18.37852755876763 -10.8408234053061 -29.99076645156369
-17.40845348811902 -10.95956469304171 -29.8157492147755
-16.42810529861421 -11.02762894335774 -29.66994525178247
-15.4411128275265 -11.01466598901532 -29.56259109246011
-14.45674150767865 -10.89899720166247 -29.4973603157042
-13.48627921932608 -10.69613419114012 -29.44590763574542
-12.53272407090645 -10.43780992977979 -29.34227524058807
-11.60732322182628 -10.13070525181294 -29.15598569787873
-10.72613001871958 -9.73652613336993 -28.92351137963827
-9.937523115967684 -9.175981484865044 -28.71073546482899
-9.324251494026917 -8.412060279008852 -28.5739927461721
-8.916489674201962 -7.51067751565565 -28.5168597258029
-8.654309759721096 -6.530801652562904 -28.50044193245843
-8.462096670399728 -5.57952729010666 -28.46724958538168
-8.212056029052144 -4.627262983143408 -28.34054195069123
-7.880546219416271 -3.71325857354761 -28.13715549569522
-7.511806318503107 -2.822724621565755 -27.89690643963913
-7.115546704276244 -1.970245276077458 -27.57883471409269
-6.706227345100162 -1.186258028589122 -27.12786522196558
-6.321631765358269 -0.440916189347802 -26.59620779676625
-5.987349789737029 0.3547771045231852 -26.10588682904843
-5.717633770226183 1.232297981062926 -25.72983439462663
-5.503427975837957 2.157819469110195 -25.43910792779547
-5.313766866357811 3.093711991115007 -25.16605939679917
-5.128331951016223 4.036855499964389 -24.91448988084079
-4.947254345122752 4.994580468176045 -24.72368679547611
-4.769786426591914 5.961547852768947 -24.58267955598359
-4.599931591797965 6.937287641875807 -24.51787365712331
-4.468406534697965 7.90598508281939 -24.66442738118277
-4.399879147469686 8.811867227082931 -25.06121956255301
-4.377154867925015 9.651542092027722 -25.59144661001101
-4.378984786003925 10.46186492529854 -26.16982437317568
-4.377629067031534 11.28360766857081 -26.72401819019636
-4.325677893691878 12.1442493481627 -27.21636112092499
-4.212663134196294 13.00137032847453 -27.70579555224351
-4.043504543794387 13.83672427418812 -28.2163771214013
-3.794624833981048 14.66053363469487 -28.71167046770863
-3.453517912011833 15.48318658450582 -29.14902604559193
-3.005902360527695 16.25112605165112 -29.55314384009645
-2.308305627217033 16.78383985274218 -30.00951073497014
-1.562109568486387 17.27442969072661 -30.44453908511759
-0.8502243795586608 17.75018166450015 -30.94412347619074
-0.3185655348513539 18.2894843746636 -31.58015166497911
-0.01214692783339086 18.9196278774409 -32.28244726748299
0.06799900305310547 19.65010214594529 -32.94610988018999
-0.1009722351336439 20.49405185897978 -33.45305935017827
-0.4841698279950593 21.36550608140571 -33.67055534348621
-0.9132954854056804 22.26043967710432 -33.70470762310186
-1.276676799435404 23.18432680198274 -33.69551951345286
-1.660195536393344 24.10081045952768 -33.65681523645264
-2.161597938819718 24.95423334379372 -33.60170234636031
-2.776347136169391 25.73326961945993 -33.56777532518345
-3.490136001171391 26.42223559172361 -33.57512461065599
-4.292085448458815 27.00512855545777 -33.61938126275715
-5.161942714582664 27.47972897507822 -33.68150348961935
-6.074070678630256 27.86819082667923 -33.73955103227649
-7.014051197385338 28.18568225160543 -33.78347914018639
-7.981215386868969 28.40856706196424 -33.81236007066101
-8.967587538802233 28.51675396070755 -33.8300624660386
-9.96116629556902 28.53156323236796 -33.84048025779946
-10.95211168431019 28.47942115890838 -33.84544803943709
-11.93944131556405 28.3674626200744 -33.84693933922119
-12.90969913650691 28.15838869914844 -33.84952359449215
-13.83587765361333 27.8021389480647 -33.86041884338694
-14.71781072406641 27.34459357131 -33.87395984494541
-15.58632067497386 26.8629637243522 -33.87716497800383
-16.44924295158716 26.37059306464999 -33.86747810407788
-17.29321397803214 25.84723526186409 -33.84983492039613
-18.09635880930128 25.26307744033151 -33.83826904619898
-18.84810492789043 24.6139799867626 -33.84462813848563
-19.56440437944442 23.92592558311641 -33.86345343214541
-20.25734771672472 23.21437353901726 -33.88119034602715
-20.91942780434724 22.47393850647827 -33.89136568769933
-21.54463724983527 21.70205718470932 -33.8936358441742
-22.14362153717761 20.90952679327426 -33.88616352717563
-22.72674829845885 20.10565054904815 -33.86745173583587
-23.28530673884248 19.28507303200943 -33.84573826178975
-23.79971015077443 18.43471069167879 -33.83825085042526
2 2 0 4220
231
232
233
234
235
236
237
238
239
240
241
242
243
244
245
246
247
248
249
250
251
252
253
254
255
256
257
258
259
260
261
262
263
264
265
266
267
268
269
270
271
272
273
274
275
276
277
278
279
280
281
282
283
284
285
286
287
288
289
290
291
292
293
294
295
296
297
298
299
300
301
302
303
304
305
306
307
308
309
310
311
312
313
314
315
316
317
318
319
320
321
322
323
324
325
326
327
328
329
330
331
332
333
334
335
336
337
338
339
340
341
342
343
344
345
346
347
348
349
350
351
352
353
354
355
356
357
358
359
360
361
362
363
364
365
366
367
368
369
370
371
372
373
374
375
376
377
378
379
380
381
382
383
384
385
386
387
388
389
390
391
392
393
394
395
396
397
398
399
400
401
402
403
404
405
406
407
408
409
410
411
412
413
414
415
416
417
418
419
420
421
422
423
424
425
426
427
428
429
430
431
432
433
434
435
436
437
438
439
440
441
442
443
444
445
446
447
448
449
450
451
452
453
454
455
456
457
458
459
460
461
462
463
464
465
466
467
468
469
470
471
472
473
474
475
476
477
478
479
480
481
482
483
484
485
486
487
488
489
490
491
492
493
494
495
496
497
498
499
500
501
502
503
504
505
506
507
508
509
510
511
512
513
514
515
516
517
518
519
520
521
522
523
524
525
526
527
528
529
530
531
532
533
534
535
536
537
538
539
540
541
542
543
544
545
546
547
548
549
550
551
552
553
554
555
556
557
558
559
560
561
562
563
564
565
566
567
568
569
570
571
572
573
574
575
576
577
578
579
580
581
582
583
584
585
586
587
588
589
590
591
592
593
594
595
596
597
598
599
600
601
602
603
604
605
606
607
608
609
610
611
612
613
614
615
616
617
618
619
620
621
622
623
624
625
626
627
628
629
630
631
632
633
634
635
636
637
638
639
640
641
642
643
644
645
646
647
648
649
650
651
652
653
654
655
656
657
658
659
660
661
662
663
664
665
666
667
668
669
670
671
672
673
674
675
676
677
678
679
680
681
682
683
684
685
686
687
688
689
690
691
692
693
694
695
696
697
698
699
700
701
702
703
704
705
706
707
708
709
710
711
712
713
714
715
716
717
718
719
720
721
722
723
724
725
726
727
728
729
730
731
732
733
734
735
736
737
738
739
740
741
742
743
744
745
746
747
748
749
750
751
752
753
754
755
756
757
758
759
760
761
762
763
764
765
766
767
768
769
770
771
772
773
774
775
776
777
778
779
780
781
782
783
784
785
786
787
788
789
790
791
792
793
794
795
796
797
798
799
800
801
802
803
804
805
806
807
808
809
810
811
812
813
814
815
816
817
818
819
820
821
822
823
824
825
826
827
828
829
830
831
832
833
834
835
836
837
838
839
840
841
842
843
844
845
846
847
848
849
850
851
852
853
854
855
856
857
858
859
860
861
862
863
864
865
866
867
868
869
870
871
872
873
874
875
876
877
878
879
880
881
882
883
884
885
886
887
888
889
890
891
892
893
894
895
896
897
898
899
900
901
902
903
904
905
906
907
908
909
910
911
912
913
914
915
916
917
918
919
920
921
922
923
924
925
926
927
928
929
930
931
932
933
934
935
936
937
938
939
940
941
942
943
944
945
946
947
948
949
950
951
952
953
954
955
956
957
958
959
960
961
962
963
964
965
966
967
968
969
970
971
972
973
974
975
976
977
978
979
980
981
982
983
984
985
986
987
988
989
990
991
992
993
994
995
996
997
998
999
1000
1001
1002
1003
1004
1005
1006
1007
1008
1009
1010
1011
1012
1013
1014
1015
1016
1017
1018
1019
1020
1021
1022
1023
1024
1025
1026
1027
1028
1029
1030
1031
1032
1033
1034
1035
1036
1037
1038
1039
1040
1041
1042
1043
1044
1045
1046
1047
1048
1049
1050
1051
1052
1053
1054
1055
1056
1057
1058
1059
1060
1061
1062
1063
1064
1065
1066
1067
1068
1069
1070
1071
1072
1073
1074
1075
1076
1077
1078
1079
1080
1081
1082
1083
1084
1085
1086
1087
1088
1089
1090
1091
1092
1093
1094
1095
1096
1097
1098
1099
1100
1101
1102
1103
1104
1105
1106
1107
1108
1109
1110
1111
1112
1113
1114
1115
1116
1117
1118
1119
1120
1121
1122
1123
1124
1125
1126
1127
1128
1129
1130
1131
1132
1133
1134
1135
1136
1137
1138
1139
1140
1141
1142
1143
1144
1145
1146
1147
1148
1149
1150
1151
1152
1153
1154
1155
1156
1157
1158
1159
1160
1161
1162
1163
1164
1165
1166
1167
1168
1169
1170
1171
1172
1173
1174
1175
1176
1177
1178
1179
1180
1181
1182
1183
1184
1185
1186
1187
1188
1189
1190
1191
1192
1193
1194
1195
1196
1197
1198
1199
1200
1201
1202
1203
1204
1205
1206
1207
1208
1209
1210
1211
1212
1213
1214
1215
1216
1217
1218
1219
1220
1221
1222
1223
1224
1225
1226
1227
1228
1229
1230
1231
1232
1233
1234
1235
1236
1237
1238
1239
1240
1241
1242
1243
1244
1245
1246
1247
1248
1249
1250
1251
1252
1253
1254
1255
1256
1257
1258
1259
1260
1261
1262
1263
1264
1265
1266
1267
1268
1269
1270
1271
1272
1273
1274
1275
1276
1277
1278
1279
1280
1281
1282
1283
1284
1285
1286
1287
1288
1289
1290
1291
1292
1293
1294
1295
1296
1297
1298
1299
1300
1301
1302
1303
1304
1305
1306
1307
1308
1309
1310
1311
1312
1313
1314
1315
1316
1317
1318
1319
1320
1321
1322
1323
1324
1325
1326
1327
1328
1329
1330
1331
1332
1333
1334
1335
1336
1337
1338
1339
1340
1341
1342
1343
1344
1345
1346
1347
1348
1349
1350
1351
1352
1353
1354
1355
1356
1357
1358
1359
1360
1361
1362
1363
1364
1365
1366
1367
1368
1369
1370
1371
1372
1373
1374
1375
1376
1377
1378
1379
1380
1381
1382
1383
1384
1385
1386
1387
1388
1389
1390
1391
1392
1393
1394
1395
1396
1397
1398
1399
1400
1401
1402
1403
1404
1405
1406
1407
1408
1409
1410
1411
1412
1413
1414
1415
1416
1417
1418
1419
1420
1421
1422
1423
1424
1425
1426
1427
1428
1429
1430
1431
1432
1433
1434
1435
1436
1437
1438
1439
1440
1441
1442
1443
1444
1445
1446
1447
1448
1449
1450
1451
1452
1453
1454
1455
1456
1457
1458
1459
1460
1461
1462
1463
1464
1465
1466
1467
1468
1469
1470
1471
1472
1473
1474
1475
1476
1477
1478
1479
1480
1481
1482
1483
1484
1485
1486
1487
1488
1489
1490
1491
1492
1493
1494
1495
1496
1497
1498
1499
1500
1501
1502
1503
1504
1505
1506
1507
1508
1509
1510
1511
1512
1513
1514
1515
1516
1517
1518
1519
1520
1521
1522
1523
1524
1525
1526
1527
1528
1529
1530
1531
1532
1533
1534
1535
1536
1537
1538
1539
1540
1541
1542
1543
1544
1545
1546
1547
1548
1549
1550
1551
1552
1553
1554
1555
1556
1557
1558
1559
1560
1561
1562
1563
1564
1565
1566
1567
1568
1569
1570
1571
1572
1573
1574
1575
1576
1577
1578
1579
1580
1581
1582
1583
1584
1585
1586
1587
1588
1589
1590
1591
1592
1593
1594
1595
1596
1597
1598
1599
1600
1601
1602
1603
1604
1605
1606
1607
1608
1609
1610
1611
1612
1613
1614
1615
1616
1617
1618
1619
1620
1621
1622
1623
1624
1625
1626
1627
1628
1629
1630
1631
1632
1633
1634
1635
1636
1637
1638
1639
1640
1641
1642
1643
1644
1645
1646
1647
1648
1649
1650
1651
1652
1653
1654
1655
1656
1657
1658
1659
1660
1661
1662
1663
1664
1665
1666
1667
1668
1669
1670
1671
1672
1673
1674
1675
1676
1677
1678
1679
1680
1681
1682
1683
1684
1685
1686
1687
1688
1689
1690
1691
1692
1693
1694
1695
1696
1697
1698
1699
1700
1701
1702
1703
1704
1705
1706
1707
1708
1709
1710
1711
1712
1713
1714
1715
1716
1717
1718
1719
1720
1721
1722
1723
1724
1725
1726
1727
1728
1729
1730
1731
1732
1733
1734
1735
1736
1737
1738
1739
1740
1741
1742
1743
1744
1745
1746
1747
1748
1749
1750
1751
1752
1753
1754
1755
1756
1757
1758
1759
1760
1761
1762
1763
1764
1765
1766
1767
1768
1769
1770
1771
1772
1773
1774
1775
1776
1777
1778
1779
1780
1781
1782
1783
1784
1785
1786
1787
1788
1789
1790
1791
1792
1793
1794
1795
1796
1797
1798
1799
1800
1801
1802
1803
1804
1805
1806
1807
1808
1809
1810
1811
1812
1813
1814
1815
1816
1817
1818
1819
1820
1821
1822
1823
1824
1825
1826
1827
1828
1829
1830
1831
1832
1833
1834
1835
1836
1837
1838
1839
1840
1841
1842
1843
1844
1845
1846
1847
1848
1849
1850
1851
1852
1853
1854
1855
1856
1857
1858
1859
1860
1861
1862
1863
1864
1865
1866
1867
1868
1869
1870
1871
1872
1873
1874
1875
1876
1877
1878
1879
1880
1881
1882
1883
1884
1885
1886
1887
1888
1889
1890
1891
1892
1893
1894
1895
1896
1897
1898
1899
1900
1901
1902
1903
1904
1905
1906
1907
1908
1909
1910
1911
1912
1913
1914
1915
1916
1917
1918
1919
1920
1921
1922
1923
1924
1925
1926
1927
1928
1929
1930
1931
1932
1933
1934
1935
1936
1937
1938
1939
1940
1941
1942
1943
1944
1945
1946
1947
1948
1949
1950
1951
1952
1953
1954
1955
1956
1957
1958
1959
1960
1961
1962
1963
1964
1965
1966
1967
1968
1969
1970
1971
1972
1973
1974
1975
1976
1977
1978
1979
1980
1981
1982
1983
1984
1985
1986
1987
1988
1989
1990
1991
1992
1993
1994
1995
1996
1997
1998
1999
2000
2001
2002
2003
2004
2005
2006
2007
2008
2009
2010
2011
2012
2013
2014
2015
2016
2017
2018
2019
2020
2021
2022
2023
2024
2025
2026
2027
2028
2029
2030
2031
2032
2033
2034
2035
2036
2037
2038
2039
2040
2041
2042
2043
2044
2045
2046
2047
2048
2049
2050
2051
2052
2053
2054
2055
2056
2057
2058
2059
2060
2061
2062
2063
2064
2065
2066
2067
2068
2069
2070
2071
2072
2073
2074
2075
2076
2077
2078
2079
2080
2081
2082
2083
2084
2085
2086
2087
2088
2089
2090
2091
2092
2093
2094
2095
2096
2097
2098
2099
2100
2101
2102
2103
2104
2105
2106
2107
2108
2109
2110
2111
2112
2113
2114
2115
2116
2117
2118
2119
2120
2121
2122
2123
2124
2125
2126
2127
2128
2129
2130
2131
2132
2133
2134
2135
2136
2137
2138
2139
2140
2141
2142
2143
2144
2145
2146
2147
2148
2149
2150
2151
2152
2153
2154
2155
2156
2157
2158
2159
2160
2161
2162
2163
2164
2165
2166
2167
2168
2169
2170
2171
2172
2173
2174
2175
2176
2177
2178
2179
2180
2181
2182
2183
2184
2185
2186
2187
2188
2189
2190
2191
2192
2193
2194
2195
2196
2197
2198
2199
2200
2201
2202
2203
2204
2205
2206
2207
2208
2209
2210
2211
2212
2213
2214
2215
2216
2217
2218
2219
2220
2221
2222
2223
2224
2225
2226
2227
2228
2229
2230
2231
2232
2233
2234
2235
2236
2237
2238
2239
2240
2241
2242
2243
2244
2245
2246
2247
2248
2249
2250
2251
2252
2253
2254
2255
2256
2257
2258
2259
2260
2261
2262
2263
2264
2265
2266
2267
2268
2269
2270
2271
2272
2273
2274
2275
2276
2277
2278
2279
2280
2281
2282
2283
2284
2285
2286
2287
2288
2289
2290
2291
2292
2293
2294
2295
2296
2297
2298
2299
2300
2301
2302
2303
2304
2305
2306
2307
2308
2309
2310
2311
2312
2313
2314
2315
2316
2317
2318
2319
2320
2321
2322
2323
2324
2325
2326
2327
2328
2329
2330
2331
2332
2333
2334
2335
2336
2337
2338
2339
2340
2341
2342
2343
2344
2345
2346
2347
2348
2349
2350
2351
2352
2353
2354
2355
2356
2357
2358
2359
2360
2361
2362
2363
2364
2365
2366
2367
2368
2369
2370
2371
2372
2373
2374
2375
2376
2377
2378
2379
2380
2381
2382
2383
2384
2385
2386
2387
2388
2389
2390
2391
2392
2393
2394
2395
2396
2397
2398
2399
2400
2401
2402
2403
2404
2405
2406
2407
2408
2409
2410
2411
2412
2413
2414
2415
2416
2417
2418
2419
2420
2421
2422
2423
2424
2425
2426
2427
2428
2429
2430
2431
2432
2433
2434
2435
2436
2437
2438
2439
2440
2441
2442
2443
2444
2445
2446
2447
2448
2449
2450
2451
2452
2453
2454
2455
2456
2457
2458
2459
2460
2461
2462
2463
2464
2465
2466
2467
2468
2469
2470
2471
2472
2473
2474
2475
2476
2477
2478
2479
2480
2481
2482
2483
2484
2485
2486
2487
2488
2489
2490
2491
2492
2493
2494
2495
2496
2497
2498
2499
2500
2501
2502
2503
2504
2505
2506
2507
2508
2509
2510
2511
2512
2513
2514
2515
2516
2517
2518
2519
2520
2521
2522
2523
2524
2525
2526
2527
2528
2529
2530
2531
2532
2533
2534
2535
2536
2537
2538
2539
2540
2541
2542
2543
2544
2545
2546
2547
2548
2549
2550
2551
2552
2553
2554
2555
2556
2557
2558
2559
2560
2561
2562
2563
2564
2565
2566
2567
2568
2569
2570
2571
2572
2573
2574
2575
2576
2577
2578
2579
2580
2581
2582
2583
2584
2585
2586
2587
2588
2589
2590
2591
2592
2593
2594
2595
2596
2597
2598
2599
2600
2601
2602
2603
2604
2605
2606
2607
2608
2609
2610
2611
2612
2613
2614
2615
2616
2617
2618
2619
2620
2621
2622
2623
2624
2625
2626
2627
2628
2629
2630
2631
2632
2633
2634
2635
2636
2637
2638
2639
2640
2641
2642
2643
2644
2645
2646
2647
2648
2649
2650
2651
2652
2653
2654
2655
2656
2657
2658
2659
2660
2661
2662
2663
2664
2665
2666
2667
2668
2669
2670
2671
2672
2673
2674
2675
2676
2677
2678
2679
2680
2681
2682
2683
2684
2685
2686
2687
2688
2689
2690
2691
2692
2693
2694
2695
2696
2697
2698
2699
2700
2701
2702
2703
2704
2705
2706
2707
2708
2709
2710
2711
2712
2713
2714
2715
2716
2717
2718
2719
2720
2721
2722
2723
2724
2725
2726
2727
2728
2729
2730
2731
2732
2733
2734
2735
2736
2737
2738
2739
2740
2741
2742
2743
2744
2745
2746
2747
2748
2749
2750
2751
2752
2753
2754
2755
2756
2757
2758
2759
2760
2761
2762
2763
2764
2765
2766
2767
2768
2769
2770
2771
2772
2773
2774
2775
2776
2777
2778
2779
2780
2781
2782
2783
2784
2785
2786
2787
2788
2789
2790
2791
2792
2793
2794
2795
2796
2797
2798
2799
2800
2801
2802
2803
2804
2805
2806
2807
2808
2809
2810
2811
2812
2813
2814
2815
2816
2817
2818
2819
2820
2821
2822
2823
2824
2825
2826
2827
2828
2829
2830
2831
2832
2833
2834
2835
2836
2837
2838
2839
2840
2841
2842
2843
2844
2845
2846
2847
2848
2849
2850
2851
2852
2853
2854
2855
2856
2857
2858
2859
2860
2861
2862
2863
2864
2865
2866
2867
2868
2869
2870
2871
2872
2873
2874
2875
2876
2877
2878
2879
2880
2881
2882
2883
2884
2885
2886
2887
2888
2889
2890
2891
2892
2893
2894
2895
2896
2897
2898
2899
2900
2901
2902
2903
2904
2905
2906
2907
2908
2909
2910
2911
2912
2913
2914
2915
2916
2917
2918
2919
2920
2921
2922
2923
2924
2925
2926
2927
2928
2929
2930
2931
2932
2933
2934
2935
2936
2937
2938
2939
2940
2941
2942
2943
2944
2945
2946
2947
2948
2949
2950
2951
2952
2953
2954
2955
2956
2957
2958
2959
2960
2961
2962
2963
2964
2965
2966
2967
2968
2969
2970
2971
2972
2973
2974
2975
2976
2977
2978
2979
2980
2981
2982
2983
2984
2985
2986
2987
2988
2989
2990
2991
2992
2993
2994
2995
2996
2997
2998
2999
3000
3001
3002
3003
3004
3005
3006
3007
3008
3009
3010
3011
3012
3013
3014
3015
3016
3017
3018
3019
3020
3021
3022
3023
3024
3025
3026
3027
3028
3029
3030
3031
3032
3033
3034
3035
3036
3037
3038
3039
3040
3041
3042
3043
3044
3045
3046
3047
3048
3049
3050
3051
3052
3053
3054
3055
3056
3057
3058
3059
3060
3061
3062
3063
3064
3065
3066
3067
3068
3069
3070
3071
3072
3073
3074
3075
3076
3077
3078
3079
3080
3081
3082
3083
3084
3085
3086
3087
3088
3089
3090
3091
3092
3093
3094
3095
3096
3097
3098
3099
3100
3101
3102
3103
3104
3105
3106
3107
3108
3109
3110
3111
3112
3113
3114
3115
3116
3117
3118
3119
3120
3121
3122
3123
3124
3125
3126
3127
3128
3129
3130
3131
3132
3133
3134
3135
3136
3137
3138
3139
3140
3141
3142
3143
3144
3145
3146
3147
3148
3149
3150
3151
3152
3153
3154
3155
3156
3157
3158
3159
3160
3161
3162
3163
3164
3165
3166
3167
3168
3169
3170
3171
3172
3173
3174
3175
3176
3177
3178
3179
3180
3181
3182
3183
3184
3185
3186
3187
3188
3189
3190
3191
3192
3193
3194
3195
3196
3197
3198
3199
3200
3201
3202
3203
3204
3205
3206
3207
3208
3209
3210
3211
3212
3213
3214
3215
3216
3217
3218
3219
3220
3221
3222
3223
3224
3225
3226
3227
3228
3229
3230
3231
3232
3233
3234
3235
3236
3237
3238
3239
3240
3241
3242
3243
3244
3245
3246
3247
3248
3249
3250
3251
3252
3253
3254
3255
3256
3257
3258
3259
3260
3261
3262
3263
3264
3265
3266
3267
3268
3269
3270
3271
3272
3273
3274
3275
3276
3277
3278
3279
3280
3281
3282
3283
3284
3285
3286
3287
3288
3289
3290
3291
3292
3293
3294
3295
3296
3297
3298
3299
3300
3301
3302
3303
3304
3305
3306
3307
3308
3309
3310
3311
3312
3313
3314
3315
3316
3317
3318
3319
3320
3321
3322
3323
3324
3325
3326
3327
3328
3329
3330
3331
3332
3333
3334
3335
3336
3337
3338
3339
3340
3341
3342
3343
3344
3345
3346
3347
3348
3349
3350
3351
3352
3353
3354
3355
3356
3357
3358
3359
3360
3361
3362
3363
3364
3365
3366
3367
3368
3369
3370
3371
3372
3373
3374
3375
3376
3377
3378
3379
3380
3381
3382
3383
3384
3385
3386
3387
3388
3389
3390
3391
3392
3393
3394
3395
3396
3397
3398
3399
3400
3401
3402
3403
3404
3405
3406
3407
3408
3409
3410
3411
3412
3413
3414
3415
3416
3417
3418
3419
3420
3421
3422
3423
3424
3425
3426
3427
3428
3429
3430
3431
3432
3433
3434
3435
3436
3437
3438
3439
3440
3441
3442
3443
3444
3445
3446
3447
3448
3449
3450
3451
3452
3453
3454
3455
3456
3457
3458
3459
3460
3461
3462
3463
3464
3465
3466
3467
3468
3469
3470
3471
3472
3473
3474
3475
3476
3477
3478
3479
3480
3481
3482
3483
3484
3485
3486
3487
3488
3489
3490
3491
3492
3493
3494
3495
3496
3497
3498
3499
3500
3501
3502
3503
3504
3505
3506
3507
3508
3509
3510
3511
3512
3513
3514
3515
3516
3517
3518
3519
3520
3521
3522
3523
3524
3525
3526
3527
3528
3529
3530
3531
3532
3533
3534
3535
3536
3537
3538
3539
3540
3541
3542
3543
3544
3545
3546
3547
3548
3549
3550
3551
3552
3553
3554
3555
3556
3557
3558
3559
3560
3561
3562
3563
3564
3565
3566
3567
3568
3569
3570
3571
3572
3573
3574
3575
3576
3577
3578
3579
3580
3581
3582
3583
3584
3585
3586
3587
3588
3589
3590
3591
3592
3593
3594
3595
3596
3597
3598
3599
3600
3601
3602
3603
3604
3605
3606
3607
3608
3609
3610
3611
3612
3613
3614
3615
3616
3617
3618
3619
3620
3621
3622
3623
3624
3625
3626
3627
3628
3629
3630
3631
3632
3633
3634
3635
3636
3637
3638
3639
3640
3641
3642
3643
3644
3645
3646
3647
3648
3649
3650
3651
3652
3653
3654
3655
3656
3657
3658
3659
3660
3661
3662
3663
3664
3665
3666
3667
3668
3669
3670
3671
3672
3673
3674
3675
3676
3677
3678
3679
3680
3681
3682
3683
3684
3685
3686
3687
3688
3689
3690
3691
3692
3693
3694
3695
3696
3697
3698
3699
3700
3701
3702
3703
3704
3705
3706
3707
3708
3709
3710
3711
3712
3713
3714
3715
3716
3717
3718
3719
3720
3721
3722
3723
3724
3725
3726
3727
3728
3729
3730
3731
3732
3733
3734
3735
3736
3737
3738
3739
3740
3741
3742
3743
3744
3745
3746
3747
3748
3749
3750
3751
3752
3753
3754
3755
3756
3757
3758
3759
3760
3761
3762
3763
3764
3765
3766
3767
3768
3769
3770
3771
3772
3773
3774
3775
3776
3777
3778
3779
3780
3781
3782
3783
3784
3785
3786
3787
3788
3789
3790
3791
3792
3793
3794
3795
3796
3797
3798
3799
3800
3801
3802
3803
3804
3805
3806
3807
3808
3809
3810
3811
3812
3813
3814
3815
3816
3817
3818
3819
3820
3821
3822
3823
3824
3825
3826
3827
3828
3829
3830
3831
3832
3833
3834
3835
3836
3837
3838
3839
3840
3841
3842
3843
3844
3845
3846
3847
3848
3849
3850
3851
3852
3853
3854
3855
3856
3857
3858
3859
3860
3861
3862
3863
3864
3865
3866
3867
3868
3869
3870
3871
3872
3873
3874
3875
3876
3877
3878
3879
3880
3881
3882
3883
3884
3885
3886
3887
3888
3889
3890
3891
3892
3893
3894
3895
3896
3897
3898
3899
3900
3901
3902
3903
3904
3905
3906
3907
3908
3909
3910
3911
3912
3913
3914
3915
3916
3917
3918
3919
3920
3921
3922
3923
3924
3925
3926
3927
3928
3929
3930
3931
3932
3933
3934
3935
3936
3937
3938
3939
3940
3941
3942
3943
3944
3945
3946
3947
3948
3949
3950
3951
3952
3953
3954
3955
3956
3957
3958
3959
3960
3961
3962
3963
3964
3965
3966
3967
3968
3969
3970
3971
3972
3973
3974
3975
3976
3977
3978
3979
3980
3981
3982
3983
3984
3985
3986
3987
3988
3989
3990
3991
3992
3993
3994
3995
3996
3997
3998
3999
4000
4001
4002
4003
4004
4005
4006
4007
4008
4009
4010
4011
4012
4013
4014
4015
4016
4017
4018
4019
4020
4021
4022
4023
4024
4025
4026
4027
4028
4029
4030
4031
4032
4033
4034
4035
4036
4037
4038
4039
4040
4041
4042
4043
4044
4045
4046
4047
4048
4049
4050
4051
4052
4053
4054
4055
4056
4057
4058
4059
4060
4061
4062
4063
4064
4065
4066
4067
4068
4069
4070
4071
4072
4073
4074
4075
4076
4077
4078
4079
4080
4081
4082
4083
4084
4085
4086
4087
4088
4089
4090
4091
4092
4093
4094
4095
4096
4097
4098
4099
4100
4101
4102
4103
4104
4105
4106
4107
4108
4109
4110
4111
4112
4113
4114
4115
4116
4117
4118
4119
4120
4121
4122
4123
4124
4125
4126
4127
4128
4129
4130
4131
4132
4133
4134
4135
4136
4137
4138
4139
4140
4141
4142
4143
4144
4145
4146
4147
4148
4149
4150
4151
4152
4153
4154
4155
4156
4157
4158
4159
4160
4161
4162
4163
4164
4165
4166
4167
4168
4169
4170
4171
4172
4173
4174
4175
4176
4177
4178
4179
4180
4181
4182
4183
4184
4185
4186
4187
4188
4189
4190
4191
4192
4193
4194
4195
4196
4197
4198
4199
4200
4201
4202
4203
4204
4205
4206
4207
4208
4209
4210
4211
4212
4213
4214
4215
4216
4217
4218
4219
4220
4221
4222
4223
4224
4225
4226
4227
4228
4229
4230
4231
4232
4233
4234
4235
4236
4237
4238
4239
4240
4241
4242
4243
4244
4245
4246
4247
4248
4249
4250
4251
4252
4253
4254
4255
4256
4257
4258
4259
4260
4261
4262
4263
4264
4265
4266
4267
4268
4269
4270
4271
4272
4273
4274
4275
4276
4277
4278
4279
4280
4281
4282
4283
4284
4285
4286
4287
4288
4289
4290
4291
4292
4293
4294
4295
4296
4297
4298
4299
4300
4301
4302
4303
4304
4305
4306
4307
4308
4309
4310
4311
4312
4313
4314
4315
4316
4317
4318
4319
4320
4321
4322
4323
4324
4325
4326
4327
4328
4329
4330
4331
4332
4333
4334
4335
4336
4337
4338
4339
4340
4341
4342
4343
4344
4345
4346
4347
4348
4349
4350
4351
4352
4353
4354
4355
4356
4357
4358
4359
4360
4361
4362
4363
4364
4365
4366
4367
4368
4369
4370
4371
4372
4373
4374
4375
4376
4377
4378
4379
4380
4381
4382
4383
4384
4385
4386
4387
4388
4389
4390
4391
4392
4393
4394
4395
4396
4397
4398
4399
4400
4401
4402
4403
4404
4405
4406
4407
4408
4409
4410
4411
4412
4413
4414
4415
4416
4417
4418
4419
4420
4421
4422
4423
4424
4425
4426
4427
4428
4429
4430
4431
4432
4433
4434
4435
4436
4437
4438
4439
4440
4441
4442
4443
4444
4445
4446
4447
4448
4449
4450
-1.852894544142042 22.93834595471403 -33.19879520998862
-18.13593353412545 -10.08202487119872 -29.96805116236268
-28.15518230216124 -2.592878630720024 -32.57196859510188
-25.75776975230778 -6.721343552298647 -31.95054697251532
-5.204081746629935 8.890016357505992 -25.7438502796708
-6.927067118050301 -0.06094935453954434 -27.08156319000872
-9.002491203429416 -4.150070167085469 -28.67923237264339
-26.80152537542954 11.12541242652916 -33.50737820807301
-24.58862274490379 15.4088835676074 -33.50745231935343
-28.50435134697153 5.669561962785291 -33.13148407614838
-22.04000929178187 19.68406748638203 -33.50340863250695
-18.33307349069643 24.01126473750949 -33.43963598976943
-13.59166673603774 27.0009659959215 -33.29775669567106
-22.0537932607207 -9.364658736918763 -30.78519056980673
-29.19012045438701 1.744089410455796 -32.89473116050154
-11.98936143642539 -9.211772413684841 -29.19011460679482
-7.215120880866191 27.49629748443801 -33.2873786842901
-5.910604665251021 3.319572322103811 -25.66525707089018
-9.876588173097588 -7.106550994468881 -28.76785761545845
-3.986066658917694 25.92566973902388 -33.15918746227392
-16.0161906611712 25.8228706524204 -33.43704463555923
-20.44988266275753 21.99270328625165 -33.57674218725685
-5.033871391705444 12.29028738360273 -27.52321545805781
-5.193544928369602 10.30612014355165 -26.53494412172194
-27.69152369849511 8.456039321030779 -33.30819401577961
-15.51161522581611 -10.13406178259045 -29.59264817078821
-9.873931427396517 27.8413617060411 -33.34824941303128
-0.7165989711274583 19.2161351900317 -31.91613963652848
-24.37048211857916 -8.88350426893842 -31.4975318933122
-4.94026996857535 13.86011982974795 -28.26071064286505
-5.347460781514915 6.092240302860805 -25.11643436577931
-23.56604295870662 17.24688532580158 -33.46127385987991
-7.603533721560082 -1.503488717448284 -27.85215453402452
-25.4142102806028 13.69236579713237 -33.53095057512666
-2.013935447758562 17.92628048027418 -30.5101656749113
-3.526038456332778 16.81377070023217 -29.60213736497783
-26.63533401195794 -5.030365165435541 -32.17576394466815
-1.025009128089751 21.13083071995701 -32.95347618372172
-20.24075429401487 -9.648349806405781 -30.40325852488048
-28.89374552750378 3.779011869521685 -32.95152289198159
-6.353699946667249 1.545163079415999 -26.23396769993465
-29.04792577853001 -0.8191332053090109 -32.85350316843731
-13.71658179051303 -9.776322684340915 -29.44507166710793
-2.810009757398831 24.54697673352876 -33.19472482144252
-5.529951002078558 26.87435400389583 -33.17173026822952
-11.77256138438731 27.73501177202828 -33.36835873661713
-10.50119325303758 -8.549015866636715 -28.85059953822867
-4.342877525561209 16.09693293240467 -29.19443256781099
-4.424992421676876 16.97866294257102 -29.47946591682006
-5.189491758232649 16.50174883594413 -29.2749942546217
-5.139789107886362 17.30594717844399 -29.57077792145294
-5.879233318234086 16.81534568852439 -29.44813611519844
-5.76695586930281 17.7488145263158 -29.78008451252704
-6.546412300548349 17.20976757920057 -29.70965730696441
-6.493900066768468 18.10156492325616 -30.01335141394337
-7.263576641794761 17.59833794870094 -30.01336785991788
-7.261685203903697 18.43293388017027 -30.25444458950522
-8.044954326437489 17.89526010429028 -30.27676592957584
-8.058114724948227 16.86434672218454 -30.0732247394876
-8.817268989437549 17.36848014052763 -30.4035311806641
-9.022380870171109 16.41027785577974 -30.35051590270007
-9.691550929914515 17.00920139410012 -30.61879510869775
-9.948863079411941 16.07298084244452 -30.65202564363127
-10.55690568149371 16.77215595986319 -30.83837599172082
-10.86436672283624 15.83102055284526 -30.91156295346073
-11.46278067427572 16.57162883006388 -31.0430781001929
-11.76815566415278 15.63417831391514 -31.11661392827871
-11.15864443932702 14.88009257196179 -30.97256600444888
-12.06579489645914 14.68484452020229 -31.1734678178541
-11.48120774471456 13.92557126485229 -31.01385776400949
-12.39994540690677 13.75067386780654 -31.20178230862857
-11.83940206939161 12.97531617994283 -31.03982260739726
-12.76614595898432 12.83353485726595 -31.22779395713322
-12.21303287898249 12.06186322006445 -31.0568148719891
-13.15061970526476 11.93439884693545 -31.23869701285555
-12.63139789941559 11.14274195575545 -31.07523935829475
-13.57610063469555 11.06506965868483 -31.25104270953863
-13.08055553891541 10.23804217055712 -31.11837556187371
-14.01439985500759 10.19542148575905 -31.27349320668782
-13.54225595974873 9.372657873831997 -31.17377580539014
-14.49527719503854 9.366858814915897 -31.30507472798858
-14.03842648224106 8.514431519675355 -31.23865991850381
-14.97926021615875 8.542568996847532 -31.33372596743162
-14.54194315580652 7.683447204569081 -31.30182990678945
-15.50295298170726 7.746232311878262 -31.36403939427123
-15.08820290417483 6.873710655786343 -31.3573496784052
-16.04941146463771 6.94569055699103 -31.38575755857762
-15.63971302080641 6.070652428228213 -31.39674586171505
-16.61003175325641 6.181322471390724 -31.39861167896694
-16.2169917451249 5.285309159571153 -31.41908233092441
-17.18468616658124 5.429837089691247 -31.40301071632913
-16.82585073703341 4.544668477175946 -31.4289822115837
-17.77446203041995 4.654325817927745 -31.3999192095872
-17.43022680897289 3.780316430017403 -31.42503179534145
-18.39684433663154 3.900818103869086 -31.38931092319189
-18.03636320205517 3.008357790846201 -31.41036283897111
-14.51522207380636 11.02248567474328 -31.39258219396015
-17.04448924166867 2.939088796916645 -31.42877707170009
-17.64441681223883 2.138116231256444 -31.40851429636094
-17.02015062960367 7.057225134331704 -31.37288867790231
-12.9543232484301 14.5383870557596 -31.32247691949442
-18.61395343508966 2.250445403023189 -31.39319195351149
-18.43681739833877 1.355875435884791 -31.38863722402463
-14.64294665358244 5.979860743661824 -31.32906310675442
-10.33167012105479 17.65581888248333 -30.81244471648036
-17.28166063949584 1.244627041109825 -31.38472714584196
-17.92163066018609 0.4625856250673384 -31.36683948037463
-16.92102045317309 0.3645917040558854 -31.3414062878071
-13.06722630175411 8.517970537974817 -31.06956426642386
-18.78858147462346 0.5271505277451091 -31.37475152458805
-17.53517810367133 -0.4145525237790958 -31.32450484481825
-16.54237557600021 -0.5174852059061587 -31.27678367506387
-17.1571939800311 -1.287347925332244 -31.25747516858392
-16.17705331097853 -1.406282632084701 -31.19117871723191
-15.55318281466465 -0.6245212388977391 -31.20271556121009
-18.75413442212428 4.820369871270244 -31.34908880450218
-15.19676598125425 -1.524703359346919 -31.09676679844567
-14.55415074034418 -0.7480336729530235 -31.08368530668948
-15.81913969097962 -2.278524050079986 -31.08551990395046
-11.72039995299625 11.1770955813086 -30.85497675714263
-14.8331931893986 -2.392843314558095 -30.96957081226853
-15.46636318224283 -3.163821960271503 -30.94126258244336
-6.54667478000883 18.98327680002748 -30.37000244567241
-7.411679910031477 19.30424425826291 -30.5840264337138
-6.707982423461521 19.84452743267707 -30.77641014980687
-7.548591625451278 20.15875954463524 -30.95255387379976
-14.4701217310893 -3.290578336549536 -30.80209706410739
-15.10959742774945 -4.060239897400237 -30.74430595306677
-16.06153758337686 -3.927379384157748 -30.87403391778403
-6.812571216569253 20.68297759680802 -31.19877270246894
-7.678005858027145 20.9721134203334 -31.32584440180347
-9.260556244729816 15.42773971020417 -30.34042416384394
-6.991530075341908 21.47516163869434 -31.57884942576411
-7.903223265972382 21.79075512240208 -31.67864732618693
-14.14897648305427 -4.167043173853372 -30.56464968132605
-13.48172484420738 -3.414908280365429 -30.58556347138358
-5.964743116987753 20.31329726600833 -31.00492282715346
-15.7248210932744 -4.82101661437705 -30.64972749361909
-16.67749624547713 -4.680423746183094 -30.78136564229423
-8.632565269468291 21.29677194501406 -31.43397422847386
-8.779024949140581 22.17545068683066 -31.76564733881582
-9.562897782207401 21.63740116612825 -31.53028744555469
-9.651171496370067 22.54995992545238 -31.84690965559427
-10.45612753619596 22.01328309240165 -31.65214483549671
-10.51586592071276 22.9362752788134 -31.9366653631891
-11.32039920898869 22.39822599975233 -31.78511445983829
-8.006243178477185 22.63022021675091 -31.96225793512962
-16.37463707066043 -5.558178675162088 -30.53547318463123
-17.30011940843737 -5.376465231572476 -30.67569246930845
-10.96249714946675 13.05211468058142 -30.80989507569232
-11.25820844922265 21.44971055573231 -31.51784861487904
-12.12540647299221 21.83562525538375 -31.69230293890968
-12.07312245212819 20.87441853490835 -31.47001612569416
-12.94373997132115 21.25571813222036 -31.66919414978944
-12.89107423635409 20.29441802421615 -31.5015510834446
-13.76581668666867 20.68086415677391 -31.71759353382516
-13.68728355224543 19.74202750752993 -31.58119231298362
-14.55427448308654 20.10997772432865 -31.79249409532748
-14.51499902931172 19.14757176441949 -31.6859371849023
-15.36964338388485 19.51583785260719 -31.88483423952449
-15.32582503918544 18.5832167480711 -31.80062074974063
-16.21035464656055 18.95296520071401 -31.99273567177532
-16.14363178643102 18.01793251343829 -31.91778933234004
-17.01967299404348 18.45263655443886 -32.10212182342936
-16.97248559741705 17.47127916788632 -32.04148573625341
-14.62176496377816 20.98041961904022 -31.91846576906384
-17.837832012835 17.92726482928134 -32.21345618083714
-17.79591095105076 16.91428512318444 -32.16690604383402
-16.92426960960565 16.47646233098531 -32.00988055265608
-17.75317629531951 15.92567369192577 -32.15224639874023
-18.74015619945536 16.34263080500548 -32.31342129269643
-18.57436374460898 15.36809370271579 -32.29102126608315
-17.69888806822092 14.91525555742198 -32.14340527680822
-18.51451864186741 14.37090008501086 -32.28704729336244
-19.46063454646771 14.75941798217151 -32.43221644303685
-19.32506645463827 13.78571947532507 -32.41926083884742
-18.46382790876215 13.38062172208839 -32.24941331604978
-19.29329511495978 12.83281612852741 -32.35965074359089
-20.16502944396887 13.29737490779636 -32.51328485060166
-20.14708758089067 12.34568864085231 -32.45353425712213
-19.27348980845062 11.86197862518802 -32.24188091356471
-20.11970544339986 11.34547715457086 -32.31181855861782
-20.99680903721133 11.8437554849458 -32.52182989043937
-20.97375455530156 10.8359014927641 -32.35376900686553
-21.82775161858301 11.30923126087374 -32.55689765730513
-21.82414469878321 10.33227118395652 -32.36724183806979
-20.98258196521997 9.87744441421593 -32.10592815210544
-21.8210862600551 9.373203479458097 -32.10923707968466
-12.21025550223188 22.74744782251481 -31.92723832329697
-20.9838559867491 8.942311103332905 -31.83654077496162
-21.82103631356145 8.416002475691391 -31.83969679834577
-22.66385009447584 8.84049514823387 -32.1035264532978
-22.66501818725574 7.896424804771919 -31.84733131684473
-17.6412882107477 -4.513676540770944 -30.90378801836994
-18.25586322657183 -5.227311380338099 -30.79488383813492
-18.62694776579923 -4.373890353811728 -30.99959316542947
-19.22035334122885 -5.144393472799646 -30.8776018886601
-19.61932221158562 -4.25696229026932 -31.07260198908056
-20.17991325676608 -5.0435337297899 -30.95016574059016
-20.59958077095708 -4.169117302139648 -31.13313707655159
-21.14679032204262 -4.947228131125646 -31.02552954961545
-21.5713829754842 -4.085150476989062 -31.18745098347474
-21.0083357609136 -3.272489858861291 -31.26984887549091
-21.99020839847458 -3.192955044901892 -31.30970316957796
-13.19631451833826 -4.296754362755397 -30.30566290067079
-21.43051712425002 -2.373374073008063 -31.35486060602516
-22.40877980277293 -2.297678164481661 -31.37993428678142
-21.85222625898431 -1.483939932454871 -31.397177325601
-22.83943841354317 -1.393271763713752 -31.42336905570699
-22.2696465862293 -0.5802350583920763 -31.42127602301193
-23.25264014443499 -0.48587862759545 -31.44633953590394
-22.68034517309274 0.3282001105582368 -31.42829924575544
-23.64987094039584 0.4330272793943689 -31.45790869933488
-23.08800783597126 1.244131641852824 -31.42534636661921
-24.06562547659303 1.352840357477511 -31.46442740878489
-23.48878053304183 2.157494724115234 -31.42351370336364
-24.46891513478917 2.260269858944895 -31.48215204217642
-23.88576478213987 3.07135812690659 -31.44082025208589
-24.63660494283112 0.5471734903828118 -31.4965189183696
-24.84869846346731 3.245569418372162 -31.52343983579382
-22.89818544323392 2.968081461465836 -31.37757911151305
-23.81571004176115 -1.273119680378408 -31.45032262718811
-17.04115794537899 19.40970939908481 -32.18363865473501
-23.50572403113661 8.326844973426267 -32.10234733024471
-23.50702650678074 7.393565043901355 -31.86369717484988
-22.64904871196196 6.994889759131512 -31.63725427556958
-12.53369818409667 -3.571692713643731 -30.2460774767961
-22.97276873297597 -3.099324965935927 -31.34867363354839
-19.27039878336987 10.88834080649186 -32.05874388098032
-15.7885169803742 4.458122992076793 -31.41319923031002
-15.4832741894383 -5.702885837127502 -30.38893280759654
-14.93180144959657 0.1613417795607764 -31.19918313990118
-13.94151256305461 0.02993618765504399 -31.05524657643853
-22.6562710907686 10.80803357450729 -32.58314829943269
-14.31389934599047 0.9542861351876328 -31.17622343906802
-13.32430986373895 0.8267164663224136 -30.99655425152058
-13.69547783314361 1.746331590930911 -31.1263033536002
-12.72381222818714 1.635036172459381 -30.91836150417618
-12.36468558034992 0.7415557201483609 -30.74419186548521
-11.77394671600274 1.536735052744727 -30.62021926868648
-12.14960614084193 2.442780173937622 -30.80300826706964
-11.21717079581846 2.352058858633656 -30.45990019987056
-11.59489081418847 3.261046157267534 -30.64246803280719
-10.6886861712752 3.185608255062975 -30.24650879500869
-11.03923816101355 4.068786569304883 -30.44747577441972
-10.17792642881944 4.026437824070944 -30.00108846501955
-10.53816799791132 4.890650711943859 -30.23546327277869
-9.716316346790206 4.867455508500335 -29.73253430327267
-10.09895599978434 5.736053495930782 -29.97668455318802
-9.306956190630977 5.75241185948995 -29.43463505739399
-9.689254232618413 6.612402895114183 -29.73110415971241
-8.920394672716233 6.65562519634101 -29.14209838236515
-9.86496991877728 3.103001709077366 -29.71433224949764
-9.301436154675951 7.488205706902805 -29.49180318572913
-11.41666583348514 0.6243071328053484 -30.38299435358859
-8.552229453220479 7.568817478472308 -28.87701092539252
-8.955317402882542 8.378100730495925 -29.27333433410854
-8.979877783578839 4.859313358529683 -29.11026549868537
-8.218632044311404 8.503428348637792 -28.63873082591695
-8.636830467996509 9.269593950395032 -29.10434638943181
-8.203802081214068 6.746063888014253 -28.44261373614763
-21.85332031803486 12.33939376093522 -32.66759020578188
-25.43692024934664 2.398077118836085 -31.55649137073513
-22.16976924080701 -4.869921007675574 -31.11309864427714
-18.42631567892727 11.41374335331643 -31.99899940211183
-13.67701575044593 12.6588952131786 -31.37612245324521
-18.7086286717052 -5.920392788974452 -30.66083452495769
-17.12278601721992 -6.16357252648088 -30.44921707373815
-20.74728640976938 -6.001926400434752 -30.79615014920018
-15.31639352470754 17.58562383883698 -31.74480733260698
-20.96928304145813 7.995269633153971 -31.59292668548864
-12.27588111174688 -4.500913238380346 -29.93942351863635
-12.94086865916841 -5.245448445368538 -29.97334086413759
-24.35785402317235 7.830880327915569 -32.11865126081143
-24.30701053595833 6.854989526306395 -31.87620913218714
-19.35405501913244 4.044535994086847 -31.34422002899176
-18.42472759777506 10.44248015393429 -31.80800475115748
-22.09068117488161 1.149697485715373 -31.39474851258262
-9.775353434379431 8.170784260145386 -29.82642564254147
-9.716936770223914 23.47464892711189 -32.11256727352897
-10.62357343458606 23.88462014712156 -32.18299966517421
-9.805219374605752 24.43487822206024 -32.31988097718317
-11.04025478149394 5.711961276339022 -30.45266948872413
-24.31503574869854 8.779360068565314 -32.35888950135148
-25.81815807196482 3.311854318084925 -31.62948829314189
-19.67332391310656 4.985510293642533 -31.30697206650915
-7.915184215204312 9.439273953320956 -28.47598538725953
-8.35356317425448 10.18794350984768 -28.98882772640928
-18.12769065907576 -1.172578830262755 -31.31236391845172
-7.595970067712853 10.37765158989969 -28.37260915669689
-8.059437894126399 11.11263735430635 -28.90938070576049
-12.51336379140616 3.348868833353013 -30.92741985926094
-4.837152083466543 18.12636579085822 -29.89566521567422
-11.99945070339768 -0.1690415756054199 -30.53352845988136
-11.06930648512774 -0.2825508756813394 -30.12611492022536
-7.529621866517999 8.714038970673476 -27.94791972333827
-10.54028786892923 0.5415758054748528 -29.93054410797016
-5.995779316248838 16.02506506711103 -29.21062914215754
-10.17696555538892 -0.3542115272244022 -29.63880802311962
-9.693087856452934 0.4793587352062789 -29.3925333146403
-10.70603604214878 -1.163345322702068 -29.85557715526284
-25.20508817359562 7.319903514434221 -32.16123980572576
-10.69966154342483 24.83320434705083 -32.38266669261237
-15.45568982382634 9.404358233859066 -31.392969862605
-25.19401793080774 6.358712537008254 -31.94509147191319
-11.61943207397771 -3.712624069624552 -29.85892522152787
-12.39926444557219 16.39233258982962 -31.21563515657488
-8.826768708747037 10.91431606399316 -29.46750624328084
-8.521334108526924 11.84477257185322 -29.39138833406162
-7.698380156995628 12.01402070916308 -28.82518808248279
-8.162631947394068 12.77532065110173 -29.31361437436829
-9.445743259370296 20.70479649315907 -31.2047260692218
-23.2991976502408 3.882115667956789 -31.40231871776798
-26.39944822720576 2.530911860180546 -31.66948634063408
-12.79472276624207 19.29469682569222 -31.36413891615952
-20.13482767674302 8.507814821936318 -31.58331758991607
-11.35613893785321 -4.652775752395081 -29.56133561667497
-19.11237212768658 5.751206255873009 -31.30828513218317
-17.57577279266723 10.96114275076003 -31.77920006484927
-26.0363909531199 6.787282444772651 -32.25121993461394
-22.31347945854273 3.778081751020379 -31.34102489519382
-20.85291781609444 -1.576307057345702 -31.37615162507416
-3.945232363231632 17.72378126736664 -29.8140821839117
-9.835821258734352 -1.242076384018103 -29.34725304778429
-26.03209020958397 5.828427489112684 -32.03180593505824
-9.888235188933564 25.39504857399502 -32.4981337815872
-8.985601425040928 24.94069888307127 -32.41334959457301
-9.046049314603707 25.91910226357984 -32.5869490106947
-8.179771441357648 25.47403611797174 -32.49592365607716
-7.303643409511757 12.9283928307248 -28.78066231717519
-7.766801414653227 13.67622761712182 -29.24520991108731
-12.82092251651875 -2.656824018802169 -30.50868683673237
-14.67175605791911 1.878761588685294 -31.28114965506365
-8.791835355428248 18.29781752175248 -30.5373776791944
-6.911681538916164 13.79418149714221 -28.81273575351809
-26.77856384928467 3.40441459861132 -31.80643474811496
-19.02535864450877 -3.478161664883909 -31.16769862790195
-17.563940452331 9.984899211788068 -31.61359663800764
-9.333328904057479 11.65204340053056 -29.90979886993179
-9.642906123329436 10.70200318845427 -29.96670766558908
-20.05656923865289 5.882993660345568 -31.29394526830077
-8.59760767849988 13.57045714429567 -29.74054685307023
-25.19156500042041 5.394105438493995 -31.76235403869795
-22.71085569758233 4.687301962630377 -31.38103446172583
-10.80092617420945 25.77630387094966 -32.57377489838758
-11.60391716767262 25.207711113213 -32.46778713608555
-27.35621311973646 2.643129205991465 -31.89687548586505
-26.98599954503006 1.753516067905013 -31.75264633803612
-26.03204929927763 7.751386706357961 -32.47730183037478
-10.37603488288948 -2.040571154441797 -29.57269363556379
-9.516212034108385 -2.114753731406722 -29.07355835216551
-13.55691570726286 -0.8587726267441567 -30.91131830041885
-6.839473505781784 12.2064924667189 -28.30492695326633
-12.0901657669505 17.28373006867348 -31.15035845488746
-13.03009546413852 17.13152266197236 -31.31398804560414
-21.90879561710291 2.876610268259569 -31.34266524253768
-13.33156169391578 16.20241739365891 -31.37479717702728
-7.319937725333117 14.52904973978506 -29.21553537245529
-11.19360433843032 20.4841898503668 -31.26821748905817
-17.59318579833615 11.93824599472931 -31.93769395249373
-16.73349990313799 11.49032924645792 -31.73676759515602
-16.76230796456809 12.47267874904091 -31.85453708402824
-10.70423194868443 -3.802502920739359 -29.44722262286334
-10.38775810588607 -4.771098996287249 -29.17225175757745
-11.09545818463604 -5.635528876250077 -29.28237215504559
-18.40990123791832 9.470474170381397 -31.60728077036195
-20.69150905583214 5.088641167055973 -31.29742801354377
-19.4739342783195 6.675884877286144 -31.31300219716238
-17.7553239332772 -2.047345442794462 -31.24057687691169
-17.54450859884767 9.007399250454016 -31.47224215679413
-18.42691189231346 8.31144513174463 -31.43408336087056
-14.06263353856793 2.640709174692144 -31.22620285197264
-26.85756150553949 7.214461606137364 -32.64315563714061
-4.722875670109806 15.3150652172257 -28.88590648955726
-8.11360992922417 24.50696448817484 -32.34291159262609
-7.317132153903785 25.04379829746161 -32.42298756605498
-7.201832550753106 24.08814912075881 -32.28091734463272
-6.429505095106427 24.64551762799965 -32.38522783528853
-6.292485533359747 23.65885796836844 -32.22423608683715
-5.53288061963077 24.25591224309325 -32.38233523905183
-5.378958072822356 23.2571385072841 -32.19437738861738
-4.651843811783081 23.86695871449914 -32.43681241412361
-4.488117501115 22.91815648152966 -32.21044945933149
-5.267223345459255 22.41200976116489 -31.96819887162788
-4.322608397019957 22.04249002566215 -31.91070594577912
-3.600448912645701 22.5467699257885 -32.25887068728082
-3.470230141848251 21.62974186270949 -31.87472700558367
-4.221581294854042 21.11016189499188 -31.49672861587909
-3.331248879509355 20.73803438916019 -31.44435614474627
-4.103485945604845 20.27934603971585 -31.05246773512648
-3.196710449524153 19.85132655528975 -30.97484678584147
-2.470725137076359 20.28375713174429 -31.48306591215248
-2.419918607770781 19.43533923504241 -31.03402773722872
-15.01874813482298 2.794521745506592 -31.34941445880236
-14.35848995269468 3.506255831324459 -31.28628947277727
-21.07868479212595 6.054017685640053 -31.33987560308726
-15.90953818369931 12.0376655846322 -31.675667368543
-15.93087291495443 13.00956716702908 -31.75789871658017
-15.64814259675891 2.022425646128482 -31.37044041294663
-5.66343243395185 25.18762842855129 -32.5431542058623
-11.277554699418 -1.983827853292712 -30.02547497537854
-10.03540529243961 1.375565253266638 -29.69011266128041
-9.247524097669006 1.321232265990994 -29.09910552233187
-8.907576232633692 0.4408811787156539 -28.78947191156529
-8.516155925793534 1.288471480562035 -28.44434678627259
-8.838591771092535 2.159736680228345 -28.76570224393211
-8.156092209340844 2.131161106941942 -28.05871256309208
-8.452121284386735 3.033861958367834 -28.40473003131931
-7.819485822094931 2.985588317768975 -27.66539524179054
-8.098869276968914 3.865240192101337 -28.03446477827853
-7.48404275259485 3.836488596935137 -27.27228884050206
-7.748217525146655 4.705218599923657 -27.6565583050668
-7.136555228154826 4.692601181624805 -26.89616806545708
-7.398259247416959 5.552593225678437 -27.30770832342839
-6.77962944259039 5.549374114428008 -26.54986828669254
-7.030817383920147 6.412092127023582 -26.96271277441782
-7.186356613130255 2.97313836732484 -26.93286856497314
-7.818314283423687 1.249530006625773 -27.75357518688512
-18.75537339450461 -1.930274755785836 -31.30240830112858
-19.14472846972506 -1.039341403415609 -31.34930766509437
-9.384275326595859 -5.216828222537282 -28.7682004837567
-16.79661338287885 13.45651959012955 -31.93911598274657
-15.97786635703321 13.9988383640517 -31.81214415573397
-15.12760504905404 13.56840140349717 -31.6537316052342
-15.16502727589041 14.54029366858169 -31.68215571496104
-16.02966714669543 14.98555126596009 -31.83885364233375
-15.21116478126471 15.53027587925655 -31.69669872690527
-11.70387849421756 26.13852604175802 -32.68742033154796
-12.50042956247821 25.58713280897476 -32.60802203809315
-12.39949239719823 24.62217961062503 -32.37504768943653
-13.30573105947388 24.98778950926625 -32.54402292959794
-13.19971718849292 24.03271722294414 -32.30943995656015
-14.10730737602865 24.38421783023277 -32.4984255073918
-13.98887780628806 23.42887956208887 -32.25745534233379
-14.88812658609813 23.77188296815812 -32.46180356836705
-14.2016359514674 25.35288494010886 -32.76350440883353
-14.75745674714835 22.83079887825346 -32.24467959547977
-15.66920344325183 23.12198386856671 -32.45501093266954
-15.80751356031989 24.06983043576901 -32.70300291794749
-16.56929137475399 23.43164683983964 -32.72942085298885
-16.43813564642766 22.47151414807453 -32.48967260659405
-17.32774661740233 22.79010574691191 -32.76916058045478
-17.19283809195564 21.83230132272981 -32.53779794137721
-18.09226864605802 22.15042154979282 -32.81537468943091
-17.95482471976279 21.19483222650299 -32.59312293621839
-16.29879655406398 21.50910325369938 -32.30286526336893
-16.70046015318356 24.33880692889238 -33.0269036597166
-18.82138846450561 21.51420337702694 -32.89308662701696
-18.71016274307524 20.55672727816123 -32.67345566276381
-21.33209179957735 3.639423192298217 -31.31622349267886
-20.91720910472977 2.767698406297954 -31.33596959090685
-3.989315878034653 19.39215850043421 -30.56881023312379
-7.383683867607633 25.98443193732121 -32.6129215423155
-23.6648509061107 4.79905924453529 -31.47531035126389
-19.58983400643914 20.87356251231063 -32.98989276740474
-19.47084445340316 19.92498951009021 -32.76276768328606
-20.35448217956698 20.22466665673308 -33.08247531326742
-20.23101875856343 19.29152229261197 -32.85342407042586
-19.36641186270489 18.95430259775708 -32.58613977716971
-20.10451380226762 18.32731979767433 -32.66712546252286
-20.98427668509401 18.65188379378145 -32.93077689394252
-20.86381567786224 17.69317924619923 -32.74872077814653
-21.71586320180821 17.99344082243803 -32.99526503230165
-21.63493562290889 17.06085446896519 -32.81473587631797
-20.72222825670836 16.71560771251806 -32.62242323814252
-21.48842536547065 16.08994227927099 -32.70995873965495
-9.033439039993876 -1.2616677209133 -28.82903156624
-6.408426756365264 6.4232263206188 -26.22166648712032
-6.63997399740582 7.241556766882439 -26.6372012865955
-5.916310786184177 7.359791774088243 -25.84427214798967
-7.270322827737153 7.274091643993025 -27.39848973881302
-18.94306572396806 22.45408551397965 -33.16548094568626
-8.408027765212626 15.71269748356056 -29.99131526766323
-7.525683789383742 16.04255758921518 -29.68006563891231
-26.09155988095105 4.8790696941076 -31.86914154670494
-26.85074716543262 5.298701493073273 -32.1652893314189
-6.505690267218969 4.70103933241256 -26.18636544239303
-18.51873674753591 6.511632305702648 -31.32625183146282
-22.37296587063946 16.41278753744108 -32.90161886752364
-22.25678615498158 15.46419110868505 -32.80630224481443
-21.34121343731757 15.11122949953511 -32.66069739544007
-22.10720739691579 14.48755116357752 -32.74921238991382
-22.9996564445262 14.84979250339367 -32.9129410060735
-22.88928223648363 13.87115338071465 -32.84715240555781
-23.70725760728382 14.26603906389236 -33.04182693752755
-23.64542946310578 13.27260463003355 -32.9536196685412
-8.315748814773578 19.60058960757681 -30.7801627455945
-13.87872002400131 22.50730326218928 -32.05340593627555
-10.95968353363693 26.59927252286865 -32.79284743232451
-6.277853581773008 8.128920735692096 -26.4400680005169
-10.1762889884265 11.42017523338987 -30.3375966311328
-10.46338387556943 10.46929852191267 -30.34883155652952
-14.39653030749309 14.97528497797758 -31.55800950322401
-27.892762411894 1.872378199180543 -32.04418347811814
-27.55703181418028 0.9628882543766668 -31.90570115722309
-26.59321276892165 0.8496487946214599 -31.67943858401091
-27.14242691311378 0.05337807158504781 -31.82417074370787
-26.1755714200144 -0.04949638389805965 -31.63632909082307
-26.69272488049126 -0.8364819825993209 -31.75671494754707
-25.75564995887653 -0.9453182055249274 -31.5939683430747
-26.29375265418949 -1.744096118364203 -31.70516114512479
-25.35268762644357 -1.866798761681742 -31.54430687210512
-25.86519065066417 -2.635925106017112 -31.64949345401472
-24.91768248154544 -2.797958254909351 -31.49473357171983
-25.49966578603732 -3.553404621024204 -31.60196171523033
-24.52512101454573 -3.714703458905733 -31.4397283723734
-25.12009095767286 -4.457398596127966 -31.54319735677868
-24.15550969793685 -4.604767406611539 -31.36675248152359
-26.58294177053541 -3.286292305101978 -31.91042203531254
-24.72990792569834 -5.356110595077443 -31.48137127762002
-23.80990893441893 -5.533879368532456 -31.26023537716058
-24.3988453851452 -6.225468130878384 -31.38910961425382
-23.49317008501221 -6.460631838047513 -31.13775479330328
-24.23340865722729 -7.226895926547001 -31.35197007700484
-23.19915790942866 -7.395451203028188 -31.01499088912188
-22.56133992697985 -6.620615479790295 -30.92232766359458
-22.23375287015272 -7.55539172651877 -30.79335420392786
-27.64858484606147 -0.8322300171579633 -32.05847352056369
-8.739830446738612 -2.258253428525308 -28.6075599207306
-15.91263389212999 11.11774925659477 -31.58020465007291
-27.68131841261232 3.546019093332307 -32.12736143740472
-2.750242526217406 22.04748808497239 -32.30773439218313
-9.958647681661775 9.775669847236863 -30.04654488905789
-10.79557058039822 9.539717380538653 -30.41003830023976
-19.32389621796837 17.89651985883552 -32.46516324594665
-13.84943833689459 16.8929686950934 -31.45962497845898
-13.71518936048125 17.77499699414925 -31.44607793188311
-6.446248397317032 14.57120567834805 -28.85109571352712
-9.838045152685092 12.35726957909428 -30.28887922212678
-5.399553465756751 11.46049464917236 -27.24863096978595
-22.83810933514901 -8.430995561583856 -30.93278900354836
-23.10924057362471 5.537936299276698 -31.48367973738186
-5.237702586836726 7.893398186701654 -25.35854985324302
-21.5829256576519 -6.777387178294599 -30.76167786828766
-21.28106144388637 -7.705639995510265 -30.6256318146292
-21.0443634234943 14.03099833881215 -32.62683206699342
-25.23871973732415 -7.619723985331293 -31.77621418010472
-8.002619352375977 5.595837781037776 -28.07762340853141
-27.10607557133407 -4.188500223843958 -32.26806675400135
-20.64089030121871 -6.955198906056156 -30.62268170321858
-20.3253737968376 -7.887290262543058 -30.48533496681579
-19.67965615563011 -7.173229230496847 -30.48908526401426
-19.37714621715754 -8.072809788945596 -30.33526783329433
-18.71886975245372 -7.424779870346002 -30.33162447800088
-18.44308129317337 -8.289271922944776 -30.16149844123031
-17.76492246029357 -7.639510754354406 -30.16606067634402
-17.51151207343782 -8.532655814914619 -29.98258630797396
-16.81530105222202 -7.905949165289112 -29.99387973321583
-16.59071067299957 -8.816720026429067 -29.81440269803591
-15.86268944067844 -8.144041068292694 -29.8304951099334
-16.06639768650793 -7.261649234253467 -30.04752881367244
-15.14552441683083 -7.481412536715158 -29.87383562551857
-14.93098250565141 -8.388105341362273 -29.67660908474846
-14.22004211407589 -7.693555322492181 -29.69105640242084
-14.40246336506378 -6.76948198815858 -29.92874773293905
-13.49020588040258 -6.992351215580618 -29.6996792045319
-13.28000069711084 -7.949161487007711 -29.49918967370557
-12.55957113879548 -7.274550788814976 -29.43037170290477
-19.13797459378758 -9.004239873844719 -30.20935108302816
-21.0135296761554 -8.79078477360363 -30.5464067883579
-4.900702932195651 19.84056174675638 -30.75390632896271
-25.25085434504827 4.292717394848805 -31.63666097790904
-16.54161305993788 9.477803320764124 -31.46557585184306
-16.76218154530281 8.584426896226802 -31.40815543621976
-2.917031755968426 17.48901087492472 -30.00831076975737
-3.063699310383933 18.29575542792168 -30.26608872376857
-19.72975080035318 -1.815248954204749 -31.3427605290249
-8.680071282589633 14.64951020944667 -29.95903045465931
-9.454208851265243 14.60236883899033 -30.34542989976866
-12.15227389855654 10.25061199092139 -30.90572815549198
-24.16208339924168 5.741543916191063 -31.64955196918035
-12.7670132212919 -6.261705198302491 -29.67306315688849
-11.83162432598932 -6.514205175213647 -29.359679404546
-11.64471697288432 -7.452219420932986 -29.18134486551855
-10.65001210127083 13.96075473389735 -30.77601379421526
-10.90331704427512 -6.734731999837309 -29.06602346496075
-10.20746247500643 -5.960631319505314 -28.96315553568294
-12.63702281975475 26.53444648681203 -32.90678356608235
-22.06394341216038 5.571017162531059 -31.37986285290638
-28.55534112056701 1.131218748669495 -32.40042268843487
-12.33727602035599 -8.199149346636052 -29.28135188049018
-13.02940814753743 -8.920611370884156 -29.37719392407712
-9.244150812830938 -3.1416743886129 -28.83709369606212
-18.96870098401181 7.403615911879299 -31.35401893655962
-2.588323683770223 21.17090227139286 -31.91506921953568
-1.618184499438883 20.59849485571471 -32.12759801228749
-1.610935940270802 19.66144094511425 -31.57314983051291
-1.70822841617881 18.73189104973146 -31.01005148589344
-6.007051783049681 12.08470668238776 -27.81722701085005
-6.155163048460118 11.13759140586851 -27.49456042199781
-5.556144226662206 13.03359045376763 -28.01533207537406
-9.00477014629773 12.57975986863604 -29.84172221978267
-9.479460662636338 13.18335287566587 -30.20374403029431
-16.29874074521426 1.150291202012246 -31.36101871632036
-7.198923711375086 9.612052150853387 -27.81945106857687
-6.845288446986622 8.813892088812141 -27.23794823870399
-6.453664999791407 9.743848030053888 -27.17086509308507
-26.83692567448832 8.180410722814262 -32.87346666099957
-26.02481419857615 8.708195926359014 -32.72496085048277
-26.82003800338531 9.076077433306837 -33.06601298265953
-25.95010569079338 9.717813633161665 -32.92494158659596
-18.01067529446766 -3.651325199557762 -31.08395695429904
-22.75885841858533 12.84148611147572 -32.79474840636188
-23.56188225398197 12.25689385523144 -32.86788330758286
-24.4083196304368 12.64824635964305 -33.0718243547531
-24.34078338798025 11.6836466281634 -32.93911245678747
-25.30964092051864 12.06162569915144 -33.21229652063424
-25.10072661619336 11.07303024284249 -32.99190681903863
-24.25258081456793 10.71017510449297 -32.77961179105824
-6.034563816654688 21.10659984706385 -31.41644669092712
-17.78273094627252 20.15391350263268 -32.40540831125883
-9.402097680589872 3.974780915620317 -29.42672629873717
-25.02701760494897 10.12622769966372 -32.79942032603619
-2.75089986246194 23.00719423910307 -32.7255264664293
-13.81026973365734 -2.54795725232068 -30.79858172157122
-20.21208834106901 3.555391064658028 -31.32721760185234
-19.89878969913187 2.649600905084411 -31.3567049991206
-20.49324103485738 1.87001122844226 -31.36194602614855
-13.55643307065794 7.652223015184029 -31.17078416922507
-12.59493930940044 7.665136605110959 -30.95805793726826
-13.05934469470261 6.799648406434209 -31.07705072603513
-12.10928262690596 8.517690136525037 -30.82960016920402
-11.64639829445729 7.668920692833151 -30.67512819372209
-11.17237322521745 8.510666946108275 -30.51146898400241
-10.71378187475902 7.66075255083842 -30.31315953898469
-18.05026705312552 -6.70365797511384 -30.40240640033098
-5.989731437933572 13.84684219589068 -28.46468978510011
-17.36481410501413 -9.435886141906678 -29.86525856655921
-23.18641602179224 -4.743941854621559 -31.2294795623984
-20.03412392500005 7.48681611416102 -31.40177065251889
-12.0525739527916 -5.486999585087266 -29.63005144817373
-13.68577228237537 -5.892952140732152 -30.00474637270811
-27.20402319350226 10.29402138240262 -33.4786537929592
-28.68433080706031 4.720235308906845 -33.02309739715037
-27.78830336754879 5.175675339708308 -32.54694695303661
-27.78027709420325 6.103453510887181 -32.78992128138147
-16.02431709816698 2.838850614845334 -31.4156179898561
-11.89435007586236 -2.792277895080924 -30.15264634538764
-7.846769798738308 7.716776959935956 -28.1524120423263
-25.05408943376287 1.490147481024504 -31.51666942936627
-25.6842246689189 -5.192767819994103 -31.77529950376342
-14.99555515686276 24.722805068828 -32.72629440152202
-9.991253630603016 26.28537057066819 -32.69997654400863
-9.20628351506412 26.99638299422829 -32.92563446398589
-7.500246774931382 2.114811381998973 -27.34032658511821
-7.123134908981276 1.185387891426103 -27.05550307672778
-10.09391361008357 -2.976125645481659 -29.28877362579333
-28.09424968649898 0.1742676586158217 -32.17547425739413
-28.90506493532892 0.211102803291968 -32.65372511978877
-21.77674025943912 -5.800535163371275 -30.92792029347643
-11.35192149447656 12.06739540209586 -30.83744858956653
-12.20087017267746 -1.877902667047076 -30.41170940593286
-28.65510592547759 -1.755345245825232 -32.73294365658155
-11.25985943922389 6.731719392164257 -30.54684473126099
-10.98549493194491 -2.89367660714285 -29.73787709570551
-20.42357126541749 14.75760069881581 -32.55310825598443
-12.58607648119909 9.379877486688287 -30.9762000239098
-16.09920393378873 17.02959588620961 -31.87241102521261
-15.28699517429287 16.56154490127085 -31.71757288974983
-21.50122805205996 1.971841123229272 -31.36169929833556
-21.08942487140757 1.055419763926025 -31.37885369499667
-20.12275824367844 0.9823188975807589 -31.37593954093748
-20.66612329950459 0.1701514166622495 -31.38499387566284
-21.6919568521734 0.2446282939960273 -31.40260034032628
-13.4171791190485 25.97972455986863 -32.82765263893594
-14.33604348857687 26.25204240515967 -33.11540353706759
-10.35987444169238 2.274434276255813 -29.97479890059491
-23.07155207298263 -9.407140491299671 -31.07407161737618
-25.87343761321721 12.81172711187996 -33.53601099584716
-13.18302866892777 -1.774488437578099 -30.72944106136564
-21.96150475994338 13.47223267837859 -32.71940603249766
-22.84112199959263 -5.648838757089452 -31.07923225893939
-27.80090748792539 -1.770422969827954 -32.24652764343544
-27.32664791703487 -2.499370798730508 -32.12172003587448
-17.04888566159514 20.90293607523133 -32.35818652260731
-16.22471287690629 20.63568896513264 -32.16733893418593
-5.44335181524778 14.74030292814091 -28.68738414444697
-14.06162335729983 6.822338239522355 -31.26262042449837
-13.56988607275276 5.962979333368821 -31.18068759319191
-12.57034830020747 5.978590943834858 -30.96127897909557
-13.09357293092438 5.103175668141741 -31.08090543520309
-14.11258952418978 5.138508871342087 -31.25609796827144
-12.03476093779335 5.146171486613146 -30.81011177836056
-13.71948307759605 4.283858438264068 -31.1913314577497
-15.12783684233452 25.57864035523414 -33.04231129691073
-6.87081879576827 3.860002948734309 -26.57830761351633
-19.50142626816215 1.777376143093199 -31.37590729759025
-21.81929211710407 7.477388927635636 -31.61162844983617
-21.08952284046606 12.95138302903301 -32.61424894841231
-22.68496126356374 11.80644116785466 -32.71695142765198
-23.77215581752455 -8.137907180533642 -31.21666953598478
-11.99230264374482 19.90031814654682 -31.28436476261353
-11.11409937627055 19.51461157982659 -31.10006651270688
-10.30090435849091 20.08829831539604 -31.09924848324059
-10.23053179872368 19.17798341142845 -30.92963343276069
-10.94782793396685 18.46974809794521 -30.97949240018713
-9.311169322393145 19.70897993200637 -30.91284515099851
-15.29496664440008 1.07678483186871 -31.29644420947963
-15.54119954282606 22.17216075971273 -32.26281045714221
-15.11539828681574 12.66614802511178 -31.60368544475662
-23.38893711262405 -2.194179986508932 -31.41017805809076
-9.362820211006444 -0.3964436836940934 -29.09977759211316
-8.590396861950252 -0.4190060815643812 -28.51598490069507
-6.231824153623727 22.7448443098646 -32.02654620414451
-7.128745422117968 23.15156638583397 -32.11057815248088
-15.17060656354264 5.234354973168617 -31.37755026026769
-12.96142644393104 -0.07263569605907466 -30.84239683609762
-21.11277928658789 19.58601051070233 -33.17067995989964
-21.33574388838746 20.53790316328523 -33.4866421390828
-17.86098557803762 18.94001996647146 -32.2892828768319
-5.053451549128924 20.74390985189458 -31.24289683954309
-24.23796704925917 -0.3332957428876503 -31.47936674021398
-16.06982661207645 16.01404150594773 -31.85247338770908
-20.02466633560915 -3.401265708362102 -31.22130660061119
-22.65265114529209 9.802220310656111 -32.36279419031825
-10.19313157357466 14.94697161159658 -30.67648267910908
-3.753204248056024 23.46082414968314 -32.53879111062456
-3.823655319392207 24.44811672131961 -32.78575967561741
-28.19666640988977 2.739190576209588 -32.27274216225254
-19.27081393333869 9.928565824581446 -31.82053383614454
-17.37969663704985 7.997578017861734 -31.38697509012199
-16.88468095372714 15.4645167355411 -31.99721576095769
-22.49592825993489 2.061697905995355 -31.38252280943095
-12.69018447760684 18.19728590147223 -31.27161205399455
-24.23364025686842 9.728671380340755 -32.57893916499933
-8.180975908256576 0.4281936587591132 -28.15613290280486
-10.87867394244329 1.443130640084656 -30.20228558340967
-20.15257865018713 -0.8671489359836793 -31.37490394680618
-18.60143772800331 19.55279833064521 -32.49780225121018
-11.91301419692538 18.92051302910892 -31.17383859446637
-19.9633339325026 17.34375300048998 -32.53769236204736
-19.81937058465448 16.28462416365274 -32.47180432136262
-20.62204769966979 15.71148270263389 -32.57171237959894
-9.87814907039767 -3.916581411656264 -29.07224143965442
-17.45686072392227 23.72585706124044 -33.05687840577922
-20.11401102449674 10.37152061728039 -32.08575465682916
-21.65114095161877 4.627453733766061 -31.31858983709093
-16.84182478843167 14.44952502552325 -31.98260937235757
-6.455420500806991 12.98951083700873 -28.33739910741152
-21.25345592902921 -0.6862280983841719 -31.39736601449101
-19.54763631109164 0.08266586330230986 -31.37376332092973
-6.026362834230082 5.62228287821069 -25.74549825155912
-5.776349922298381 4.674626501769001 -25.47603251479557
-11.64007950472578 -1.077762532390734 -30.29242455406685
-23.12750261841332 18.04151084981074 -33.46592758804923
-18.2168871464677 23.09032981020925 -33.10283992921838
-17.02203731821452 -3.788668735872737 -30.98303442398834
-23.96940414004079 16.24383594773676 -33.41085607671752
-16.69939168226801 10.51183353248769 -31.59835584839956
-13.97575502163452 -8.705106277071575 -29.52308265860354
-14.71982988109989 -9.390707807469997 -29.55392593225082
-15.6704955392978 -9.112052112778766 -29.67158763729314
-24.24722482028068 4.036944341588354 -31.49322745173482
-25.19859812934243 8.25956764863356 -32.39685752160901
-11.8837971049758 4.171325629013103 -30.75130308003815
-14.80505064331966 -4.961744124558029 -30.48310939381347
-22.56946041469127 -3.980694411456045 -31.25413921317858
-14.35085447662251 14.06660345257889 -31.54121294709104
-26.95879456210302 6.242205533234782 -32.43731248806147
-10.36960622726577 21.06613315942237 -31.35408967737565
-17.61567583652334 12.92242477281451 -32.05016037768783
-21.00747376045681 7.021027836152166 -31.42439077316719
-17.57574282452685 24.63086796182089 -33.41228428419303
-27.08677749682367 4.377345391280231 -32.03744781158213
-18.44029882452244 12.38754277857928 -32.15464609383565
-5.945188263985039 9.030926346439392 -26.4199760720286
-13.09859607708779 2.520960980603847 -31.04010900489982
-23.14949439738168 15.81532585741177 -33.04291095956992
-1.936511351209372 21.5688968917523 -32.4922095368994
-0.9304784328589897 20.2947296194359 -32.47799815144506
-19.23503678418042 8.952085679210459 -31.59046372629684
-18.15085802349379 5.570462818234078 -31.35625706124559
-20.43181314586166 -2.513033905395474 -31.32181791670639
-9.570389698424584 2.210474364341573 -29.40807781619406
-8.247224723171474 26.43540569543108 -32.7242009373327
-8.202700201037434 27.28686253758808 -33.09448794313011
-6.836422304406256 15.40757585924405 -29.23400313288943
-7.636033036185182 6.477936525359023 -27.73332309667307
-25.01717708526125 14.54760894176757 -33.52469608792066
-16.48126536896929 -9.710107616935266 -29.71740653521425
-14.40754327656905 16.04494973204165 -31.55906742359851
-7.275700080283584 11.28569334707396 -28.3276818967599
-13.09922154224797 23.09905896496033 -32.08297713086049
-17.65096075144283 13.91592900531792 -32.11732327930882
-19.05969791569615 3.188342312445516 -31.37476288102463
-22.555401889141 17.37335858147001 -33.10378784704403
-12.58406873827753 -0.9821156678892178 -30.64791805980405
-16.77433843751685 -2.160549520937249 -31.16720271120138
-12.13894582018863 6.814204852672574 -30.83798996415721
-13.44238615979523 13.6568863853136 -31.38200486980414
-9.110375989190432 10.00333425469181 -29.54626419651753
-22.65498685321728 18.88415011411946 -33.50357535981885
-6.759940818946347 10.61589219838397 -27.7382605852699
-28.97334643936317 2.787166982540723 -32.83312761297037
-14.20266843842226 -1.645212168255508 -30.95143015830076
-12.70097298801071 15.47367398717802 -31.28341993144864
-26.03397234789565 1.626191018736654 -31.59687071951815
-11.14031807583751 -9.01762354838112 -29.00174063691075
-11.40823300554705 23.31132002441038 -32.03743248492866
-11.51661136290073 24.25838026209563 -32.26015632484523
-24.5120800004924 13.74592500454203 -33.22025139780182
-21.87610176758379 -8.394239741661302 -30.70329054136507
-16.61402370921258 2.048795118073201 -31.4056835409681
-19.67678643251869 -5.894793333407251 -30.73925751855401
-20.12870267510212 9.433187818005276 -31.8274924132923
-16.82420932302567 25.24717096450257 -33.42576452755946
-15.91251499564327 0.2663914608622828 -31.2905373440011
-19.06398183714596 23.372793127611 -33.48806759731054
-12.31604633151199 23.69159463934635 -32.15900674509221
-26.11216675080487 -4.287712087354889 -31.82228638878137
-7.746461340547244 -0.436566675221057 -27.85712005731189
-6.136415445456479 2.38935658035107 -25.94621152146166
-9.124479532651421 3.092759842429382 -29.0952252299524
-18.51536675751996 -0.2884705555085972 -31.35431606224471
-9.403862404350484 -6.302155627912161 -28.70709160156554
-6.519441672628114 25.58615633399604 -32.55066321124234
-6.572331926548203 26.57875728680134 -32.85364166425757
-8.941440791574738 23.99375737588596 -32.25421197771994
-4.808086090798456 24.78408283077959 -32.59930723828548
-4.836757319160114 25.64875127898753 -32.79532769289418
-23.39975305749125 6.44803793383015 -31.64825624625922
-8.709701570347983 3.949420363839714 -28.76122446807852
-25.15517497082146 9.222596092906905 -32.62563952782967
-8.602556786670592 5.828765509589241 -28.78834927418449
-5.790453664904008 19.47822477562324 -30.56097081168028
-5.702743360969217 18.58118948553251 -30.12414501464916
-13.86921538088978 -5.071663175460487 -30.27310220245177
-28.11815565346924 7.485181939210942 -33.31326417159356
-16.40164314688382 -3.021844754846622 -31.04537994318989
-14.93612855189217 10.17894587438538 -31.38886146996913
-23.53968382352562 -3.86380697508501 -31.33154533229161
-26.35339291180633 12.00115285836679 -33.54117368033899
-10.84198503576445 27.86784126011218 -33.37007858504712
-11.18567830269148 17.47489487645331 -30.98479004035594
-20.00900274138701 -8.703756677708581 -30.38665392025662
-23.49352455062063 11.25564760918653 -32.75452657250351
-5.234595280404332 6.978917493575266 -25.12160855061035
-8.906217491064329 27.869171571353 -33.39223888644216
-14.07327502011091 11.8138284552076 -31.38590104896506
-13.6243825336562 18.74922822079621 -31.47551625793908
-11.647527512009 9.331190413916978 -30.70851368204651
-2.286510464372967 23.75150363051439 -33.21018469057459
-6.260539696188046 27.35279453651354 -33.32943375031388
-17.57508018745415 6.327790131637468 -31.36486060696166
-25.22524602229707 -0.192300905184378 -31.53528017581294
-12.62527959175977 27.45783146778192 -33.34210193872902
-7.834031170596333 15.10852515026452 -29.6024460925115
-9.454854358588801 9.055751009597868 -29.68897659200637
-13.0143463822238 22.18094325373725 -31.87444556919225
-21.1858576625934 -9.733767752497796 -30.60254305248802
-15.308651716612 -6.589133849438856 -30.12075528741269
-8.878760419404442 23.05053222686776 -32.03676727754149
-14.53514610154783 18.13146155776713 -31.62002375310758
-25.6295139599887 0.7102120195980508 -31.55923544002514
-6.496824433084975 0.6943571540288641 -26.5202635694314
-21.86215015841541 6.540392686151412 -31.45646554941744
-27.67531403437822 -3.38462209170493 -32.44123997723372
-17.39221346518261 -2.921864801239152 -31.13282544365472
-23.92805606712114 -2.965175686298744 -31.4043785542568
-3.957659056842167 18.62985000759341 -30.18761393078159
-19.22670476589446 -9.935292499942275 -30.18505362444201
-15.88551102729449 24.95830248864375 -33.01252494731499
-5.702621392553642 26.08526957036333 -32.77232598635271
-18.60691372383454 17.4461823543365 -32.31976430314898
-24.79261965332192 -1.116196954118069 -31.49768754734528
-24.36445195504852 -2.037274439402077 -31.45648002447057
-1.456749860077097 22.09031051137299 -33.12491949386329
-3.392034908513319 25.25698667603594 -33.17007917908342
-15.3666714108849 3.624289547352343 -31.39098819574176
-8.030878656871225 23.57999293807592 -32.19145701791307
-18.40525874127528 -2.799561223561764 -31.21499336128822
-19.76094845171379 22.69665247010749 -33.5314013143125
-8.326352476693916 4.774019820727547 -28.38715007874311
-16.42581702905228 3.693492061788297 -31.43157488864951
-10.68585896440992 -7.674511680196481 -28.92859662538491
-4.702503772318478 26.4698612122121 -33.16376336411626
-7.556275451140078 0.475436514495205 -27.57710142889977
-8.480301771701745 20.41605834387533 -31.07729696633184
-6.880729459061099 2.159395049283551 -26.66903409127572
-26.18847653170907 -5.902947982189906 -32.07611690499634
-13.47028198882443 3.348874410352206 -31.13630914869994
-4.772974116109252 18.99499120879929 -30.30473737357899
-20.51030950229798 21.08880597820355 -33.34727584869864
-13.80879749377272 21.6081476122708 -31.87660038172224
-23.46188628424289 9.299036259603067 -32.35825191701872
-27.51732948696637 9.446439129532678 -33.42721538621746
-9.978910520174225 -7.998607599990549 -28.74388141454143
-18.29831605831166 -9.220413711170444 -30.0434120372833
-23.46160715576107 10.24983139647017 -32.58257402083402
-6.886113427828223 7.935692190804142 -27.06760628718813
-28.10146945874274 4.244830850106506 -32.47901204529364
-12.76361321708744 -9.751966250880898 -29.33001703156322
-17.98424655736948 7.26200780472934 -31.35480118252853
-19.43004105128564 -2.669597673186493 -31.27720916784113
-15.4244438414505 21.30057760713026 -32.11018149980372
-21.82676579047781 18.83115384024928 -33.21324041690001
-15.79906144749958 10.27306938699568 -31.48016258258853
-10.39801489024677 8.789598469665146 -30.19205949801395
-14.58726468804059 -5.846128202916078 -30.20847861580717
-28.36395912300684 6.584671047457003 -33.26625589908441
-15.0169091338303 11.72187944450871 -31.51812835057168
-24.54401008011814 -8.023668008129064 -31.5051133891182
-8.458423928394053 -3.267027813685297 -28.43188534265234
-25.92206489106043 11.25244491126254 -33.23920189576147
-26.30790847702876 10.47958108244092 -33.19521652472098
-11.27843597950893 10.27032752744635 -30.64173604435278
-14.67280628528888 21.89883190644191 -32.06690239596431
-10.44960693375572 6.612400034182214 -30.179243670536
-13.56669803316686 15.29163256122051 -31.42294891517795
-14.74403437576219 4.359158829408337 -31.33961864337462
-16.42471216047628 7.727649751292031 -31.37807925911964
-23.76632549810958 15.21882489969136 -33.16367263713219
-5.180198230474305 21.5663885318561 -31.64092666016785
-28.40770925226098 -0.5281438112806359 -32.39456799386194
-8.079256047193317 18.78126647652712 -30.50405658090269
-19.37221876593244 8.139533389291634 -31.44926625687888
-7.525446856438387 26.79175182134059 -32.88795833052177
-7.136342693130818 -0.8482091472496991 -27.40852534284853
-15.90479001541841 8.584251575707075 -31.3843501405518
-11.80383135214223 6.059557501144052 -30.73823761284594
-6.571477173783275 3.091217673319491 -26.2918390330966
-11.75333309870441 18.08075772582146 -31.10429494510283
-19.6056297809413 21.80189590189832 -33.21974988462068
-9.977750633216921 7.303028395538278 -29.92519278443656
-16.23783086046945 -6.408175331021953 -30.29028407733654
-9.453466054724364 18.79467047503597 -30.75262356937643
-19.32929257592399 15.61772437014974 -32.40397143264595
-9.516553002144821 17.91846366765371 -30.64778851838981
-14.57177437971252 -10.22093901394557 -29.5114853496481
-29.38631684229945 0.8469414469863805 -33.01360302472925
-10.29245190729478 27.15781691148559 -32.98790019817501
-24.51542881362002 4.855912278138044 -31.59100411601519
-15.1929767313484 26.40572935968909 -33.46745738317388
-5.103485889713721 9.656188612192924 -26.08066813574431
-2.409783622789822 18.67660901035874 -30.6672874288716
-11.86853101777843 26.92207399313729 -32.96194684358737
-26.19333838883649 4.0526918048386 -31.76444451070154
-14.34977040590946 13.21514127939619 -31.51121694367021
-20.78286449678504 4.272360346207131 -31.30355069150479
-3.087825478921226 23.83028932339721 -32.86966512860061
-18.62249432069617 18.48678243639126 -32.38956759198514
-17.24708775781307 -10.27400038390462 -29.80351123169702
-11.47725832980321 -8.29353949870659 -29.08535440573755
-5.82453295237794 6.512761962252754 -25.61471579988299
-12.78842797741537 4.215234903840804 -31.000616381473
-8.061336292472449 14.31692758044009 -29.5566249778011
-17.0583032418922 -7.069310748187278 -30.20783795955841
-8.026837768429488 -2.285761807565294 -28.1793060743295
-6.250462073599374 21.90543405805916 -31.76807174054378
-11.29656726865711 4.800250836866796 -30.55863176101193
-24.97313847778262 -6.78304861453913 -31.60939551904022
-23.60844001240491 -8.898693925367834 -31.20641693107137
-15.40931952000229 20.39112365313063 -31.9891307315954
-28.58546457663899 2.074912628597425 -32.44921444124956
-8.309604154116588 -1.324839855797101 -28.33437759107649
-25.03683190445821 -8.466109066962716 -31.74736647073847
-3.171364707840404 19.11311948811455 -30.5878424528085
-10.8922140507081 11.1747908739038 -30.59452366467235
-25.26132301420994 -6.033756995339563 -31.67873892660444
-5.749314475629732 9.841363091563066 -26.63584766913673
-5.860196780272712 10.54336051934486 -27.05450992187574
-25.12991787471828 12.99512624735413 -33.31927180435617
-16.30264312397381 19.79672467334353 -32.08776152888777
-22.60213792906885 6.199773191693522 -31.49754832544726
-7.123543448233648 22.28475958985938 -31.89019851418612
-23.12916222155412 16.60496314466628 -33.16068883965806
-27.59083838156511 6.898059387773243 -32.89774508061426
-5.421100894165224 5.291206528003203 -25.15211105773846
-27.05797093754558 -1.608778565083494 -31.91041850082775
-6.713567727303766 16.23954970878037 -29.44767400592109
-5.966197884460948 15.25738877656836 -28.95654919506285
-4.573483248134405 14.60646571763824 -28.60078824694736
-14.49157377984864 26.90324198831595 -33.51798546174348
-4.789483693828377 13.02890414351731 -27.82657276578153
-20.29420276297543 6.648922060636876 -31.33327451582436
-29.4547065121986 -0.08350215074602176 -33.09512407149844
-20.05850786677435 14.1224092128199 -32.51353802786701
-27.4008977787931 7.659683064300239 -32.98773642248497
-6.250913988757778 3.939128083344776 -25.94522947001012
-4.159516701764589 25.2291815959937 -32.87920616445666
-0.9454206617122087 18.65105222194116 -31.39533649702723
-5.342281986038144 15.70259901684287 -29.02213784822596
-6.600920814590093 11.54581585474839 -27.9385133705762
-17.88939570677126 -5.893477603662156 -30.59333009612756
-10.54910220616797 12.14263638098205 -30.58322981248609
-5.693570579605787 8.273651662327126 -25.90671732462061
-2.139222396264985 22.32636964690896 -32.75159072789224
-19.32788246834716 16.94986432310434 -32.4142684625855
-7.341546513461895 8.059957931803503 -27.6226178217383
-21.13952223759541 21.38175908333017 -33.65196225647824
-10.22085744306022 13.04528642573579 -30.54113556831076
-28.38410963748288 3.437173583237723 -32.49462454401811
-7.208786534319169 16.79927683763281 -29.7657905871174
-14.64651093987528 17.14284576045804 -31.6087805991851
-24.3165416379435 14.61948943207896 -33.27419779089169
-8.057716682246493 27.92864677933596 -33.48025860980856
-10.08939904221703 18.39290689864346 -30.81362768306047
-22.44077133150557 18.20607573077796 -33.25883263509209
-26.59103523795713 -2.426933276610368 -31.82906965385477
-19.11905535574654 -6.6384330236269 -30.52906148584064
-0.5151331582366528 19.84570006020709 -32.52465500399647
-21.37215332584018 5.336202292248854 -31.3242438709481
-0.5400975252165999 20.5372571726254 -33.00838717853685
-9.192698391961454 13.95493219116578 -30.14160043605707
-16.42009927197664 -10.47133668542715 -29.68053418805278
-20.09932036857755 4.357436298890858 -31.31157644244488
-4.584814904072104 17.54722026748281 -29.67432767262117
-13.72193671043562 14.51049095178684 -31.44638612990722
-16.90247371963341 20.16851891599414 -32.2372426176044
-8.792025114789569 19.03406518497766 -30.68407363885788
-20.0505106606143 -6.545200934511543 -30.63550686170022
-25.63636976861572 10.52024071928548 -33.01466409260447
-11.25973991929615 27.28556544402799 -33.07707639480785
-19.96231917470343 15.38594520551008 -32.49034040836041
-19.32107919250029 0.9684239370228693 -31.37855267602524
-23.86817872112357 -9.455671864712576 -31.35329135557336
-5.675035954023646 3.969247175076659 -25.40335470065153
-1.221736255422592 18.1494401422673 -30.95742989301549
-9.86938238744456 13.94501120746409 -30.47100334399785
-26.68906520124645 9.8220019173281 -33.18186456251127
-14.45557757537994 12.40994308212629 -31.4868198089846
-9.673723930723439 -4.508079050067868 -28.93138131258699
-27.35794003947059 5.706707417189734 -32.4660393147389
-1.072171079297769 19.84104932858165 -32.05488218298492
-5.018443475672582 10.94988310323177 -26.80291589121646
-28.26402800171987 -1.208788807945007 -32.40902055074198
-15.19371074992269 10.85208232629989 -31.46601809708257
-24.68028309364802 6.052307155111929 -31.78440034914968
-24.2360264585089 6.299931753093288 -31.75403202067859
-24.75141287470527 6.60787085705385 -31.90584550778469
-7.738770520179754 7.097065368506097 -27.94498385561841
-7.454891605763853 6.876212391312758 -27.56451242030488
-7.553847070480167 7.494834722142292 -27.77926829686146
-7.912439021771579 6.611171952276555 -28.09398412975558
-8.027315801412266 7.231659862737085 -28.29574854953578
-8.897101005543652 20.06906508686692 -30.97532323791864
-8.963030526762207 20.56104931530389 -31.13946378769824
-9.379033727714551 20.21024418047428 -31.04818607101048
-27.50344786124544 -2.942793659446901 -32.27637410641853
-27.1391771493282 -3.338213526223114 -32.15497063510211
-26.95637118339912 -2.893224802548331 -32.01193000188388
-10.30079230194315 -5.364710885536392 -29.05889997265832
-9.794019339345587 -5.589212909386362 -28.87165104673782
-9.888015041039118 -4.993526599112103 -28.96473802833416
-11.36809521914098 -6.624159669665115 -29.21079190907243
-11.00162634083438 -6.183928551448742 -29.16676309697595
-11.46287825060782 -6.075222967607878 -29.32322758961185
-25.0510015445141 3.769734691504557 -31.57024079060095
-25.53461972721568 3.802358185632578 -31.63203759501681
-25.33374818529061 3.278915705740775 -31.57354148468577
-9.055646105230247 27.44163228636996 -33.14199162419498
-9.389989898236252 27.85689846757313 -33.36771573230648
-9.540012131790498 27.42712599871205 -33.12049616762822
-19.70015337321658 2.213519299254108 -31.36876260686871
-19.05768400460059 2.013910205075625 -31.38431307759785
-19.25642773431691 2.450044132740549 -31.37712109081535
-24.67745247649447 5.568437897367231 -31.70231651763742
-25.19457352456031 5.878163865003727 -31.84332200896306
-18.8369263556952 2.719404787642171 -31.38699098443961
-19.47919049433438 2.918938458492394 -31.36410625277198
-10.08255786889842 27.50827722821176 -33.14967494182041
-9.749371348619944 27.07676416843114 -32.95765989176731
-19.63584932204195 3.371838468526657 -31.34966844965348
-19.20693520938999 3.616474380211308 -31.36091545051089
-19.783069365404 3.799962038245841 -31.33564897285895
-21.68672846743294 20.11011578284982 -33.49836200987237
-21.88604132062057 20.52310720366789 -33.6831468987633
-22.23925814494347 20.09704263436779 -33.68853280578924
-20.05547973885866 3.102529102394381 -31.34329110254637
-21.06636322118546 13.49108848815514 -32.62618303255312
-20.62701719264827 13.12431785211502 -32.56595386777158
-20.60385971935508 13.66415666859 -32.5771845259441
-19.7338151437139 -9.791813149393681 -30.29373913197631
-19.18286808249588 -9.469621457637862 -30.19430284533547
-19.6912669127877 -9.325785077877011 -30.29613837206636
-19.5732289291417 -8.854076825482537 -30.29935678130296
-20.12731357369636 -9.176088180040015 -30.38259751301739
-4.532134629031045 15.70934093249187 -29.03011153326767
-4.17746383194654 15.20032469079463 -28.89171092535758
-3.988112022745816 15.58608991663643 -29.06258315718051
-21.62083270049063 -9.549457059138359 -30.68987681313985
-21.1011507780816 -9.262350199893541 -30.5663073252244
-21.53576887220796 -9.077841049111765 -30.65583293784011
-20.95976919826027 -0.2580295002359421 -31.39225990916005
-20.70301914100684 -0.7766882159656932 -31.3860445375755
-20.40931281817564 -0.3485158041214093 -31.38247426680676
-24.89266185693628 -7.82186505565179 -31.63750600494597
-24.39088603169224 -7.625603583457161 -31.42265774034536
-24.74060053538971 -7.424071554565434 -31.55280097390519
-5.159327115680017 9.27763923258912 -25.90427782533866
-5.540802087029271 9.356257532747502 -26.22787173895181
-5.579023089734039 8.963021148633588 -26.07629033378864
-17.82275744836501 19.54745323377172 -32.34257989258146
-17.45112583541004 19.17489168462236 -32.23615872656826
-17.41277307437532 19.78230047020593 -32.29007448383742
-10.04445899089645 -6.532875735450327 -28.85628959767437
-10.55485396708279 -6.347903600803437 -29.01649963077497
-10.39087482325829 -6.920331445650155 -28.91322524909562
-21.44488479546229 -8.592523331936261 -30.62448997007574
-21.96606222608979 -8.879613222891548 -30.73917826607273
-21.11200266844888 -6.86618627770022 -30.69139471119536
-20.69440527424581 -6.477997021021318 -30.70612811311241
-21.16615215712854 -6.387711075600861 -30.76813280497303
-27.39142876637899 -3.786784396767905 -32.35334908478443
-26.85148532479334 -3.739199137817229 -32.07427440292322
-5.228958447522576 8.395160718616268 -25.54214608210636
-4.835841558342546 8.133293129060448 -25.0943314977101
-4.809174364450572 8.626185574122772 -25.2987296142277
-5.758601424236444 22.16148068422407 -31.86018315060217
-5.71518819657175 21.73794824086348 -31.69994474472606
-5.224026476619403 21.98553599348944 -31.8151134345798
-7.958913879420502 -1.41440541692597 -28.08972397270757
-8.171280190855212 -1.805450361602817 -28.25173233817595
-7.810684295347167 -1.894315089981251 -28.02260801942839
-13.50984188110307 26.50127906536494 -33.03324228248479
-13.027755283788 26.2585594574204 -32.86277087973051
-13.11747231124916 26.77614145673238 -33.08390930017563
-8.398115087791098 20.00955883378938 -30.92520422333186
-8.813024230903816 19.65365867056224 -30.85117603234163
-8.519942643407047 -1.791612086327087 -28.4782534901425
-8.383811063135472 -2.272030930818764 -28.3926363911577
-12.30209749252344 18.55907981129546 -31.21998840294059
-12.35447076125045 19.10782296932651 -31.2656797627487
-12.74342778612043 18.74634828505314 -31.31249581525607
-9.393737157501995 -5.759583011923093 -28.73879645949486
-8.982211507562202 -6.183733175613028 -28.59708054048016
-8.97526996712612 -5.640807328070164 -28.61915935245798
-18.23072406394821 18.20723120539218 -32.29812084280364
-18.6158766609158 17.96695293923193 -32.34818105482379
-18.22265071520699 17.68682641526248 -32.26493044953003
-6.122255350577632 8.583910376373566 -26.41950971807298
-6.4022001290324 8.924816632591249 -26.82166804145474
-6.560774274698126 8.471241209174579 -26.839747076379
-16.22354836090801 9.031648081358606 -31.41525041256529
-15.68029408292862 8.994344002356808 -31.38721269576624
-15.99865085184911 9.441080118399764 -31.42928338897431
-11.57449579168233 -5.560976493808954 -29.45476613126959
-11.94425299615471 -5.999242338526086 -29.48789422715244
-4.977145307587513 20.29127408962834 -31.00015560095679
-5.509077614461965 20.52908736681062 -31.12296519600639
-5.432732363998084 20.07853861515251 -30.87642667654854
-14.34759975632786 -9.048036809551599 -29.54007520876525
-14.21821811418263 -9.58351212863024 -29.49938709723545
-13.84752312742912 -9.239798638633715 -29.47127249020854
-6.868538185310811 8.375380439972117 -27.1501457841953
-6.584627588772631 8.032925090752794 -26.7515055990121
-18.19216613790993 19.85340856476897 -32.45121077640277
-18.23215537484569 19.24692255224072 -32.38850238694957
-18.217799523453 -9.651038422484284 -30.00233585003277
-18.76289117187034 -9.577747630992555 -30.11214900020929
-18.68154110879596 -10.00859918686481 -30.07543532495968
-18.71795789504377 -9.112378129777955 -30.12741005191443
-4.578286703071758 20.51316177950038 -31.14502869589482
-4.501764956417174 20.06487483841154 -30.89439428165313
-6.142471705271221 21.5033166362534 -31.598561960119
-5.607253104311659 21.33832972709277 -31.52458255344918
-13.96446240159549 26.62759096170614 -33.20451011559649
-13.8781317750465 26.11925953824725 -32.96308867773495
-13.50210892964697 -8.813018643596543 -29.45332713424997
-13.37320820718229 -9.348486214017557 -29.40956929096373
-22.95613145995767 -8.919413132249259 -30.99884961589588
-22.56554065044102 -9.386555377984418 -30.91975105223639
-22.44768691576024 -8.898287629034558 -30.85287769816662
-20.11105221362514 13.70986641140284 -32.51951317733673
-20.5511370437789 14.07669308576631 -32.57272815337956
-3.797597111744731 16.00006047226661 -29.25736235886815
-24.60449039026932 -7.005058445077053 -31.47748207784358
-25.10832825324938 -7.201725478077648 -31.68767060761388
-18.47639857917262 7.333070241189883 -31.34767391176136
-18.20548987985838 7.787737990514288 -31.38014895022143
-18.69785006065901 7.857883918206871 -31.38946063411943
-21.26171574828196 -5.901784270901809 -30.86510210496318
-21.68046370048553 -6.288271627274887 -30.83968347953914
-27.44701142553061 4.781930306118121 -32.26958543759211
-26.96847665949497 4.837825338182849 -32.10214497292036
-27.32864925946599 5.242892986530666 -32.33404771613025
-18.97296610198828 18.19154569285497 -32.42871841878492
-18.96599741786965 17.67153933062285 -32.3890319153336
-7.970391174618747 15.87919326124646 -29.82769268142007
-7.790376087661917 16.45250422417791 -29.8806972361321
-8.234831516745285 16.28926347327556 -30.02772486018817
-13.21012160868281 19.02223178025845 -31.41686775697143
-13.15802237437767 18.47352795308649 -31.36949238495662
-21.5918975318983 20.92332771691172 -33.68653475205181
-6.230851346027867 12.53676035208972 -28.07826673455331
-6.646570933924206 12.59755056712334 -28.32285828721852
-6.42798343074131 12.14837265359152 -28.05273200521492
-22.35999670329828 -8.413070522631115 -30.80696995199193
-5.468375181021745 13.86143469932977 -28.34490055562126
-5.773226253413855 13.44061907413922 -28.23899012512277
-5.251795684561257 13.45569696545595 -28.11885749059647
-20.61739865969064 12.64806356329567 -32.54055221738498
-21.04180940545284 12.39695090455298 -32.57990715496407
-20.57152936842446 12.09440905478866 -32.49083475830731
-8.864852519312674 -5.157506292049145 -28.60098289754891
-4.799576198981034 9.069236941876477 -25.52195138896421
-9.807587832706886 -6.130622587821507 -28.82843590397715
-10.08295557255782 8.480008623336806 -30.01649387481289
-10.55788354980004 8.225320908306699 -30.24860586197438
-10.2393804843276 7.915845615806219 -30.08039756955697
-18.96915101383696 1.566614751808496 -31.38416522528468
-18.52540601178129 1.803155094932633 -31.39223841615873
-6.709473449492022 0.3172000773614282 -26.80343763075248
-6.814411734495949 0.9389522013173426 -26.783389424076
-7.027358207428923 0.5617660903169653 -27.06622018116953
-13.98745550109098 15.66828025323358 -31.48898080525482
-13.44884316222926 15.74705000384457 -31.4006167234967
-13.86960954561007 16.12368169353536 -31.46660161630762
-8.712261922329201 16.06071372185047 -30.17782104790679
-8.543231936047453 16.63856757089037 -30.20417519287306
-19.41126366083934 1.372897333395678 -31.37885621918722
-18.87894540976364 1.162157424901094 -31.38309432633208
-10.65383933760245 -5.796934680163703 -29.11536596542246
-21.90681150420874 12.90555400773247 -32.6993866611173
-22.35989893059372 13.15682627969397 -32.75943267423804
-22.30614220262557 12.59045832719695 -32.73072649476263
-1.27193178874711 20.44848818664646 -32.29981831341198
-0.9767569932440135 20.71351649361677 -32.71469453770565
-1.31425089119059 20.87041062658143 -32.53141028736609
-6.011823195701401 13.01679233566662 -28.16148508407573
-5.785053609761441 12.56227739309808 -27.90771519649531
-19.50164029376358 7.445976812456585 -31.36950829248412
-19.75440189478804 7.082491400969134 -31.34452843226637
-19.22140093100238 7.040035843335396 -31.32797208497945
-26.82674434320921 8.627380996372468 -32.97406304064943
-27.26010497105317 8.768206335766498 -33.17634426847461
-27.2674823624004 8.320032008683352 -33.08267568888628
-25.72198059884928 4.172630164570802 -31.70120600357621
-26.00649906410749 3.682700672073823 -31.69218133153115
-7.337640412503486 0.8306798670865403 -27.31834849966027
-7.241385222182282 0.207288037422358 -27.32964436477537
-25.72237829640316 -7.600897013971022 -32.00469186174388
-25.49698561913493 -7.170272138780906 -31.86617648584097
-25.977660563629 -7.151090521105886 -32.10000876199923
-17.68198002849782 7.629697456178699 -31.37223696541415
-17.90339855292204 8.154770370580829 -31.40572637274757
-24.54750622308979 3.641117646453389 -31.51255050717227
-24.74968616172537 4.165216125976094 -31.56023044746391
-12.16478663847671 -4.993605854708989 -29.78323398656859
-11.7026749869984 -5.070934139369672 -29.60043871949645
-11.81590799855987 -4.576908465371825 -29.75065392720897
-2.989192496359379 17.89376392089891 -30.13360445105347
-3.497302310039097 18.01821973844697 -30.01579804463586
-3.426447961588645 17.61192227969228 -29.89531538797578
-27.94765407247547 4.711746381698331 -32.50790205488806
-27.60657946605379 4.317104678364238 -32.22864489873911
-18.83007159310334 -0.6638770683610791 -31.35090414122835
-19.03147676964065 -0.1029432491744534 -31.36598533978735
-19.34610795800756 -0.4784008704997422 -31.36517817998987
-5.424886792548288 9.747603897727465 -26.3604059889261
-5.849993697768689 9.437611873286597 -26.52471350241609
-13.58974559857578 -6.440865325126278 -29.84440951168602
-14.04276483115105 -6.332590153416371 -29.97268143240301
-13.94585703381125 -6.881461462479814 -29.81645481284614
-7.369268273201565 27.15425822033146 -33.06593313956535
-7.048585496465905 26.68712309988485 -32.86572460657201
-6.892141046240993 27.04619348314174 -33.05423403069611
-6.414027762878309 26.97638189951257 -33.07124822002783
-6.736191656320938 27.43148945145374 -33.29841188815197
-8.407315365531561 6.287645095626693 -28.61151297182647
-8.296740424084106 5.711721509791879 -28.43821357820345
-8.102869593238463 6.170911625646731 -28.26040697608925
-14.59150294760174 17.63724373117183 -31.61090731330181
-14.18091786526366 17.45893042088906 -31.5270783676986
-14.12531317327755 17.95325406548147 -31.53228004028981
-21.22496573320824 20.06246608395563 -33.32663519762773
-21.57670104416483 19.63528678161611 -33.33611432315583
-22.30901189885492 -5.724578427730119 -31.00278320340934
-22.70064196181447 -6.135111600137067 -31.00432126271395
-22.17059727998955 -6.208922215202382 -30.91305881247348
-5.820997150022531 8.652963488272524 -26.16158257755939
-5.458620583534777 8.585912704263441 -25.814104254692
-3.1006403290057 24.90226171329847 -33.18146548593673
-3.604810022856836 24.85480645191491 -32.96892614063414
-3.312874705109808 24.50034549907935 -32.97969604778609
-1.469339547793796 21.35861561143809 -32.70856315571882
-1.774058905915138 21.08671744355479 -32.30483775563991
-11.41923338666163 5.88579708835996 -30.60305333446906
-11.91805881289431 5.602915854428602 -30.77828916004958
-11.53318702177569 5.429049232935009 -30.64347119310118
-11.66381521325102 4.97320979186765 -30.68955964821248
-11.16651106555697 5.256141070006604 -30.51012444260024
-19.85012014353384 -0.3922358179561974 -31.37355868747625
-20.10689872535881 0.1264050498177159 -31.37800510940379
-14.24803967964458 17.01790979444421 -31.53384452521732
-13.78276089414297 17.33400841221184 -31.45043408028159
-7.819627249576143 6.03692064345324 -27.90523705571266
-10.17807038682507 9.282601304643697 -30.11985203569006
-9.916807058927507 8.921509727827972 -29.95774688890846
-9.7034202296733 9.415223607612809 -29.8736940761724
-1.278705212174387 19.15574459428298 -31.48514388786489
-0.8301565973499111 18.93436893342249 -31.65455238200287
-1.161995664778501 19.44041016420725 -31.74211456604427
-15.6278363715842 9.839117254798365 -31.43131408563542
-16.16984151605492 9.87486969979399 -31.47901639982996
-4.636984550200515 20.93086581716532 -31.36237108686492
-4.162664680954494 20.69411932943279 -31.27575812556847
-12.40820831548387 -5.875477055104373 -29.65637666122029
-12.49650661870928 -5.366377934142355 -29.80236298046572
-12.8552534705804 -5.752379125800544 -29.81862445302116
-10.73887011279002 -5.20466037094942 -29.23583191635804
-8.239139270323042 -2.776396942211129 -28.31158497248558
-8.601181157603955 -2.762604029262045 -28.51590979863898
-8.848934017488657 -3.204527984558677 -28.638980514075
-8.988496418562695 -2.700311067035917 -28.72825439838374
-14.37677513680778 5.559067121775161 -31.2997274749861
-13.84084855829408 5.550726355000714 -31.22102306668329
-14.10496339409707 5.971293475606148 -31.26455464473781
-21.47138099705213 12.64536902746431 -32.64128351320232
-21.52532659274048 13.2117778728331 -32.6685897586778
-20.71407125178537 -9.691081236944587 -30.49867421676151
-20.62616084597133 -9.219538497781892 -30.48025144497704
-10.33928683441441 7.481986918455916 -30.13242309673945
-9.877119649428764 7.736911826837567 -29.87488645664719
-5.578428120840421 7.169925204012387 -25.47979750276334
-5.242734491085173 7.438137314519961 -25.23273946633213
-5.581589178759569 7.628053099142837 -25.59647132454855
-13.91533386099145 4.711231033767504 -31.2289524913076
-13.40599065477281 4.693515538010816 -31.13893989811899
-13.60142074586849 5.120733413204896 -31.17709124209427
-16.33348204226239 8.584334919531493 -31.39635273411584
-16.6521615596015 9.031499257867454 -31.43255786442922
-5.877608681161413 19.89734223971589 -30.78003815506025
-5.345601884842481 19.66301758680366 -30.65077159541433
-1.322974642456728 18.6952586615282 -31.19611767780441
-1.657296353829653 19.19884370649219 -31.28769317402725
-3.50443210549123 18.47152480001853 -30.20640619394782
-3.948015025603118 18.18306848392704 -29.98422884798857
-21.0531505145524 -1.131294734279339 -31.38830311702143
-20.5027456870348 -1.22173027807175 -31.37566262291837
-2.535863499563156 18.11408603965657 -30.38059211957213
-2.462367103397817 17.71094651085917 -30.25051708590225
-12.63508997785509 27.0060913109699 -33.10266753891404
-13.10981461694336 27.23291202968656 -33.31398213250646
-9.326092000015056 -7.070665396208851 -28.63684063696208
-9.486852836626788 -7.539776029019 -28.64977075564846
-13.98154817047843 15.13346091674173 -31.49087881272829
-14.40200697762599 15.51011746976254 -31.55871478767239
-24.69516239898618 9.476563493386662 -32.59823578527573
-24.73478142773084 9.000578776020973 -32.49395946963476
-24.27373300490403 9.253079304353054 -32.47265341703503
-5.238211275930266 18.79325744113613 -30.20342448423045
-5.281606560086853 19.2404977349405 -30.42555882907696
-5.746787086021637 19.03229650867112 -30.33732252008481
-28.40680104151153 -2.174601503774329 -32.64971752337495
-28.89713849160862 -2.124665201011915 -32.95295730872262
-28.65125393661823 -2.54476296351222 -32.86601956782984
-4.881373481353737 7.659773312920064 -24.95813466531822
-19.17077206221228 7.772617104282132 -31.39015134205886
-19.70340127513615 7.813661181199664 -31.42212031387822
-5.266080200395187 16.10287753515552 -29.14654298161189
-4.842360572165809 15.90865217428864 -29.08288548348071
-4.765498480158605 16.30422179091325 -29.22105478709457
-5.033100470272435 15.51118316319374 -28.94599383415454
-20.15529946391653 12.821150108831 -32.48886938584192
-13.31256463105526 -5.569942759870345 -29.99201616939962
-13.22611477227227 -6.077582328427674 -29.83987424136962
-23.78128625173838 6.095209523024632 -31.64632113074974
-23.85420183058732 6.652612503172856 -31.75705686056205
-9.189489908831359 -4.683660925682286 -28.7337702266391
-8.68154346733823 -4.623612169474413 -28.53552174722694
-27.22623589726245 7.057457181681279 -32.76586455358035
-27.27397035545065 6.569722916921985 -32.66929095572722
-26.90793020534191 6.728171988955428 -32.54090964649576
-13.33184404667699 5.533085009994634 -31.13020398281398
-6.625189101848733 1.851424138190118 -26.44362847260514
-7.007685661271033 1.67151062908559 -26.85678416576899
-6.746587464789792 1.364006724849768 -26.63679994915956
-23.87105178257854 15.73284928530643 -33.27887736537285
-23.45864325059838 15.5173475135773 -33.10104352840445
-23.56389892586436 16.03148515441914 -33.21536443402395
-13.12798503981304 -6.627580069469259 -29.68876163998458
-8.643612355342032 4.816047005617433 -28.75738469828445
-8.462561575326687 5.301288275264612 -28.58942374833052
-8.789289629860146 5.343968255318363 -28.95136490069285
-27.17124148369124 9.26265221558659 -33.24041136803648
-27.60618493119932 8.952099800811006 -33.36367837959816
-8.582807782533379 3.491729302079668 -28.58134554198932
-8.914056998484117 3.520786469763243 -28.93113405904956
-8.785471182694296 3.063053758079866 -28.75273082905785
-26.3783691197993 -4.660813823623113 -31.98752233095768
-26.61598812498785 -4.24036057646105 -32.0300867847862
-26.87251395274215 -4.610101437524556 -32.21828423734658
-20.51164136678193 -8.747179356897236 -30.46401754290162
-29.29464946046617 1.295854570112953 -32.9459610130999
-28.98416464529122 0.9897833800131099 -32.68999579622974
-28.88521339445683 1.438786562309506 -32.63178729860427
-7.647981140125757 0.01992224749300867 -27.72091787436073
-7.330110845375847 -0.2475076359240259 -27.47727643090519
-21.47157319246835 6.298062887856299 -31.38484296882626
-21.9635867655422 6.056105664352474 -31.41193720647697
-21.57116200254818 5.812352709189119 -31.36185855608751
-21.8952171614584 -9.888733830306553 -30.77987466685852
-22.3737207453125 -9.839718678775119 -30.90349754389208
-10.53696044648222 -2.935700664425459 -29.51872741436405
-10.84422699108932 -3.348331603769188 -29.59393761748143
-10.3936933603296 -3.390881821599468 -29.37858914784615
-3.456523508614694 24.13864924851407 -32.82979910686691
-2.949297196665928 24.18830402807033 -33.03323653443077
-14.52611443030585 18.63989744763067 -31.64777101178531
-14.07981538861654 18.44036258100284 -31.54750514481888
-14.07002046069011 18.94850374952409 -31.57910890610932
-19.59804148495627 21.33795928553445 -33.10387082197757
-20.05745910517649 21.44497106211466 -33.28491237382249
-20.05093437129403 20.9818071831622 -33.16594196319186
-25.0902725490775 9.673397201260965 -32.71695380259895
-24.63024204534678 9.927342321481266 -32.68964672723274
-21.718374543692 5.453840729503056 -31.34650152781693
-21.22555263145193 5.69518559423522 -31.32906008214235
-13.81557165279441 6.392656007863422 -31.22280592902071
-14.35205964573841 6.40109974880995 -31.29795531082199
-14.69651667718583 -5.403397435092868 -30.34390563630161
-14.22853693831535 -5.458450158596328 -30.23922872135105
-14.33580710721947 -5.018693288028656 -30.38507993960462
-12.60728001971195 -4.874046566428047 -29.95974521161081
-9.640403770477009 -6.704299042473068 -28.73676993036285
-21.42463442207264 12.09122700401472 -32.5986084735399
-26.11265311199456 12.40597549315856 -33.54075889504619
-25.8336528944232 12.0326155324074 -33.36995894905719
-25.5932641437608 12.43772290204616 -33.36850223940421
-22.07315050642699 -6.697924141653415 -30.83403701467405
-26.1824080375965 -6.703283861308785 -32.16381480533185
-26.5914450616679 4.630139064937575 -31.94367261432409
-26.47502129875597 5.091579508759175 -32.00170919666073
-4.836807637552615 19.41889583357082 -30.52722248478636
-19.94109053708541 -1.341255353352569 -31.36221763835996
-20.291307012654 -1.695830351854987 -31.36086848746909
-22.72119761252566 12.32357582612443 -32.76233042717303
-22.26918321967913 12.07295002156857 -32.69191681956113
-9.036231674908841 13.37646023256476 -29.97624099161483
-9.237329504141654 12.88039948018829 -30.03046801769944
-8.803218600068908 13.07557524320934 -29.78798399304667
-19.64864075725615 -0.9532565806060205 -31.36271576846445
-15.04909113097306 21.60009395468748 -32.08597654417053
-15.10719665965476 22.03567061839238 -32.16374106424519
-15.48300189182088 21.73651966231725 -32.18550409460984
-11.22748526670229 -5.143301593283669 -29.41721108740946
-12.68381862053587 -8.559813071043495 -29.32673534564601
-12.50981690114499 -9.066132921821554 -29.28130830187414
-12.16519901320816 -8.70526789099196 -29.2258235803079
-2.426505069984422 17.2638762641166 -30.11278048238044
-2.790541230571175 17.00508269454849 -29.89565934568747
-5.177546549285202 13.0377931317619 -27.90531850137124
-4.864881982426197 13.44452510952324 -28.04361299779227
-15.89575623873299 3.65884270876323 -31.42016823307415
-16.22501207210995 3.266163055002302 -31.4271155951909
-15.69520986791973 3.231563420645619 -31.40849158518293
-6.163078809777854 10.14734960257406 -27.10407256834442
-6.312725290758759 10.58112417458344 -27.39242193259096
-6.600343433185738 10.17723581618877 -27.46244573922185
-15.69330805719343 5.259993306544096 -31.40842302904704
-15.40503462445679 5.652520111468257 -31.38966826353234
-15.92832542953004 5.678027270057476 -31.40987037048532
-26.34745074764585 -3.786980583288601 -31.86665297645427
-28.39320108243037 -2.960565773129738 -32.78151696075887
-20.64227768371753 -2.044887190699364 -31.35442512181515
-20.08069804767438 -2.16431454515237 -31.33515281720875
-28.73366553036596 -0.6745302530088072 -32.61553813562858
-28.66232645806634 -0.1594576218172807 -32.51441078621347
-28.98105729437872 -0.3047108359592621 -32.74698543075625
-11.06833740232458 17.97261398854486 -30.97381200239437
-10.75881799117003 17.56536440381134 -30.89795104855568
-10.63984271345432 18.06280078715385 -30.89547601366517
-22.50640825529577 -5.258375589095829 -31.08902207579019
-21.97311997419913 -5.335409188503485 -31.02183283143547
-7.616355553092765 23.83327936736048 -32.24133499344305
-7.579829724694296 23.36531482711672 -32.15333612690658
-7.165238130415982 23.61836262255876 -32.20526091277569
-15.05510520568158 3.991740062711382 -31.36852142280403
-15.26581285720148 4.408681540136076 -31.38238479791301
-15.57744785340283 4.041191846111791 -31.40475877068882
-10.13055647773714 -4.344589019156431 -29.12816309670179
-10.28965288131622 -3.860101769734497 -29.26346762682624
-10.54760991547695 -4.286213237028467 -29.30581389519154
-9.616773048341676 8.61341000072243 -29.75508397592781
-12.65038093518317 3.782029664742035 -30.96611753491312
-13.12789047200451 3.781927180857189 -31.07588699088339
-12.99017327447156 3.348658990882922 -31.03931445394597
-18.65195995189941 0.1193177193909321 -31.36565534073672
-19.16811209869321 0.3049259615785962 -31.372833433522
-16.10710612556165 4.075824717331296 -31.42431036798068
-13.87980655740494 -1.251984748375405 -30.93128874344201
-13.68912004109222 -1.711513212392346 -30.85608751128306
-13.36960734681878 -1.316793250672154 -30.8219112459811
-7.441644948173463 -0.6424323569044991 -27.63253243428251
-7.027005969734072 -0.4535672192729875 -27.25018562239009
-14.00578959439679 -2.09691879882036 -30.87902232856141
-13.49636642316531 -2.161332821905518 -30.76516644964167
-4.759536739118364 26.07174769347995 -32.94768136022869
-5.194908591208 26.29531954750965 -32.93454107939382
-5.267006681310408 25.87323642320341 -32.76449064945898
-14.95746138607979 4.796763987053662 -31.35692101090138
-15.47905828638921 4.846213665627491 -31.40131811551179
-5.113274458329428 26.6792265514345 -33.15698503038978
-5.611230652539772 26.49402370461833 -32.9424693617426
-9.554391834411252 -3.530190048967528 -28.96757361948116
-9.440988030499305 -4.033199655777008 -28.87413333228148
-9.126316990710462 -3.645509262472855 -28.75179931602787
-28.29601066336849 3.089414499525715 -32.37389412280672
-28.68635454411869 3.113811312876762 -32.65424930771458
-28.60101334372722 2.765945017860322 -32.53276753094573
-26.1389182278027 11.6275913638827 -33.38641638549456
-25.6150855095621 11.6565188838046 -33.22819667295512
-15.19560980450486 -9.251050422639201 -29.60865260238512
-15.59215259190891 -9.62224823326866 -29.62204587396461
-15.11584388649015 -9.762300242773239 -29.57182371979935
-12.29817819924329 -6.388843848228849 -29.52064747203761
-27.68292052520816 6.499479965920748 -32.8493255941179
-27.37361048469994 6.17532721245122 -32.60542239215202
-29.11776516569922 -1.686418848728892 -33.02992207018721
-28.85382952406118 -1.287817271201704 -32.7897555950321
-29.30823369489477 -1.216971207619914 -33.09834217073242
-8.891357586248164 13.76173917531569 -29.94793238083907
-9.337479531438031 13.56948014571516 -30.17017450899598
-9.987119450986096 -3.446117428335625 -29.17817378816295
-10.5888987353304 13.0481042436065 -30.6829989514403
-10.43418035086168 13.50274702379939 -30.66195115110573
-10.80530799961967 13.50624518158432 -30.79599985175732
-8.333887770136359 13.94516097030269 -29.64086928461051
-8.367971588950622 14.48231021645642 -29.76260226242216
-8.640040151966508 14.11027952989796 -29.84782501521985
-22.88051332286035 -9.860278783169738 -31.05544102193123
-6.63122603676222 16.72637143800404 -29.57329228176408
-6.298755091669465 16.53076406087685 -29.43716019321163
-6.214836250565464 17.01546118736691 -29.57007077248122
-8.938626232052641 14.30269410401226 -30.04616965457435
-16.29538328418839 24.65126954153409 -33.0115972064059
-16.35598030320919 25.10421170647412 -33.21558242128518
-16.76478178464093 24.79621066040987 -33.2184124712891
-16.64827556464243 -6.738265628871316 -30.24718347569237
-16.56226553061418 -7.165672074635911 -30.12843183156025
-16.15244445977467 -6.834247451734655 -30.1662706793205
-14.13856214654984 -2.920910942957716 -30.81145828344165
-14.32026541339491 -2.471583005765585 -30.89500605851874
-14.65037971631993 -2.843373848859768 -30.89642818665408
-21.50282717379381 13.75161376615076 -32.67414972421704
-15.79640463818445 1.113189465118816 -31.33605926572094
-15.47134815848245 1.549433669247108 -31.33692907936966
-15.97321947145638 1.586186507831196 -31.36935621388808
-28.50472027897108 4.01440009761528 -32.70528035974662
-28.39564921756802 4.483537652060702 -32.74716518947125
-28.78871215843555 4.249529937114307 -32.9876919658963
-5.894480683646959 27.11593684855251 -33.24707337495077
-6.048277665893179 26.73713739040191 -32.99260883784871
-10.04456373993985 13.49502936421256 -30.50727374763281
-10.25769243785043 13.95252100337435 -30.62867020656566
-12.25254595474471 26.72757134538501 -32.93611905982367
-12.24907212377147 27.19808562343664 -33.13539562730453
-1.973413790851815 17.4838434839038 -30.36009695153757
-6.677723474414801 22.51409175765739 -31.96093917293756
-6.686975266681596 22.09414247975173 -31.8320518567208
-6.241125314604529 22.32306032573375 -31.90370855931233
-2.03538231423851 19.97808678521694 -31.51784381436288
-1.616292443741053 20.12829246628642 -31.85311348004467
-2.030039338437533 20.45413941519063 -31.78282719844108
-2.062203983970024 19.08569986928397 -31.01803331328911
-2.011784132486325 19.55231279277159 -31.29675640713725
-11.57505406848976 -9.57964658888109 -29.11415806494503
-12.03004779518528 -9.75262850732933 -29.21106239935932
-9.045119890016263 3.96144366109446 -29.10506786806378
-9.261967418632276 3.533623323135197 -29.26245132368094
-5.587831177122794 6.302682509615999 -25.36364430413789
-5.930622744289372 6.067820006511338 -25.67496273818465
-5.690335907653759 5.857479486678704 -25.42742509990215
-9.806008209693791 19.89857191936006 -31.00633994820448
-9.874183817918784 20.40214082942418 -31.13348979030007
-6.428299599420104 1.119149138719845 -26.37388328113006
-6.136040973942276 26.33570969864959 -32.8020187926125
-5.878129402453622 6.937755039325553 -25.72135182902068
-5.535261996044999 6.746932482386905 -25.36214300402612
-11.71259330453086 10.25994741344032 -30.78208951821699
-11.49884418836548 10.72353252649007 -30.75016363156626
-11.93710935677226 10.71408546991745 -30.87738037852641
-13.6707484028272 18.26239793190577 -31.45585650619013
-13.20303778024031 17.98620613220578 -31.35689315828069
-8.527142544593701 -4.158396018633693 -28.4623657967756
-9.530527961406204 -4.862106342265617 -28.84529353451263
-10.03067679847436 -4.639609544065618 -29.05198422862352
-11.08216877836892 -7.983874286628141 -29.00439311097044
-10.98923812515642 -8.421276706003255 -28.96792559950978
-10.59503058825447 -8.11160469589807 -28.8831442470369
-27.33098015033556 -4.57719931492765 -32.46313352694003
-27.60216922188847 -4.168175434518475 -32.54040367870706
-4.794290693785076 10.59570465227023 -26.48110391400578
-4.783533958587038 10.18030071170386 -26.20911566919822
-26.64512668024354 4.217669577175754 -31.87921379894458
-26.14385059641551 4.466814646622046 -31.80999833881039
-19.57465323600158 15.951201874937 -32.43546824669527
-19.0348376530002 15.98017867996423 -32.35792509407542
-19.27934537691432 16.31361405926542 -32.39537938723922
-10.78344687151795 8.64996472527984 -30.35598411899701
-10.94276274976458 8.08570103902515 -30.41309492343226
-23.06438854089298 17.31224382784374 -33.27268455661871
-22.84407161153366 17.70910406615341 -33.27770134263355
-23.34850059918178 17.6450956718046 -33.45943060912068
-29.15663655554642 0.5289395494023995 -32.82050998536884
-28.7372909790685 0.6707301421354896 -32.51677708805717
-24.57852741594746 -1.576737622488098 -31.47720130873239
-24.09009714905634 -1.655189550254249 -31.45299485667524
-24.30433703796772 -1.194585442972338 -31.46968787737441
-12.39093510405559 10.69640678791625 -30.9939497397725
-12.17369919628436 11.15925897912001 -30.97357194443577
-26.58609554788333 -2.856348533185352 -31.87222273831792
-26.95995198833086 -2.463429052698682 -31.9724778029671
-8.164210669438132 5.184904476331854 -28.23261177935656
-23.05642423960763 10.02491103668047 -32.47733639463518
-23.46100342255205 9.773274851154738 -32.47555465770818
-23.05724116518713 9.550580721725396 -32.36070231714778
-24.85906486097855 -1.952046491165959 -31.49450369471845
-25.07328674259393 -1.491385578263273 -31.51504298144121
-18.89965391499728 8.225760404078873 -31.43971676829904
-15.85646253864753 20.09423021397207 -32.0358165933179
-15.83596414864831 19.6561829711647 -31.98725558438573
-15.39010952419455 19.95385166698828 -31.93363311963061
-15.67849136953307 16.28779998078144 -31.78457487086146
-15.64067404545746 15.77216382614042 -31.7735734461652
-15.24927799988784 16.04591598693125 -31.7060130587277
-16.002567415824 4.871738120812861 -31.42144146070544
-7.126312762438761 22.71565797160224 -32.00943693750688
-6.680280943605513 22.94791253220721 -32.06981281307765
-20.02806285613266 21.89753309356127 -33.39740021324494
-20.48014774740322 21.54079619446854 -33.46185954569906
-10.85017523916694 6.672183558796347 -30.3737359511515
-10.58016153547671 7.136609040795975 -30.24944650577902
-10.98539992787664 7.196295950244266 -30.43365245820636
-16.82925085951345 2.493884613515321 -31.41956388921965
-16.31911678762359 2.4437542518845 -31.41324885723164
-16.53437875015185 2.888877261029729 -31.42660195035233
-12.22177249323614 18.13902379964884 -31.18787530275293
-11.83386173271647 18.500873033149 -31.13508767817832
-10.03071555170169 14.44589352213902 -30.57513691302421
-9.662239402451075 14.27379696849474 -30.40727277002231
-9.819008312056971 14.7736302594481 -30.52352294653317
-10.4211458949406 14.45378616465686 -30.72734482007928
-23.01335021187577 -5.196775899157162 -31.1579783527453
-22.67867006908249 -4.806094074346086 -31.16527300873
-2.068632831789773 23.34555872633987 -33.20260293143176
-2.519736792425229 23.37853721767931 -32.97023335782244
-2.291685653803029 22.97971405281337 -32.94301854765386
-0.8629103409190879 21.47149418586428 -33.32388815177727
-0.6396998590145879 21.03328257524545 -33.26455218395013
-9.558588421538783 4.421073019252235 -29.58040426078855
-9.188135893030815 4.416759409777684 -29.27146447139015
-9.341008816989609 4.862923874531345 -29.43019484677366
-8.261497210213237 14.88065807179138 -29.77204859836739
-8.118998983502077 15.4097120743054 -29.80147403963337
-8.545057449503259 15.18143294715884 -29.97315109151508
-13.64384118798626 -2.983027815591831 -30.70198246420808
-13.9729362482277 -3.355414184496573 -30.70810523278237
-6.710657056376094 23.40468600968596 -32.16990107772257
-6.747155240895877 23.87373105782283 -32.25126339127602
-28.64670325849774 3.610420609968962 -32.7133389375799
-28.93746314451939 3.283989186582287 -32.88753383474234
-24.18136833801007 15.31557525770551 -33.32568627391704
-24.27991527477181 15.82680643879039 -33.45711261977232
-29.06761309678959 4.483770131411166 -33.28327854088769
-29.16619572321271 4.011246970627629 -33.25506854760529
-10.79657395166412 -7.203924082195019 -28.98923723432281
-10.28136990936866 -7.390497087370893 -28.84761628466026
-14.64751095634481 21.43982360513645 -31.99137466435385
-15.02292437124871 21.14036142697991 -32.01529608882515
-9.601592010156111 15.74988592442796 -30.50396287000203
-9.141699560293201 15.91906954442081 -30.34492789622945
-9.486161833681924 16.24176820126988 -30.49976057120744
-13.2515834055094 4.249550830145844 -31.10636221070111
-13.59397569254932 3.816287489682174 -31.16841746179718
-8.759358713142932 12.21141273420897 -29.62193286497072
-9.171195357487777 12.11645687347698 -29.87236405101754
-8.923221889298571 11.74753366394575 -29.65692844116019
-23.12344386660658 12.03168066023687 -32.79224044424067
-23.1600059737494 12.54900084345997 -32.83408712532576
-6.004908928181194 10.83889396967846 -27.27841418337389
-6.463949525748731 10.88034897165603 -27.60686569081014
-10.07045695028656 15.50990496893426 -30.66589604372667
-9.723172043202702 15.18677233029983 -30.51756136057555
-8.018870701226374 23.10316720952132 -32.08490229891609
-7.567700245526138 22.88886398704962 -32.04405478514244
-11.29945039562249 -3.304604505446748 -29.80551520047857
-11.15973002338213 -3.758532222799484 -29.65810713756322
-19.69967273959821 9.680733771914145 -31.8245203288064
-19.68325928046048 9.195409758064677 -31.69831849718119
-19.25353961150344 9.441501487238432 -31.70070848055648
-9.414905658383526 12.46687690483882 -30.0774947212928
-9.580803292998114 12.00369112266684 -30.10844671454652
-14.57394237297959 6.848303732652544 -31.32068327187505
-14.30151812748043 7.252923519947826 -31.28455182997502
-14.81491644301713 7.278623979925991 -31.33131545684785
-17.09069468318371 -6.616083673139005 -30.327126718112
-16.68018471374843 -6.286200565527288 -30.37093545188024
-4.880954318684541 7.202847814938981 -24.83845721138897
-29.56587279658111 1.525538559183285 -33.20656260097204
-29.50446625757658 2.018635295281206 -33.20364746389537
-16.94784951205511 1.646736276312071 -31.394354615695
-17.12920444807984 2.093358955205952 -31.40999086650632
-17.46300857056972 1.691268086771926 -31.40011690439509
-9.357495169553038 15.01507978176705 -30.34267736665951
-4.647865454148556 14.96204541381047 -28.74041467582703
-4.102192881486566 14.84868619828824 -28.74865251149914
-10.21022473958327 6.957722983693539 -30.05822080212169
-14.90673403904678 5.607105538128257 -31.35373197039679
-15.14089170905488 6.025358811446624 -31.37040036994643
-14.13530577129337 -5.871141657479154 -30.11270157706041
-13.77902801787073 -5.48080061585908 -30.13289067132443
-15.95352739566851 25.39447461356259 -33.2161334899541
-16.41973045459802 25.53427101562757 -33.4329482515817
-16.72249442496094 7.392426447260833 -31.37909863972034
-16.90218592693461 7.862580010421688 -31.38386988781608
-17.19984266591976 7.527444980783621 -31.3729123035012
-6.227010754615436 13.42343784476116 -28.38837583842125
-3.025103759618612 21.40638849441939 -31.88282043900675
-2.673094571330505 21.6039775681769 -32.12070788496464
-3.106694835107583 21.84438469217705 -32.07989014233038
-13.93854176912916 27.2952229387253 -33.57388716590884
-13.48760924684289 27.50337624195954 -33.56924951237216
-5.730010792971977 5.456965794573156 -25.44201379872543
-5.386414575102206 5.691798547849769 -25.13196500882957
-8.455027544038142 23.31337295454954 -32.12192339026054
-8.486161680715613 23.78671523011371 -32.22375116826368
-8.910277586221962 23.52023441613042 -32.15420947436893
-18.02830310031375 24.78967776793382 -33.62242819461484
-17.64010560394708 25.09939359749921 -33.62300817397913
-19.52379755298237 -10.27510252425207 -30.23763933293661
-20.03007158409395 -10.13174759772015 -30.35037671423144
-7.675344874506088 -2.338146674261613 -27.95946484483508
-7.461617986554478 -1.946819887048983 -27.79975012432366
-16.26420490758242 20.21654192882962 -32.12467102575931
-15.81712578263761 20.51347779750762 -32.07762833393063
-11.30399444804648 11.17532462072718 -30.73169478150257
-11.12099239634404 11.6207149687311 -30.71919982061374
-11.53582354613986 11.62213156225027 -30.84740556358613
-24.41600201426165 14.18343127465202 -33.24245880354059
-24.66907668830038 14.58449849756778 -33.39319850861103
-24.76831558021961 14.14837298520866 -33.36207168564962
-10.94853177785639 12.10439262520585 -30.71624656856822
-10.75475905535423 12.59709874790543 -30.69952758890492
-11.15628676582618 12.55945823808816 -30.82692729380744
-8.556429401645206 20.85711591782033 -31.25376699590177
-9.039151470946765 21.00498329284859 -31.30816380744653
-23.17010978673479 -6.052949672324534 -31.09029685958674
-23.03022191000801 -6.539955385930928 -31.01818613351897
-14.23059765478556 4.321521585310215 -31.27464221293161
-14.55095230805362 3.932707122253857 -31.31539577685049
-14.03836648729934 3.894999535572613 -31.24289519602156
-25.49485395909536 -8.03536503393531 -31.92742643296723
-29.1872261016389 0.06300997025789269 -32.86417098968705
-29.25874994344883 -0.4520236553235597 -32.96519611187181
-11.43640988371398 -2.844345069683714 -29.95290974260869
-11.75621454256818 -3.252781125277846 -30.00746194599514
-23.32593445732982 -5.591213870547413 -31.16745841324898
-23.65205011878505 -5.997007169584559 -31.19659676241823
-16.13098182678124 2.03547057338421 -31.39166747291308
-16.45636658361906 1.599521576288679 -31.38390784765768
-6.322295362690933 0.3197462325816864 -26.42830898163995
-6.534072815891088 -0.05715443560242334 -26.71244424758996
-11.04619461278937 1.897283097681462 -30.33439411021942
-10.61504971996799 1.858164646243044 -30.09519823074396
-10.78048354693315 2.311987503084331 -30.23260610565766
-14.12852945046272 16.46895798943835 -31.5091199398591
-13.59072786810594 16.54768227951347 -31.41589711897515
-19.03408077542295 16.64625797744716 -32.36342763043718
-19.57375361952261 16.61726578368956 -32.44217330775173
-8.399518486207176 3.906981710133356 -28.40196788355877
-8.274352594519609 3.449497964153428 -28.22058062241944
-10.38369969121923 12.5936137672042 -30.56523737612707
-11.7340781803681 -8.752569993059019 -29.13429288504551
-11.90678982817948 -8.24639783199515 -29.18549143947368
-8.194532565207382 7.642377906651928 -28.51937303496879
-8.375476424846525 7.157197172389237 -28.66231570030673
-10.87269744903923 -4.711619523449661 -29.36489984909898
-3.931960413752041 16.46049603305394 -29.38345679530521
-3.393035827910456 16.35329471002357 -29.47668049911676
-1.612418980154777 18.04323298656085 -30.72071802526485
-1.464506811977787 18.44119792521554 -30.98272465643905
-1.854273249821327 18.33670780254533 -30.74556073753988
-19.83518797960144 0.5324955318156536 -31.37696690734517
-20.39446315671696 0.5762121201439639 -31.37844095349474
-12.66163769598094 0.3340178076217024 -30.79894077215267
-12.47684199610401 -0.1218787944718185 -30.69908037139686
-12.18114067283824 0.2859873314739008 -30.64173102509768
-10.39608770722946 26.03103812367594 -32.63608272941497
-10.47545206118046 26.44383354532926 -32.74044391786151
-10.88026669165372 26.18996452306347 -32.67468288127462
-11.02645155695745 -4.229390221258021 -29.51350038912695
-9.821582882025387 16.54134955306545 -30.63042207259466
-9.351732576965606 16.70823058040478 -30.49922551420368
-21.47267234731799 -0.2207865231507794 -31.40172343890401
-21.17906177146941 0.2073813289253858 -31.39268804721794
-11.78051533904612 12.0639398766792 -30.95549899605609
-11.9649885473389 11.61878530683505 -30.96244484118353
-11.16870687702244 -1.121574205228429 -30.08361044714083
-11.4577693103921 -1.531099950708724 -30.16144835330772
-10.98882841834828 -1.574317925167912 -29.9465677921813
-21.59010595389743 1.102496150180503 -31.38433489064002
-21.29531347552735 1.513665600661567 -31.37151336490427
-21.79597631935579 1.560739322028313 -31.37699101360788
-7.557552159991074 9.525762145671882 -28.14720245723505
-7.392356032608179 9.993447188211366 -28.10178726835596
-7.762489189267283 9.909809175361328 -28.41712890397598
-14.34990569585869 13.64079612371838 -31.5287141240288
-13.89587054964716 13.43596282274066 -31.44787006254697
-13.89667142979435 13.86175356294267 -31.46128686585132
-25.24572806539662 1.944162031042998 -31.53378776707114
-24.76152188717716 1.875209371721305 -31.49907981844237
-24.95332674116588 2.32924116903647 -31.5144999518922
-14.86522365941428 6.426867136850684 -31.34827412520584
-14.82652435374267 -8.888360330882605 -29.6038577588242
-14.45391369074208 -8.546049006067962 -29.59538571488191
-9.776783952072638 -4.212170002733335 -28.99977412242369
-5.464945358155529 8.083228987780357 -25.63340945343384
-5.81089705470481 7.818626705508271 -25.8696972837798
-24.8544199658665 5.125787097885659 -31.67006470677794
-24.33952868864363 5.299315174490598 -31.61509315819355
-8.806189618349549 -0.8404548130661839 -28.68087128569227
-8.972088877423433 -0.407880067017283 -28.81395205563854
-9.200573626600416 -0.8288843628256919 -28.9610515074746
-10.67794621305553 -2.467984142177245 -29.66082610137686
-10.2355786254218 -2.508163944397142 -29.42954559695129
-2.056496310713427 18.70688060447107 -30.83331298783993
-2.210423982410647 18.30293580106103 -30.58506458622627
-22.36914914416997 -4.425983008835077 -31.18847070073287
-22.87846112684178 -4.361627216965214 -31.23482947561398
-10.4526051874069 1.408848508477151 -29.95339217698525
-10.20000545832183 1.825345722897099 -29.82872860547192
-5.74957220697071 22.57798717518748 -31.99909057389385
-11.13014159326711 -2.439290858707388 -29.88468772339057
-11.58322092724936 -2.389142917772328 -30.09545360998459
-9.779505365652488 3.999351153229116 -29.72774004289411
-9.94402980337744 4.44676385373176 -29.87137316704837
-27.09730821752986 -4.99877099892899 -32.41400358094464
-14.51694753864508 -2.019681163349383 -30.9680481397197
-24.96667877887708 13.72055339005896 -33.36639175563776
-25.21699242942137 14.12060778180257 -33.5246245155517
-27.62164027323493 0.1135721882261291 -31.9905531621729
-27.87541169685158 -0.3296261890076333 -32.10801978872752
-27.3990922106193 -0.3899894863959673 -31.93029411482101
-1.340677212493966 19.75199702723237 -31.81275889367004
-1.344956252053427 20.21995741046837 -32.09096890328986
-8.030596136035179 8.109879760900199 -28.3975763507983
-7.692721026046788 8.216066616152039 -28.04611852201836
-7.870624184915492 8.608239871742111 -28.2967860695228
-15.83599151451009 2.430475172689642 -31.39725487685433
-17.95610164199952 24.32294370891342 -33.42096744272924
-18.40680224360443 24.47960066581165 -33.63666096629776
-21.89127462546385 0.6971909617120725 -31.40060646337863
-21.39070598877586 0.6500109493053534 -31.38994160663111
-12.11438759638182 9.355209017743658 -30.85110190486114
-11.89940223629175 9.790786794787472 -30.80896728700499
-12.36898276955253 9.815213457438698 -30.94165031423648
-23.14123242435616 16.21112491286097 -33.09601533200561
-23.55262901774663 16.42608091567955 -33.27759076191015
-12.19433970109821 -6.895179662682327 -29.40027025300152
-12.66548063351316 -6.76659928216591 -29.54363596875607
-13.80916777237078 7.237255895976405 -31.21578902652508
-14.04788136373406 7.667925272306939 -31.24526019835025
-9.091047965555292 -6.668171025416499 -28.60112221145717
-12.45095696179351 -7.735775341770972 -29.34391607989694
-11.98937382188144 -7.826178479816708 -29.2376135322031
-12.10198216451868 -7.363488270147489 -29.30653320485884
-21.46207028951181 -5.373189669716176 -30.97294458506961
-20.94680872089375 -5.475321764237424 -30.91478169773319
-9.927945643430812 -7.552538256414575 -28.75505207336947
-9.537319139692581 -7.985948817714874 -28.64068256620918
-10.81403560361104 21.25836265763031 -31.43427814033412
-10.41284095609958 21.53926034071657 -31.50458119076286
-10.85750427268242 21.73388803593324 -31.5771819241119
-9.504328146394858 21.17074553714791 -31.36852238196562
-9.097690877065229 21.46750435784991 -31.48105863713723
-12.42217022998473 11.60228521292379 -31.06623664816096
-16.07607576964807 -9.410939872730625 -29.69262008049927
-15.99705720612353 -9.921859960064982 -29.64904632611896
-20.13262193403956 8.972211079936228 -31.69883260768097
-19.68530983088399 8.730959979281693 -31.58196917442345
-14.42837127093881 4.748829849227524 -31.29741597609349
-11.7362077288683 -1.931888834998473 -30.22582515728492
-12.04513806973542 -2.336043287443992 -30.28893402008137
-23.34593857388268 -9.763375017873956 -31.1984713146757
-8.554024691856384 27.5819708435439 -33.23617129602062
-8.704125544469644 27.14791480828916 -32.99812125371421
-21.2170423903747 4.449865100059644 -31.30462485969239
-20.73718911574547 4.680498410123457 -31.30015180724484
-21.17141549650971 4.858072164287982 -31.30516877077268
-12.6759585525855 -3.114978154832341 -30.38127872192905
-13.14964711240455 -3.036749832664434 -30.55290290205013
-13.00601108634881 -3.494307910906304 -30.42099086973479
-27.46425126441727 10.62684069197795 -33.65322216818824
-27.00366364820252 10.71021080869439 -33.49075455606031
-27.26415825749698 11.04322141103673 -33.66456439325681
-5.220508979201048 11.8809854316942 -27.37525349339151
-4.884949730442679 11.59371014119878 -27.09887449413592
-4.696713199698137 12.00038938693479 -27.25055953306321
-12.80908515283385 -8.073949581828487 -29.38814471883669
-12.91948350669726 -7.612064824255589 -29.46629390787849
-20.87775818775862 0.6128019797885442 -31.38336398583028
-18.31854654453199 -4.013310824800291 -31.04603171614514
-18.51789183501619 -3.565128360715855 -31.12838657391183
-18.82584372682082 -3.926872743973766 -31.08927816035527
-9.657950122024776 12.77010900969525 -30.24781719091428
-11.5627175430464 -7.872414262585342 -29.12605010681935
-11.16645872293376 -7.563072085085286 -29.0501240262623
-7.441235543946592 10.83347170203532 -28.34356326314488
-7.665919333442266 11.19865660902949 -28.62053387676099
-7.825310112264929 10.7445750546425 -28.64385207146174
-10.05171609831505 -8.683824484501118 -28.74246352983835
-10.40929971495959 -9.014355091424841 -28.82939074858035
-3.220106563329638 17.15300083216947 -29.80043875137703
-3.733799911106745 17.27210658156969 -29.69844349771039
-2.957293808007736 20.95847157740074 -31.67241801059085
-3.402950237933545 21.1789117202705 -31.6698873899331
-21.65853296418484 -4.907954663524286 -31.06552810167425
-7.501471878601634 12.47136835761353 -28.80222916532541
-7.736495539849383 12.85302430734062 -29.04194417777541
-7.928225840199914 12.39401827824543 -29.07262526463907
-28.57626234659271 1.60355368024416 -32.4162143551447
-28.88997628792101 1.909697689412395 -32.66921301017068
-4.433559968621783 14.06975381771913 -28.3353202880601
-4.53824300258468 13.63849629010008 -28.11474665304539
-16.08477806843423 16.52184040011059 -31.8609727375764
-15.69312002912314 16.79557211801277 -31.79487790755612
-20.34586277611143 -6.74989336277586 -30.62718645581655
-20.39897063650907 -6.273372611802932 -30.71489692876009
-13.6325437569885 0.428192066422045 -31.02781213664768
-13.81722045131169 0.8898005337615995 -31.09614335793368
-14.12744376579712 0.4919853661016764 -31.11755867964865
-8.726798165365866 -3.708511145165865 -28.56302099601062
-11.31962833625649 1.488406396707646 -30.42723038779585
-11.49455572380883 1.944181429420841 -30.54245951423
-18.08190177207421 14.1434044213797 -32.20664296096188
-17.67433645338416 14.41555678141995 -32.13366882496296
-18.10708015283071 14.64310057171543 -32.21310853305803
-16.51180140077599 16.7530342433991 -31.94078591911808
-16.53570762490842 17.25041550733816 -31.95772304080642
-16.94879614766674 16.97393477870289 -32.02333435048285
-14.62231086951994 0.5574754433892145 -31.19272255374362
-14.43580776418485 0.09520301853464082 -31.13300585682774
-11.59334027931823 12.52066202285014 -30.94687845229978
-12.02596358553158 12.51850537274057 -31.04941093080559
-23.35088192545088 16.92768430128315 -33.30277274319177
-22.84260308405632 16.98931873984434 -33.13131430729761
-10.72062922935163 11.65870374462273 -30.58896236242079
-9.907598618246277 20.88496971531341 -31.28104520786512
-10.33605463789806 20.58241460927632 -31.20947638411593
-7.53508836243353 13.30224585596568 -29.01317546610043
-7.968811710917707 13.22715757076864 -29.27280748306827
-16.59353058376077 8.156191871770774 -31.38703096884271
-17.07094423188072 8.291020557078527 -31.39722462894335
-13.15716968493909 -8.433750699280825 -29.42646091000237
-15.3007302405954 -8.750088296344394 -29.67418181584085
-4.743406173395475 9.860423171786898 -25.97417577592569
-4.739183824879246 9.443896609586211 -25.70432824619627
-6.991800910773669 10.11901634505141 -27.76376160035041
-7.187304711255524 10.49988671871581 -28.04403968752907
-14.80940055074787 15.7876125900312 -31.62760927031572
-14.84751008605842 16.30325796881038 -31.63695012091922
-10.67358023357829 14.91329973603041 -30.83199264114303
-10.52519835387768 15.388465797936 -30.8058678117208
-11.01073294212965 15.35553089414885 -30.94530335718174
-12.34743963694256 8.948759973964666 -30.90374662415832
-12.82686357342411 8.94894280516721 -31.02195288630679
-12.58568057044458 8.517819888120021 -30.96116067336289
-14.94340207624188 24.24979266178932 -32.58374460541535
-15.40185397584479 24.39678721251662 -32.71301874018783
-15.35000285566888 23.92428024752887 -32.56799628037327
-13.06647779142207 -0.9223422839517187 -30.79731781455473
-12.77004330813078 -0.5283082545191489 -30.75389637004779
-13.25676657859143 -0.4664393399685249 -30.88638805625294
-13.14206894126021 0.3767955240333459 -30.9226648868961
-12.84237936318829 0.7834837638781424 -30.87883710758187
-27.10674563847726 5.504206273800586 -32.30985393296447
-27.57460477111663 5.441927141261789 -32.5036581041812
-16.47733209475546 15.73928134927887 -31.9244073323079
-16.45715668290608 15.22503352169714 -31.91813017087737
-16.04974772424625 15.49979641231422 -31.84565885524033
-8.343659434785828 12.31048205597358 -29.35019366705513
-8.108730535904199 11.92908904475952 -29.10987873761477
-9.939764143108322 25.84268662600601 -32.58915154898702
-10.34458974481242 25.58625043919185 -32.53316516286846
-13.06221259290262 9.376007142354789 -31.0856941172572
-13.30462854911839 8.945309621220657 -31.12228724317366
-14.64049780425914 5.186457859304303 -31.32793300611189
-11.88418861153114 0.681285793506433 -30.57938685817752
-11.59505436006901 1.080457187580169 -30.50222013294303
-12.06872162367901 1.138985071411176 -30.6840071600268
-14.24764073058859 -0.3591496304075746 -31.07077969476612
-14.74250014265573 -0.2936603031241002 -31.1457721611196
-24.56003294642603 1.421489474017608 -31.48757452040604
-24.2674800565167 1.806549795174879 -31.46973525932931
-16.22739243347088 -0.1256055241677358 -31.28454893391174
-16.41662997666807 0.3153140065228001 -31.31893451276444
-16.73162058526549 -0.07654544260152367 -31.31080480688547
-2.445470054585267 22.66642373044421 -32.73932351840573
-1.997380334905717 22.63148236863752 -32.97710270755231
-2.831437831505617 20.07080812242081 -31.22296136989531
-2.898731905090123 20.51527472983791 -31.45642979914509
-3.264628484551957 20.29314812243557 -31.21236032509402
-17.96270485314775 5.112422348591258 -31.37908108034165
-18.45248365538377 5.195408465677241 -31.35242212718751
-18.26435036679647 4.737378182082995 -31.37565832672355
-11.08580913871137 10.72266801333253 -30.61690350984399
-13.02504263381115 -7.133325987062458 -29.56437844909444
-9.015890864128998 25.4310577441056 -32.49334005353874
-9.467213569071465 25.65767202566594 -32.53908093043642
-9.436952908209729 25.16816318602131 -32.45406276390614
-12.94028675750311 4.659130186481914 -31.04386303085415
-12.40894133742453 4.680572674831048 -30.91435850346997
-12.56119847852686 5.124622716837974 -30.95781210406008
-11.21813486111545 9.434848554991115 -30.56967704313321
-11.40896662803399 8.920842194085482 -30.61293887782374
-10.98637487019722 9.025423195781837 -30.45494989372145
-21.99869073014888 2.016669054660466 -31.36826780351469
-22.29331611974882 1.605689143515239 -31.3882953210269
-13.50940531223366 1.286364235581251 -31.06391819492625
-14.00366212536506 1.349832809323181 -31.15840719378544
-11.91893214900251 -1.478265123125983 -30.35610224498956
-23.84768140645254 9.989340218891236 -32.5803652596514
-23.84742269366434 9.513269991231668 -32.47089150194411
-27.88521354447223 -3.765719265451051 -32.62960747784908
-28.15513736497201 -3.357089637713394 -32.7129302506955
-7.827162023083721 2.123044169720199 -27.70046533465345
-7.6653243229944 2.55009732888054 -27.49809830234139
-7.985690433797865 2.558415215591798 -27.86390008687522
-15.5070199173398 25.26896800964006 -33.02608371229843
-15.57385942659437 25.70327648600983 -33.2340707636636
-11.52988672150775 -0.226998806182391 -30.34114777453323
-11.24245402092957 0.1707721999038889 -30.255661365119
-11.70722201287332 0.2274038684978046 -30.46036327021391
-11.15167901305899 -9.482849034525897 -29.01512291118891
-11.56401456467988 -9.114592938524634 -29.09991117038429
-22.79197253871822 1.652911413148759 -31.40379984992375
-22.99239734176378 2.109573755626827 -31.40206817040658
-23.28843481681425 1.700793269558753 -31.42346290636296
-16.49709783946275 16.24525586942193 -31.93090006959407
-9.667619230746174 -3.059122090442708 -29.06563204990728
-25.89542313519626 -4.739174323535861 -31.80569796408142
-26.16393018198037 -5.112999017628884 -31.96507922626553
-15.620508753258 15.25791584538543 -31.76725703753102
-20.31208275390822 -3.785328771137993 -31.17818653655775
-20.51645825137981 -3.33704235345912 -31.24709199243556
-20.80374014513146 -3.721660832283067 -31.20726808012853
-11.06303170717402 13.94265862135883 -30.90324069024236
-11.21997435641652 13.48835057433274 -30.91831007394129
-16.84916353625388 -4.235664006257847 -30.88843569674653
-17.33129451851206 -4.151902300320788 -30.947835740605
-17.15934569600107 -4.59715360054697 -30.84307334461544
-8.582604714272472 12.67724783354639 -29.57928524772655
-7.346597552138798 2.543773617927424 -27.13353506108679
-7.508522250907943 2.979052385657591 -27.2944966857197
-5.835357722102334 23.4589371847636 -32.2048646091848
-5.456651053207683 23.75497175147026 -32.29741997408311
-5.912336886883612 23.95865486667357 -32.2963040955516
-16.12208120618565 17.52387505863315 -31.89144230842837
-16.55798839742037 17.74458704709067 -31.98002805412936
-16.13078051403228 -8.964162602371314 -29.74139008781196
-15.76737365322756 -8.627217564126234 -29.74499578589287
-16.22703245492197 -8.479961850749371 -29.81944156600648
-10.61771333555926 -0.3193036289703216 -29.8923458349202
-10.35667052451137 0.09331841822638412 -29.788199094747
-10.79956362737276 0.128539372470199 -30.03775496379295
-9.170911935166064 21.90679074868726 -31.64698564460714
-8.706019826326584 21.73446072673138 -31.60405136387392
-13.75410669777999 25.17122339743371 -32.65053954564453
-14.15506562199026 24.86962026372206 -32.62669905397035
-13.70657337937526 24.68610710776541 -32.5208150828209
-6.262595563433292 23.19938780686439 -32.13553973062217
-5.805268227658096 23.0021068718931 -32.10610494483505
-27.98119208543794 -2.182479164317796 -32.40345749048636
-28.23302893311384 -1.764205995370144 -32.48049507502955
-16.86287481580239 14.95700247994549 -31.99197096855505
-16.43569772409901 14.71753361949416 -31.91099862908495
-6.687150715786929 11.08382568770446 -27.82935702659785
-6.942250875489364 11.41747551230736 -28.12766242692738
-7.016799538424237 10.95042441866211 -28.03432379573568
-20.51093084488973 -10.06907824107639 -30.45728067335849
-13.02326463406275 1.230600931221936 -30.96061603558383
-13.20838615952215 1.690319230005749 -31.02835904589967
-23.94702606146663 -6.342936909701558 -31.25998320663822
-24.10755261251426 -5.878948464047474 -31.31200240066124
-7.976247680709185 10.28314535057682 -28.67896270521727
-8.129661822511439 9.812703188784095 -28.73771608876478
-12.21238711396752 -3.182872858521419 -30.20362274830635
-12.35527842840818 -2.725701596534171 -30.33746381410825
-10.2125718531994 18.02482285942076 -30.804196885111
-10.51870320952369 18.43137053852032 -30.89607866450791
-5.529373022693019 12.19551816623513 -27.65007240472064
-5.702544716012008 11.77179714273458 -27.53462429296074
-25.72884687469342 -5.969282076610165 -31.86799392930548
-25.47173131134027 -5.613162673980662 -31.73014577062657
-25.93849224715817 -5.548299273504824 -31.92077913596154
-15.44347947772889 24.84446675892449 -32.85819174778414
-15.06592532640152 25.15630745786589 -32.86916816873106
-14.55267653662917 24.55575241950935 -32.60341622263162
-14.49790943705838 24.07837275424392 -32.47876132535458
-18.77196950404114 24.14296656818586 -33.64483863808089
-12.39388823369883 19.59772646547503 -31.32224384533117
-12.44160962112786 20.09729702070267 -31.39340420078209
-12.84382093230709 19.7950953155201 -31.42791265786392
-9.379387358862736 -2.628371246526718 -28.95683040233335
-9.128074173180467 -2.186498170958354 -28.84046733769612
-4.395672871554995 18.38703357679266 -30.02228624936604
-4.3898013404122 17.93225113500077 -29.83658234049286
-9.800474511958233 -2.546347782530838 -29.18965052920584
-17.27018694363976 14.68237966926269 -32.06394871410978
-17.29168863729642 15.18988561129296 -32.07083990069889
-24.03931828452949 17.18653365332895 -33.65096362398481
-23.8042748860646 17.62407079075357 -33.64897601523312
-9.528040231272943 0.04146454479913586 -29.24603669165058
-9.133269832237076 0.02206328641706091 -28.94709922886944
-9.29365195968081 0.4595814281761082 -29.09957438547592
-25.73564782790253 2.012178966658041 -31.5741598210816
-25.54437557563454 1.558202771531152 -31.55238722355803
-11.35303278482365 -0.6805640668764774 -30.21283200501882
-10.88535749032424 -0.7234548343834356 -29.99593705884726
-12.10949040817726 -1.030663495000866 -30.4769296122041
-12.38880363036886 -1.43107919656381 -30.53951184625268
-8.388331469526593 8.036399351123183 -28.75466828474959
-12.33297295117565 4.193330351209235 -30.88627095012778
-11.95911105061575 4.658739606701969 -30.78127507372193
-5.191088987206108 14.29802810811996 -28.47952557004629
-5.7195870119346 14.30185572602742 -28.55430578795413
-14.4953235492652 -6.307137432829532 -30.06620279573156
-17.41611723995982 20.52862677279994 -32.38026488286116
-17.50313243474008 21.04977810043804 -32.46991955901193
-17.8700961362624 20.67529419417937 -32.49334720368411
-7.257020911340311 -1.536205449429368 -27.61094868778491
-20.79133006665571 1.462701181714692 -31.36920885141749
-20.99723267774569 1.920891032631161 -31.36000320549171
-23.1934620059704 2.56279322451676 -31.40090120580488
-23.39216174955223 3.019674147362664 -31.40604374211745
-23.68744973754323 2.614383332069286 -31.42912062778343
-13.36156738426111 25.48399218243346 -32.6849822560634
-13.8096121801759 25.6667332803399 -32.79401942063755
-27.82819453374044 0.5683513070580287 -32.03468124964539
-27.34986384622248 0.5081161773216322 -31.86444312253916
-28.96282770665616 4.968118381235666 -33.31547452031807
-12.50815365327777 -2.268617621595844 -30.46782797398662
-27.91480957691646 -2.988607124755978 -32.50735870083113
-7.482515923084613 11.64810938089687 -28.58327227679573
-7.882010751255727 11.56413498102176 -28.86321596886621
-25.55219961153529 9.469797885715534 -32.77709836530145
-25.4893843676382 9.922719099984514 -32.85865196134952
-8.3770372979985 13.17201305524957 -29.53166327161096
-13.07351202838325 7.658706229607439 -31.07564800843348
-12.83057668706905 8.09157777437234 -31.01602930298211
-13.31171360076623 8.085098187198836 -31.12077366084792
-6.516525651369442 2.273649069274733 -26.29941164331873
-6.250151483402389 1.966710386995244 -26.08416679697901
-9.078753763123768 0.8811139786534237 -28.94279586577763
-9.464214887454053 0.8997319763005486 -29.25418370079207
-22.42648659483693 13.67195887768676 -32.7754819246054
-22.82413806165075 13.35633621946858 -32.82046724387182
-18.72828145386466 3.54458290131395 -31.38229890924444
-18.54810022856903 3.098376533341352 -31.39450035145771
-18.21674371424936 3.45462444081936 -31.40338719346137
-23.09900210784452 3.425044055032961 -31.38465622698072
-23.59271866219007 3.476740828113174 -31.41832031924241
-9.596093727075537 -0.8195624029467963 -29.22837421453344
-9.433610496847415 -1.251995023758195 -29.08969336610457
-15.73265854627453 -0.179214004003639 -31.24908598094916
-16.04750909190732 -0.5713081178362063 -31.24427213289324
-9.966612682870254 21.35523407431199 -31.43162813653777
-10.00951002875031 21.82616001058312 -31.58881795410254
-12.86201681719547 -3.936168181710955 -30.28420868674852
-13.33778106900485 -3.856916289013862 -30.4501515926938
-8.352788929042291 0.858302110040126 -28.29574208010342
-7.994523320170064 0.8394004874001153 -27.96015805902206
-8.16331077265462 1.269185460627996 -28.10270967089097
-22.89887829542348 -2.245894430702695 -31.39430719460924
-23.18074757064073 -2.646931991664575 -31.38326005238374
-22.6906803578552 -2.698691596525951 -31.36696108187032
-15.73012862542225 17.80180864817817 -31.83067430607461
-15.32183233046857 18.08460245041525 -31.76875424219854
-15.73499592243287 18.30067245622373 -31.85777128789614
-17.34446045004369 2.538591847177828 -31.41922571172701
-29.08594947469177 2.266285012389365 -32.85875461069622
-29.39285722035817 2.539689505482265 -33.17632713245344
-25.13337780319321 0.6286876508558841 -31.52251061323746
-25.42730081301737 0.2589593251642851 -31.54827681583954
-24.93117212221908 0.1773995375486856 -31.51217267709314
-24.5631836479615 -5.790656372118099 -31.43896610240656
-24.26917459280504 -5.445114848412745 -31.37405321768641
-9.111562441111678 6.203995553000678 -29.29089665304096
-9.292628822930476 6.632944610774428 -29.45120890837407
-9.49183049415142 6.18206715517753 -29.59113143608555
-9.93170440087426 0.0622032852084996 -29.52088625697719
-10.11023111364007 0.5096012586332777 -29.67154788192816
-12.83300202626612 9.808902374168261 -31.04867361304449
-13.31177071942518 9.805426272961174 -31.14414726165015
-8.538877218348594 0.4345844944030398 -28.47938977759168
-8.707037745328606 0.8646733516624985 -28.62241838397742
-10.26837079660723 3.143377967555615 -29.99433259211571
-10.01533735639236 3.56415783856565 -29.86706161970531
-10.43114043818939 3.605721647681824 -30.12734620727799
-8.580305487459658 8.440128963938864 -28.96339586547178
-8.74798848611484 7.973027573632638 -29.08140730708843
-7.948086598511272 14.71290607810471 -29.57877926829396
-11.82219192846766 27.33668780269807 -33.14884675764622
-12.20021579172274 27.60114239426133 -33.34753441176033
-27.89654077462101 3.897314499019583 -32.29345338146906
-27.38746671568641 3.963194617982372 -32.07302576246757
-13.24135309802279 19.51857044345341 -31.47076246116239
-13.28995327838211 20.01870132029583 -31.53732154789649
-13.23911349951591 -9.764098515325191 -29.39499478623561
-12.89774234413454 -9.336399631398406 -29.3445746880846
-11.40213934840072 2.80611856772618 -30.55992253373652
-11.87021304405226 2.851677678076928 -30.72870259194448
-11.67904811994543 2.396845479877095 -30.64410604633098
-5.990587336942351 8.202645754904056 -26.16856976843977
-7.030899605851819 3.416518665707181 -26.75334533174271
-7.17996757918475 3.848300019153069 -26.92307392807646
-7.338955174995448 3.404876112117335 -27.09920620939712
-8.947040303008372 5.790022199296462 -29.11978143177164
-9.138743327807038 5.30569003396942 -29.27743878444888
-10.26640105454053 -1.2035873697208 -29.60949555037971
-10.00690832129286 -0.7980638498278307 -29.49218869388576
-10.43884446526056 -0.7592871583859049 -29.75211254292373
-2.733856584510069 18.48936724217034 -30.45932482172477
-15.24209145513164 -0.2318712015178092 -31.20466715021274
-15.05295098164039 -0.6867802958341007 -31.14984215689535
-2.444307976951899 19.86100069255274 -31.25588086678804
-9.395474336384279 24.68731020328369 -32.36943750160633
-9.846724745946901 24.9153526065867 -32.40696075957353
-28.24605429003661 3.841951749406189 -32.48170897522617
-23.98141427673398 -5.069300218459992 -31.31932769355157
-24.44327667655554 -4.980449160320158 -31.42150381927515
-11.96004576338757 1.989449869127911 -30.7168689079131
-22.5893986441397 1.196874047736975 -31.40842309559519
-23.49920730574565 -5.138171319198726 -31.23833100936524
-23.67108074560302 -4.674305037449435 -31.29722162089717
-21.20923344614666 2.369725860652959 -31.34717932745176
-20.70523126926847 2.318900332951721 -31.35035048066557
-11.56026754803399 24.73326712946957 -32.36292281530265
-11.10813483544563 24.54570822722996 -32.32178945156338
-11.15181902920395 25.02123408530832 -32.42148776080786
-19.32217950909743 -3.868151694613643 -31.12369167961485
-19.12301300746755 -4.315845765782949 -31.03834088775749
-14.59890025485677 25.03831725708332 -32.74326184467482
-8.070395178179574 8.97188009328816 -28.55393096212847
-8.274030616191029 9.354091427345836 -28.79235017024676
-8.428097535499122 8.886553777108137 -28.87113861382409
-21.98241235750383 4.202757143053799 -31.32662801541406
-22.18128152210033 4.657486127777682 -31.34496282222544
-22.51255430581787 4.232848712581468 -31.35424114525875
-11.81992866286203 -0.6233523769955662 -30.41255171745007
-17.24616879834423 14.18269476091596 -32.0511603267003
-17.13143992008931 10.24803631761034 -31.60790006614401
-17.13833218575861 10.73738554679423 -31.68278736000474
-17.5699053232014 10.47308075850674 -31.69600099811008
-24.14621706907926 -2.501252641827969 -31.43124860967565
-24.64168898894266 -2.417444711730522 -31.46894012334102
-24.42338623729547 -2.881481639573058 -31.44315318396646
-19.86380049433251 -6.219552043301658 -30.68523261304247
-19.58478493903767 -6.591813042845708 -30.58226382195729
-19.39772076560856 -6.267102735253888 -30.63635463718614
-5.391941740771438 15.21595547852465 -28.86790982330176
-5.084128541862157 15.03405642014984 -28.77139848119451
-7.271122837376873 12.11110488101703 -28.56173875691578
-7.07088220477115 12.56711971992292 -28.54395247013647
-11.05138462270045 27.58303020275893 -33.21279462647194
-10.77617565692704 27.22323891955003 -33.02909383365968
-10.56766097744547 27.52141767006766 -33.16015315535719
-22.6971021318335 2.514865579676961 -31.37904853863711
-16.79012245607904 1.197325466745333 -31.3759595066345
-1.658728166904524 23.29093519354264 -33.44579381059624
-1.466473167939347 22.83334190884133 -33.4371416430161
-21.98074811059464 -0.1677838643954837 -31.41401116203949
-22.18619975260795 0.2863834379130098 -31.41332300719801
-22.47494495915315 -0.1260031250050845 -31.42664991963221
-14.66823634418767 25.47132695547766 -32.88418868437384
-25.34201247911997 1.100173765203684 -31.53439743177801
-24.84543827116858 1.018659025371861 -31.50505875844447
-12.05049790282853 3.304583755727594 -30.79756238704181
-12.33087819159556 2.895777177914209 -30.86733920346697
-6.358002122574558 2.740016680111552 -26.11467433309993
-6.729222806607891 2.625069980671269 -26.47720834343527
-21.49181912296303 4.133417425957608 -31.31109643784361
-21.82298626323311 3.708719195989937 -31.32322514979166
-17.81750728318737 17.4208860057941 -32.18650115360459
-17.38409858362374 17.19276631187156 -32.10478256995231
-17.40506816316682 17.69924406588328 -32.1280094374501
-10.90187363958392 14.41994345194676 -30.88219671993159
-11.31821993645817 14.40252265059848 -30.99964991237333
-9.518980140488422 26.10393012026195 -32.63710755152594
-8.732621065563498 7.111934182794466 -29.01390031941826
-8.91474661503814 7.527438522394912 -29.19862113423456
-9.103712881190908 7.07128386143931 -29.32557780741548
-15.99059663843257 22.32269547223095 -32.37119785383543
-15.60576716208296 22.64760026335088 -32.35582544375535
-16.05386501378069 22.796935425139 -32.4714518170048
-10.95114069421984 2.768634198669371 -30.35721904801877
-11.13425386491919 3.222757433193701 -30.4605053042829
-20.54281995081479 10.60211286130691 -32.22570487692581
-20.11541002345878 10.85670175088978 -32.20657876899283
-20.54562628569337 11.08921534478057 -32.33980345224874
-23.53411783100535 -0.8795395507971211 -31.45020228912683
-23.32759879822663 -1.333178207187504 -31.43593033949888
-23.045995991485 -0.9396100429387664 -31.43658569903246
-14.98314178264217 1.477612565635177 -31.29104893759281
-15.15905066254736 1.950018151714999 -31.33590887343819
-12.88174655009333 -1.37896934489311 -30.69453077844878
-21.76156142090558 -0.6332288057324702 -31.4089534342881
-12.03416394869601 20.38872172154462 -31.36873567562214
-12.48352115318279 20.58569646863616 -31.47724435422647
-17.90791640089038 -7.171017631271424 -30.28145150006619
-18.38546221453991 -7.06270981729593 -30.35957774567509
-18.24209295097884 -7.53193802972511 -30.24747044264539
-19.8216833093336 -3.830199272980782 -31.15346049625903
-20.10948662146331 -4.212885393037256 -31.10200385827404
-12.91035990026798 2.077821250626915 -30.98316292132937
-13.39596971098461 2.133457552328691 -31.0882767021321
-10.97303193217587 0.5817243239041399 -30.16789622482376
-13.06748990046001 -4.771963900660658 -30.14269310960999
-12.73439159536965 -4.400140544245867 -30.12751329152806
-19.05482794064584 0.7477745866653852 -31.37778281563226
-18.61269715543668 0.9415188761956985 -31.38129795004218
-11.95363253433965 19.41106164461049 -31.22319764770065
-15.50473171566082 -7.811664172854603 -29.84738256670279
-15.60624981399643 -7.370982623904061 -29.95856833619883
-15.96497714156237 -7.702227116194083 -29.93600361460476
-23.48835092173828 -7.766984491740885 -31.10740721579305
-23.30682659825688 -8.284667094139722 -31.06936685203818
-23.0203685604512 -7.913398951234356 -30.96741261418697
-9.866565558487524 0.9276526095669908 -29.5379376812091
-10.28405847973059 0.9579476096960189 -29.81672763873535
-9.631141087618689 3.538637753312569 -29.57369106674799
-14.04296409917195 26.95464921004149 -33.40360459779843
-14.41531294948007 26.58036482699059 -33.31152868131266
-22.23637784297851 9.586880452318082 -32.23899829675211
-22.65783774713632 9.320681478015349 -32.23560985732681
-22.24244016346813 9.106803429561754 -32.10654796973908
-7.658442975436431 1.682218850143574 -27.5477371387243
-7.992138730248822 1.690060922113489 -27.90147026770437
-13.41284477544345 21.89605469911397 -31.867710317114
-13.37639215795561 21.43207922383754 -31.7721396823327
-12.9792184037869 21.71857777346456 -31.77057323290582
-15.14988221336275 22.50205731752223 -32.25033034276593
-15.21420236728877 22.97748088983009 -32.34460230311982
-16.90465676287291 15.97049344276958 -32.00254792174764
-23.11418228195991 -1.793732325312362 -31.41698025405302
-22.62406757235235 -1.8455381199767 -31.40358926834454
-2.530721721146269 20.72596833332068 -31.70163140898456
-8.184277984510024 13.62404285668013 -29.48953424241923
-14.80378921099586 1.015161725078235 -31.24263885530274
-15.11318847232769 0.6189405971110205 -31.24963311771565
-22.71732976292359 -7.475283798941797 -30.90074705513516
-22.3979230847539 -7.087827026659172 -30.85556639369
-22.88303355034714 -7.00735240575327 -30.95638162799651
-17.31875705858222 15.69509377562938 -32.07570467280579
-17.33892806351793 16.20106934603797 -32.07990401947269
-8.285394072242665 11.47766031005324 -29.15720577477096
-26.49327890772725 -1.290293022869288 -31.73071449061498
-26.02505230575545 -1.344741897656948 -31.6476099078282
-26.2253089470882 -0.891159076786328 -31.66910269662165
-14.04847621548443 23.90719439592775 -32.37513541119095
-13.5946665900621 23.73151857870127 -32.28027208851537
-13.6540672564908 24.20969020416956 -32.3986553733703
-14.49238018919118 1.416319009285719 -31.2321186810493
-15.39691580247435 -8.265957321630943 -29.75287969304431
-24.63807982537934 -4.531129039909153 -31.45344472842105
-24.33968090537455 -4.159887312593067 -31.40844400640468
-24.82540863159258 -4.086448973870551 -31.47616822042934
-25.88798001680697 13.65069709663068 -33.70340750888896
-25.6600182713322 14.09189953856008 -33.70045653673282
-11.3985300320201 13.01299235298542 -30.93344992507311
-11.66008194037522 13.45038855791989 -31.0277815804709
-23.94391436421248 0.04986587540960909 -31.4687720907954
-23.74535727186676 -0.4095730284593745 -31.46107074559299
-23.45121792265815 -0.02641953961572124 -31.45345402998396
-9.512970433072976 5.309949953153622 -29.58186795761478
-12.90329108493939 25.28798504329847 -32.57391704267317
-12.85283988373054 24.80563252657815 -32.45681661103804
-12.44997309226513 25.10468748360513 -32.4913972845149
-20.54800028749096 10.12403873700678 -32.09747437908559
-20.97727233667472 10.35522072104903 -32.23525787197725
-11.14524460866185 1.033297248146148 -30.29742393971224
-13.3882568672119 -7.468198381771053 -29.58619589720365
-16.50510060717559 22.95290335441189 -32.60323140294921
-16.1207766139536 23.27821628527349 -32.58539532451161
-18.10470078516653 -7.963648193650656 -30.15913776698326
-18.58091846882305 -7.857085976020744 -30.24695916292165
-25.39323900092064 -2.717051098712212 -31.56134845988892
-25.13540347915338 -2.332318213562629 -31.51717824983246
-25.61023643152945 -2.25167381539744 -31.58886615230083
-24.43986782567339 -9.355637710715948 -31.56402833046151
-24.7766873441966 -9.059075771548244 -31.67962039254039
-14.05469420684083 -0.8038666315138291 -31.00243637695499
-13.74890416790577 -0.4145665000267688 -30.98498440482727
-10.594394468408 9.164286149324667 -30.30709688169534
-10.37359601875523 9.657223378814006 -30.23573670185995
-22.60590799292439 3.373049424771879 -31.35751700512656
-22.80654927764058 3.8301155662916 -31.36793392520003
-12.43621558049545 2.038827032638108 -30.86251158358574
-12.24519651334028 1.584930728798468 -30.78050102529567
-22.38547365931832 0.7389710856461071 -31.41283999471279
-22.88417078023058 0.7861691048905938 -31.42701346556237
-13.44952778926039 -0.02213738339357223 -30.95927965590823
-12.38256998194028 15.07921840576928 -31.23304234497778
-12.82717268227218 15.00603962399851 -31.30599954132725
-12.50983087316628 14.61159421563898 -31.24929880370312
-25.01485117366423 -3.633964542434119 -31.50530215868567
-24.72180371112401 -3.256264508007503 -31.4622524317049
-25.21048945525243 -3.175668853879199 -31.53662377071901
-26.91767379183438 -0.3915656030180697 -31.78997557970079
-26.43538573779924 -0.4431770266494671 -31.69058854283232
-26.66086454169679 0.001525250953147067 -31.721810984117
-19.43435536741071 0.5255466006938018 -31.37578790594054
-19.72191070398524 0.9753771329193476 -31.37600219870817
-26.11746438554312 13.21037970434232 -33.70571877335578
-25.64315485783595 13.25172841833526 -33.53521735390055
-10.8216215286612 -2.013815067243254 -29.80904130784707
-24.22741964736316 -3.339679456928197 -31.41336872394693
-14.27343434432234 25.81008951566297 -32.91423755009936
-13.85364655170024 -7.34501243516 -29.70486007196804
-14.3125141350434 -7.22979469192422 -29.8020059380591
-22.23841458583933 10.06727188638184 -32.36491400300562
-21.82171144525966 9.851319250909095 -32.24388220890169
-17.36001975115383 16.69536957731548 -32.08879665856378
-14.43872927604368 23.60076347604348 -32.35796907554078
-6.423586007131682 20.89378566119672 -31.30966927930578
-6.51311715786299 21.28929984089353 -31.500990501416
-6.902129155003962 21.07730189500207 -31.39254849547349
-17.83717048593058 23.40838462525954 -33.07882977705566
-17.77436955847801 22.94223334573238 -32.92887497958822
-17.394156185036 23.25970966828174 -32.90678296925743
-8.749514564610461 0.01094932965005237 -28.6520738176348
-22.20237243157907 2.469143305286082 -31.36222957539118
-21.70502974226141 2.424172814799521 -31.35018874047926
-26.07948367590019 -2.190013589285502 -31.67728205959362
-25.82504167612802 -1.805528966616477 -31.61523539786828
-25.55410826279626 -1.406060401135916 -31.56965612454651
-8.267782053744915 21.54436053569729 -31.55479281366943
-8.155414050697392 21.13318984723448 -31.38283423050136
-7.790817303395249 21.37966584600036 -31.50623906313164
-18.6569527593391 20.05551132783364 -32.58098930883524
-18.24843704526645 20.35667078899716 -32.53102990556252
-15.70396823910809 8.165273831740224 -31.37077112528613
-16.16473644034424 8.155946693688476 -31.38189050268153
-15.96372469005364 7.73701503753866 -31.37546835828759
-7.685189199822043 15.57800086385012 -29.63019114795763
-7.34069162075336 15.26132527410125 -29.40589766984621
-7.180602308197695 15.72479662417416 -29.45805110115489
-10.17018572514345 23.68000412845648 -32.1463605228052
-10.56980815603096 23.40922743135161 -32.06471210258648
-10.11642179283703 23.2053255121237 -32.02512812539472
-10.14205796722189 26.72606250596441 -32.8315779048503
-9.599060285332595 26.64757832273051 -32.79569757777076
-11.633758926876 20.67993906998295 -31.36630272852673
-11.22617807904773 20.96788417534434 -31.38949017703688
-11.66710779467748 21.16618529054727 -31.47829285832794
-8.842466115269819 4.404132432763706 -28.93816365485385
-22.54162906888759 -7.993807033371734 -30.84160419708239
-15.70759439561489 17.30757666965654 -31.80969517691313
-26.34767537337195 12.77024240505024 -33.7036971041676
-24.75746610013848 8.520361556529981 -32.3744735068223
-24.77894511344746 8.046204192994411 -32.25400496209367
-24.3367058775617 8.305481112713425 -32.23740342807029
-21.75792740519059 -7.630247496149012 -30.70616103433666
-21.43306721129988 -7.240960570511358 -30.68677296906335
-21.90998484574127 -7.165585432661354 -30.76769991939518
-10.11579862026084 4.878763546003405 -30.00121067588043
-10.35150512172333 4.458143396763644 -30.13013977372497
-8.755116512374196 6.241841105452109 -28.97132566177971
-8.554139657978498 6.700088776395376 -28.80018090544504
-16.17767871343816 18.48569768492672 -31.95149529413174
-15.76827594476732 18.76815852733334 -31.89565547165002
-19.41962315005746 -4.701629462224318 -30.97983136317674
-18.92332566031097 -4.760191947216591 -30.94417992197732
-10.40462823563888 15.95185054805809 -30.78923827317336
-26.50119046642708 6.039207732771009 -32.21590150607356
-26.90689395919535 5.771756514862811 -32.29617686116742
-26.44191368330521 5.563942859777169 -32.09691773817438
-11.30952788637765 -8.65552825830409 -29.04036148937261
-18.65733702483907 15.85536073351143 -32.30173846566781
-18.16382744168865 15.64688375110844 -32.22128381800783
-18.24632836442734 16.13415193196633 -32.2348934129655
-7.007945888086771 4.276332458586182 -26.73356973299833
-7.311468868177924 4.264569905614948 -27.08320269106819
-22.25554751776554 11.5568731823675 -32.64366168016213
-22.66956636316375 11.30602538559725 -32.65855815636263
-22.24186929364761 11.05846681629883 -32.57119218445888
-8.876897231558218 1.304697625819379 -28.77715772995108
-9.126464894932907 26.46537849227044 -32.73099143497463
-3.789479038246687 23.95329731347649 -32.66627772348015
-4.233602216975489 24.16095140755387 -32.5960821416538
-4.199200939453824 23.66760682290641 -32.47512599536891
-13.54414622498626 23.2641505186543 -32.1693757854359
-13.14959767990185 23.56622585950795 -32.194702747674
-9.943489314893158 -2.078296894617933 -29.32788852665345
-18.15688872230642 22.62242980868508 -32.95145538264099
-17.71068510611149 22.47089596269942 -32.78950850274406
-13.81318381139752 -3.792931150240655 -30.58386315844373
-14.3082271027703 -3.730401690301719 -30.69126779448572
-23.91030813928608 8.55298916305801 -32.23104628677083
-23.93221881830724 8.079543725775633 -32.10797729732093
-23.60227816867822 -1.733702810729078 -31.43192834415473
-12.23377060819776 15.55398973531847 -31.20451970304401
-11.9162798471645 15.1594772737738 -31.14852734766966
-10.52242206810505 2.729801058774549 -30.11389954396316
-24.68866423587032 -6.504635338699361 -31.49188990477019
-24.31699616902945 -6.726253793062924 -31.36780281243476
-20.00348796033074 -7.529420315923018 -30.47928119649163
-20.15986076805894 -7.064993159868504 -30.56073207371032
-20.48422754012827 -7.419969103369699 -30.5442461749329
-25.68048548934999 -3.094410339302835 -31.63378916922507
-16.99654624162197 17.96208155090086 -32.06919026047328
-16.58184556413181 18.23535389558637 -32.0088980236544
-3.172841716572152 22.30029778000422 -32.27565711042183
-3.537470612679956 22.08424253398386 -32.0769309431535
-20.24083804313954 14.4400226971371 -32.53502536918365
-20.73375769648947 14.39431313226363 -32.59193054589431
-7.335188303102672 6.445213097524859 -27.34662920651004
-7.15213024106629 6.843307986850294 -27.17932567922195
-12.37510637720732 -9.481620047555801 -29.26808712284641
-13.79767926530995 8.08328945600622 -31.20318312023694
-13.55173073301539 8.516062522688532 -31.16074740508004
-23.00519831839682 4.284792588464963 -31.38942851774476
-16.74722606508277 21.67178397755817 -32.41299778768629
-16.36982630361346 21.99145239227525 -32.38981652968658
-16.81575733689025 22.1521283325747 -32.5124994351494
-23.58571385414602 18.02184688946906 -33.64955963468962
-21.8244390510917 10.81860377116204 -32.47254184394039
-21.39851912322118 10.58347053704193 -32.36336298996429
-21.39928860324838 11.07035072238606 -32.46588331094168
-14.54000827981416 2.717500338225563 -31.29326111846714
-14.84496529391171 2.336553768381645 -31.31824392509291
-14.36682819266953 2.259639407686661 -31.2563171228639
-19.99731940480817 1.82368402617852 -31.36815563822378
-20.19600445958759 2.259794687713243 -31.35873843681187
-22.03462387449376 13.97989318062905 -32.73185993321752
-22.4985837378864 14.1793873812807 -32.79581648660072
-20.22800697412819 -2.957803679718294 -31.27815301891498
-20.71987490753753 -2.893378869157118 -31.30141919340831
-10.53927233553467 -1.60233941252505 -29.71728205730254
-10.10156275857364 -1.6422507629452 -29.46785922610732
-12.29040557501955 -0.5759860913136515 -30.59489475539083
-16.5418735464075 -3.857835856768275 -30.92751620514544
-16.36929195600842 -4.304393319673589 -30.830359613199
-10.86175677504349 3.626938130462904 -30.3516615481213
-11.31630159480097 3.664892392211902 -30.54696986348466
-18.1360685128938 15.14167944539195 -32.22037222836259
-17.7260697921716 15.42046431624613 -32.14761251946018
-22.40360619520372 2.922285097980749 -31.35737309077195
-8.8337844297434 15.57004755846864 -30.16700925509207
-6.826571517389073 4.697038398231802 -26.53626993898845
-6.649532175620159 5.125476728022019 -26.36182996529632
-6.960090630385132 5.121138373758539 -26.72134992230485
-6.834617838292606 9.680444757780888 -27.48704542373044
-11.45254538893213 7.200328597899109 -30.61265397049738
-11.17726652830613 7.664936243182922 -30.50142748811417
-13.36270639963265 -10.17472402873489 -29.41612463297188
-13.84335900431311 -10.29104865802188 -29.45747156256132
-19.01724331293535 15.0637654247467 -32.36322838015938
-18.98647075341804 14.56527230555204 -32.36644987630105
-18.54433585429494 14.86950768379728 -32.28968374192507
-18.1338248134883 -4.444542667568408 -30.9555428698761
-18.44090218337782 -4.802319615221255 -30.90518856378614
-17.94832819923893 -4.871258302136469 -30.85269956223383
-16.53706720658493 -9.262417048289576 -29.75709655960913
-22.23958650297732 10.5692196593768 -32.47986140983435
-18.52211420732971 22.30565059313532 -32.97776902563952
-18.88516876497036 21.9862265163761 -33.0197541860638
-18.45691705238282 21.83237510034414 -32.85394397012197
-21.17938859572057 16.88865370626922 -32.7137403432217
-20.7945749386143 17.20516754799783 -32.67636729459502
-21.24926635016693 17.37693043036796 -32.78229721466153
-25.96509480766296 -0.4974008324224958 -31.61929984168266
-15.23013144227234 -10.55136226405677 -29.55539488659831
-15.7236072400609 -10.58310255937445 -29.59883270566845
-24.24013381200866 16.68445796549016 -33.62773462314824
-23.7693802896586 16.74619319155003 -33.43201368127313
-20.03590012645425 17.83640914289408 -32.59181496049749
-19.64375136448209 17.62019638007667 -32.5006991104223
-19.71525698686003 18.11253143830429 -32.56039743802495
-6.361211912131353 24.15139335623016 -32.3091000667859
-6.815612004908917 24.36753088146195 -32.32819553046327
-15.52337510789107 12.83795851140937 -31.67935273124341
-15.12113358832897 13.1171678267536 -31.63093301801316
-15.529079318469 13.28893770622707 -31.70677815754522
-25.01510501121816 15.38939040873155 -33.68860160355644
-24.78339214294808 15.82867296595468 -33.68058783412444
-16.71640698315742 11.00103810545684 -31.66787054337419
-17.1545243912559 11.22562557429326 -31.75869267406306
-7.191547719136271 2.137010977226596 -27.00369368774367
-7.320952638688521 1.648681681546517 -27.18908615833765
-24.35110604290611 0.9500080854588562 -31.48068491787556
-25.20248138392741 7.790475640283399 -32.27617699371284
-25.61816624007814 8.008049696539025 -32.42703488282831
-25.62096637346817 7.537828633643837 -32.31038901919548
-15.30221977666055 17.07365697138498 -31.72831084969012
-17.47017409206322 -4.946485837231958 -30.79580902269488
-16.9884904039368 -5.029272951745883 -30.73182997224544
-17.82545213729907 -4.083550277889715 -31.00023587770365
-19.58432259973716 5.817127525415557 -31.29440117867745
-19.86480571936507 5.434138353575066 -31.29406610762491
-19.39280563067748 5.368334728869118 -31.3060215531854
-19.3924067430444 14.27261563797686 -32.42887654883577
-18.91933103814117 14.0782883774499 -32.35585060035824
-20.37404101472138 5.48581755986368 -31.29548733342443
-20.18226214335756 5.036899016449607 -31.29449603131068
-24.78260738329621 7.57681514227677 -32.13402367679123
-18.08002911956394 -2.423862666524462 -31.23197565459176
-17.89852835576034 -2.861013695216446 -31.17683684849568
-17.57336687347902 -2.485186703583725 -31.19236343479741
-12.35224095204104 8.091411510943097 -30.89336047821206
-18.87546439434508 3.972684122782582 -31.36709648040848
-24.15838271021357 -8.080823412253622 -31.36009851758442
-24.45788577508209 -8.453708148023622 -31.49977605057952
-24.07306604546445 -8.511002550575725 -31.35252097270502
-26.50011612517921 6.516446013426573 -32.33749498245611
-26.03484712942768 6.308344166191221 -32.13931358357615
-18.81548528904187 6.131416938275759 -31.31548979258567
-18.99624310473026 6.594036042616512 -31.31278815340864
-19.29297259402733 6.213579188861704 -31.30245495283233
-16.61527411742573 18.70289491472896 -32.04601202022
-20.98312375764385 11.33751944314112 -32.45165797531666
-20.55652338034182 11.5927279240041 -32.4280893804265
-18.63618670921786 -1.105987672418737 -31.33170095487845
-18.94992427192595 -1.484929050150758 -31.32992237412905
-18.4416072022195 -1.551350988557942 -31.30575892662291
-11.45793899851817 4.119775208892698 -30.60876805033067
-11.73700529474612 3.71613573454441 -30.70439907870712
-17.644710104737 21.99304872451149 -32.66798774975049
-17.26249852554436 22.31329621085691 -32.64433262150337
-21.14171249384579 -1.974849315916491 -31.36571314660506
-21.35257612833276 -1.53011711784135 -31.38643187700476
-21.64128400318307 -1.928811200544322 -31.37966708441353
-26.86904880132336 0.4512596048782032 -31.74628043957884
-27.07938948264488 0.905729562083056 -31.77693222439375
-18.86561509235034 12.60957729456835 -32.26334039669736
-18.45104525959314 12.88364245543757 -32.20708315537583
-18.87720846240717 13.10631683664196 -32.31173684412899
-21.14825766572136 -8.248047795460813 -30.57963538557878
-20.6713715787404 -8.338609282504093 -30.50387523606274
-20.80390083215787 -7.796107992363756 -30.55054838437569
-21.55278138987766 -1.08510208518751 -31.40058467000108
-22.06086767120685 -1.032137726811264 -31.41249043320764
-16.62112743003968 9.99566341037024 -31.52538946580367
-17.05350161577636 9.732625696389547 -31.53004031334034
-13.31239371649309 -2.604004762738124 -30.66459316386015
-14.53530541124715 19.62909488382191 -31.73576136243846
-14.1014058992421 19.44492436443779 -31.63225622598851
-14.12063617505305 19.92591622670581 -31.68757195928308
-13.40370973528557 -5.160048092080551 -30.12813012483704
-20.50347985922281 7.743505940564587 -31.48118198819531
-20.08568703795572 7.999877909934427 -31.47464319446473
-20.55267939278951 8.252426644573234 -31.58408764367329
-7.060226825559504 11.74716663995056 -28.31265669156144
-21.67956466488346 17.53046823209054 -32.88909622501917
-21.29184167762102 17.84489326842615 -32.86157162774637
-19.04903019271958 -7.747591588209113 -30.32534105191193
-19.19844345945433 -7.30018849101088 -30.41643508533731
-19.52853321052203 -7.622905607455911 -30.41110067432932
-20.56786061725447 5.968736261178985 -31.31168545657893
-20.88544661978694 5.571527362745093 -31.31079864258471
-21.82141743976652 7.948455783705771 -31.71801251355216
-21.39387226684825 7.735770306733298 -31.60488970451408
-21.39607251138111 8.207012018089815 -31.7110894893445
-10.59981652464943 4.046505679577528 -30.24170189500125
-18.26768713952459 16.62843363026663 -32.24223760347213
-17.7749566266799 16.42001035963956 -32.15711969101136
-17.42885513065742 18.18997787688086 -32.1572145924914
-16.36402264509236 13.23313661145287 -31.84700220681969
-16.77832588079863 12.96398759837093 -31.90335393817712
-16.34637588080486 12.74100997132079 -31.80747184401545
-15.28737734780567 -3.612932348763989 -30.8482032905321
-14.78920518742238 -3.67631856014834 -30.77761801157655
-14.96791353020391 -3.227628256392269 -30.87440707448872
-18.9139587748364 -6.27905276551596 -30.59338833951383
-19.19270870989955 -5.907589490082843 -30.70003055631687
-26.22936196559789 -2.962112590072642 -31.76003931840519
-26.04926837389329 -3.421768284689652 -31.73332256579811
-16.4446360612033 25.9672252954947 -33.65081873417
-16.01970040651534 26.22418272800603 -33.64931504043258
-14.31829598438954 22.66934352090577 -32.14757040334829
-13.9341430592695 22.96857753508631 -32.15299010267712
-14.37360935301635 23.13045632038388 -32.24801887636792
-15.14935189449688 -2.778835660025153 -30.95934765702006
-21.4130317027323 2.82203102872135 -31.33549973618597
-26.44668575003042 7.484236105761672 -32.55494143160266
-26.45010060725525 7.002909076520911 -32.43867068803177
-26.03514959755581 7.270086829396369 -32.36094961500249
-29.45250931166158 -0.7457199310438475 -33.15308561421676
-20.40796866635255 2.708582895196942 -31.34354536614133
-14.16080738582636 20.39588166715839 -31.75115725484357
-13.72752184918239 20.21203352076023 -31.64443534803279
-19.72046845156623 12.58942172204718 -32.40500690791329
-19.72849469051728 13.06479422048093 -32.44200559846886
-16.10551027266514 0.708181053300571 -31.3284002659461
-15.60360927508781 0.6714672674217663 -31.29525335246902
-23.86849391964767 -6.844193614760243 -31.22847279305219
-19.52498237581492 -3.439798876884097 -31.19517274091743
-19.03754345144797 19.73982190664159 -32.62456931961681
-19.09043712757906 20.24081628793615 -32.71837824898006
-13.30747739921192 7.22594414041773 -31.12591404768204
-12.82692043635118 7.232401782301362 -31.01842315537335
-18.84746371949914 10.18504901878654 -31.81622318914907
-18.84141789203612 9.70109738712047 -31.70670895310273
-18.41759273116803 9.95695658379538 -31.70541348995723
-20.41485192777938 17.5190308438025 -32.63635899656287
-20.48392761639037 18.01010297234955 -32.70900956791326
-9.764907355672696 -0.3758854357146403 -29.37652084739828
-22.66477021301198 8.368971238548555 -31.97350313513826
-22.24299583114269 8.156165302907738 -31.84369796309256
-22.24237463291945 8.628136454205432 -31.97200967806638
-24.02679112802278 -0.8032202179915595 -31.46641928158235
-16.33890588921773 -8.02515557312395 -29.91296664086806
-16.70340058581595 -8.360824512112925 -29.90103902063501
-19.43722206587899 -1.42731463490767 -31.34665265147526
-19.24247974538962 -1.872889694434209 -31.32494696807984
-19.76525459945001 6.279526260491595 -31.29773801376522
-23.08487730604464 8.583821664779663 -32.10239362489107
-23.08548604939635 8.111823082611371 -31.9741385336296
-22.94493200901631 14.36060264481515 -32.87747706049456
-22.55538821968488 14.66906185755145 -32.82034171509842
-20.6060857309405 1.018840435761182 -31.37499246317969
-20.3080041865445 1.426187613635415 -31.3708190668113
-22.65294706400024 10.3029782554636 -32.48396320512619
-11.51496887195537 19.2184990340873 -31.12859548173523
-11.43008408410266 18.69499356170964 -31.07874272411746
-11.0321095204441 18.99263994996107 -31.03293273705222
-8.923182703865301 16.89041321057 -30.36726068414742
-8.436104077417534 17.11557211845884 -30.24349263080391
-23.77360914414338 3.959657192457644 -31.44359146298995
-24.06720525102404 3.554369120307095 -31.45964411343874
-15.92852983869371 -5.631539968594026 -30.46600130551785
-15.60367229492167 -5.262637644651743 -30.5219546096383
-16.04944400376529 -5.190234111594309 -30.59505791581322
-13.2527879572002 24.51039399865871 -32.42612444052331
-24.14333782216028 0.4900683698657233 -31.47432218917711
-23.85778860033536 0.8929208715133166 -31.45999867878434
-21.12465273263585 3.203505832585767 -31.32383886441762
-21.62049486586023 3.257963962791469 -31.32715574173312
-20.13155464033112 11.84428951292525 -32.39351604941329
-12.54310617920851 1.187900807856306 -30.83580814146319
-23.34702093830303 -6.927807923223042 -31.07297629970504
-13.57949855014247 2.580626136905013 -31.13911504350686
-13.87836201301544 2.193315456782218 -31.18027391013556
-16.63717077000464 20.76955178725651 -32.26078011885741
-16.26231109067086 21.07280310267986 -32.23206906480929
-16.67386264586402 21.20603612382688 -32.33041385114183
-25.31049236359688 -4.005552443319922 -31.56944102630158
-6.682748248387083 13.39130207315745 -28.57679446045357
-6.459879160793221 13.82734820485312 -28.61853986213247
-13.32849476959146 20.48767991756118 -31.60930324261034
-18.93317766454739 5.285739205950291 -31.32696522641672
-19.2136391271895 4.902872090345515 -31.32582850781176
-3.930879580756113 26.33032364009176 -33.37062017625887
-3.555010163390341 26.00652553886485 -33.36520421321956
-11.4640984006539 9.800956955956122 -30.67172306004096
-19.74461346572862 13.54135109949819 -32.46987698429039
-19.30769374498328 13.30858469806879 -32.3987771487233
-15.27950974569456 23.44800794258338 -32.45336172358298
-14.82347523066893 23.30222469300404 -32.34880701752325
-9.34469912248632 2.651450475184412 -29.25483580415077
-9.48739735729955 3.096930116047612 -29.41315541253707
-9.715587998869832 2.656473482063584 -29.56391124523595
-6.170426766037355 6.892638312358107 -26.02553382356773
-6.289342747710623 7.302974719649003 -26.23140709649946
-6.528547213004252 6.832995956711798 -26.42574812626896
-22.48150192711356 -3.14609688032017 -31.32857314050016
-22.19937050817047 -2.745715510601749 -31.35050987513075
-11.55362196688939 19.70774405232406 -31.18966425004026
-10.32213494334466 10.94529633125198 -30.33789912362769
-10.05161535833362 10.58520942913256 -30.16084145294985
-9.908721414422496 11.06090126247374 -30.15375784652515
-9.689431125575661 5.743690906193677 -29.72354834597208
-9.901119853038406 5.301644007236305 -29.86434789130005
-25.20480599794521 11.56704303784313 -33.10366532113279
-24.72121281384968 11.37868050692659 -32.96323422461859
-24.82825194807555 11.8744109211693 -33.06335353031436
-29.26631821091597 3.525069194848915 -33.23712628484182
-22.62995346004857 15.15759764063866 -32.8521544214343
-22.18285997954276 14.97609935138517 -32.77232029977245
-17.01445552067007 23.58012573038263 -32.88797673947437
-16.94934062950889 23.11169453687167 -32.74620966734815
-17.1637874996974 11.71471234051795 -31.83437650684061
-17.58417687366731 11.44940550536822 -31.8603882988446
-21.85810205708727 5.099607880472949 -31.33999001966908
-22.38751841374846 5.129237346464324 -31.37918374832156
-15.33270242957571 2.4082460020304 -31.36759989142417
-24.01539313626224 14.44389063858852 -33.14586901716045
-24.10969056926062 14.0059908559325 -33.13096245866761
-16.3236027632912 11.30455554213104 -31.65464360337576
-15.91101674727355 11.57765511421126 -31.62846172660869
-16.32137099025436 11.76388501923195 -31.70724216412376
-22.58709631129397 5.55493614754697 -31.42624190807647
-22.91094200368675 5.113303894974485 -31.42324017881226
-12.19632521810129 3.760133208080461 -30.84676822404802
-8.208033351062703 10.65065038703141 -28.94728712374728
-15.91962513779602 12.52327402864845 -31.72060562914592
-16.33645011979384 12.25544970900199 -31.76202202118882
-14.18197860252705 1.812062587686354 -31.21322300067594
-12.96056593218804 25.78657625219964 -32.70599491751452
-21.21930469284167 -2.823363794689772 -31.31808155547844
-21.71026664573398 -2.78340690406827 -31.33541405529278
-21.49919939758606 -3.232936951556866 -31.29159209448519
-20.56026384929517 8.726529779521371 -31.70434083742213
-20.97784182672048 8.470707817424564 -31.70745576809949
-28.50663177695029 0.191708656162103 -32.40181429779698
-28.33179811328987 0.6521142349044524 -32.27450059726335
-8.333503810344629 1.709908804836365 -28.25425244456564
-15.9203715648048 21.84094393643699 -32.28078115795102
-9.956046867240257 2.241467908874862 -29.70433079188496
-10.11046104975902 2.688505066049136 -29.84734853374642
-12.30113919233066 5.562372804534275 -30.89056918166772
-12.83124343331173 5.540884350645912 -31.02403286911952
-17.44039343990947 18.69635432426328 -32.1953504961168
-17.85003086384732 18.43392464718631 -32.24776483928053
-13.0683081104254 5.970769798226553 -31.08002594940963
-6.274638321028273 5.162340605816192 -25.95723968570669
-6.414093621125467 5.586575292488881 -26.13744585810858
-16.88406138586226 22.63179594591554 -32.62490503294618
-17.46224801422492 8.503087652948912 -31.4223269223977
-17.15354458037037 8.796260102208658 -31.43553528615341
-6.957581762048791 7.258217156028961 -27.01584570804094
-6.839715938446707 6.827379019477037 -26.7963781079126
-13.18099124231743 16.66696211684428 -31.34346620327798
-12.8652688701533 16.29738772280569 -31.2960849767115
-12.71494923030063 16.76189828274407 -31.26325846899208
-26.38526730152266 0.3998896819782541 -31.65116176556861
-19.51367433122007 4.515012949827856 -31.32521654462802
-19.05407304335536 4.432438943513668 -31.34619357860342
-18.89313605077858 13.58278096706269 -32.34131868096514
-18.48783376810547 13.87549553860099 -32.27504894254578
-11.15485497681941 20.00083186947856 -31.17632459644872
-11.59491849714913 20.19408506185257 -31.26422663017791
-17.07897845893072 24.0326745888066 -33.04085152888814
-16.6380057505875 23.88822525130458 -32.8666162041166
-17.99573859343577 10.21576155484926 -31.70054623360512
-17.99922902006657 10.70072382459422 -31.79958135289574
-20.981581335445 15.41135429445671 -32.6165805252399
-21.05637569486591 15.90100212056891 -32.63348466061457
-21.41596965642352 15.60091744640694 -32.67818283657235
-6.355937837161438 16.13422375647995 -29.32327813482829
-5.938562031629325 16.42169232997907 -29.32456496925315
-15.74028728725751 23.59808713362977 -32.56946201633157
-18.27642896278505 23.5521831089 -33.26698203398828
-17.89667843890468 23.87031118299999 -33.24300347238059
-19.81206551486517 1.379840606625482 -31.37391505366933
-3.773338457084418 25.24499523642902 -33.0183657944225
-3.992119904575705 24.83825253160967 -32.83406490279872
-24.43730271621208 0.1069398139134328 -31.48758991328155
-12.61466947194732 10.24387010741077 -31.01977043090025
-12.85589370491995 10.69037369472414 -31.09718900940235
-16.60985976487629 0.7574030148001436 -31.35202399133632
-20.67348986079299 16.21397233105752 -32.58803985973226
-20.22072544111049 15.99805444031883 -32.5216334973999
-20.27106036848463 16.50016200049942 -32.54541031933412
-9.494555627725003 7.050286015650137 -29.61257496852661
-18.33283447908419 20.87599594922085 -32.63186688654922
-22.24256756288326 7.687486073449865 -31.72696238736522
-16.6259175334472 19.18141506664911 -32.08730783897984
-17.03107455056229 18.9315020905067 -32.13919881434788
-18.74360912883127 6.958001201162915 -31.33030443123904
-25.6735155066739 4.587377769608738 -31.73987539716433
-13.43991730173013 17.01223857285273 -31.38593919295819
-23.35344122387312 14.55790990497249 -32.97744416189364
-23.30043336890338 14.06906202656291 -32.93403887093174
-16.74759982325999 11.98126274600871 -31.79760361850033
-17.12225202226662 21.36869023916615 -32.44134445420475
-17.57506996529886 21.51465629584463 -32.55962716144629
-14.21015449100162 3.073452551653296 -31.25892776989448
-14.68818055332025 3.150303895654472 -31.32136336332184
-18.8473394490656 11.14992817943675 -32.03423068802319
-18.84933605923037 11.63737049183384 -32.12319646412171
-19.27016963593688 11.37344777549523 -32.16034669626506
-17.9869880492385 9.727805906664218 -31.60973105311665
-18.32516346574964 2.629401377361157 -31.40198374141783
-18.58131749958723 22.77334026001209 -33.13017727130848
-17.66784285770816 5.500200143559544 -31.3812861519404
-17.4796327114367 5.04211637653307 -31.40277426011792
-25.20044538380947 6.840201809786778 -32.04919027105508
-24.7573480610133 7.089073177646828 -32.01195613835996
-6.224842035612459 6.023534631634242 -25.97655665453595
-6.593073948732361 5.986209712692433 -26.38659579722312
-19.80028249727729 19.12395574424441 -32.71313243535693
-19.41934413121432 19.44008619795215 -32.67155616645057
-19.85089550977446 19.60823154413488 -32.80822560054053
-24.36752670771876 3.158497840361387 -31.47796326838483
-24.51531301340748 -0.7247447623988068 -31.4881421685112
-15.55294836174963 13.78365195146634 -31.73168651351675
-15.9538865447227 13.50404161847895 -31.78762297933636
-26.79123706628091 1.301642913075546 -31.70826891297069
-27.27360428787935 1.358189639622107 -31.82102963423302
-21.10599227200133 16.40298524638571 -32.66174700297258
-23.57689157318153 1.298446660158506 -31.44289032115601
-23.36889451129242 0.8385945638081669 -31.44283287879038
-13.55863059018654 6.811072353038064 -31.18086874475208
-18.20768671215687 -3.225996812800143 -31.15393552220347
-17.70133592076951 -3.286779035178548 -31.1098552614232
-12.5699964152838 26.06496191513512 -32.74230145736317
-18.58462672538775 -6.671125488306137 -30.46606463253523
-18.37944093091205 -6.312041463955053 -30.53168617487562
-13.00008479866926 -2.216462204994127 -30.62525217503984
-18.02725549594877 12.65466172147177 -32.10623842910612
-18.03965004172826 13.15147849796381 -32.15032023141252
-20.96248051177315 -7.328743085005906 -30.61146668400075
-18.63156253839377 5.660808636903831 -31.33107652707826
-20.67432879540398 19.44052403627331 -33.00423425906552
-21.05009687561802 19.12013617614537 -33.04550245411185
-20.60690426371409 18.97120633493736 -32.89486404152257
-14.78067566590766 14.75778421985597 -31.62071458917764
-14.80401559604878 15.25278396390096 -31.62635745045917
-15.18783106229131 15.03528071530465 -31.69096925409523
-20.56460503502802 3.161491355727333 -31.32929105693523
-20.77202571479462 3.597327709076403 -31.31719179795606
-15.59749346463911 14.76292980830256 -31.75967290250562
-16.00312458029385 14.49213456586124 -31.82905457208639
-15.5713217032442 14.26954596494867 -31.74787801462277
-22.11125218220856 3.327300035269341 -31.33870142972017
-24.24242508870122 10.21854238341245 -32.6841208191583
-24.64016016401438 10.418623789636 -32.78735190987128
-16.25651538109312 24.20745064314353 -32.85535615989165
-16.18996139079659 23.75224369310493 -32.7104114474343
-20.52315134607878 15.23451184454027 -32.55937545470601
-20.88284928274699 14.93437519369797 -32.60284645808693
-20.29491045499097 19.75955200292562 -32.96018706685307
-19.91408874767068 20.0758516052574 -32.91746337564841
-20.92646907401635 18.17401274782199 -32.82878040002434
-20.54619136588477 18.49094157182148 -32.79174150477158
-18.84889589676808 10.66707154915796 -31.92575676005098
-18.42425016547314 10.9261717868533 -31.91247795397253
-12.00179967668981 24.91541137471967 -32.4193833040629
-12.05242739874994 25.3986694859825 -32.53245924047329
-24.92413952499608 -4.906612951051887 -31.51699218112032
-10.5596732649668 5.724552160662077 -30.23748326293145
-10.78793407602164 5.30137605446685 -30.34699936064395
-10.31379689737639 5.313423907657404 -30.1150523981183
-21.41456756013121 7.250723356113001 -31.50959391950382
-20.98916028666055 7.509154842975126 -31.50196175241467
-13.31400181775893 6.381290806548908 -31.13188878687316
-9.632749630172995 1.347579682270027 -29.40668190196195
-11.48891082307285 -4.182117402046821 -29.7073826843096
-11.94615728239381 -4.107646770145447 -29.90319561657018
-2.753613278467885 22.5236246451895 -32.52472592266912
-3.170671875355681 22.78167326069633 -32.47913314981636
-14.75791219978777 14.30344608090958 -31.61185689136614
-14.37331930733814 14.52091202096812 -31.55193971849022
-21.34935882586702 18.32218471924825 -32.96548289137763
-25.06258446544889 10.59857705618028 -32.9017723891126
-24.67826153817272 10.89321322428503 -32.87555293060648
-23.67719401512701 13.76955760683368 -32.9939951677512
-23.26781845700393 13.5719621478641 -32.89752203935042
-12.10147824049644 28.01275896942956 -33.600065668416
-11.61118511722992 28.09178631977941 -33.59590728320821
-17.51627828821773 -3.720151556942643 -31.03443308624073
-17.05131253807556 -8.674530518343365 -29.89710466526686
-17.16391564486528 -8.218648537849433 -29.98439650991713
-11.93043443072113 16.48205009254654 -31.13246144794388
-12.08298822134376 16.01335430605434 -31.17036059875116
-11.61542256370447 16.10290698296601 -31.08007918303662
-24.29655347329428 11.19679800766648 -32.86013764555177
-21.82134984449144 8.895069753474486 -31.9728334381354
-7.471622908958713 1.217346876925798 -27.40367504255963
-21.78054670864907 -3.639787546609394 -31.25479817514735
-21.28972942819705 -3.679289506817732 -31.2327233519653
-21.8002821752331 15.28807994541215 -32.725533852133
-21.87233386144877 15.77698832010294 -32.75981949121002
-5.013623980101095 23.56513551988002 -32.30376063347081
-5.090887759772896 24.06311093887028 -32.4007482515601
-15.14605598578193 14.05430830291278 -31.66947464146217
-21.41177409271284 11.57590824698849 -32.54329630527975
-20.16966323720499 18.81068436769878 -32.75183400132477
-16.40974184480922 14.22417196293553 -31.89795110056012
-7.657721231935618 24.29754926718031 -32.31196835911444
-7.259479970822418 24.56601293785889 -32.35168103969335
-7.715399681269899 24.77596270339302 -32.3789242181142
-7.71838309087212 9.075856875701934 -28.21611430977533
-9.215180139690185 22.36210194303799 -31.80796600006553
-9.607227012366465 22.0922717301528 -31.69254435276037
-21.91968271107439 -2.335422066923137 -31.36544079929323
-20.8473384984214 20.38294323774965 -33.27801093406097
-20.73343371605575 19.90519254705379 -33.12721364476705
-23.77711230579536 1.755203729141785 -31.44579743398762
-14.76594574324247 26.33134536864841 -33.28682212789418
-15.16351030074971 25.99701725979694 -33.24510093494624
-14.73346230250928 25.91770460147878 -33.07320122049372
-7.699367523019074 5.574109967807585 -27.69350540209149
-7.875062691341975 5.15050002113725 -27.8673732914529
-7.57486867541716 5.129058661771404 -27.48085131946902
-18.82239194551074 9.21112799834728 -31.59969098378313
-23.33843488354889 18.45260350976423 -33.65209723647974
-21.1932114952673 14.5710861141735 -32.63979321225314
-18.57557675740167 4.360644040905336 -31.37097283106559
-6.690253240314791 4.280452430088417 -26.38037618241329
-19.27027430186154 10.40799461595092 -31.94144157850469
-5.980941771702126 24.45141360014241 -32.37933243191719
-5.951393376920895 14.6661394986293 -28.74048233924132
-6.217140871548123 14.20793657695724 -28.6608232218528
-28.07007453694394 1.045820929032798 -32.12094122891471
-9.773478969135313 19.44647128097213 -30.90294750885739
-10.26755578415283 19.63500642910821 -31.00132809375317
-12.40479426979722 -4.036300224228873 -30.09273844853601
-17.17749322334554 12.20528416696963 -31.89757438627313
-24.33334495698207 7.344075036390925 -31.99242533714876
-22.31579934361216 15.9390051191998 -32.84979405963685
-21.93230296381299 16.25205974692213 -32.7971021723128
-13.66910335426004 -4.235095292261682 -30.44947064781658
-10.21110376326517 10.12249998294735 -30.19750542565989
-9.801875224377341 10.2390451401341 -30.00474333317723
-18.00115186935393 11.1875576898091 -31.88846954276248
-12.17157406674916 26.33998364506186 -32.78445641954698
-12.10226862011007 25.86318617055363 -32.64643129618835
-5.984151381299385 1.617809465777016 -25.90046339894562
-6.099180524625423 1.164411851001968 -26.06717360592142
-19.85095013965971 -7.980317360149099 -30.41282653176771
-21.72426179221174 14.79939600264107 -32.70453314954581
-8.796885478647392 8.823936389695202 -29.18779152637684
-21.08555126080675 -4.126903533067546 -31.15875842043329
-21.56309591155194 16.57601024406922 -32.75469792161962
-16.30558618722178 10.81437116403409 -31.59292861462108
-23.95607899302501 4.418023478758237 -31.48393087774253
-23.48271683137271 4.340938137841076 -31.43184951638032
-4.04562389459858 19.83983747944279 -30.80381290007902
-3.590395639229762 19.62986001777139 -30.75688977662702
-3.646677506178286 20.07383898532641 -30.99948748998453
-25.51173341738087 -6.377894483215361 -31.80941803351464
-25.97215374389792 -6.311948024566598 -32.0152244158688
-20.34233296845791 17.02948220324618 -32.58246052693989
-15.79011769662696 19.23445497362295 -31.9381468659009
-15.34847305083528 19.0498578311247 -31.83888444836333
-15.52102672603406 2.816450745879197 -31.39124081598224
-17.20542878575581 13.18914477237627 -31.99864610632221
-17.18891277589876 12.69751229444556 -31.95277522856664
-21.57634432640253 14.25928385986877 -32.68263435119799
-16.38692579247765 13.72761259920001 -31.8773857071683
-23.18837678482385 4.743558753578901 -31.42300258200691
-2.253728553626348 21.37948957404768 -32.18583586145583
-2.334139901447877 21.81597096336936 -32.38431895233464
-18.39034234536309 21.35612731581142 -32.73464803113171
-18.02448315138352 21.6733382851235 -32.70054519296544
-12.86137914724707 17.66441542673385 -31.28574575390407
-13.37333488730171 17.45330100368648 -31.37623616235044
-17.04300748985381 9.242478167508118 -31.47021736327941
-11.07006129970058 24.07193787038989 -32.21953056756166
-10.66167588348904 24.35806377461189 -32.286810998067
-28.2546597724379 -0.1771891738519281 -32.27842986058128
-26.43664483565754 7.967376377188637 -32.66929282767212
-26.84708667956616 7.697343739254393 -32.75868624096334
-14.87564826178714 -1.136248998689308 -31.08871312073283
-15.37468808588005 -1.074850312964484 -31.15257264821981
-6.662311999140019 9.284091873839969 -27.18995512573652
-7.01878184814209 9.211975800040893 -27.53193968518518
-16.44116869850888 -7.583239576430297 -30.01812077427488
-13.91339664645798 3.427492361436199 -31.21781361234006
-24.37414473406523 12.16566079031491 -33.00738475693289
-23.95118714685036 11.970157387741 -32.90444368585342
-23.98719464220988 12.45366284604939 -32.95766027245352
-12.11782937822139 7.666920358379489 -30.82549387307341
-11.87757968413801 8.093304401615725 -30.75315010274812
-5.291606906378233 12.6572349940399 -27.78050851354132
-19.69197707464312 10.62964981025488 -32.07345020553758
-19.69447329379421 11.11614257307177 -32.18851800983911
-11.40804203144929 8.089788599361617 -30.59734828108883
-22.23444971922284 7.236501490200133 -31.62253121500303
-22.65783825221455 7.446829301241968 -31.73732334935621
-9.129896946530401 7.933247560338129 -29.3805622699457
-19.69279493873998 10.15061949828827 -31.95092442255249
-12.81443671891477 6.389126048961364 -31.0207839188887
-12.68855073702116 -1.827800243191667 -30.58216067734865
-22.76115181359744 -0.5330557911943966 -31.43351129475381
-22.55449400232642 -0.9867875288603656 -31.42438606423299
-20.93113868057709 -2.44327304568082 -31.33934257743005
-6.197855996835123 9.386725275851905 -26.79707320087874
-8.497431043953432 9.729087592679395 -29.04386025042505
-19.70967470012518 12.10345842245503 -32.35122087411842
-19.28203126448102 12.34643125349189 -32.30957636994422
-21.46306225450396 -10.07365984537538 -30.68170395514913
-17.98547210378771 8.658951777868142 -31.45708733212054
-23.84833503826777 -4.234103740448605 -31.34342656664431
-24.03293504156636 -3.789122868642225 -31.3815085303917
-15.51182343545284 12.35161224313562 -31.64375978450558
-27.06905598275985 3.024263989755299 -31.84621935049692
-26.88177700968409 2.58805191304988 -31.76213034163339
-26.59066323726476 2.968243081307897 -31.72957498451827
-12.10011284974131 21.35642823216391 -31.57436463464889
-11.69176381444148 21.64254127050735 -31.60558606508308
-14.19375403141296 20.83061397794005 -31.81822868678306
-14.58828467953706 20.54538236682159 -31.85411411346582
-10.6300173384501 10.00461329287755 -30.37803941243784
-12.07551124155884 -3.642729786298442 -30.05524441517646
-18.05741499666652 13.6482797732927 -32.18325972530311
-9.761318137465896 23.95346270948644 -32.22219658381912
-10.21448606175491 24.15896186643581 -32.25501176267345
-23.20347470640498 13.05754660550195 -32.86573519725796
-13.65670640956844 19.24602786699118 -31.5239478712316
-10.59101295145782 18.82474510308726 -30.94472797283279
-10.67201681734069 19.3459956092647 -31.01697244896893
-24.85945729119437 12.35521453092559 -33.14012227951326
-21.43515524380944 6.781083924825962 -31.43736201656787
-21.04369377372026 6.538381371807758 -31.3735104110723
-25.98674746645087 9.212493407822461 -32.82720811856819
-26.38717064887008 9.398320689598687 -32.9885981952912
-26.4235578759366 8.89293839304508 -32.89175879748743
-21.83957882415671 11.82355838976092 -32.6207994952732
-19.69679155978119 11.60390024129712 -32.27587212295555
-18.98365752192294 19.25339148207428 -32.54325621135303
-3.090355725237314 16.67235290568554 -29.67807502031937
-13.22141869782773 12.74616080719567 -31.30288395863582
-13.41345204338316 12.29652087112716 -31.30952554565913
-12.95813453579011 12.38387293271309 -31.23449757433302
-17.97788417466597 9.240481607879454 -31.52803026387709
-17.55455073991233 9.49689117152292 -31.53728546295789
-18.00932155601095 11.67556767436608 -31.97091959377836
-9.797866571797607 1.792546982072587 -29.55606447956042
-7.5190209140361 6.015473430561086 -27.51904483284941
-7.21590609934788 5.982484924436891 -27.13410939444174
-25.62348969273573 7.055830025102958 -32.19646338963959
-3.716547461164826 20.51162031452138 -31.24350821145156
-22.13043930134306 -1.890905950280258 -31.39152871501506
-5.569470971735003 27.28492380751351 -33.43274573523525
-5.124819983639899 27.06539623930859 -33.4090185642839
-15.42173706147834 0.213481635570045 -31.25053681908654
-23.22500470875432 -8.665178341728666 -31.06421151476647
-23.34037626251602 -9.153037287270582 -31.1391147738332
-26.83910243480899 -5.417535887018932 -32.34662507711147
-14.52743404049139 16.59391230935723 -31.58168593005368
-10.78495888326618 4.47957080153027 -30.35029459878866
-14.96214245299154 19.81301478316215 -31.8377206762638
-14.94202492657236 19.33156295521516 -31.78691629735227
-22.34581916087125 -1.438625881486332 -31.41088780741312
-28.233623821584 1.501535782705896 -32.20675203089355
-27.72729102549847 1.41758957386991 -31.96929145993116
-4.44427120131269 19.62198138781861 -30.65116612644497
-25.61469262393863 6.094960884852104 -31.98162336216218
-25.61884193634631 6.575956348209342 -32.08523794079386
-13.7502960265503 -7.82111525104108 -29.59306214672129
-18.76752616755899 21.03655144192314 -32.7773433906852
-7.863781369934974 27.04164905513404 -32.98619950904767
-7.708377730765589 27.39820388231047 -33.17910481190614
-17.2901782910176 -7.77260834014042 -30.07941119749427
-17.6383361282728 -8.085945071018761 -30.07350205264859
-19.89220556597049 16.81444240974893 -32.49906203434706
-24.17741181593919 2.665822288912238 -31.46047147659575
-23.97901163053938 2.208856341457015 -31.44989805441946
-18.25520191163273 -1.988990624422742 -31.27425408056369
-17.94128425475355 -1.610217801991528 -31.28107900700586
-12.56013808679914 17.20762622840919 -31.2321295251179
-12.2451633650437 16.8379803364688 -31.18039198929369
-6.720998821942072 6.417836231746939 -26.59103540894503
-22.00551593999051 16.73749137826188 -32.84990036531418
-24.73187115651772 -0.2628377586867652 -31.50332488326953
-23.16511899935544 0.380607653187974 -31.44275372198187
-22.96642688267004 -0.07882072344481181 -31.43972498052952
-13.35559038762883 20.96908582406542 -31.68882296434003
-12.9183635419712 20.77610691639108 -31.57955356274466
-27.65518494198396 10.16879234317113 -33.63585155034001
-17.43897818928838 -8.98363546016787 -29.91830886457094
-16.97839746236852 -9.125806168218244 -29.83544294282608
-22.05534895443738 -7.974771196771069 -30.74612165976414
-6.146745271371065 4.687835618336653 -25.8254530360682
-5.908539015779995 5.148608350215404 -25.60327883769831
-18.43130075138319 11.89925215005498 -32.08715309032156
-18.85644383580266 12.12444965719218 -32.20054675132722
-23.9072403745775 7.12457638270434 -31.86864637075758
-23.93291950111945 7.612926289060914 -31.98829744575863
-7.354154833562921 27.90749939517056 -33.53685267959621
-6.876086710175756 27.77419959460891 -33.51505954847649
-17.30676419716081 -9.854625560504044 -29.82918064209539
-16.86530970994913 -9.991837599388806 -29.75308996568178
-16.92359261825813 -9.572750222253539 -29.7875912321177
-10.70920875263241 19.80320024261903 -31.08616998924201
-10.74744059610076 20.28671049623776 -31.18154376950094
-15.86477252411266 -1.015687476016797 -31.20090543528864
-16.35962026420066 -0.9619985644849964 -31.23560991623184
-18.20164403522548 17.18028122684978 -32.24191345935824
-21.40274591550546 10.10389969975917 -32.24022408529089
-26.06325958786104 5.354747754045718 -31.94472253716737
-17.77782746524948 -5.302410212639099 -30.73729140814335
-16.81829815089895 13.95288583152819 -31.96592723218755
-12.80535338373084 2.93484276560653 -30.98660340920426
-12.62149326570401 2.481495909537542 -30.93128520762703
-18.41904489314532 8.892673197304255 -31.50650642009135
-17.50220353786496 7.159613281237311 -31.36402004609522
-17.77939263805204 6.794797285998508 -31.35198216896488
-17.29764645611978 6.692519058051582 -31.36983541709783
-26.02838374028109 8.229748556637631 -32.60128478571612
-26.43412064535476 8.447198623954195 -32.78882383657275
-24.47286782085594 16.24572340626481 -33.63432138121015
-27.04318435670335 11.4877511106633 -33.68005773190519
-5.117341686772083 21.14812523861167 -31.45513364042099
-5.543932739279675 20.92709363697983 -31.32608152315043
-15.14390088252756 -5.332793263735263 -30.43784977100723
-15.26431621844914 -4.892532663932015 -30.57078912995004
-14.26426931606238 12.11181570860667 -31.43735143500706
-14.73601671730662 12.06580222167333 -31.50405492051236
-14.5447702338612 11.76769186135751 -31.4542165266148
-15.04197734820439 -10.17741425600878 -29.54886066310652
-14.64626755735694 -9.805611411624273 -29.52711110290899
-20.12109781370103 9.90192606001462 -31.95814448724769
-14.73923043723847 13.81750255445077 -31.59746813242423
-23.38757349442346 5.168879007575204 -31.47428303448851
-19.34615842320897 18.42600548992566 -32.52055450011262
-19.73525204237769 18.6406836450311 -32.62752143454578
-6.909259838162222 5.981152904735136 -26.75304094698273
-14.37788013543299 -1.196893260529 -31.02064887648745
-20.46370361504348 -5.52244741803117 -30.87174844280094
-20.66329196634741 -4.995574874028181 -30.98887450571052
-14.62809889349057 -4.115413968763308 -30.66267933036081
-23.05480262311917 -3.922047203599049 -31.28988738678953
-23.36275508407758 -4.304210590015604 -31.28376808705666
-12.79990958150277 24.32831402366745 -32.33861196296426
-7.445301452069728 4.699114802768845 -27.27400069240482
-7.621208527419541 4.271035851858723 -27.46029727477786
-7.65404143170192 3.411071241793379 -27.46695928673155
-21.84176294638646 7.010310481431821 -31.52633151657755
-27.17403831509313 2.198857754247846 -31.81418517610536
-26.69332733082948 2.142322520008312 -31.70801915729263
-19.97167797893393 20.54874556856314 -33.03771719675682
-19.53119037821697 20.39987780451725 -32.87333169309235
-9.88979417263408 6.174223160375726 -29.86045538293173
-23.71846707038679 -7.311143144545461 -31.17647963197688
-17.60351688396877 12.4297089540809 -31.99909497653329
-14.95580796330523 -4.513253792651494 -30.62417353067267
-14.47610829296284 -4.565713309088708 -30.52913768607306
-8.162766603665229 -0.427461152312998 -28.19434024527955
-7.971134152597958 -0.005201799134234332 -27.99780118099401
-8.37546363353526 0.004682926589351349 -28.34853211826896
-20.84320903493875 22.04217679192509 -33.73462368957134
-20.521916043951 22.42089060210348 -33.73080969929758
-4.252533271489883 14.42901161834108 -28.53283791812308
-12.7078180495533 23.39581144655592 -32.11883133986888
-12.75840710806792 23.86353881801966 -32.22805828888018
-23.50704949443734 7.861224271871837 -31.9788882554817
-25.36933401269102 -6.752696540199204 -31.77095520079728
-25.61320800070342 8.485624406629476 -32.5544586803578
-24.65939862074511 2.753049204759368 -31.49631347482858
-25.22242316189983 4.844377251565029 -31.6920994213128
-25.64331681617251 5.137894059397084 -31.80825637269935
-22.13832212261403 17.68531950670402 -33.04072730212538
-22.09955547084741 17.21957058134812 -32.94151412585435
-14.92044511511276 18.865406354123 -31.74311352032964
-19.72720936325733 -3.035874594330226 -31.25375223540273
-19.93078124334163 -2.591763372716763 -31.30405538229588
-28.2503007358717 4.953796294881263 -32.76421600730446
-28.15289134991967 5.425142594751708 -32.82916116100989
-28.59594023350241 5.195363056448945 -33.07528740944463
-10.70708898842564 0.9919598931562532 -30.07045552109629
-8.89071748350581 -1.759858743347664 -28.71167668428447
-9.270037456165864 -1.688643329144001 -28.95890394370465
-15.64228562906396 -2.721840302248824 -31.01834232685575
-15.32565671419321 -2.33621741816268 -31.0328151248265
-11.77633749222251 16.92769530913061 -31.09750267302933
-18.91002839108099 -8.181092541175826 -30.24894309522496
-6.082426988193678 11.61212112750759 -27.65344458854678
-5.782699882855588 11.30323572590463 -27.36188375590074
-22.70708338412038 15.64125825473048 -32.90555621034025
-23.07673609394669 15.3331909465703 -32.96866489756873
-27.44449778744431 1.813686946586748 -31.88227418502949
-7.272630459758523 5.122964364249161 -27.09770508797793
-19.13812286429229 23.82433054676275 -33.66721494267986
-18.69918227978561 23.69266667306447 -33.4620203457693
-11.01583769328362 23.59918226746307 -32.10542451017094
-10.9620693077337 23.12475728057516 -31.98354140106357
-15.6862680355991 -1.466078892676048 -31.15049645182467
-28.17587259826781 8.296838467713652 -33.51719697737848
-28.04798131562301 8.775940533891507 -33.54159961941886
-25.61452763160504 5.613330607618503 -31.88545361554809
-9.065433663825953 14.62545689518003 -30.15554893060249
-8.966243746514678 15.03776771648525 -30.15813227917666
-27.17772449794828 -0.8358586165986521 -31.88612011174134
-21.93431873896021 19.2583146820167 -33.35550351115941
-21.47011784744474 19.20885586165522 -33.19077709342901
-7.815471068140574 26.20843784973728 -32.67327062754117
-8.213501536083744 25.95785812933764 -32.59409627195284
-7.781767082247337 25.73095923822548 -32.54608072932777
-3.959127147907902 22.29915260645602 -32.0733705197286
-4.042767088911054 22.73584430832028 -32.22494051124175
-4.407090215388728 22.47603184625237 -32.07097220102406
-2.632831589897997 24.95034616032146 -33.38696048381576
-2.349041874934593 24.54364238245395 -33.40575699568616
-12.50896935702355 21.06596039519807 -31.56529502755888
-24.02748117162169 12.96068003008442 -33.01002052322904
-23.60267790248161 12.76446477049452 -32.91606852032213
-9.488285488822253 11.17705932824543 -29.93794542094614
-9.23032381393466 10.80707768368855 -29.7243087270687
-9.076395458611058 11.28244356397295 -29.69434478833001
-22.76166503392391 16.1142996436108 -32.97030244356576
-10.12257144044018 16.89045019219618 -30.73408970130247
-10.25048869117147 16.42223803116937 -30.75315936208153
-15.99793174289173 -1.842601286066034 -31.14064991287524
-15.50773959005103 -1.901815276393465 -31.09325578077222
-21.40188513354502 9.62540725287953 -32.1072913904656
-14.96682203676827 16.85220037947141 -31.66280031453766
-11.72337056294849 22.11899754783291 -31.73138530236034
-11.28933124390945 21.92420703869908 -31.65063361775124
-23.08604531842023 7.645028508493068 -31.85537906338645
-25.14277617491641 2.82181405681313 -31.54035544540884
-11.74041607057367 -6.982022262635389 -29.2624052467931
-21.03194533387947 5.212486337412175 -31.30827261658987
-21.51175407547377 4.981920748226794 -31.31836673915709
-15.01471130084534 -1.958984488125257 -31.03534720691794
-18.01763398365527 12.1634950152563 -32.04165002580019
-8.137718857489954 3.009820632777027 -28.03344564540438
-8.308284155229064 2.582509307315197 -28.22797103587836
-6.098434309540773 7.744788696333885 -26.14085402414673
-6.46529931565744 7.686433083088978 -26.53304230757517
-27.94184771257631 3.143415961374147 -32.1937211286038
-27.78403131184799 2.693033088347168 -32.06714317540829
-27.52448807412985 3.096199728080981 -31.99943116660492
-8.224597062620342 26.86824004002725 -32.89223576032736
-8.726630650869003 26.71827940677851 -32.81917529300681
-20.52106362293607 7.254308722917876 -31.40926311971311
-8.647766144729481 2.596882203802723 -28.58291587637162
-8.492792245573773 2.14540151338752 -28.41671460558307
-12.39088299437846 17.74061637773768 -31.20685301215178
-6.71898029169941 -0.4380944649296156 -26.97165058343438
-4.806880482749563 16.74246845138812 -29.37050237202781
-4.383523993838591 16.5386444254638 -29.33450924626214
-14.29029702089823 8.098921412373747 -31.26918057150759
-15.0398296155728 -7.932717045076158 -29.76316840048682
-27.62990934717311 2.258809154417063 -31.95808023953765
-17.13992607559052 24.48701800575687 -33.21401308704111
-17.51932509932442 24.18154296878634 -33.22482756173147
-19.15094626408197 20.71580576374233 -32.82837077309506
-21.40267650334074 8.679522433037588 -31.83684721895651
-21.40231030912762 9.157497155443345 -31.97379928346396
-18.33456176347791 6.040931403390271 -31.33589696726979
-18.08568236378643 4.277584910125774 -31.39528892412104
-10.78231282886254 20.77721552316066 -31.30359401003948
-17.55417102030621 -6.886779784335482 -30.30631792010104
-17.58686833802749 -6.432693293053083 -30.42231794730663
-9.353389895556457 8.273423633826354 -29.56860993323545
-9.534840857298848 7.82946055338403 -29.6648919504056
-15.03447236244319 -5.775840250352671 -30.30357183656708
-8.341148754930908 21.98293007163008 -31.7225853844681
-12.59752207973921 6.806984814387108 -30.96385785069271
-12.36626846954814 7.239694892678434 -30.9006558759664
-16.73514136920887 3.316245779706995 -31.43348591681693
-11.9582339955014 24.44142542084717 -32.31255322040506
-23.69128814079617 -8.518499086940952 -31.20886612733914
-7.0928870059225 5.55139370270492 -26.92561420757348
-27.74495401549394 -2.547278943816292 -32.33883569524926
-27.56428294848411 -2.135060525187463 -32.18312485399856
-25.46005299123298 14.51884002056404 -33.70077540061614
-19.09250674883476 -2.300243027171281 -31.29392381989375
-18.91744094464505 -2.735017921623061 -31.25008963956954
-18.5800503454274 -2.365341784493859 -31.26440442264138
-11.3323770462626 26.37194768200538 -32.72917969073514
-11.25257247972339 25.95906921487197 -32.62372274590544
-8.675384792548234 11.37982335304468 -29.42762527731416
-26.93605705331219 3.892651091495412 -31.90742207391976
-27.23780677745349 3.478313203092823 -31.94545846802655
-19.20587893830391 21.19407725494101 -32.94063393538831
-7.962548772100051 3.425530404272582 -27.84712618009481
-12.35328383824961 6.39641257310047 -30.90410094653248
-9.747372855729026 11.53386562509429 -30.13709270593347
-9.676041537082643 -1.678410695587131 -29.21036431821839
-11.65410722548636 25.6740223742185 -32.57349454470715
-18.73787899511218 -5.186716179305703 -30.84014982861271
-22.77079422100876 -3.540573268133031 -31.3073630307916
-22.2798563569998 -3.586749665830513 -31.28118719264015
-15.41656159186586 -4.441830619622092 -30.70208066904657
-26.29964459483176 3.35884036809756 -31.7098739208691
-26.10883336710237 2.921391898306741 -31.64924879330686
-17.22335183267445 13.68612314194685 -32.03063466963027
-17.6314173084745 13.41877896367821 -32.09381763619261
-3.249712108131631 23.23710324864062 -32.62425089048159
-3.67867574445652 23.00135193374668 -32.40508018597534
-25.23117553540831 14.95961146034031 -33.69289565438977
-7.116410943964026 14.16195583221506 -29.0129502457977
-7.548795952482859 14.1049913899499 -29.2205147147747
-7.344124191811829 13.73732155124368 -29.02010256774355
-14.69903111578315 -1.585413698091517 -31.02936495971406
-11.91637424047468 23.97565777529798 -32.20685134860468
-11.86239663388175 23.50267966824012 -32.09288836678384
-11.46236478102043 23.78400246738597 -32.15224693098063
-17.45624546196271 -1.667361784318485 -31.249248974036
-17.64230795548677 -1.230117395158271 -31.28769585063738
-23.63661572111519 5.640651361309721 -31.55897487417896
-23.9149483014725 5.271350599183621 -31.55098982893205
-16.2311408272421 -3.475373066519421 -30.96476271824432
-16.71174390746652 -3.405437471762076 -31.01552890829513
-5.323675775926594 22.83229927806349 -32.08951878591147
-11.89247690427314 7.241577903388526 -30.75718196839873
-11.69660924239774 6.77301377716616 -30.7003937486634
-12.53580851108268 21.54775243963387 -31.67114916754419
-3.896502640606914 21.83589470272894 -31.89317375834052
-7.921998723041614 4.285136666703738 -27.84670259347518
-7.79127727129487 3.850858452946524 -27.6535209412696
-25.5127463924624 11.16365148261052 -33.11034804409542
-11.63806828131933 8.513987226978202 -30.67867123466212
-8.679878876284214 1.724119429313312 -28.60254936064437
-6.881487762522489 17.00812028819046 -29.7254014476358
-6.960879879612827 16.519138211837 -29.60767431108709
-14.93093550337823 18.35750369621893 -31.70807200599854
-27.78555978820397 5.640216821532053 -32.66604854633472
-28.14864209511335 5.889347767452705 -32.95065102232347
-11.20243870328882 25.49243007750658 -32.51871186899149
-1.001832010015011 20.06746515069562 -32.26706112084457
-4.118948681702941 23.1920356753282 -32.36607945526438
-4.571062398013378 23.39119709395109 -32.32921015796822
-16.85122980497609 25.68350243655777 -33.63668206247385
-6.099151958769603 18.34559190014943 -30.05873262693649
-6.124882565411146 18.78311388087443 -30.24498078921359
-6.52166550008161 18.54621974795776 -30.18182144720577
-9.373340406850222 24.21421864212209 -32.28754074381945
-8.963532974698113 24.46667644925917 -32.33714338241397
-18.21851151753799 0.0870811972301455 -31.35985052374786
-18.02524819863283 -0.3515598216898103 -31.34074723328446
-17.72834539688091 0.02389902327705831 -31.34892613002003
-18.25144892290486 6.886870234535082 -31.3389437651988
-18.04685550198714 6.419702984523008 -31.34430385029485
-11.27312044810805 -7.0937858614765 -29.12701046253776
-6.627540554774233 19.41524042038833 -30.57033565410328
-7.060068269383331 19.57703557035323 -30.67421712412501
-6.979567737394817 19.14484217212456 -30.47417634588335
-16.53486921576197 7.001543099812638 -31.38346289833741
-16.81508304124312 6.61926592208571 -31.38536750290395
-16.3297204151096 6.56350456613652 -31.39204854777731
-10.00444573186104 11.88799889304032 -30.31886006180585
-28.04953403851739 2.306425119559314 -32.14855929474803
-8.64652240366522 26.17969556777835 -32.64672991746402
-8.612910085403682 25.69630343303705 -32.5427888337108
-25.91888979882448 2.464736231280853 -31.6072809797552
-25.6281215456018 2.855181298140845 -31.58769931079462
-13.79049545559246 8.943561966393979 -31.20512382090563
-23.07861501758144 7.194934396352194 -31.74702394343034
-11.77180234948532 14.30486847330249 -31.10211820835116
-11.61031281991889 14.78225637600585 -31.08215106993978
-25.40404767867339 -4.82544780857258 -31.6529120581208
-25.20817459849259 -5.274729960625354 -31.62474621338006
-19.25805948401652 -8.538222655253833 -30.26903568082941
-18.79088465872206 -8.646539563866256 -30.1832805819713
-9.039164842160488 1.740374191117822 -28.93667582115095
-24.80185634918912 14.97774676605304 -33.51859260176273
-11.76535377439102 22.57297887590623 -31.85561804580389
-12.16797226910519 22.29195493533257 -31.80812057957633
-10.75030618629454 25.30505996303448 -32.47672321110549
-23.25659375058738 -3.481261107200095 -31.33532810573892
-6.681595291841642 14.18443816623318 -28.8255503386555
-6.717659634160968 11.87467189065753 -28.12620164003705
-6.310641303408279 11.8195959364998 -27.86739393077369
-3.774525180296363 20.93005491391737 -31.45902298743617
-3.843749750910114 21.37564299070254 -31.67434078891037
-14.9473129829141 -6.218699522282771 -30.16857062818789
-14.85515817124822 -6.679993135303061 -30.02746223760843
-6.377511169067156 11.34141802912987 -27.71735030647519
-11.46113287229567 15.25711071116691 -31.05396361516472
-11.31466161289376 15.73254629285173 -31.02079383252352
-25.00884564698477 -0.6542642838794203 -31.5177652066764
-21.87079435322298 -4.477025496239602 -31.14684204702598
-21.35866711658081 -4.517403480232314 -31.11343585511971
-5.999640026196491 20.70797502088003 -31.2144434805806
-6.388687965976947 20.49664464307277 -31.10473037158123
-9.684495914009956 23.00950746171148 -31.9887517194844
-10.08328409827487 22.74460294674883 -31.88700096693343
-6.873073446332326 24.8455760676944 -32.39843485711523
-12.67593303816399 14.14427462460888 -31.26910843106521
-12.23269591737693 14.21772081297915 -31.18854931647873
-18.96428753525283 -5.533037817499221 -30.77190064552227
-18.48233197486766 -5.573571830778183 -30.72672133173759
-22.46858467741818 16.89518044855168 -32.98751463878422
-18.83183563951458 8.634401675586469 -31.49323593919566
-8.549610168558369 24.72388295040457 -32.3778014101516
-8.146771022398747 24.99136229508138 -32.41385885434851
-8.582700941692677 25.20753309932544 -32.45357327571843
-17.9774920351436 -8.410842462992253 -30.07099314664569
-8.96974850936174 10.45899709392763 -29.50534910737794
-8.724751419689341 10.09458371011629 -29.27697316981474
-8.58897974396019 10.55086197936783 -29.2297551430694
-19.89944570790725 -4.650890388484929 -31.01457649436114
-19.7000917808042 -5.094118638040487 -30.91465434932761
-12.11832596628022 13.36262915900296 -31.12757391083897
-11.93846857098091 13.8375299847898 -31.11668658182908
-28.78486366571522 2.431890133147236 -32.63447165391122
-28.39246741559424 2.407260457045667 -32.3586720555313
-20.87327439169226 -4.557898960394245 -31.07775791012196
-20.3896409162491 -4.60670288204232 -31.04374708986065
-7.748409866749794 25.25973409619547 -32.45438160797015
-13.10372874231224 13.24508121787774 -31.30806817519727
-13.55936729831198 13.15780886865113 -31.38108609173095
-22.07039142541185 -4.033004700629684 -31.22147276356887
-5.597881725746557 24.72214073434225 -32.46064130650926
-6.04546374001665 24.91854322719309 -32.45373919906433
-7.186690444072537 8.763805131214744 -27.5936152316483
-7.370481294805931 9.164337801825269 -27.87780491287641
-13.48944945970507 22.80408470856885 -32.06399132707514
-6.16956059396083 19.23613530505595 -30.45361048737092
-6.249184787592242 19.66076355142547 -30.66990063254508
-10.29396391194767 25.11386310731335 -32.44179481792852
-10.25244323237826 24.63401306760057 -32.35142654563014
-13.53059364254194 -4.686323783406636 -30.29755428553452
-16.30718922637231 4.501488186714143 -31.42980655974215
-16.52142210120238 4.915001587342456 -31.42516680385807
-13.01646611280464 15.8380281412943 -31.3279109437254
-12.5498476549396 15.93303908628311 -31.25124202449257
-15.84883524126572 24.51694378487687 -32.84894708008358
-12.92061822655418 13.70366351405069 -31.295074586528
-12.58276040237321 13.29202836268056 -31.21621674396093
-10.88831376768365 22.20619344691022 -31.7170709647603
-0.8950480394410204 19.5280044044349 -31.98643584675541
-14.04460361992807 11.04333252673279 -31.32839081151881
-14.265094142116 10.60906130982648 -31.33083055117385
-13.79502744441534 10.63018605176478 -31.26358623403492
-4.794489337984194 22.22892471311592 -31.93485763360335
-4.877156829004111 22.66667433178774 -32.08338376781065
-20.98322289800822 9.40988404023021 -31.97121270804978
-23.52696176315987 11.75572305204953 -32.81644685704411
-23.08927393872667 11.53107147492155 -32.73546417817967
-19.04351342357727 -10.35201852887523 -30.13699022270233
-18.49862565759785 -10.42531413983345 -30.02593871375122
-25.17626004686226 8.740429619516471 -32.5138817914888
-17.20195989402525 24.94163130597071 -33.41260234786164
-17.26205774278935 25.40450875895559 -33.636824788308
-14.01305257082767 12.93692717740603 -31.44575924132215
-18.17922224576169 0.9091559983046915 -31.38068886199183
-17.60164691654304 0.8536095491522818 -31.37567956278651
-17.85924836511395 1.300202622421754 -31.3898175352013
-10.16587618520524 28.1850210347316 -33.58548007217261
-9.66904198254116 28.19113017850329 -33.58712981207835
-9.19738251151996 2.184878150748656 -29.09464132708495
-9.40528832251632 1.765606839877053 -29.25796540179327
-19.57972857160338 -2.242764712419843 -31.31562188905471
-13.00431455677128 27.73270127308477 -33.59016754454153
-17.34606807107891 -0.8511298900482033 -31.29422788234975
-16.84977371779707 -0.902430597956363 -31.26732803460677
-17.03870303356701 -0.4661101303171399 -31.30226438555034
-18.04060946134918 1.747018429856702 -31.39760134305941
-14.57556437415253 -8.040779738914011 -29.68348737242744
-14.68253457577287 -7.587814728205833 -29.78398076918109
-17.21134935624216 -5.770318383634963 -30.563564850235
-16.74859149518366 -5.861196858719389 -30.49353332912131
-16.83721909639405 -5.467737311378541 -30.60723777391116
-29.30500998592208 3.028666548620934 -33.17902849181031
-13.05670507161403 22.63985718660152 -31.97939990382493
-12.61321469855034 22.46632579657895 -31.89161869286772
-12.6548304208296 22.92350541591405 -32.00402949478918
-16.96551992864642 -1.724248343228646 -31.21670787483213
-16.47566003394583 -1.783461233067191 -31.17971569612162
-16.66704286341172 -1.346913556789449 -31.2257599927951
-12.2631370949127 23.21944569066913 -32.04341950727905
-7.111494019664622 13.36312500411592 -28.79014088424476
-12.5700479978411 22.00868423968818 -31.78164246222333
-6.891144928300148 14.55546815966571 -29.01382998985348
-17.26472003167166 -2.10408637300231 -31.20534272822226
-21.5796634955733 -8.049794354626886 -30.65827709620173
-18.64152093963148 23.23253639115599 -33.29229699237661
-14.77385846330996 -7.125677638944587 -29.90219782037745
-7.350108190413705 25.51768936626031 -32.50289494025239
-19.00520335534481 22.91490881291958 -33.32210076561185
-19.48956022233899 23.47353033428171 -33.67921941172724
-8.440816998404905 11.0130200452377 -29.19131553563965
-8.981812731511898 2.626270400399412 -28.93015963242287
-18.01596860865717 -10.49342704413002 -29.93041940640879
-12.48885139690457 12.44744776031655 -31.14589370720605
-12.30163190023857 12.90403665692206 -31.13936283315976
-15.36381077329564 6.472201085085004 -31.37952814728144
-4.27306483204813 21.57218462683725 -31.71266495506782
-18.32147577600249 -0.7305885112372987 -31.3353436964638
-17.83157534470097 -0.7934418579035778 -31.31540960530661
-23.07488194108311 11.03182119337533 -32.66896969535129
-17.83197981474755 -9.327977267781936 -29.95188810403447
-17.75167011659622 -9.758451106776322 -29.90889037821955
-26.31485561367365 1.238007232091006 -31.62777026756014
-26.5121188768133 1.690233837323774 -31.65763831396855
-14.09948878405227 -8.197922797382741 -29.59513576249641
-5.774325493311801 2.507140337257962 -25.62154125662119
-5.874829508549493 2.040006941157013 -25.75740190519043
-14.14412486481102 -9.99863936254998 -29.47891927046555
-19.30412568952623 8.547033178739476 -31.51390358245727
-8.442626079309132 22.83978792132191 -32.00156704260265
-13.84416979100581 22.05820725031867 -31.96220662024275
-13.44671494589387 22.34445481727625 -31.96233950991455
-3.418213064787627 23.64751225040378 -32.69704899257234
-14.97517210020548 9.385414708640605 -31.35289335958358
-15.21772172066809 8.973530081433852 -31.36002562630845
-14.73721570381966 8.954701378592352 -31.31989482301544
-0.3264432891561234 19.24831750894905 -32.26483768592204
-0.4285000189676136 18.90382742908754 -31.9242959710285
-9.528469113754886 9.888762324695911 -29.80686841342269
-9.374774043617922 10.35239902106182 -29.75949110036275
-17.22811244101232 -0.02495970152557808 -31.33250426842564
-8.197709278156383 19.19144544393431 -30.64042007124698
-7.747705875658082 19.04798741312096 -30.52844095336279
-7.86400658867074 19.45314789974478 -30.67970759466441
-20.16820638445686 -8.295275510778671 -30.42917509868178
-14.84242218931744 26.65473356374016 -33.4922986989152
-22.52579381599552 19.69144713706856 -33.67779534162784
-23.10390144187305 18.87518190044603 -33.66635256928334
-22.83357205165964 19.29166332336187 -33.67721678454679
-5.567305643201192 3.441487373501054 -25.34806122504726
-5.663396326191551 2.972017309883785 -25.47877667361584
-14.76617481828704 11.37224321615115 -31.45459810072846
-14.29395892831268 11.41800165289864 -31.39133129193315
-13.62749425389263 -8.327451065560718 -29.51366811219642
-27.19258864272121 -2.054148187013294 -32.01537658061898
-27.43227180155001 -1.690524798266396 -32.07148332218785
-2.443658673657789 22.18813427796713 -32.52741094129344
-12.89002634495885 11.53820583315443 -31.16232849036892
-12.68092561673892 11.99782845248977 -31.1522836355855
-5.655343120525691 15.48344202450743 -28.9789327320079
-5.705797609968855 15.002119208103 -28.81300787759107
-7.932744907004011 19.88328630807661 -30.85653737561872
-7.480565747507461 19.7335904269977 -30.76323295686279
-27.54549480248028 8.057525336050951 -33.14945258899466
-27.12003849029959 7.920710593025024 -32.92790803139852
-5.148323433402469 9.980960130299335 -26.30812236258963
-2.092582672399801 20.89684708206653 -31.99936883483854
-4.932935408748286 23.08933230515628 -32.19657193243931
-13.19806560926615 14.09760197632342 -31.35401730799154
-24.08259875329155 13.51033041093178 -33.07008500958781
-11.36431138679931 22.85456828767716 -31.91202073536413
-10.91814712958304 22.66795494858114 -31.85831560294855
-16.29649593913591 -2.219844892952676 -31.12941701603179
-24.00347306541878 -7.682503627877107 -31.28245234830958
-20.5564502443457 9.188035633959823 -31.83100296884711
-25.83188082755072 1.168195981027033 -31.57659272864857
-10.35795580039335 27.85390218876057 -33.36027873888717
-16.24939949269214 10.39262180560311 -31.53778030348337
-20.5559154577123 9.655754832186762 -31.96519199627718
-15.93384706770768 -3.093084961893216 -30.99501009447656
-15.76356998290443 -3.546213818869748 -30.91176384489005
-8.053101131502991 17.3808898939031 -30.16978956922073
-7.6672191130045 17.23725856825881 -30.02175848280383
-7.65389429545392 17.74641669750503 -30.14661527534962
-11.16265206333858 16.20134728911771 -30.98155056899171
-22.34781412881726 19.28435015103323 -33.50259955867954
-23.91780073912046 11.47036523663959 -32.8419149539647
-26.75780127380008 10.38794894347226 -33.33165241100333
-26.55536603617779 10.80287905752441 -33.34945459855807
-26.82004825219793 11.92617384367727 -33.69457759580989
-26.58789376229363 12.36512829709746 -33.70537907959402
-22.8934410897368 18.46419768435182 -33.47918053978802
-19.44870512830239 -5.519042099927159 -30.80600183742283
-18.35510039849839 0.4948389721386364 -31.3719835339837
-23.45416727460746 6.921856987789246 -31.75098752284853
-8.868240404194861 9.635583973001333 -29.33219805005384
-24.46272619202689 13.19823636773046 -33.13772127177484
-6.09133941854065 25.38711608970399 -32.54585340139352
-6.474203329220554 25.11698238933991 -32.46139960900653
-23.06240091469714 9.06896653140427 -32.23382774030484
-8.527549656691761 24.24969862368506 -32.30253835057488
-18.24161718449467 18.71334369291045 -32.34008533174139
-17.54046368453639 2.973699740870891 -31.42201441502433
-17.23738456815621 3.359688707264258 -31.42910789592079
-17.73332473516532 3.394342775470376 -31.41868142916767
-17.10124507695526 0.8044462776231389 -31.36683317232328
-17.42121063325896 0.4134099234269418 -31.35807186928463
-25.59158375075226 8.967050133770254 -32.66860100992416
-9.329511379091413 23.73245505560812 -32.19141538486755
-2.092645672105283 24.1429499665439 -33.4243267720671
-1.862620971973885 23.70334225907887 -33.43200080186985
-2.547856317951536 24.1495082806708 -33.20157314927257
-20.43426241940001 20.65817097078721 -33.20891500422354
-17.84044216360723 2.573162062720513 -31.4135139852804
-7.636049584797353 27.71460971177913 -33.38041058408993
-8.129679433016637 27.61257227521898 -33.27860981659832
-15.19251749845504 3.209360354747381 -31.3726136459097
-25.61902733385411 -4.373474492055985 -31.672848034612
-12.35757309266188 24.15620973297801 -32.27012191959048
-16.8339151851783 -10.37261701664975 -29.73978245788014
-16.45095384391874 -10.09064964207568 -29.69680372856246
-1.282690873841476 22.40336250831233 -33.41749890945162
-1.067315320352582 21.95707694135065 -33.39809587946132
-11.80961710066378 23.03139914781173 -31.97442632220232
-13.32816974065779 10.65151361293046 -31.18564604551358
-13.1021919380131 11.10332791687841 -31.17163784862899
-0.2605334192935367 20.2957758137354 -33.11838428431761
-0.5313815571179504 20.18874730909746 -32.77042242782707
-0.2432023715902726 19.95369788863895 -32.87168946267298
-16.30605471745001 -5.983599451166287 -30.41443043048217
-15.86015098884357 -6.056476915681132 -30.34308464936978
-16.52552612468401 -5.120482559957019 -30.66352821552183
-1.243460456196185 21.60859279515164 -33.04242490918352
-1.689647919271503 21.83406312503416 -32.799962600251
-16.97215070392366 19.7893107384535 -32.20864956277907
-17.34307760687571 20.16149669463287 -32.3187736656987
-15.86205937804012 21.40520719718122 -32.20410511240946
-13.58177848993391 14.08364266277693 -31.41652899601583
-14.03624822012009 14.28853448500368 -31.4947193242264
-25.81117004427801 -3.921876964249394 -31.69446621236462
-21.40762168842078 18.7431835997346 -33.06481210619533
-11.0087998536207 16.6719179763322 -30.94551560605645
-10.71045608744501 16.301588866789 -30.87567921877105
-4.781556092086425 17.14659827430786 -29.51338795168034
-5.164764496369705 16.9053134383091 -29.4187976436992
-15.39574655202031 -6.146449306952086 -30.25644480779912
-13.78788736178526 21.14507350436212 -31.79366684085861
-17.86297230513786 5.949128262840502 -31.36062725081332
-8.072302686664301 24.04304688029127 -32.2697087602083
-26.21704738501466 2.078634752572188 -31.63032323634048
-7.370736112768224 16.42311478143521 -29.71436007229998
-7.635906439966829 16.83336510597098 -29.91297720409606
-13.77860579015554 9.784098729268099 -31.22173179707398
-13.54660449168976 10.21641627217583 -31.20151761518597
-28.88038595995675 5.444973763177146 -33.36021219959636
-26.39546812685125 -6.293671564464602 -32.23164259775714
-15.89224682259377 -4.376371346976384 -30.77112700257217
-15.58504479314562 -3.994710461053656 -30.81403886017196
-14.26698194611749 8.940662840969816 -31.27054849613002
-14.0178722048699 9.369596525583486 -31.24544656135193
-26.61627547384673 -5.853670309419838 -32.29591296332239
-17.97009608046413 -6.297843234529526 -30.49512222692378
-18.29910698829533 -5.906660660283753 -30.62600436700675
-18.91887042719938 -7.031739544603979 -30.43102651456467
-28.46333443922442 -1.483051007817539 -32.56441325659191
-28.66465531995429 -1.016129217312658 -32.61825430713984
-23.7332380082964 -3.415015599853969 -31.37618441059996
-18.71511509608793 -3.139244594204009 -31.19482479862343
-16.201203144651 -4.750620913936461 -30.7151172620306
-2.410884088174664 19.06039778904164 -30.84215645667086
-11.87816846838712 8.924423872683189 -30.76975453063807
-8.033685033905128 4.739301066309307 -28.02479746383283
-8.212711914878115 4.319636725040176 -28.21072560720153
-4.72962364632851 24.32588372523225 -32.51654919803008
-5.169244489022085 24.52166737849245 -32.48133855671988
-17.20677650840655 -3.355814301291383 -31.06209366637814
-10.48607098698064 22.47355165064279 -31.79839435051282
-10.05364418448885 22.2832793136996 -31.74466624088679
-8.414874175531823 18.09331659987983 -30.42054646844474
-8.805143684837009 17.83342288810137 -30.46801178141057
-8.43368428707557 17.63361333194423 -30.33057868970295
-7.955119554386696 22.20770475692701 -31.82830629965948
-8.392791342468204 22.40175958671315 -31.86730717069734
-10.72799230726074 -9.248633169133777 -28.90853677939771
-6.88675792198353 12.96240242590378 -28.54665889549164
-26.82441629186698 -2.017837658512303 -31.87005602188554
-23.25604438556885 5.994713698096433 -31.55498094993333
-10.74166224732291 6.162083827359979 -30.32312051832342
-11.14924288296409 6.221823126435872 -30.50195918246533
-14.00784756972105 -4.620845368452138 -30.42454896267917
-7.434983372572877 8.386908053415231 -27.78580484060225
-7.101791342578011 8.438614793360484 -27.42278939668292
-4.313267817246193 24.61886775483186 -32.68101298067754
-0.7834315960544467 20.83339066312398 -32.98186191501541
-0.4041762624318069 20.73181447064265 -33.29852535038964
-13.36307832350346 11.49962966582031 -31.246407620543
-17.41199225427906 -7.353708945995306 -30.18367763540695
-26.11308070440005 0.7795953750145836 -31.60612233057773
-15.29565027890396 7.309961233532565 -31.35907145479231
-15.02199306338236 7.714978529276463 -31.34014775659774
-23.48367370934881 8.812715802482145 -32.23112626421375
-23.88847119089373 9.039214928664709 -32.35850891218838
-17.91362865907551 3.840607572781809 -31.4101771880982
-9.297761749762556 23.26299479294966 -32.07308944904698
-8.671805422854252 -1.293249760103207 -28.58130959851097
-17.37985098278913 5.87879525702851 -31.38315655907854
-7.862993917324282 0.4524073763935771 -27.87244931263071
-14.72541079066863 10.60058445146646 -31.39261049897662
-14.47450530336365 10.18689497096344 -31.33709237198742
-6.119693439823738 6.468355547725768 -25.91514376401876
-14.71624332596521 9.773070465527558 -31.34209001371129
-15.19586853504786 9.791626708185952 -31.39138765468355
-5.233997814660363 24.98794963319681 -32.56160534196189
-14.73236883361976 12.94057842828077 -31.55879580067003
-14.73875690302213 13.39179259809755 -31.58204268104843
-7.336972021840354 18.8695563973362 -30.41665016570702
-6.905950314709179 18.71303421124567 -30.29939939018589
-6.763177376078485 7.5886494789014 -26.85228672668769
-27.35571639169383 -1.22129976451203 -31.97842872206434
-27.72716650016627 -1.301989720362149 -32.14685962125813
-23.4763276007597 10.75136263690342 -32.67787312966625
-23.05889680697243 10.52887127114745 -32.58317709340459
-18.12925283749252 2.194253106600145 -31.403800238027
-11.35127152833647 18.27538049124453 -31.0382607447562
-11.46851798887397 17.77772765654908 -31.050430158381
-19.75904164481706 14.4409160215226 -32.47737475900381
-19.94172742091338 14.75855317709525 -32.49577293875234
-6.640051368414981 14.98837274053412 -29.04615114983109
-7.083520092629865 14.9715789882529 -29.21277780402556
-5.270251508900759 18.35823019947615 -30.00041185334914
-5.734930642375916 18.16539518677094 -29.95117257852013
-5.3024139646831 17.94168526052927 -29.8275341294046
-6.399670074492439 27.69872227150326 -33.54124780560156
-5.9365059326827 27.52040855316285 -33.51719113507691
-19.92814461160821 -5.469984070679413 -30.84866828453981
-26.57740968834779 11.56325179408223 -33.5244120303084
-17.50608496627947 -6.028542149557466 -30.52133690657675
-9.184738575836791 28.20891374507551 -33.60332403775809
-8.689348692426893 28.1762823505168 -33.60253569935836
-12.41480483202798 -10.02186425746807 -29.29334674193447
-15.60456714110522 26.11427456584367 -33.45229750871137
-15.22774553450262 -7.034145145808497 -29.99283288345901
-15.46430595642296 11.41950868735212 -31.55237725179143
-15.46340676453638 11.87988393443009 -31.59562534727376
-5.453570024052627 17.52964816663669 -29.66967596355214
-5.823419919438868 17.2829498117745 -29.61179196379043
-5.510189537732856 17.06719685967915 -29.49248191255302
-0.7313044987576697 20.41896580155653 -32.73898375811653
-13.76636293746529 2.994777001949183 -31.18180141556245
-4.464862984302863 13.23418186418061 -27.8792164792392
-15.77612000828013 7.346004113597837 -31.37744116076144
-15.5686306364694 6.909784481394587 -31.37810468820174
-6.336470273539753 20.08089818295239 -30.88682705367862
-20.21208211050274 -5.948238798244512 -30.7671135098276
-17.00531443459995 4.987292281424963 -31.41774743094027
-16.70100524128476 5.357716824968017 -31.41736962319443
-17.69227883493371 -10.17786112470684 -29.88163984116514
-5.681208519892941 25.63974394420997 -32.64412700699003
-6.109624031820539 25.8402704104167 -32.64336910514547
-15.68742050061289 -6.925601350710677 -30.08497385169328
-8.449797111361011 -0.8719128329508534 -28.42544926229768
-8.018742598347348 -0.8801696849309516 -28.10852578487179
-14.76042961940312 8.113028960335775 -31.31937463221865
-14.50858030931146 8.528464527176885 -31.28885923197497
-19.69521380054536 -8.387636263039669 -30.34980642761028
-17.60241526580034 4.2173517999415 -31.41476317876925
-17.12805209095978 4.1625051641777 -31.42933929150441
-17.30024399374235 4.599555515394533 -31.41743730331861
-23.02467863499922 6.721803931718521 -31.64109485270839
-15.84454864290911 6.508184447150204 -31.39179133826679
-20.39546332590169 4.722989972336109 -31.29748800844622
-19.88631278778371 4.671462587419292 -31.30880739219909
-6.543579879467714 26.08992656979534 -32.67244441422337
-11.14486086508745 28.15266484304384 -33.60442010024387
-10.64964968947167 28.19178463267067 -33.60500157211642
-8.079063484001013 20.69872215552478 -31.19072081536439
-23.87336082503406 10.98325349188505 -32.76473248756999
-18.9515784955242 15.49293165247971 -32.34915987518243
-25.33234095869176 10.32386506637278 -32.90400853463954
-25.79354924851285 10.11929163467308 -32.96846660294887
-6.025458999085362 2.854236754449029 -25.80347850557648
-20.10584836140248 22.34502693820953 -33.55290699862734
-20.17751185073953 22.77291582805552 -33.70797100410076
-12.52871472420107 27.87541175189537 -33.58391975222673
-27.96301043539906 9.272108162829346 -33.59659599985452
-13.87460640972586 12.23612129237339 -31.38441423739168
-13.6113224162244 11.8738724671727 -31.31591599534381
-28.49522115755442 7.326062110339189 -33.50052656202341
-28.38361340071853 7.809234651965766 -33.52979782625404
-6.977520548215205 26.28717559119217 -32.71869853748575
-6.951422420001765 25.78696729179074 -32.57474275983192
-11.32559894322158 17.02316363548089 -31.00742157583292
-11.63717169858175 17.37923753510935 -31.07204693772795
-25.9035074750892 0.3301522036723054 -31.59037218498304
-25.70120495721018 -0.1211052802160282 -31.57938600779183
-7.688917484834381 0.8623323402618137 -27.66365322969892
-16.41349243395423 5.733379423958207 -31.41287322361466
-16.12478918438617 6.126073857314674 -31.40319465438007
-21.05748495498275 3.955878046100046 -31.30867467072976
-5.014429279463307 6.270102741247634 -24.82506029237042
-5.106259048290906 5.784873995866773 -24.87831270250093
-2.803292800113144 19.6507808678405 -30.99189444283588
-19.22743553369311 -3.0746671960262 -31.22866202385296
-19.64590339900558 17.14688003049026 -32.47419097609657
-19.3263213664993 17.42335151047343 -32.43703003792745
-17.09263358542225 6.254618567487548 -31.38391795369636
-10.82096352319724 -8.783329218014931 -28.92526760481997
-23.87675097428559 -2.115685077455253 -31.43207727365665
-23.65859554839854 -2.579603724348851 -31.40527245438987
-16.89736239574678 5.805584296865483 -31.40097474954675
-16.93697107954825 -7.487321163021944 -30.09943952070521
-23.45032299017779 -3.032316584282479 -31.37833715996315
-11.30762294682244 27.80434547414385 -33.36447477150965
-23.38705251249055 15.03543422194233 -33.02308075880447
-23.73878242592352 14.74298368577195 -33.0952863246967
-5.631446027833212 11.00330193681015 -27.1487636927959
-3.562491840932073 18.87588688734111 -30.3789664816548
-3.577668138003985 19.25840096035056 -30.56660503918066
-3.972320808796249 19.01438790369946 -30.37109379983637
-3.116854945183597 18.70538337753942 -30.4247515427568
-11.53111502042693 6.395623010962691 -30.64451646698525
-14.2544870254675 9.781076553534779 -31.29165041123223
-16.6258462460755 4.119092068689209 -31.43244360846732
-2.683527988110162 23.79330138142429 -33.03190242485203
-2.923678703164787 23.41534579542267 -32.80754372713307
-8.51625624449526 4.361570370403074 -28.57573635616579
-25.49096201522421 -0.5688159943797774 -31.56048807852311
-13.13391509432521 15.382651750517 -31.35267369373771
-7.237391835955036 17.20012037685708 -29.88537738946838
-20.29237143492259 15.54871204359509 -32.52944770880609
-19.89119266768036 15.83526735780363 -32.4785242677391
-14.92574320266953 17.85853643419474 -31.68255278967962
-13.82447517103695 11.43935956202405 -31.31979445152201
-15.24103648701353 8.144410440401195 -31.35023077484314
-9.255304562496629 17.18904678180428 -30.50795154573738
-26.22843020596545 -2.531489332702825 -31.73808826744814
-4.183964310713132 17.35329040607819 -29.64074074362399
-3.972592961789954 16.90151979231937 -29.52541101496902
-4.291353956781809 26.59932605325505 -33.3791229772478
-4.339040586563881 26.20406109087251 -33.14878404657875
-27.10613173448413 9.635819727954901 -33.29742373294434
-26.94798656655457 10.05881266322787 -33.32659156947608
-27.36023634071987 9.870009182987404 -33.45401985968574
-6.918041008636798 25.3164076855875 -32.47882517579086
-6.172662430618338 0.7385983476965596 -26.20829254397463
-6.131106019638084 17.92715127589469 -29.8914979024491
-27.90781699817309 7.972007337539784 -33.30454365492672
-10.00978761078258 17.33215018050208 -30.7236249543534
-10.44515767784561 17.21410279673429 -30.8218796034617
-20.17586577254088 6.266355150321127 -31.30426373863284
-20.68656388956973 6.35158843560201 -31.33388851073819
-9.63191248768349 7.395081771077705 -29.71943037983496
-11.11069302719981 26.94905500329783 -32.9185195105316
-10.62606862784123 26.87887592087591 -32.88943655596775
-16.89698465847037 -2.971749048850123 -31.08832945340661
-11.1664147903763 4.434401914545331 -30.50695321114785
-11.58826293156326 4.485748778115275 -30.66038628290696
-6.774241573055827 15.82287881503966 -29.3431272652495
-7.123620855961648 16.14468727639723 -29.5512341916443
-26.40918741397395 -5.465772612082739 -32.13116557616908
-18.61325610728023 19.02049221461865 -32.4367949183862
-12.18573347065733 6.019088823420276 -30.85420227362948
-11.41496678659147 26.76648567726682 -32.86299541187473
-11.78778913512589 26.53548051947055 -32.80626082949561
-4.710155184091025 26.86460892625464 -33.40259074597175
-22.25679311507549 6.769267852426156 -31.53801969299766
-14.38701723712905 27.24349798783235 -33.68887036547049
-6.405086800317597 15.3380743373204 -29.0776738706696
-5.980941549190224 15.64115538706454 -29.08381122735408
-6.420174974628198 15.72251466536668 -29.20308805223911
-13.28349943662229 2.934796584066207 -31.09245245658429
-14.71534618058477 22.36504341318941 -32.15452239721915
-2.791334198509804 19.27986533232563 -30.79899075470943
-2.788698322856616 18.89721615275323 -30.62234154367955
-28.77742482317471 5.929421946737451 -33.39652455370252
-20.1642092644489 7.067939897664347 -31.36682265126349
-19.88413243907555 6.662677692947099 -31.31807761430275
-15.60592560750177 26.51199845420287 -33.67113478516022
-18.6744464925417 16.89451822992083 -32.31094612745185
-5.444059524928868 10.75076868955759 -26.92024285472059
-5.20652017171915 11.20239145921968 -27.03130157461373
-16.58767593671141 -2.59166111283084 -31.11033990211684
-16.11025227977365 -2.6504037411061 -31.06734502678738
-4.958849310371294 6.713526788736699 -24.82672289213904
-20.65104665855804 6.835279340527115 -31.37582798504967
-15.01596836948307 20.68607193122436 -31.95147428466634
-14.98187780010693 20.2506025228137 -31.89038888017735
-16.92805033426427 3.736935084231634 -31.4330959132299
-3.253949684027839 25.67606444457508 -33.3601754750367
-2.923623652413302 25.30553087615913 -33.37405080251948
-19.4130900033161 23.03524494546686 -33.50803381043512
-19.35321633915317 22.57637947054416 -33.34514997467072
-25.21828654589446 12.5274702482378 -33.27067545628731
-25.50248839443474 12.90390750648764 -33.4249749596241
-23.85753246138193 10.4806623325083 -32.67762983104915
-16.25708623026204 19.37517693022757 -32.03698597362889
-4.820621276028342 25.218587589785 -32.68746293189172
-5.247345788835648 25.42150405888758 -32.65419399206012
-4.98864885420586 17.71818429181372 -29.72810105723589
-3.688024516265424 25.59222327643904 -33.16194129783175
-20.98038662596717 -10.11153273212269 -30.57076891923701
-9.198402315187996 8.716233469403775 -29.48974468827313
-6.158712986576096 17.48499647239599 -29.72924292105303
-26.75517747004785 9.449394384325442 -33.12228670471158
-6.760274393156913 20.26357927186436 -30.98793468901949
-9.26522127234875 22.79898521257287 -31.94581254349781
-18.99539714152979 18.72104210136414 -32.48333487618729
-10.91359581620416 4.845520283335809 -30.4059289809321
-10.27031409678309 6.174028637369196 -30.08471690226896
-17.9065847174328 -8.875496497825138 -30.00402616096883
-10.87025599919163 17.12345755406457 -30.91677735516112
-29.7105240135948 0.1150023719220519 -33.30322413100605
-29.42653787492809 0.3815212053886805 -33.04737731611466
-29.67714005298726 0.5802017063461526 -33.26156299275163
-25.27424116715135 -1.030770803503918 -31.54474088045034
-0.2332509323103962 19.55672884893806 -32.57759810167389
-15.77279327647473 -6.499685911191716 -30.20918013906887
-8.829564034055787 22.6098135180478 -31.91230516185685
-14.86186339484659 3.565220076498567 -31.34564335021446
-1.654269050052833 22.51469456940665 -33.16105819612791
-19.69140172799932 13.95406610835994 -32.46967288069487
-9.03724709397293 9.161502185320472 -29.40756937788375
-18.37069512853612 -8.754844970324299 -30.10247657493591
-27.80901726074861 9.743659486913739 -33.61671715342496
-7.114624952060219 7.997945376041118 -27.34443674093066
-11.92215111326724 17.68228401380845 -31.12493231727055
-6.082333121541265 3.629246682481202 -25.80352041510756
-6.411861066546447 3.515161110578313 -26.11787970479045
-6.242121256091556 3.205321133411954 -25.97738971637192
-4.380338371588188 19.19802934233407 -30.42857455361068
-26.48660875220483 3.728897147680218 -31.78262000777112
-7.453560636014921 26.39426959336799 -32.73365987522614
-12.88544086986913 -10.16212187935861 -29.36592899080047
-7.886110180744861 26.61796617762273 -32.7955162003155
-28.24986186224026 1.975074325494733 -32.22461286841104
-6.380000509992056 4.320040971710319 -26.06408991192537
-6.017060659265061 4.306739713670932 -25.70701181352136
-7.676648870037891 -0.9702863095254746 -27.85243505692729
-5.297628089195939 6.536248847302893 -25.11197388599199
-5.727988000513691 4.321885119464893 -25.43718395933558
-5.35575530119945 4.241630658845488 -25.10775571411713
-5.409241279280833 4.594188597500952 -25.14089061038317
-7.864964461695208 -2.775450151292022 -28.09785080865486
-8.077951037203059 -3.265912935297361 -28.22932206141571
-1.602262109648178 17.71738061887667 -30.59316525156646
-29.66532279387721 1.076730386040998 -33.26438214299231
-19.68510924364469 22.25066019799421 -33.37055494432582
-9.791188367720103 -8.408550132619736 -28.68658918509565
-26.8758723018015 -1.222752514390911 -31.83175297856108
-7.036430311698488 2.566090401060274 -26.79826846935229
-7.334758807113367 21.22382324689448 -31.45195473026487
-7.245378087419928 20.82559560007232 -31.26646825228001
-4.364714621968429 18.81967858145262 -30.23205115101234
-4.80513298797122 18.56506940096882 -30.09055095198986
-19.72662176108531 4.200930673145341 -31.32606655033657
-20.15569799447842 3.95640677464635 -31.31907546265379
-14.78570205168487 12.53814857311766 -31.54375909271602
-15.06598367825721 12.19393605963079 -31.56198367400193
-19.21511910337468 21.65918078333438 -33.05162571513191
-4.700621428686367 21.34101841459608 -31.56257920508562
-24.38192808347268 4.446797910263705 -31.5367777071255
-24.88339043428391 4.574463114261284 -31.61201831509158
-19.83901264731242 23.1362773354704 -33.69831996522691
-24.09042802979618 4.827708455520076 -31.53079831929645
-9.050993598914602 19.3699593644893 -30.8049449457297
-8.554587935960562 19.3188355699516 -30.72716525396069
-28.33685966514901 -0.8687116688415979 -32.40005477589385
-9.321542181387892 14.27818988580206 -30.24758047916385
-17.08325166706912 -2.54124362481691 -31.15039362153794
-22.23179549959192 6.369648300744893 -31.48018956570648
-22.33377139074863 5.886090586051583 -31.43222391213189
-7.656986870732382 18.16780084300339 -30.25010461906533
-7.264682979731202 18.01884658950631 -30.12399838624803
-9.281596684655481 9.529386131741465 -29.61915133006291
-22.75521187994679 16.5109151792941 -33.01921489636828
-28.61210187026708 6.87399613833764 -33.4866673738898
-28.24274018848747 7.035502381954065 -33.28708925144881
-4.693103657742612 11.33651975190649 -26.87928589887071
-14.7598797705983 -10.59490187183022 -29.51857088363073
-7.564975702416591 22.45667806951582 -31.9292833279667
-28.07106895966916 6.343703238975156 -33.02975370175008
-28.434628276374 6.127328978221712 -33.19811916871902
-5.44955508132894 3.766321360209617 -25.21707113172756
-4.710308490898817 17.84027635939874 -29.77611955040949
-4.264231655150382 17.63923647019252 -29.7342276203188
-14.27116614783565 -10.51334624414042 -29.48660808152708
-4.405155623977677 25.79286731144414 -32.96026436935507
-14.27674729559888 22.20417104821209 -32.05399690264395
-8.014451172635928 20.28769457857512 -31.01429451739865
-23.47027948408 -9.43153695269759 -31.21245137843927
-23.74370177941962 -9.787517621296846 -31.33970817279217
-6.209183742901175 14.91902564373807 -28.89049244207739
-25.3949591736488 -8.4587261668163 -31.91080837606544
-25.13888479679694 -8.043082685767542 -31.75944789015871
-18.96755691384342 17.19806648611929 -32.36600738787412
-5.231749393408782 4.902581320376217 -24.97883428831805
-5.597726321414488 4.98290656330708 -25.31516205862457
-24.70491434581952 -8.675046487453844 -31.61940923326077
-25.10786409856971 -8.849973178568192 -31.80923128713312
-7.447589913009052 21.63087430128999 -31.63345988440143
-4.699101060948527 10.90755312588624 -26.63014763522304
-28.03465028338126 -0.6816578797804063 -32.2120578491614
-20.92320725191896 20.81349645972031 -33.41642512546154
-11.97148554042559 6.4368815465926 -30.78779323807986
-19.75439208682802 8.325531751318904 -31.50634011221298
-15.3672754806122 10.22572784313807 -31.4381543686964
-21.23793205997949 20.9600604770926 -33.56847631454279
-21.49318108140673 21.34480216671813 -33.7708412252456
-9.33715301487269 -4.329254878461797 -28.8075986672436
-7.079325700306329 7.605070774271406 -27.23213777436925
-6.878879178519134 18.26953179283818 -30.12683379948642
-6.881753172565308 17.85628435914389 -29.9937586800624
-14.21574052866224 21.29468014556709 -31.89504032738883
-22.85569469914238 5.8688595395853 -31.49056945842806
-23.00123157777201 6.324224739406567 -31.57087121632208
-21.77261094239871 18.41334849061022 -33.09930466349242
-7.909000341099509 13.99455353621857 -29.4092394144465
-4.658325642996033 12.43972069183283 -27.47818798291649
-15.82477522742928 20.96827677793118 -32.1376916924908
-7.775761607661973 28.12225746563099 -33.6355273366713
-17.59472805315199 -5.635056962632167 -30.63483504782428
-5.141067203955347 5.384256263256709 -24.89829757857722
-7.18052904274604 20.42403593759518 -31.06929443823011
-7.128190737917896 20.00035612904195 -30.86713803368838
-19.27394757734063 22.12768409436843 -33.19375876970204
-6.906982943827167 17.4062100345144 -29.85460884733576
-6.521610238062755 17.6586315760443 -29.85387838883723
-7.59657646951973 7.88871943616839 -27.88535197764231
-0.5390383638328554 18.62501734366045 -31.65844042465105
-0.751286519954939 18.32667949382774 -31.32555353021841
-10.16092452892243 18.78596774395986 -30.86600984860631
-23.99114035069135 -8.891435783170346 -31.34743441267113
-20.44105619658161 4.314858971320749 -31.30573158110379
-7.613310539776699 20.56618969653466 -31.13753545553274
-5.535094684929355 16.66119819886887 -29.35289054602446
-15.85592320915317 10.69548994926819 -31.52944409548423
-18.07255529702032 -5.560612561270553 -30.6949538399007
-11.03599718090473 9.904863675230699 -30.52842024812406
-21.18834662368488 21.73695992009286 -33.7713687147056
-20.79480360534794 21.68731078466937 -33.61407319392203
-22.62650247820928 6.598339809490804 -31.56097024692686
-15.96623677306106 -10.30260464105334 -29.63328348428455
-16.17762588277138 -10.75179556963314 -29.64538264394996
-5.008420860491558 14.67878021281942 -28.63121385020977
-19.64576746839847 15.50183733499194 -32.44744231924947
-15.44192624824798 8.563354295049544 -31.36068221856149
-13.26030820194617 14.915012344777 -31.37395564315874
-24.77372472381277 12.82378417957461 -33.18038563635996
-22.24250098870267 18.85894711775779 -33.35332949533717
-15.41750457391362 20.84630463967273 -32.04627529308878
-4.751467793701478 21.80411270089035 -31.77650599108117
-16.23706913967194 7.336665764976413 -31.38087622690183
-28.71407314995355 6.388932468472831 -33.45436237509751
-24.79068069057033 -8.244935249850581 -31.62563270993004
-6.881219076335661 3.032071393705372 -26.61012310606302
-14.98143410293459 17.36423243679136 -31.6768923851646
-6.722161166036176 3.475592394976642 -26.4340767956022
-24.99736626494542 -5.695128965598462 -31.57458752466323
-7.305903852730816 7.667020111545019 -27.51057995565255
-10.86905247341181 10.36939553931314 -30.49998896034819
-10.05968914550765 6.612426195382792 -29.97210297230125
-5.593416166907633 16.26624801508505 -29.23464285481181
-8.25862048007048 -3.716925799768936 -28.3316426508397
-6.621014113528459 21.68892785380006 -31.67669249842687
-8.434381050261598 18.90608205645069 -30.60041326511219
-10.67732023819466 10.82189287940114 -30.47293420762628
-0.6172819467452555 19.52971215341454 -32.22204816374628
-4.756954681308831 14.23412467241066 -28.4290653256483
-10.24025022857298 -8.27379191473922 -28.79639433938342
-13.33800165854942 14.52442358772477 -31.38521345460418
-7.514327238150107 22.03407301459509 -31.79505022984579
-7.66935866009835 18.60533646716963 -30.38536547979264
-1.207018481797451 17.82806226295151 -30.81873759438999
-16.97618511218045 20.53606033455638 -32.29497405293942
-19.39516102111345 15.18855808053963 -32.4166214875676
-7.578072963317178 14.81927301495544 -29.40694735802618
-6.560846959625336 3.899566184083806 -26.26178760141026
-9.828751642861521 6.957450335197189 -29.83538173832707
-8.062908910736462 18.33899888140802 -30.38733515779766
-24.83072873071082 -6.129614511718733 -31.53200915306308
-15.06520584089756 10.51570382934993 -31.42487467223187
-15.4958837155358 10.56215709871661 -31.47759328158448
-9.842484753732743 18.98687953347036 -30.83774750379595
-9.384760747743044 19.25460399233329 -30.81573247208598
-17.57101164492831 -10.58947311125364 -29.85095564952079
-8.481814260150271 27.90056684676774 -33.43366342120531
-8.264974793368509 28.20538976851441 -33.6476590650981
-26.36421187572046 11.19053900721346 -33.36562646269265
-19.71145352428594 15.07268440771447 -32.46144973423649
-20.19294319857043 15.07177316875764 -32.5217409448977
-15.17454173156584 26.75812733567506 -33.66734624060346
-14.24105478983014 21.75376685332313 -31.97014512885238
-0.7222329619832295 20.07067016714302 -32.50065172481958
-20.49745901609209 3.913845702130604 -31.31416343996897
-20.82593884380065 21.23610547063473 -33.49665947450713
-4.070344626628854 25.5796382141347 -33.01255025536021
-9.15492843777751 18.10866977760858 -30.5888198118616
-9.164956556210639 17.64256638162182 -30.53373070131826
-7.057369541731349 21.87610872412909 -31.74436186070766
-29.65069045114733 -0.3770418309040019 -33.28056920581891
-3.182925731638863 19.48425002501478 -30.77744472547247
-7.362207328453923 -1.174638213485722 -27.64064989972179
-17.08346077384188 -10.63806883332705 -29.76958518533121
-5.965481343202168 3.953976598842361 -25.67158243529683
-27.76352144069032 7.574384745342114 -33.14232857423202
-9.487515118576866 18.35774386863961 -30.6895765149869
-9.12231338068182 18.54592978373084 -30.64667901390108
-24.18821549390126 -9.641611899223633 -31.49320335017904
-24.12051227901221 -9.16989100424372 -31.42234670609342
-4.496597254280911 25.44026781889374 -32.83214183971702
-27.96404739305138 -1.022593667650051 -32.21569079992435
-28.03286687087062 -1.489729822476954 -32.327045401001
-6.81670847424952 -0.8298347616443535 -27.14290538986288
-7.025963332030298 -1.209191837987259 -27.38587617214615
-16.56353674112905 20.40206669557771 -32.2025974423012
-4.913686169594354 12.66237397563396 -27.6682586932785
-7.695938851751883 14.42535373053509 -29.37612749028125
-8.437620424448985 18.54215082249883 -30.51026032718345
-24.8208262201592 13.37044695854447 -33.27033017138308
-14.05925467969319 14.74288891097449 -31.50206938442781
-9.60677354374867 17.46445927207866 -30.62352142614298
-10.53380790565671 11.29731189721354 -30.4671222659518
-14.40228272799598 12.81243050233556 -31.50154368938531
-9.925153201641114 17.7873764533276 -30.72559714921496
-6.104955193155238 9.794835546068066 -26.89909492709458
-26.67613541726251 -1.676509204044237 -31.8068082787954
-5.105257895124582 10.62735736947146 -26.67024590332919
-22.08159257529278 18.10223197669929 -33.11680958685075
-22.49928307204618 17.7906071136239 -33.1776488725979
-25.27535819754109 13.34538838092769 -33.41616206432053
-15.55315171854004 10.98489861839105 -31.52329603699854
-14.82337456704331 27.00612875004374 -33.69424862777339
-19.86477270778051 -6.859624478576941 -30.5647130500399
-19.39973373564844 -6.90503813952565 -30.5045269443458
-16.67204448532344 19.60329840344501 -32.13490046428584
-15.10514815757576 11.28687714173772 -31.49331671480012
-27.12773955413396 7.436280902138973 -32.81890412202107
-27.49629822393294 7.279099689045958 -32.94174250397545
-5.52246324849505 10.42088376383245 -26.80260411040704
-27.98475225415434 6.744854229194615 -33.06841740356352
-27.85221256075399 7.190748671757889 -33.10978490840557
-10.33262850676569 -7.836503737164707 -28.83519552339167
-9.846752049527916 13.11362721557266 -30.37982057821284
-10.02727770809001 12.70079183479302 -30.41992105361388
-26.11497508350758 10.86600505745066 -33.21724600133805
-4.530540202179422 12.7971958334804 -27.65219525571752
-9.77327370711 18.59483057435269 -30.77379517780346
-9.802345220096147 18.15537531484171 -30.73397788491486
-10.36049585496288 11.78070380463225 -30.46602914710213
-5.66997716869526 15.86679048744911 -29.10745118315694
-27.15828648353612 5.974406875455985 -32.45187095222676
-25.97231652573449 10.50003350447527 -33.10430308085974
-26.12929802357906 10.09891794177189 -33.05907379909367
-4.479878806859698 25.01005433402818 -32.72614718660098
-10.18990810378915 12.24895754735551 -30.44480140386666
-11.56449352222123 27.10666035715979 -33.0132581341158
-22.78718069354413 18.1257330914415 -33.35406433596965
-27.57094623586882 5.90602479977654 -32.62452721278183
-28.04246645226776 3.495176686859709 -32.29254984825427
-22.13430405398183 18.51901922039468 -33.2343624715725
-16.66997444192677 -10.73673576883595 -29.7080415644292
-26.49840586025353 10.15073994116673 -33.18876971201995
-24.04132761050417 14.91911917589996 -33.21923225422019
-5.797269905804086 10.18754481954489 -26.85438395229396
-0.888874666721914 18.07649506544028 -31.10553715006832
-26.44223736578054 -2.085481752126759 -31.76767814930705
-5.480622623505233 10.08055112399796 -26.57218149058358
-22.54947972912369 18.54626707742607 -33.37672159592418
-1.792721584753774 22.21179723416117 -32.93026238267385
-2.039371807268505 21.94638419672459 -32.62418563131106
-26.32258605004681 9.771873801652234 -33.0435682138469
-25.36912038443599 10.79710292151945 -33.00057087545665
-24.45614611076754 15.01576155118396 -33.3817865243654
-9.672225037003571 13.56371029149994 -30.34212976273202
-23.73839851850641 -9.177204843963988 -31.27961342905155
-5.791986602820263 3.644479944662464 -25.53520721002566
-4.861523320404586 17.43058896199238 -29.61160590582554
-25.11748827096048 -6.408436022339958 -31.64346879037056
-9.12323273167021 18.91482160300952 -30.71592475830625
-25.77973235527501 10.88669875068721 -33.12508303285203
-13.64402041677087 14.9010654769514 -31.43649046156911
-4.5048248357042 17.26334705964078 -29.57578862926105
-11.51742829966962 27.51805620771342 -33.20987565170117
-14.85411078870005 10.93704824094825 -31.43248758403092
-14.06599034213192 12.53429898641565 -31.43340268530744
-8.792515655367053 18.66674143583253 -30.60692022632345
-16.60281946144642 19.98276934574492 -32.16105203124943
-9.528947249522863 13.9495632963555 -30.31068337965793
-1.081896287284913 18.4017847214752 -31.17354630883245
-0.7924438660490714 19.84433509634686 -32.28834515585958
$EndNodes
$Elements
1 2167 1 2167
2 2 9 2167
1 535 801 505 1258 1259 1260 
2 869 1008 701 1261 1262 1263 
3 491 1008 869 1264 1261 1265 
4 927 1108 542 1266 1267 1268 
5 904 1087 739 1269 1270 1271 
6 594 807 651 1272 1273 1274 
7 803 806 595 1275 1276 1277 
8 450 792 515 1278 1279 1280 
9 874 1068 257 1281 1282 1283 
10 847 917 332 1284 1285 1286 
11 573 801 535 1287 1258 1288 
12 332 1015 847 1289 1290 1286 
13 257 1161 874 1291 1292 1283 
14 846 1015 506 1293 1294 1295 
15 241 939 113 1296 1297 1298 
16 847 1015 846 1290 1293 1299 
17 766 919 409 1300 1301 1302 
18 269 1091 789 1303 1304 1305 
19 789 1065 269 1306 1307 1305 
20 278 604 75 1308 1309 1310 
21 244 1080 790 1311 1312 1313 
22 893 970 958 1314 1315 1316 
23 767 1132 744 1317 1318 1319 
24 235 1164 996 1320 1321 1322 
25 841 940 453 1323 1324 1325 
26 249 807 806 1326 1327 1328 
27 790 1032 244 1329 1330 1313 
28 764 770 499 1331 1332 1333 
29 739 1087 769 1270 1334 1335 
30 235 763 67 1336 1337 1338 
31 614 1179 1143 1339 1340 1341 
32 263 1185 1178 1342 1343 1344 
33 243 895 808 1345 1346 1347 
34 717 1108 927 1348 1266 1349 
35 1178 1185 749 1343 1350 1351 
36 954 960 545 1352 1353 1354 
37 651 1045 51 1355 1356 1357 
38 397 1171 1094 1358 1359 1360 
39 720 996 826 1361 1362 1363 
40 793 1149 534 1364 1365 1366 
41 595 861 803 1367 1368 1277 
42 791 941 367 1369 1370 1371 
43 980 981 273 1372 1373 1374 
44 826 1120 720 1375 1376 1363 
45 841 959 940 1377 1378 1323 
46 232 1118 1091 1379 1380 1381 
47 1091 1118 789 1380 1382 1304 
48 620 941 791 1383 1369 1384 
49 1143 1179 840 1340 1385 1386 
50 243 896 895 1387 1388 1345 
51 812 980 273 1389 1374 1390 
52 761 898 244 1391 1392 1393 
53 409 1207 766 1394 1395 1302 
54 76 278 75 1396 1310 190 
55 744 1181 767 1397 1398 1319 
56 814 1123 601 1399 1400 1401 
57 499 880 764 1402 1403 1333 
58 865 994 706 1404 1405 1406 
59 1094 1171 755 1359 1407 1408 
60 703 704 289 1409 1410 1411 
61 545 1070 954 1412 1413 1354 
62 113 939 112 1297 1414 227 
63 819 969 583 1415 1416 1417 
64 244 1032 761 1330 1418 1393 
65 260 857 821 1419 1420 1421 
66 410 919 413 1422 1423 1424 
67 52 651 51 1425 1357 166 
68 68 235 67 1426 1338 182 
69 807 1045 651 1427 1355 1273 
70 509 1128 855 1428 1429 1430 
71 332 917 333 1285 1431 1432 
72 236 1085 876 1433 1434 1435 
73 1011 1139 587 1436 1437 1438 
74 291 703 289 1439 1411 1440 
75 917 1245 333 1441 1442 1431 
76 806 807 595 1327 1443 1276 
77 492 901 833 1444 1445 1446 
78 816 1000 268 1447 1448 1449 
79 821 969 819 1450 1415 1451 
80 814 860 598 1452 1453 1454 
81 828 830 255 1455 1456 1457 
82 792 1167 515 1458 1459 1279 
83 876 1107 236 1460 1461 1435 
84 29 767 234 1462 1463 1464 
85 601 1123 951 1400 1465 1466 
86 450 983 792 1467 1468 1278 
87 502 861 547 1469 1470 1471 
88 795 796 553 1472 1473 1474 
89 865 1121 994 1475 1476 1404 
90 650 1044 971 1477 1478 1479 
91 1164 1190 996 1480 1481 1321 
92 786 862 785 1482 1483 1484 
93 247 1147 1047 1485 1486 1487 
94 1047 1073 247 1488 1489 1487 
95 491 1054 768 1490 1491 1492 
96 1083 1224 757 1493 1494 1495 
97 938 939 241 1496 1296 1497 
98 880 902 746 1498 1499 1500 
99 996 1216 235 1501 1502 1322 
100 274 1098 948 1503 1504 1505 
101 268 999 816 1506 1507 1449 
102 513 1150 913 1508 1509 1510 
103 913 1180 513 1511 1512 1510 
104 958 971 893 1513 1514 1316 
105 757 1224 756 1494 1515 1516 
106 768 1008 491 1517 1264 1492 
107 753 1128 1078 1518 1519 1520 
108 817 1211 258 1521 1522 1523 
109 534 1127 793 1524 1525 1366 
110 618 941 620 1526 1383 1527 
111 802 861 503 1528 1529 1530 
112 595 807 594 1443 1272 1531 
113 1133 1178 749 1532 1351 1533 
114 813 1133 749 1534 1533 1535 
115 334 912 909 1536 1537 1538 
116 492 919 901 1539 1540 1444 
117 790 1080 269 1312 1541 1542 
118 855 1154 509 1543 1544 1430 
119 700 1067 763 1545 1546 1547 
120 912 914 911 1548 1549 1550 
121 794 1149 793 1551 1364 1552 
122 367 1055 791 1553 1554 1371 
123 818 1211 817 1555 1521 1556 
124 796 1090 553 1557 1558 1473 
125 958 970 552 1315 1559 1560 
126 265 796 795 1561 1472 1562 
127 808 1076 243 1563 1564 1347 
128 50 249 49 1565 1566 164 
129 723 1139 1011 1567 1436 1568 
130 955 1053 514 1569 1570 1571 
131 1056 1112 1055 1572 1573 1574 
132 233 883 23 1575 1576 1577 
133 67 763 66 1337 1578 181 
134 814 1146 860 1579 1580 1452 
135 280 1212 278 1581 1582 1583 
136 278 1212 604 1582 1584 1308 
137 409 919 410 1301 1422 1585 
138 503 862 802 1586 1587 1530 
139 801 1051 505 1588 1589 1259 
140 237 651 52 1590 1425 1591 
141 603 1197 989 1592 1593 1594 
142 909 912 911 1537 1550 1595 
143 271 1109 876 1596 1597 1598 
144 978 1142 998 1599 1600 1601 
145 802 862 786 1587 1482 1602 
146 488 1103 1054 1603 1604 1605 
147 830 1116 255 1606 1607 1456 
148 638 1052 1043 1608 1609 1610 
149 267 1040 769 1611 1612 1613 
150 269 1065 790 1307 1614 1542 
151 245 1160 810 1615 1616 1617 
152 236 1107 1041 1461 1618 1619 
153 626 1086 809 1620 1621 1622 
154 35 244 34 1623 1624 149 
155 877 885 593 1625 1626 1627 
156 948 1170 274 1628 1629 1505 
157 389 1083 1070 1630 1631 1632 
158 685 1153 1113 1633 1634 1635 
159 843 1053 955 1636 1569 1637 
160 809 1232 626 1638 1639 1622 
161 334 909 908 1538 1640 1641 
162 986 1129 1057 1642 1643 1644 
163 503 861 502 1529 1469 1645 
164 249 1045 807 1646 1427 1326 
165 413 919 492 1423 1539 1647 
166 899 1062 837 1648 1649 1650 
167 764 880 746 1403 1500 1651 
168 29 234 28 1464 1652 143 
169 706 994 705 1405 1653 1654 
170 1055 1112 791 1573 1655 1554 
171 797 958 552 1656 1560 1657 
172 833 920 492 1658 1659 1446 
173 572 823 822 1660 1661 1662 
174 650 971 958 1479 1513 1663 
175 1125 1137 929 1664 1665 1666 
176 547 861 595 1470 1367 1667 
177 811 812 246 1668 1669 1670 
178 78 795 77 1671 1672 192 
179 821 1204 260 1673 1674 1421 
180 1099 1104 867 1675 1676 1677 
181 827 1191 1023 1678 1679 1680 
182 320 936 318 1681 1682 1683 
183 769 1040 739 1612 1684 1335 
184 24 233 23 1685 1577 138 
185 552 1003 797 1686 1687 1657 
186 272 1144 879 1688 1689 1690 
187 926 1064 335 1691 1692 1693 
188 494 902 880 1694 1498 1695 
189 607 1100 935 1696 1697 1698 
190 1099 1140 460 1699 1700 1701 
191 594 964 593 1702 1703 1704 
192 1078 1128 509 1519 1428 1705 
193 522 1175 1111 1706 1707 1708 
194 971 1044 340 1478 1709 1710 
195 460 1104 1099 1711 1675 1701 
196 582 1025 900 1712 1713 1714 
197 1041 1148 236 1715 1716 1619 
198 900 1025 845 1713 1717 1718 
199 1050 1106 1093 1719 1720 1721 
200 460 1140 936 1700 1722 1723 
201 1093 1106 275 1720 1724 1725 
202 813 964 237 1726 1727 1728 
203 949 1222 1024 1729 1730 1731 
204 1062 1134 837 1732 1733 1649 
205 981 982 256 1734 1735 1736 
206 803 861 802 1368 1528 1737 
207 989 1197 866 1593 1738 1739 
208 22 883 272 1740 1741 1742 
209 572 1234 823 1743 1744 1660 
210 593 964 877 1703 1745 1627 
211 380 1221 805 1746 1747 1748 
212 572 1176 798 1749 1750 1751 
213 244 898 34 1392 1752 1624 
214 284 1200 282 1753 1754 1755 
215 23 883 22 1576 1740 137 
216 798 1234 572 1756 1743 1751 
217 677 1092 1036 1757 1758 1759 
218 1155 1177 781 1760 1761 1762 
219 357 845 351 1763 1764 1765 
220 901 919 766 1540 1300 1766 
221 824 928 629 1767 1768 1769 
222 270 1121 864 1770 1771 1772 
223 275 1073 1047 1773 1488 1774 
224 1221 1249 805 1775 1776 1747 
225 808 1166 1076 1777 1778 1563 
226 265 795 78 1562 1671 1779 
227 934 1195 1179 1780 1781 1782 
228 622 817 816 1783 1784 1785 
229 623 818 817 1786 1556 1787 
230 46 246 45 1788 1789 160 
231 1043 1052 842 1609 1790 1791 
232 261 1174 972 1792 1793 1794 
233 924 927 542 1795 1268 1796 
234 876 1085 271 1434 1797 1598 
235 1047 1093 275 1798 1725 1774 
236 700 1174 1067 1799 1800 1545 
237 800 1136 350 1801 1802 1803 
238 954 1070 757 1413 1804 1805 
239 53 237 52 1806 1591 167 
240 651 1252 594 1807 1808 1274 
241 1105 1173 277 1809 1810 1811 
242 26 769 25 1812 1813 140 
243 70 254 69 1814 1815 184 
244 994 1167 705 1816 1817 1653 
245 962 1157 401 1818 1819 1820 
246 855 1128 854 1429 1821 1822 
247 262 1016 975 1823 1824 1825 
248 810 1160 879 1616 1826 1827 
249 1095 1096 452 1828 1829 1830 
250 306 800 350 1831 1803 1832 
251 739 1229 904 1833 1834 1271 
252 1054 1103 768 1604 1835 1491 
253 945 1119 1115 1836 1837 1838 
254 732 1096 1095 1839 1828 1840 
255 601 1146 814 1841 1579 1401 
256 1183 1193 390 1842 1843 1844 
257 889 943 657 1845 1846 1847 
258 460 936 320 1723 1681 1848 
259 935 1195 934 1849 1780 1850 
260 1113 1153 252 1634 1851 1852 
261 884 1138 855 1853 1854 1855 
262 328 1033 867 1856 1857 1858 
263 954 1152 960 1859 1860 1352 
264 946 1249 799 1861 1862 1863 
265 805 1249 946 1776 1861 1864 
266 859 902 494 1865 1694 1866 
267 231 1072 844 1867 1868 1869 
268 85 268 84 1870 1871 199 
269 478 842 488 1872 1873 1874 
270 798 1077 703 1875 1876 1877 
271 366 845 357 1878 1763 1879 
272 607 935 609 1698 1880 1881 
273 1024 1222 270 1730 1882 1883 
274 239 1142 978 1884 1599 1885 
275 270 864 16 1772 1886 1887 
276 806 1105 249 1888 1889 1328 
277 396 1137 1125 1890 1664 1891 
278 293 362 291 1892 1893 1894 
279 1111 1175 914 1707 1895 1896 
280 539 822 569 1897 1898 1899 
281 834 920 833 1900 1658 1901 
282 1023 1191 820 1679 1902 1903 
283 293 946 362 1904 1905 1892 
284 935 1100 377 1697 1906 1907 
285 593 885 536 1626 1908 1909 
286 950 1035 1001 1910 1911 1912 
287 569 822 759 1898 1913 1914 
288 316 908 314 1915 1916 1917 
289 1070 1083 757 1631 1495 1804 
290 498 1177 1155 1918 1760 1919 
291 763 1067 66 1546 1920 1578 
292 19 245 18 1921 1922 133 
293 336 1033 329 1923 1924 1925 
294 362 946 799 1905 1863 1926 
295 604 1202 75 1927 1928 1309 
296 1138 1154 855 1929 1543 1854 
297 318 936 334 1682 1930 1931 
298 1057 1129 862 1643 1932 1933 
299 1036 1092 251 1758 1934 1935 
300 330 1141 951 1936 1937 1938 
301 857 969 821 1939 1450 1420 
302 617 815 752 1940 1941 1942 
303 102 243 101 1943 1944 216 
304 972 1198 261 1945 1946 1794 
305 1082 1100 1048 1947 1948 1949 
306 107 993 106 1950 1951 221 
307 37 1091 269 1952 1303 1953 
308 263 1178 55 1344 1954 1955 
309 906 1193 1183 1956 1842 1957 
310 350 1188 881 1958 1959 1960 
311 1031 1225 1009 1961 1962 1963 
312 881 1215 380 1964 1965 1966 
313 542 1108 370 1267 1967 1968 
314 746 902 743 1499 1969 1970 
315 914 1140 625 1971 1972 1973 
316 30 767 29 1974 1462 144 
317 879 1206 272 1975 1976 1690 
318 536 885 868 1908 1977 1978 
319 743 902 741 1969 1979 1980 
320 629 1033 824 1981 1982 1769 
321 58 1085 236 1983 1433 1984 
322 472 957 897 1985 1986 1987 
323 756 1011 587 1988 1438 1989 
324 401 1218 962 1990 1991 1820 
325 640 1052 638 1992 1608 1993 
326 1215 1221 380 1994 1746 1965 
327 246 1173 811 1995 1996 1670 
328 491 869 486 1265 1997 1998 
329 547 595 594 1667 1531 1999 
330 266 278 76 2000 1396 2001 
331 265 1248 818 2002 2003 2004 
332 893 971 892 1514 2005 2006 
333 469 937 524 2007 2008 2009 
334 575 873 719 2010 2011 2012 
335 547 594 593 1999 1704 2013 
336 292 293 291 2014 1894 2015 
337 894 970 893 2016 1314 2017 
338 350 881 304 1960 2018 2019 
339 531 974 631 2020 2021 2022 
340 508 891 890 2023 2024 2025 
341 517 825 520 2026 2027 2028 
342 988 1168 1020 2029 2030 2031 
343 493 870 447 2032 2033 2034 
344 334 908 316 1641 1915 2035 
345 783 981 980 2036 1372 2037 
346 594 1252 964 1808 2038 1702 
347 763 1216 700 2039 2040 1547 
348 573 1162 801 2041 2042 1287 
349 697 933 932 2043 2044 2045 
350 580 885 877 2046 1625 2047 
351 818 1165 265 2048 2049 2004 
352 494 987 859 2050 2051 1866 
353 897 957 632 1986 2052 2053 
354 934 1179 614 1782 1339 2054 
355 868 885 631 1977 2055 2056 
356 476 842 478 2057 1872 2058 
357 267 769 26 1613 1812 2059 
358 845 1025 351 1717 2060 1764 
359 264 1031 1009 2061 1963 2062 
360 727 878 748 2063 2064 2065 
361 817 1254 816 2066 2067 1784 
362 489 869 526 2068 2069 2070 
363 867 1033 629 1857 1981 2071 
364 242 993 107 2072 1950 2073 
365 508 894 891 2074 2075 2023 
366 887 1071 800 2076 2077 2078 
367 998 1196 978 2079 2080 1601 
368 788 803 802 2081 1737 2082 
369 314 908 849 1916 2083 2084 
370 50 1045 249 2085 1646 1565 
371 788 811 804 2086 2087 2088 
372 431 880 499 2089 1402 2090 
373 249 1117 49 2091 2092 1566 
374 381 990 374 2093 2094 2095 
375 372 542 370 2096 1968 2097 
376 306 350 304 1832 2019 2098 
377 982 1010 256 2099 2100 1735 
378 1001 1035 546 1911 2101 2102 
379 912 1140 914 2103 1971 1548 
380 631 882 868 2104 2105 2056 
381 34 898 33 1752 2106 148 
382 1006 1068 874 2107 1281 2108 
383 967 1169 597 2109 2110 2111 
384 457 562 366 2112 2113 2114 
385 9 863 238 2115 2116 2117 
386 253 760 71 2118 2119 2120 
387 787 811 788 2121 2086 2122 
388 891 894 893 2075 2017 2123 
389 426 832 567 2124 2125 2126 
390 822 823 759 1661 2127 1913 
391 804 1173 1105 2128 1809 2129 
392 520 1012 521 2130 2131 2132 
393 48 277 47 2133 2134 162 
394 266 795 553 2135 1474 2136 
395 619 815 617 2137 1940 2138 
396 494 880 431 1695 2089 2139 
397 540 560 541 2140 2141 2142 
398 810 1184 245 2143 2144 1617 
399 74 260 73 2145 2146 188 
400 888 943 889 2147 1845 2148 
401 770 1241 499 2149 2150 1332 
402 463 466 465 2151 2152 2153 
403 237 1133 813 2154 1534 1728 
404 470 957 472 2155 1985 2156 
405 404 1014 403 2157 2158 2159 
406 399 888 395 2160 2161 2162 
407 463 465 462 2153 2163 2164 
408 304 881 302 2018 2165 2166 
409 262 1196 1016 2167 2168 1823 
410 1188 1215 881 2169 1964 1959 
411 542 990 924 2170 2171 1796 
412 560 561 541 2172 2173 2141 
413 951 1141 794 1937 2174 2175 
414 787 812 811 2176 1668 2121 
415 783 982 981 2177 1734 2036 
416 69 1164 68 2178 2179 183 
417 825 1023 520 2180 2181 2027 
418 657 1011 889 2182 2183 1847 
419 298 946 295 2184 2185 2186 
420 852 887 339 2187 2188 2189 
421 665 872 669 2190 2191 2192 
422 582 1017 937 2193 2194 2195 
423 466 937 469 2196 2007 2197 
424 706 1253 865 2198 2199 1406 
425 943 952 656 2200 2201 2202 
426 540 541 539 2142 2203 2204 
427 556 873 575 2205 2010 2206 
428 339 887 310 2188 2207 2208 
429 334 936 912 1930 2209 1536 
430 469 485 470 2210 2211 2212 
431 348 463 462 2213 2164 2214 
432 447 870 445 2033 2215 2216 
433 342 1037 338 2217 2218 2219 
434 844 1217 231 2220 2221 1869 
435 68 1164 235 2179 1320 1426 
436 621 622 619 2222 2223 2224 
437 323 1002 346 2225 2226 2227 
438 1136 1188 350 2228 1958 1802 
439 788 802 786 2082 1602 2229 
440 557 558 556 2230 2231 2232 
441 911 1175 913 2233 2234 2235 
442 754 1071 854 2236 2237 2238 
443 890 953 508 2239 2240 2025 
444 466 467 465 2241 2242 2152 
445 631 974 882 2021 2243 2104 
446 1115 1119 955 1837 2244 2245 
447 25 1087 24 2246 2247 139 
448 637 875 639 2248 2249 2250 
449 251 1092 915 1934 2251 2252 
450 524 525 485 2253 2254 2255 
451 46 1028 246 2256 2257 1788 
452 444 953 446 2258 2259 2260 
453 399 943 888 2261 2147 2160 
454 877 964 813 1745 1726 2262 
455 871 1040 267 2263 1611 2264 
456 657 943 656 1846 2202 2265 
457 430 944 433 2266 2267 2268 
458 380 805 300 1748 2269 2270 
459 369 977 424 2271 2272 2273 
460 541 822 539 2274 1897 2203 
461 639 875 647 2249 2275 2276 
462 609 611 610 2277 2278 2279 
463 395 888 393 2161 2280 2281 
464 779 982 780 2282 2283 2284 
465 525 529 527 2285 2286 2287 
466 371 372 370 2288 2097 2289 
467 661 666 663 2290 2291 2292 
468 609 934 611 2293 2294 2277 
469 233 903 883 2295 2296 1575 
470 952 968 656 2297 2298 2201 
471 1023 1213 1012 2299 2300 2301 
472 37 269 36 1953 2302 151 
473 466 468 467 2303 2304 2241 
474 742 743 741 2305 1980 2306 
475 517 520 518 2028 2307 2308 
476 457 868 562 2309 2310 2112 
477 335 1227 926 2311 2312 1693 
478 253 819 760 2313 2314 2118 
479 1110 1189 871 2315 2316 2317 
480 915 1092 872 2251 2318 2319 
481 663 872 665 2320 2190 2321 
482 108 242 107 2322 2073 222 
483 545 922 385 2323 2324 2325 
484 581 813 749 2326 1535 2327 
485 553 1090 523 1558 2328 2329 
486 581 877 813 2330 2262 2326 
487 403 968 952 2331 2297 2332 
488 2 262 1 2333 2334 116 
489 530 932 634 2335 2336 2337 
490 493 1027 870 2338 2339 2032 
491 525 974 531 2340 2020 2341 
492 974 1017 882 2342 2343 2243 
493 486 869 489 1997 2068 2344 
494 913 1175 985 2234 2345 2346 
495 260 907 857 2347 2348 1419 
496 862 1129 785 1932 2349 1483 
497 841 905 675 2350 2351 2352 
498 56 263 55 2353 1955 170 
499 890 891 848 2024 2354 2355 
500 446 451 448 2356 2357 2358 
501 661 895 666 2359 2360 2290 
502 725 878 727 2361 2063 2362 
503 16 864 15 1886 2363 130 
504 868 882 562 2105 2364 2310 
505 24 1087 233 2247 2365 1685 
506 521 1012 540 2131 2366 2367 
507 831 1053 843 2368 1636 2369 
508 572 822 541 1662 2274 2370 
509 849 850 339 2371 2372 2373 
510 1042 1109 271 2374 1596 2375 
511 520 1023 1012 2181 2301 2130 
512 530 634 633 2337 2376 2377 
513 833 901 714 1445 2378 2379 
514 325 1015 326 2380 2381 2382 
515 451 543 448 2383 2384 2357 
516 697 932 554 2045 2385 2386 
517 345 1037 342 2387 2217 2388 
518 374 990 372 2094 2389 2390 
519 372 990 542 2389 2170 2096 
520 435 457 366 2391 2114 2392 
521 635 956 648 2393 2394 2395 
522 437 931 458 2396 2397 2398 
523 393 500 391 2399 2400 2401 
524 329 1033 328 1924 1856 2402 
525 245 1024 18 2403 2404 1922 
526 449 1084 1075 2405 2406 2407 
527 740 742 741 2408 2306 2409 
528 480 482 481 2410 2411 2412 
529 529 530 527 2413 2414 2286 
530 310 887 308 2207 2415 2416 
531 634 956 635 2417 2393 2418 
532 474 483 476 2419 2420 2421 
533 486 489 487 2344 2422 2423 
534 798 1176 1077 1750 2424 1875 
535 1076 1166 276 1778 2425 2426 
536 994 1121 751 1476 2427 2428 
537 387 545 385 2429 2325 2430 
538 273 1122 812 2431 2432 1390 
539 472 473 471 2433 2434 2435 
540 720 1216 996 2436 1501 1361 
541 647 916 641 2437 2438 2439 
542 488 1054 480 1605 2440 2441 
543 531 554 529 2442 2443 2444 
544 265 1165 796 2049 2445 1561 
545 348 462 345 2214 2446 2447 
546 623 817 622 1787 1783 2448 
547 512 557 556 2449 2232 2450 
548 270 1222 1121 1882 2451 1770 
549 740 741 738 2409 2452 2453 
550 470 472 471 2156 2435 2454 
551 508 953 444 2240 2258 2455 
552 741 859 738 2456 2457 2452 
553 681 890 848 2458 2355 2459 
554 769 1087 25 1334 2246 1813 
555 576 1030 533 2460 2461 2462 
556 426 567 428 2126 2463 2464 
557 666 872 663 2465 2320 2291 
558 489 517 490 2466 2467 2468 
559 551 967 574 2469 2470 2471 
560 524 974 525 2472 2340 2253 
561 403 1014 968 2158 2473 2331 
562 568 979 549 2474 2475 2476 
563 1089 1096 734 2477 2478 2479 
564 1034 1241 1230 2480 2481 2482 
565 604 1212 907 1584 2483 2484 
566 540 583 560 2485 2486 2140 
567 469 524 485 2009 2255 2210 
568 1063 1243 1161 2487 2488 2489 
569 446 953 451 2259 2490 2356 
570 824 1033 336 1982 1923 2491 
571 87 231 86 2492 2493 201 
572 440 894 442 2494 2495 2496 
573 666 915 872 2497 2319 2465 
574 870 1084 449 2498 2405 2499 
575 473 522 471 2500 2501 2434 
576 1042 1151 1109 2502 2503 2374 
577 680 967 551 2504 2469 2505 
578 397 398 395 2506 2507 2508 
579 300 805 298 2269 2509 2510 
580 558 873 556 2511 2205 2231 
581 482 486 484 2512 2513 2514 
582 671 929 668 2515 2516 2517 
583 472 474 473 2518 2519 2433 
584 414 966 412 2520 2521 2522 
585 441 452 439 2523 2524 2525 
586 629 928 563 1768 2526 2527 
587 900 1017 582 2528 2193 1714 
588 440 970 894 2529 2016 2494 
589 385 922 383 2324 2530 2531 
590 776 856 774 2532 2533 2534 
591 428 944 430 2535 2266 2536 
592 468 997 467 2537 2538 2304 
593 525 527 485 2287 2539 2254 
594 435 503 502 2540 1645 2541 
595 333 1245 340 1442 2542 2543 
596 545 960 922 1353 2544 2323 
597 780 782 781 2545 2546 2547 
598 745 921 761 2548 2549 2550 
599 530 632 527 2551 2552 2414 
600 483 842 476 2553 2057 2420 
601 243 1203 896 2554 2555 1387 
602 418 945 422 2556 2557 2558 
603 648 875 637 2559 2248 2560 
604 1079 1114 384 2561 2562 2563 
605 668 929 667 2516 2564 2565 
606 399 952 943 2566 2200 2261 
607 439 931 437 2567 2396 2568 
608 622 815 619 2569 2137 2223 
609 561 572 541 2570 2370 2173 
610 465 928 462 2571 2572 2163 
611 745 747 746 2573 2574 2575 
612 400 952 399 2576 2566 2577 
613 521 540 539 2367 2204 2578 
614 729 731 730 2579 2580 2581 
615 663 664 662 2582 2583 2584 
616 563 928 465 2526 2571 2585 
617 780 982 783 2283 2177 2586 
618 737 738 736 2587 2588 2589 
619 6 264 5 2590 2591 120 
620 302 380 300 2592 2270 2593 
621 443 942 441 2594 2595 2596 
622 478 488 480 1874 2441 2597 
623 659 661 660 2598 2599 2600 
624 417 966 414 2601 2520 2602 
625 485 957 470 2603 2155 2211 
626 787 788 786 2122 2229 2604 
627 670 671 668 2605 2517 2606 
628 775 776 774 2607 2534 2608 
629 733 734 732 2609 2610 2611 
630 32 259 31 2612 2613 146 
631 348 582 463 2614 2615 2213 
632 754 1128 753 2616 1518 2617 
633 451 551 543 2618 2619 2383 
634 470 471 468 2454 2620 2621 
635 442 508 444 2622 2455 2623 
636 463 937 466 2624 2196 2151 
637 299 1026 331 2625 2626 2627 
638 735 736 734 2628 2629 2630 
639 727 729 728 2631 2632 2633 
640 971 1245 892 2634 2635 2005 
641 6 899 264 2636 2637 2590 
642 631 885 580 2055 2046 2638 
643 736 1089 734 2639 2479 2629 
644 895 896 666 1388 2640 2360 
645 784 786 785 2641 1484 2642 
646 416 945 418 2643 2556 2644 
647 609 935 934 1880 1850 2293 
648 398 399 395 2645 2162 2507 
649 663 665 664 2321 2646 2582 
650 360 840 363 2647 2648 2649 
651 965 976 672 2650 2651 2652 
652 932 933 634 2044 2653 2336 
653 586 953 890 2654 2239 2655 
654 731 733 732 2656 2611 2657 
655 731 732 730 2657 2658 2580 
656 364 370 361 2659 2660 2661 
657 679 959 841 2662 1377 2663 
658 315 1149 1141 2664 2665 2666 
659 704 1077 1007 2667 2668 2669 
660 510 511 375 2670 2671 2672 
661 874 1161 873 1292 2673 2674 
662 383 589 381 2675 2676 2677 
663 842 1052 488 1790 2678 1873 
664 745 761 747 2550 2679 2573 
665 393 888 500 2280 2680 2399 
666 7 899 6 2681 2636 121 
667 514 984 504 2682 2683 2684 
668 747 765 764 2685 2686 2687 
669 476 478 477 2058 2688 2689 
670 482 1054 491 2690 1490 2691 
671 392 393 391 2692 2401 2693 
672 426 428 427 2464 2694 2695 
673 295 946 293 2185 1904 2696 
674 555 989 706 2697 2698 2699 
675 1028 1173 246 2700 1995 2257 
676 401 402 400 2701 2702 2703 
677 641 916 643 2438 2704 2705 
678 415 920 464 2706 2707 2708 
679 634 635 633 2418 2709 2376 
680 558 874 873 2710 2674 2511 
681 947 948 612 2711 2712 2713 
682 664 1013 662 2714 2715 2583 
683 580 877 581 2047 2330 2716 
684 672 976 674 2651 2717 2718 
685 365 366 357 2719 1879 2720 
686 454 514 504 2721 2684 2722 
687 452 931 439 2723 2567 2524 
688 297 1026 299 2724 2625 2725 
689 472 897 474 1987 2726 2518 
690 742 1181 744 2727 1397 2728 
691 771 772 770 2729 2730 2731 
692 733 735 734 2732 2630 2609 
693 394 395 393 2733 2281 2734 
694 617 752 616 1942 2735 2736 
695 766 1207 886 1395 2737 2738 
696 747 764 746 2687 1651 2574 
697 701 1008 646 1262 2739 2740 
698 812 1122 246 2432 2741 1669 
699 312 849 339 2742 2373 2743 
700 551 574 543 2471 2744 2619 
701 673 676 671 2745 2746 2747 
702 262 975 1 1825 2748 2334 
703 415 416 414 2749 2750 2751 
704 602 624 563 2752 2753 2754 
705 848 917 847 2755 1284 2756 
706 714 901 712 2378 2757 2758 
707 944 1003 433 2759 2760 2267 
708 531 580 554 2761 2762 2442 
709 937 1017 524 2194 2763 2008 
710 359 977 369 2764 2271 2765 
711 474 475 473 2766 2767 2519 
712 402 403 400 2768 2769 2702 
713 525 531 529 2341 2444 2285 
714 451 953 586 2490 2654 2770 
715 362 703 291 2771 1439 1893 
716 442 894 508 2495 2074 2622 
717 643 707 645 2772 2773 2774 
718 827 1023 825 1680 2180 2775 
719 853 884 855 2776 1855 2777 
720 44 273 43 2778 2779 158 
721 402 405 404 2780 2781 2782 
722 424 426 425 2783 2784 2785 
723 779 1010 982 2786 2099 2282 
724 415 464 416 2708 2787 2749 
725 674 702 678 2788 2789 2790 
726 694 695 692 2791 2792 2793 
727 729 730 728 2581 2794 2632 
728 42 256 41 2795 2796 156 
729 2 978 262 2797 2798 2333 
730 690 961 755 2799 2800 2801 
731 607 609 608 1881 2802 2803 
732 628 930 654 2804 2805 2806 
733 4 239 3 2807 2808 118 
734 549 979 591 2475 2809 2810 
735 876 1109 875 1597 2811 2812 
736 445 870 449 2215 2499 2813 
737 532 984 579 2814 2815 2816 
738 888 889 500 2148 2817 2680 
739 369 424 379 2273 2818 2819 
740 424 832 426 2820 2124 2783 
741 548 571 516 2821 2822 2823 
742 405 406 404 2824 2825 2781 
743 571 597 516 2826 2827 2822 
744 504 984 532 2683 2814 2828 
745 599 1101 1088 2829 2830 2831 
746 850 852 339 2832 2189 2372 
747 506 1015 325 1294 2380 2833 
748 921 1132 259 2834 2835 2836 
749 550 989 555 2837 2697 2838 
750 548 708 598 2839 2840 2841 
751 392 394 393 2842 2734 2692 
752 413 414 412 2843 2522 2844 
753 519 650 649 2845 2846 2847 
754 475 985 473 2848 2849 2767 
755 672 674 673 2718 2850 2851 
756 436 552 438 2852 2853 2854 
757 725 727 726 2362 2855 2856 
758 408 995 407 2857 2858 2859 
759 765 790 771 2860 2861 2862 
760 438 970 440 2863 2529 2864 
761 793 979 568 2865 2474 2866 
762 562 845 366 2867 1878 2113 
763 388 389 387 2868 2869 2870 
764 503 1057 862 2871 1933 1586 
765 501 860 546 2872 2873 2874 
766 540 1012 583 2366 2875 2485 
767 741 902 859 1979 1865 2456 
768 693 694 692 2876 2793 2877 
769 773 774 772 2878 2879 2880 
770 571 626 597 2881 2882 2826 
771 421 918 501 2883 2884 2885 
772 474 476 475 2421 2886 2766 
773 398 401 400 2887 2703 2888 
774 394 397 395 2889 2508 2733 
775 628 652 592 2890 2891 2892 
776 352 358 357 2893 2894 2895 
777 402 404 403 2782 2159 2768 
778 1034 1230 497 2482 2896 2897 
779 733 739 735 2898 2899 2732 
780 105 251 104 2900 2901 219 
781 667 718 664 2902 2903 2904 
782 352 357 351 2895 1765 2905 
783 586 890 681 2655 2458 2906 
784 398 400 399 2888 2577 2645 
785 579 603 550 2907 2908 2909 
786 22 272 21 1742 2910 136 
787 681 848 847 2459 2756 2911 
788 386 388 387 2912 2870 2913 
789 409 410 408 1585 2914 2915 
790 824 1037 928 2916 2917 1767 
791 742 744 743 2728 2918 2305 
792 567 944 428 2919 2535 2463 
793 686 959 679 2920 2662 2921 
794 849 851 850 2922 2923 2371 
795 482 491 486 2691 1998 2512 
796 507 950 596 2924 2925 2926 
797 692 961 690 2927 2799 2928 
798 529 932 530 2929 2335 2413 
799 422 423 421 2930 2931 2932 
800 441 942 452 2595 2933 2523 
801 779 780 778 2284 2934 2935 
802 650 797 649 2936 2937 2846 
803 548 598 571 2841 2938 2821 
804 422 454 423 2939 2940 2930 
805 713 714 712 2941 2758 2942 
806 891 892 848 2943 2944 2354 
807 464 945 416 2945 2643 2787 
808 923 960 926 2946 2947 2948 
809 290 291 289 2949 1440 2950 
810 543 983 448 2951 2952 2384 
811 378 461 368 2953 2954 2955 
812 661 663 662 2292 2584 2956 
813 445 449 443 2813 2957 2958 
814 586 681 680 2906 2959 2960 
815 410 413 412 1424 2844 2961 
816 469 470 468 2212 2621 2962 
817 745 746 743 2575 1970 2963 
818 467 997 602 2538 2964 2965 
819 905 906 676 2966 2967 2968 
820 735 737 736 2969 2589 2628 
821 565 969 857 2970 1939 2971 
822 386 387 385 2913 2430 2972 
823 346 548 516 2973 2823 2974 
824 91 250 90 2975 2976 205 
825 1071 1136 800 2977 1801 2077 
826 406 409 408 2978 2915 2979 
827 665 668 667 2980 2565 2981 
828 1004 1043 483 2982 2983 2984 
829 698 700 699 2985 2986 2987 
830 437 458 434 2398 2988 2989 
831 922 960 923 2544 2946 2990 
832 721 722 570 2991 2992 2993 
833 478 480 479 2597 2994 2995 
834 837 838 836 2996 2997 2998 
835 17 270 16 2999 1887 131 
836 710 713 712 3000 2942 3001 
837 670 965 672 3002 2652 3003 
838 549 591 590 2810 3004 3005 
839 574 967 809 2470 3006 3007 
840 624 629 563 3008 2527 2753 
841 715 1225 1031 3009 1961 3010 
842 591 750 627 3011 3012 3013 
843 574 809 762 3007 3014 3015 
844 473 985 522 2849 3016 2500 
845 520 521 518 2132 3017 2307 
846 627 628 592 3018 2892 3019 
847 467 563 465 3020 2585 2242 
848 659 895 661 3021 2359 2598 
849 433 436 434 3022 3023 3024 
850 501 546 420 2874 3025 3026 
851 810 879 878 1827 3027 3028 
852 635 648 637 2395 2560 3029 
853 676 929 671 3030 2515 2746 
854 897 1004 483 3031 2984 3032 
855 911 913 910 2235 3033 3034 
856 394 940 397 3035 3036 2889 
857 909 911 910 1595 3034 3037 
858 707 972 645 3038 3039 2773 
859 672 673 671 2851 2747 3040 
860 600 951 794 3041 2175 3042 
861 699 701 646 3043 2740 3044 
862 585 587 537 3045 3046 3047 
863 727 728 726 2633 3048 2855 
864 346 516 506 2974 3049 3050 
865 406 407 404 3051 3052 2825 
866 922 923 589 2990 3053 3054 
867 677 965 670 3055 3002 3056 
868 507 568 549 3057 2476 3058 
869 711 963 696 3059 3060 3061 
870 805 946 298 1864 2184 2509 
871 282 1200 528 1754 3062 3063 
872 665 669 668 2192 3064 2980 
873 242 976 965 3065 2650 3066 
874 892 917 848 3067 2755 2944 
875 1098 1210 948 3068 3069 1504 
876 449 942 443 3070 2594 2957 
877 308 800 306 3071 1831 3072 
878 338 1037 824 2218 2916 3073 
879 695 963 962 3074 3075 3076 
880 482 484 481 2514 3077 2411 
881 679 841 675 2663 2352 3078 
882 423 918 421 3079 2883 2931 
883 392 453 394 3080 3081 2842 
884 708 814 598 3082 1454 2840 
885 705 1167 792 1817 1458 3083 
886 585 756 587 3084 1989 3045 
887 403 952 400 2332 2576 2769 
888 713 715 714 3085 3086 2941 
889 591 627 592 3013 3019 3087 
890 675 905 673 2351 3088 3089 
891 602 625 624 3090 3091 2752 
892 459 495 411 3092 3093 3094 
893 507 596 568 2926 3095 3057 
894 326 1015 332 2381 1289 3096 
895 674 976 702 2717 3097 2788 
896 321 1002 323 3098 2225 3099 
897 532 535 505 3100 1260 3101 
898 645 972 698 3039 3102 3103 
899 688 689 686 3104 3105 3106 
900 448 983 450 2952 1467 3107 
901 942 1095 452 3108 1830 2933 
902 628 654 653 2806 3109 3110 
903 554 932 529 2385 2929 2443 
904 725 726 578 2856 3111 3112 
905 696 963 695 3060 3074 3113 
906 444 445 443 3114 2958 3115 
907 849 908 851 2083 3116 2922 
908 1088 1101 832 2830 3117 3118 
909 808 895 659 1346 3021 3119 
910 497 1230 856 2896 3120 3121 
911 562 900 845 3122 1718 2867 
912 406 408 407 2979 2859 3051 
913 407 995 991 2858 3123 3124 
914 673 905 676 3088 2968 2745 
915 765 770 764 3125 1331 2686 
916 346 1002 548 2226 3126 2973 
917 688 938 691 3127 3128 3129 
918 582 937 463 2195 2624 2615 
919 655 723 657 3130 3131 3132 
920 681 846 680 3133 3134 2959 
921 655 656 653 3135 3136 3137 
922 451 586 551 2770 3138 2618 
923 843 955 839 1637 3139 3140 
924 669 677 670 3141 3056 3142 
925 886 963 711 3143 3059 3144 
926 687 688 686 3145 3106 3146 
927 691 692 690 3147 2928 3148 
928 383 922 589 2530 3054 2675 
929 459 507 495 3149 3150 3092 
930 308 887 800 2415 2078 3071 
931 603 989 550 1594 2837 2908 
932 659 660 576 2600 3151 3152 
933 737 740 738 3153 2453 2587 
934 479 513 477 3154 3155 3156 
935 918 992 501 3157 3158 2884 
936 908 909 851 1640 3159 3116 
937 530 633 632 2377 3160 2551 
938 502 547 536 1471 3161 3162 
939 670 672 671 3003 3040 2605 
940 752 844 616 3163 3164 2735 
941 655 988 723 3165 3166 3130 
942 691 693 692 3167 2877 3147 
943 838 843 839 3168 3140 3169 
944 715 716 714 3170 3171 3086 
945 100 276 99 3172 3173 214 
946 665 667 664 2981 2904 2646 
947 424 977 832 2272 3174 2820 
948 466 469 468 2197 2962 2303 
949 681 847 846 2911 1299 3133 
950 777 779 778 3175 2935 3176 
951 296 537 297 3177 3178 3179 
952 838 839 836 3169 3180 2997 
953 418 422 421 2558 2932 3181 
954 648 876 875 3182 2812 2559 
955 433 434 432 3024 3183 3184 
956 710 711 696 3185 3061 3186 
957 611 612 610 3187 3188 2278 
958 654 655 653 3189 3137 3109 
959 413 415 414 3190 2751 2843 
960 688 691 690 3129 3148 3191 
961 656 968 653 2298 3192 3136 
962 605 607 606 3193 3194 3195 
963 489 526 517 2070 3196 2466 
964 669 670 668 3142 2606 3064 
965 371 373 372 3197 3198 2288 
966 436 437 434 3199 2989 3023 
967 891 893 892 2123 2006 2943 
968 687 939 938 3200 1496 3201 
969 444 446 445 2260 3202 3114 
970 896 1163 915 3203 3204 3205 
971 644 768 642 3206 3207 3208 
972 950 1001 596 1912 3209 2925 
973 467 602 563 2965 2754 3020 
974 1 975 115 2748 3210 230 
975 766 886 711 2738 3144 3211 
976 346 506 325 3050 2833 3212 
977 643 916 707 2704 3213 2772 
978 453 940 394 1324 3035 3081 
979 459 950 507 3214 2924 3149 
980 609 610 608 2279 3215 2802 
981 857 907 758 2348 3216 3217 
982 810 878 725 3028 2361 3218 
983 925 927 924 3219 1795 3220 
984 435 502 457 2541 3221 2391 
985 591 592 590 3087 3222 3004 
986 504 532 505 2828 3101 3223 
987 709 710 696 3224 3186 3225 
988 365 435 366 3226 2392 2719 
989 722 753 570 3227 3228 2992 
990 507 549 495 3058 3229 3150 
991 586 680 551 2960 2505 3138 
992 658 808 659 3230 3119 3231 
993 60 271 59 3232 3233 174 
994 771 773 772 3234 2880 2729 
995 710 712 711 3001 3235 3185 
996 489 490 487 2468 3236 2422 
997 765 771 770 2862 2731 3125 
998 430 433 432 2268 3184 3237 
999 694 696 695 3238 3113 2791 
1000 591 979 750 2809 3239 3011 
1001 684 983 543 3240 2951 3241 
1002 620 682 621 3242 3243 3244 
1003 234 1189 1110 3245 2315 3246 
1004 695 961 692 3247 2927 2792 
1005 390 392 391 3248 2693 3249 
1006 624 867 629 3250 2071 3008 
1007 652 991 592 3251 3252 2891 
1008 712 901 766 2757 1766 3253 
1009 628 653 652 3110 3254 2890 
1010 574 684 543 3255 3241 2744 
1011 815 999 752 3256 3257 1941 
1012 674 678 675 2790 3258 3259 
1013 302 881 380 2165 1966 2592 
1014 585 954 757 3260 1805 3261 
1015 600 794 793 3042 1552 3262 
1016 533 1030 511 2461 3263 3264 
1017 674 675 673 3259 3089 2850 
1018 585 757 756 3261 1516 3084 
1019 879 1144 878 1689 3265 3027 
1020 579 828 603 3266 3267 2907 
1021 347 348 345 3268 2447 3269 
1022 552 970 438 1559 2863 2853 
1023 826 827 825 3270 2775 3271 
1024 780 781 778 2547 3272 2934 
1025 625 1111 914 3273 1896 1973 
1026 835 836 834 3274 3275 3276 
1027 712 766 711 3253 3211 3235 
1028 850 853 852 3277 3278 2832 
1029 474 897 483 2726 3032 2419 
1030 253 821 819 3279 1451 2313 
1031 412 966 459 2521 3280 3281 
1032 853 855 854 2777 1822 3282 
1033 456 918 423 3283 3079 3284 
1034 486 487 484 2423 3285 2513 
1035 459 966 950 3280 3286 3214 
1036 909 910 851 3037 3287 3159 
1037 882 1017 900 2343 2528 3288 
1038 483 1043 842 2983 1791 2553 
1039 440 441 439 3289 2525 3290 
1040 436 1003 552 3291 1686 2852 
1041 826 996 827 1362 3292 3270 
1042 517 518 490 2308 3293 2467 
1043 410 411 408 3294 3295 2914 
1044 35 1080 244 3296 1311 1623 
1045 601 951 600 1466 3041 3297 
1046 738 1061 736 3298 3299 2588 
1047 627 930 628 3300 2804 3018 
1048 566 577 544 3301 3302 3303 
1049 382 383 381 3304 2677 3305 
1050 386 396 388 3306 3307 2912 
1051 722 754 753 3308 2617 3227 
1052 536 868 457 1978 2309 3309 
1053 407 1014 404 3310 2157 3052 
1054 510 512 511 3311 3312 2670 
1055 716 833 714 3313 2379 3171 
1056 389 1070 387 1632 3314 2869 
1057 923 926 925 2948 3315 3316 
1058 835 837 836 3317 2998 3274 
1059 992 1086 626 3318 1620 3319 
1060 829 831 830 3320 3321 3322 
1061 492 920 415 1659 2706 3323 
1062 412 459 411 3281 3094 3324 
1063 689 959 686 3325 2920 3105 
1064 77 795 266 1672 2135 3326 
1065 655 657 656 3132 2265 3135 
1066 303 496 305 3327 3328 3329 
1067 596 600 568 3330 3331 3095 
1068 549 590 495 3005 3332 3229 
1069 632 1004 897 3333 3031 2053 
1070 646 1008 644 2739 3334 3335 
1071 532 579 550 2816 2909 3336 
1072 620 621 619 3244 2224 3337 
1073 436 438 437 2854 3338 3199 
1074 93 275 92 3339 3340 207 
1075 928 1037 462 2917 3341 2572 
1076 644 1008 768 3334 1517 3206 
1077 761 1182 898 3342 3343 1391 
1078 27 267 26 3344 2059 141 
1079 756 1224 1011 1515 3345 1988 
1080 476 477 475 2689 3346 2886 
1081 388 390 389 3347 3348 2868 
1082 438 440 439 2864 3290 3349 
1083 724 810 725 3350 3218 3351 
1084 687 938 688 3201 3127 3145 
1085 882 900 562 3288 3122 2364 
1086 620 791 682 1384 3352 3242 
1087 550 555 535 2838 3353 3354 
1088 784 787 786 3355 2604 2641 
1089 678 679 675 3356 3078 3258 
1090 1006 1147 247 3357 1485 3358 
1091 777 778 776 3176 3359 3360 
1092 695 962 961 3076 3361 3247 
1093 532 550 535 3336 3354 3100 
1094 446 448 447 2358 3362 3363 
1095 519 649 599 2847 3364 3365 
1096 584 585 537 3366 3047 3367 
1097 698 699 646 2987 3044 3368 
1098 694 709 696 3369 3225 3238 
1099 449 1075 942 2407 3370 3070 
1100 442 443 441 3371 2596 3372 
1101 384 386 385 3373 2972 3374 
1102 10 863 9 3375 2115 124 
1103 777 858 779 3376 3377 3175 
1104 761 1032 747 1418 3378 2679 
1105 707 973 972 3379 3380 3038 
1106 495 995 411 3381 3382 3093 
1107 504 505 455 3223 3383 3384 
1108 95 247 94 3385 3386 209 
1109 858 1172 1010 3387 3388 3389 
1110 923 924 589 3390 3391 3053 
1111 344 345 342 3392 2388 3393 
1112 397 1094 398 1360 3394 2506 
1113 416 417 414 3395 2602 2750 
1114 555 706 705 2699 1654 3396 
1115 424 425 379 2785 3397 2818 
1116 653 968 652 3192 3398 3254 
1117 522 997 471 3399 3400 2501 
1118 596 601 600 3401 3297 3330 
1119 330 1123 1074 3402 3403 3404 
1120 579 829 828 3405 3406 3266 
1121 239 978 3 1885 3407 2808 
1122 9 238 8 2117 3408 123 
1123 941 1143 840 3409 1386 3410 
1124 461 986 368 3411 3412 2954 
1125 1069 1251 1131 3413 3414 3415 
1126 256 1159 981 3416 3417 1736 
1127 966 1035 950 3418 1910 3286 
1128 654 988 655 3419 3165 3189 
1129 574 762 684 3015 3420 3255 
1130 690 755 689 2801 3421 3422 
1131 645 698 646 3103 3368 3423 
1132 348 1025 582 3424 1712 2614 
1133 688 690 689 3191 3422 3104 
1134 431 499 429 2090 3425 3426 
1135 358 365 357 3427 2720 2894 
1136 987 1061 859 3428 3429 2051 
1137 413 492 415 1647 3323 3190 
1138 661 662 660 2956 3430 2599 
1139 641 643 642 2705 3431 3432 
1140 639 647 641 2276 2439 3433 
1141 918 1086 992 3434 3318 3157 
1142 577 578 544 3435 3436 3302 
1143 685 687 686 3437 3146 3438 
1144 480 481 479 2412 3439 2994 
1145 446 447 445 3363 2216 3202 
1146 744 745 743 3440 2963 2918 
1147 592 991 590 3252 3441 3222 
1148 358 986 365 3442 3443 3427 
1149 933 1041 956 3444 3445 3446 
1150 111 252 110 3447 3448 225 
1151 75 1202 74 1928 3449 189 
1152 1013 1039 662 3450 3451 2715 
1153 454 504 455 2722 3384 3452 
1154 438 439 437 3349 2568 3338 
1155 767 1181 234 1398 3453 1463 
1156 579 984 829 2815 3454 3405 
1157 448 450 447 3107 3455 3362 
1158 440 442 441 2496 3372 3289 
1159 705 792 573 3083 3456 3457 
1160 693 1016 694 3458 3459 2876 
1161 390 391 389 3249 3460 3348 
1162 944 1124 1003 3461 3462 2759 
1163 864 865 240 3463 3464 3465 
1164 632 957 527 2052 3466 2552 
1165 896 915 666 3205 2497 2640 
1166 581 749 697 2327 3467 3468 
1167 411 995 408 3382 2857 3295 
1168 349 352 351 3469 2905 3470 
1169 296 584 537 3471 3367 3177 
1170 773 775 774 3472 2608 2878 
1171 734 1096 732 2478 1839 2610 
1172 819 820 760 3473 3474 2314 
1173 710 998 713 3475 3476 3000 
1174 724 725 578 3351 3112 3477 
1175 643 644 642 3478 3208 3431 
1176 108 1038 242 3479 3480 2322 
1177 77 266 76 3326 2001 191 
1178 511 1029 375 3481 3482 2671 
1179 600 793 568 3262 2866 3331 
1180 344 347 345 3483 3269 3392 
1181 12 255 11 3484 3485 126 
1182 555 705 573 3396 3457 3486 
1183 362 799 798 1926 3487 3488 
1184 727 748 729 2065 3489 2631 
1185 442 444 443 2623 3115 3371 
1186 241 1126 938 3490 3491 1497 
1187 683 1005 559 3492 3493 3494 
1188 615 616 613 3495 3496 3497 
1189 89 274 88 3498 3499 203 
1190 650 958 797 1663 1656 2936 
1191 384 385 383 3374 2531 3500 
1192 716 835 834 3501 3276 3502 
1193 569 570 538 3503 3504 3505 
1194 709 998 710 3506 3475 3224 
1195 292 294 293 3507 3508 2014 
1196 344 349 347 3509 3510 3483 
1197 416 418 417 2644 3511 3395 
1198 1011 1224 889 3345 3512 2183 
1199 478 479 477 2995 3156 2688 
1200 376 382 381 3513 3305 3514 
1201 454 455 423 3452 3515 2940 
1202 450 493 447 3516 2034 3455 
1203 788 804 803 2088 3517 2081 
1204 597 1232 967 3518 3519 2111 
1205 410 412 411 2961 3324 3294 
1206 349 351 347 3470 3520 3510 
1207 590 995 495 3521 3381 3332 
1208 637 639 638 2250 3522 3523 
1209 700 720 699 3524 3525 2986 
1210 555 573 535 3486 1288 3353 
1211 751 949 577 3526 3527 3528 
1212 433 1003 436 2760 3291 3022 
1213 716 834 833 3502 1901 3313 
1214 1005 1006 874 3529 2108 3530 
1215 501 992 860 3158 3531 2872 
1216 637 638 636 3523 3532 3533 
1217 584 954 585 3534 3260 3366 
1218 703 1077 704 1876 2667 1409 
1219 58 236 57 1984 3535 172 
1220 279 280 278 3536 1583 3537 
1221 314 849 312 2084 2742 3538 
1222 780 783 782 2586 3539 2545 
1223 471 997 468 3400 2537 2620 
1224 577 724 578 3540 3477 3435 
1225 527 957 485 3466 2603 2539 
1226 3 978 2 3407 2797 117 
1227 829 830 828 3322 1455 3406 
1228 677 993 965 3541 3542 3055 
1229 685 686 679 3438 2921 3543 
1230 418 421 420 3181 3544 3545 
1231 548 1002 708 3126 3546 2839 
1232 502 536 457 3162 3309 3221 
1233 340 1245 971 2542 2634 1710 
1234 323 346 325 2227 3212 3547 
1235 589 990 381 3548 2093 2676 
1236 856 1177 498 3549 1918 3550 
1237 487 509 484 3551 3552 3285 
1238 461 1129 986 3553 1642 3411 
1239 364 371 370 3554 2289 2659 
1240 851 1019 850 3555 3556 2923 
1241 867 1104 328 1676 3557 1858 
1242 660 1030 576 3558 2460 3151 
1243 991 995 590 3123 3521 3441 
1244 921 1182 761 3559 3342 2549 
1245 643 645 644 2774 3560 3478 
1246 233 904 903 3561 3562 2295 
1247 264 1009 5 2062 3563 2591 
1248 933 956 634 3446 2417 2653 
1249 649 1124 1101 3564 3565 3566 
1250 575 719 658 2012 3567 3568 
1251 421 501 420 2885 3026 3544 
1252 539 569 538 1899 3505 3569 
1253 566 994 751 3570 2428 3571 
1254 678 685 679 3572 3543 3356 
1255 639 640 638 3573 1993 3522 
1256 910 1019 851 3574 3555 3287 
1257 531 631 580 2022 2638 2761 
1258 569 721 570 3575 2993 3503 
1259 580 581 554 2716 3576 2762 
1260 566 751 577 3571 3528 3301 
1261 658 659 576 3231 3152 3577 
1262 426 427 425 2695 3578 2784 
1263 458 987 434 3579 3580 2988 
1264 368 986 358 3412 3442 3581 
1265 515 566 544 3582 3303 3583 
1266 652 1014 991 3584 3585 3251 
1267 844 947 616 3586 3587 3164 
1268 923 925 924 3316 3220 3390 
1269 645 646 644 3423 3335 3560 
1270 5 1009 4 3563 3588 119 
1271 565 588 561 3589 3590 3591 
1272 347 1025 348 3592 3424 3268 
1273 1030 1039 1029 3593 3594 3595 
1274 524 1017 974 2763 2342 2472 
1275 519 599 343 3365 3596 3597 
1276 762 801 684 3598 3599 3420 
1277 359 1059 977 3600 3601 2764 
1278 611 934 614 2294 2054 3602 
1279 853 1019 884 3603 3604 2776 
1280 382 384 383 3605 3500 3304 
1281 615 617 616 3606 2736 3495 
1282 641 642 640 3432 3607 3608 
1283 837 1134 838 1733 3609 2996 
1284 639 641 640 3433 3608 3573 
1285 853 854 852 3282 3610 3278 
1286 635 637 636 3029 3533 3611 
1287 284 1223 1200 3612 3613 1753 
1288 547 593 536 2013 1909 3161 
1289 391 1083 389 3614 1630 3460 
1290 865 866 240 3615 3616 3464 
1291 575 658 576 3568 3577 3617 
1292 816 1254 1000 2067 3618 1447 
1293 613 947 612 3619 2713 3620 
1294 105 1036 251 3621 1935 2900 
1295 285 1056 353 3622 3623 3624 
1296 512 1048 557 3625 3626 2449 
1297 337 1044 341 3627 3628 3629 
1298 1074 1123 708 3403 3630 3631 
1299 804 806 803 3632 1275 3517 
1300 353 355 354 3633 3634 3635 
1301 317 330 319 3636 3637 3638 
1302 991 1014 407 3585 3310 3124 
1303 569 759 721 1914 3639 3575 
1304 577 949 724 3527 3640 3540 
1305 559 1005 558 3493 3641 3642 
1306 515 544 493 3583 3643 3644 
1307 312 339 310 2743 2208 3645 
1308 455 456 423 3646 3284 3515 
1309 299 300 298 3647 2510 3648 
1310 737 871 740 3649 3650 3153 
1311 773 789 775 3651 3652 3472 
1312 635 636 633 3611 3653 2709 
1313 4 1009 239 3588 3654 2807 
1314 376 419 382 3655 3656 3513 
1315 581 697 554 3468 2386 3576 
1316 575 576 533 3617 2462 3657 
1317 458 1061 987 3658 3428 3579 
1318 565 857 758 2971 3217 3659 
1319 583 1213 819 3660 3661 1417 
1320 723 1011 657 1568 2182 3131 
1321 618 619 617 3662 2138 3663 
1322 785 1129 1081 2349 3664 3665 
1323 820 1213 1023 3666 2299 1903 
1324 297 298 295 3667 2186 3668 
1325 1075 1095 942 3669 3108 3370 
1326 297 299 298 2725 3648 3667 
1327 432 494 431 3670 2139 3671 
1328 367 840 360 3672 2647 3673 
1329 362 798 703 3488 1877 2771 
1330 924 990 589 2171 3548 3391 
1331 373 510 375 3674 2672 3675 
1332 450 515 493 1280 3644 3516 
1333 607 608 606 2803 3676 3194 
1334 299 331 301 2627 3677 3678 
1335 427 497 425 3679 3680 3578 
1336 694 1016 709 3459 3681 3369 
1337 596 1001 601 3209 3682 3401 
1338 557 605 559 3683 3684 3685 
1339 775 777 776 3686 3360 2607 
1340 538 1021 518 3687 3688 3689 
1341 367 941 840 1370 3410 3672 
1342 428 429 427 3690 3691 2694 
1343 301 302 300 3692 2593 3693 
1344 1024 1184 949 3694 3695 1731 
1345 430 431 429 3696 3426 3697 
1346 605 606 559 3195 3698 3684 
1347 965 993 242 3542 2072 3066 
1348 951 1123 330 1465 3402 1938 
1349 303 1020 496 3699 3700 3327 
1350 434 987 432 3580 3701 3183 
1351 610 630 608 3702 3703 3215 
1352 526 826 825 3704 3271 3705 
1353 718 1013 664 3706 2714 2903 
1354 353 1055 355 3707 3708 3633 
1355 512 556 533 2450 3709 3710 
1356 435 1057 503 3711 2871 2540 
1357 322 460 320 3712 1848 3713 
1358 432 987 494 3701 2050 3670 
1359 428 430 429 2536 3697 3690 
1360 587 1026 537 3714 3715 3046 
1361 669 1092 677 3716 1757 3141 
1362 301 1020 303 3717 3699 3718 
1363 376 381 374 3514 2095 3719 
1364 258 1254 817 3720 2066 1523 
1365 557 559 558 3685 3642 2230 
1366 307 327 309 3721 3722 3723 
1367 556 575 533 2206 3657 3709 
1368 614 615 613 3724 3497 3725 
1369 418 420 417 3545 3726 3511 
1370 834 1066 920 3727 3728 1900 
1371 558 1005 874 3641 3530 2710 
1372 232 1091 38 1381 3729 3730 
1373 514 1053 984 1570 3731 2682 
1374 854 1128 754 1821 2616 2238 
1375 993 1036 106 3732 3733 1951 
1376 1020 1168 496 2030 3734 3700 
1377 333 337 336 3735 3736 3737 
1378 98 257 97 3738 3739 212 
1379 968 1014 652 2473 3584 3398 
1380 636 1004 633 3740 3741 3653 
1381 1003 1124 797 3462 3742 1687 
1382 243 1076 101 1564 3743 1944 
1383 106 1036 105 3733 3621 220 
1384 341 343 342 3744 3745 3746 
1385 333 336 329 3737 1925 3747 
1386 783 784 782 3748 3749 3539 
1387 379 498 378 3750 3751 3752 
1388 850 1019 853 3556 3603 3277 
1389 858 1010 779 3389 2786 3377 
1390 18 1024 17 2404 3753 132 
1391 1013 1079 419 3754 3755 3756 
1392 343 1018 344 3757 3758 3759 
1393 419 1039 1013 3760 3450 3756 
1394 560 565 561 3761 3591 2172 
1395 419 1079 382 3755 3762 3656 
1396 565 758 588 3659 3763 3589 
1397 599 1018 343 3764 3757 3596 
1398 747 1032 765 3378 3765 2685 
1399 242 1038 976 3480 3766 3065 
1400 784 785 782 2642 3767 3749 
1401 606 683 559 3768 3494 3698 
1402 976 1038 702 3766 3769 3097 
1403 109 1038 108 3770 3479 223 
1404 521 538 518 3771 3689 3017 
1405 633 1004 632 3741 3333 3160 
1406 616 947 613 3587 3619 3496 
1407 636 1043 1004 3772 2982 3740 
1408 39 232 38 3773 3730 153 
1409 303 304 302 3774 2166 3775 
1410 318 334 316 1931 2035 3776 
1411 615 618 617 3777 3663 3606 
1412 341 1044 519 3628 3778 3779 
1413 920 1066 464 3728 3780 2707 
1414 858 1118 232 3781 1379 3782 
1415 726 1027 578 3783 3784 3111 
1416 783 980 784 2037 3785 3748 
1417 61 1042 60 3786 3787 175 
1418 981 1159 273 3417 3788 1373 
1419 1001 1146 601 3789 1841 3682 
1420 299 301 300 3678 3693 3647 
1421 351 1025 347 2060 3592 3520 
1422 377 1100 1082 1906 1947 3790 
1423 718 1114 1079 3791 2561 3792 
1424 60 1042 271 3787 2375 3232 
1425 947 1170 948 3793 1628 2711 
1426 537 1026 297 3715 2724 3178 
1427 311 534 313 3794 3795 3796 
1428 82 258 81 3797 3798 196 
1429 753 1021 570 3799 3800 3228 
1430 341 342 338 3746 2219 3801 
1431 717 1145 354 3802 3803 3804 
1432 790 1065 771 1614 3805 2861 
1433 896 1203 1163 2555 3806 3203 
1434 114 241 113 3807 1298 228 
1435 115 1022 114 3808 3809 229 
1436 62 248 61 3810 3811 176 
1437 1069 1131 327 3415 3812 3813 
1438 787 980 812 3814 1389 2176 
1439 904 1199 903 3815 3816 3562 
1440 752 1217 844 3817 2220 3163 
1441 521 539 538 2578 3569 3771 
1442 305 306 304 3818 2098 3819 
1443 907 1212 1201 2483 3820 3821 
1444 356 717 354 3822 3804 3823 
1445 255 1208 828 3824 3825 1457 
1446 254 1164 69 3826 2178 1815 
1447 622 816 815 1785 3827 2569 
1448 343 344 342 3759 3393 3745 
1449 611 614 613 3602 3725 3828 
1450 331 1020 301 3829 3717 3677 
1451 715 1031 716 3010 3830 3170 
1452 480 1054 482 2440 2690 2410 
1453 375 1029 376 3482 3831 3832 
1454 344 1018 349 3758 3833 3509 
1455 526 825 517 3705 2026 3196 
1456 744 921 745 3834 2548 3440 
1457 546 1035 420 2101 3835 3025 
1458 1027 1084 870 3836 2498 2339 
1459 1063 1161 257 2489 1291 3837 
1460 793 1127 979 1525 3838 2865 
1461 417 1035 966 3839 3418 2601 
1462 512 533 511 3710 3264 3312 
1463 352 1059 359 3840 3600 3841 
1464 462 1037 345 3341 2387 2446 
1465 288 289 286 3842 3843 3844 
1466 296 297 295 3179 3668 3845 
1467 519 1044 650 3778 1477 2845 
1468 430 432 431 3237 3671 3696 
1469 114 1022 241 3809 3846 3807 
1470 836 1066 834 3847 3727 3275 
1471 863 1135 238 3848 3849 2116 
1472 8 1062 7 3850 3851 122 
1473 975 1022 115 3852 3808 3210 
1474 427 1034 497 3853 2897 3679 
1475 340 1044 337 1709 3627 3854 
1476 505 1051 455 1589 3855 3383 
1477 518 1021 490 3688 3856 3293 
1478 716 1031 835 3830 3857 3501 
1479 765 1032 790 3765 1329 2860 
1480 630 1046 608 3858 3859 3703 
1481 341 519 343 3779 3597 3744 
1482 784 980 787 3785 3814 3355 
1483 945 1115 422 1838 3860 2557 
1484 557 1048 605 3626 3861 3683 
1485 940 1171 397 3862 1358 3036 
1486 326 328 324 3863 3864 3865 
1487 338 824 336 3073 2491 3866 
1488 337 341 338 3629 3801 3867 
1489 829 1053 831 3868 2368 3320 
1490 510 1048 512 3869 3625 3311 
1491 88 1072 87 3870 3871 202 
1492 274 1072 88 3872 3870 3499 
1493 685 1113 687 1635 3873 3437 
1494 326 329 328 3874 2402 3863 
1495 247 1226 1006 3875 3876 3358 
1496 624 1099 867 3877 1677 3250 
1497 737 1040 871 3878 2263 3649 
1498 660 1039 1030 3879 3593 3558 
1499 570 1021 538 3800 3687 3504 
1500 1172 1235 1010 3880 3881 3388 
1501 86 1097 85 3882 3883 200 
1502 1029 1039 419 3594 3760 3884 
1503 337 338 336 3867 3866 3736 
1504 618 620 619 1527 3337 3662 
1505 307 308 306 3885 3072 3886 
1506 83 1233 1231 3887 3888 3889 
1507 378 1155 461 3890 3891 2953 
1508 369 379 378 2819 3752 3892 
1509 85 1097 268 3883 3893 1870 
1510 268 1097 999 3893 3894 1506 
1511 453 1239 841 3895 3896 1325 
1512 676 1125 929 3897 1666 3030 
1513 1020 1238 988 3898 3899 2031 
1514 700 1216 720 2040 2436 3524 
1515 735 1040 737 3900 3878 2969 
1516 17 1024 270 3753 1883 2999 
1517 511 1030 1029 3263 3595 3481 
1518 804 1105 806 2129 1888 3632 
1519 638 1043 636 1610 3772 3532 
1520 938 1126 691 3491 3901 3128 
1521 294 296 295 3902 3845 3903 
1522 279 281 280 3904 3905 3536 
1523 816 999 815 1507 3256 3827 
1524 1081 1129 461 3664 3553 3906 
1525 301 303 302 3718 3775 3692 
1526 87 1072 231 3871 1867 2492 
1527 384 1114 386 2562 3907 3373 
1528 1002 1074 708 3908 3631 3546 
1529 1048 1100 605 1948 3909 3861 
1530 578 1027 544 3784 3910 3436 
1531 611 613 612 3828 3620 3187 
1532 704 1223 289 3911 3912 1410 
1533 420 1035 417 3835 3839 3726 
1534 309 310 308 3913 2416 3914 
1535 294 295 293 3903 2696 3508 
1536 15 864 240 2363 3465 3915 
1537 333 340 337 2543 3854 3735 
1538 234 1110 28 3246 3916 1652 
1539 359 368 358 3917 3581 3918 
1540 662 1039 660 3451 3879 3430 
1541 311 312 310 3919 3645 3920 
1542 28 1110 27 3916 3921 142 
1543 856 1214 497 3922 3923 3121 
1544 544 1027 493 3910 2338 3643 
1545 856 1230 774 3120 3924 2533 
1546 883 1256 272 3925 3926 1741 
1547 1061 1089 736 3927 2639 3299 
1548 832 1101 567 3117 3928 2125 
1549 369 378 368 3892 2955 3929 
1550 387 1070 545 3314 1412 2429 
1551 623 1165 818 3930 2048 1786 
1552 854 1071 852 2237 3931 3610 
1553 642 1103 640 3932 3933 3607 
1554 612 1049 610 3934 3935 3188 
1555 977 1088 832 3936 3118 3174 
1556 373 375 374 3675 3937 3938 
1557 288 564 290 3939 3940 3941 
1558 852 1071 887 3931 2076 2187 
1559 373 374 372 3938 2390 3198 
1560 364 377 371 3942 3943 3554 
1561 47 1028 46 3944 2256 161 
1562 560 969 565 3945 2970 3761 
1563 904 1229 1199 1834 3946 3815 
1564 797 1124 649 3742 3564 2937 
1565 762 1051 801 3947 1588 3598 
1566 739 1040 735 1684 3900 2899 
1567 513 1138 884 3948 1853 3949 
1568 986 1057 365 1644 3950 3443 
1569 526 1219 826 3951 3952 3704 
1570 948 1049 612 3953 3934 2712 
1571 303 305 304 3329 3819 3774 
1572 268 1233 84 3954 3955 1871 
1573 859 1061 738 3429 3298 2457 
1574 305 307 306 3956 3886 3818 
1575 776 1177 856 3957 3549 2532 
1576 352 359 358 3841 3918 2893 
1577 872 1092 669 2318 3716 2191 
1578 1141 1149 794 2665 1551 2174 
1579 726 1084 1027 3958 3836 3783 
1580 315 316 314 3959 1917 3960 
1581 51 1045 50 1356 2085 165 
1582 454 1115 514 3961 3962 2721 
1583 325 326 324 2382 3865 3963 
1584 233 1087 904 2365 1269 3561 
1585 510 1082 1048 3964 1949 3869 
1586 749 1185 697 1350 3965 3467 
1587 321 1074 1002 3966 3908 3098 
1588 514 1115 955 3962 2245 1571 
1589 1041 1107 956 1618 3967 3445 
1590 327 1060 309 3968 3969 3722 
1591 375 376 374 3832 3719 3937 
1592 972 1174 698 1793 3970 3102 
1593 353 1056 1055 3623 1574 3707 
1594 311 1060 534 3971 3972 3794 
1595 610 1049 630 3935 3973 3702 
1596 365 1057 435 3950 3711 3226 
1597 649 1101 599 3566 2829 3364 
1598 930 1168 654 3974 3975 2805 
1599 353 354 287 3635 3976 3977 
1600 720 1120 699 1376 3978 3525 
1601 903 1199 748 3816 3979 3980 
1602 7 1062 899 3851 1648 2681 
1603 1066 1119 464 3981 3982 3780 
1604 359 369 368 2765 3929 3917 
1605 376 1029 419 3831 3884 3655 
1606 677 1036 993 1759 3732 3541 
1607 307 309 308 3723 3914 3885 
1608 332 333 329 1432 3747 3983 
1609 926 1152 1064 3984 3985 1691 
1610 886 1207 405 2737 3986 3987 
1611 758 1007 588 3988 3989 3763 
1612 523 1056 283 3990 3991 3992 
1613 94 1073 93 3993 3994 208 
1614 429 1034 427 3995 3853 3691 
1615 326 332 329 3096 3983 3874 
1616 238 1062 8 3996 3850 3408 
1617 498 1214 856 3997 3922 3550 
1618 97 1068 96 3998 3999 211 
1619 246 1122 45 2741 4000 1789 
1620 915 1163 251 3204 4001 2252 
1621 785 1081 782 3665 4002 3767 
1622 750 1131 627 4003 4004 3012 
1623 281 283 282 4005 4006 4007 
1624 1000 1233 268 4008 3954 1448 
1625 602 1111 625 4009 3273 3090 
1626 260 1204 73 1674 4010 2146 
1627 315 317 316 4011 4012 3959 
1628 355 1055 367 3708 1553 4013 
1629 499 1034 429 4014 3995 3425 
1630 984 1053 829 3731 3868 3454 
1631 321 322 320 4015 3713 4016 
1632 232 1172 858 4017 3387 3782 
1633 630 1093 1046 4018 4019 3858 
1634 782 1081 781 4002 4020 2546 
1635 933 1185 1041 4021 4022 3444 
1636 313 314 312 4023 3538 4024 
1637 771 1065 773 3805 4025 3234 
1638 323 324 322 4026 4027 4028 
1639 455 1051 456 3855 4029 3646 
1640 317 318 316 4030 3776 4012 
1641 311 313 312 3796 4024 3919 
1642 597 1236 516 4031 4032 2827 
1643 1046 1093 1047 4019 1798 4033 
1644 99 1063 98 4034 4035 213 
1645 370 1108 361 1967 4036 2660 
1646 323 325 324 3547 3963 4026 
1647 839 1066 836 4037 3847 3180 
1648 401 1157 402 1819 4038 2701 
1649 843 1242 831 4039 4040 2369 
1650 248 1042 61 4041 3786 3811 
1651 252 1102 110 4042 4043 3448 
1652 93 1073 275 3994 1773 3339 
1653 100 1076 276 4044 2426 3172 
1654 255 1116 11 1607 4045 3485 
1655 496 1069 305 4046 4047 3328 
1656 13 1058 12 4048 4049 127 
1657 1046 1047 683 4033 4050 4051 
1658 773 1065 789 4025 1306 3651 
1659 296 1064 584 4052 4053 3471 
1660 1075 1084 728 2406 4054 4055 
1661 648 1107 876 4056 1460 3182 
1662 319 320 318 4057 1683 4058 
1663 680 1169 967 4059 2109 2504 
1664 65 261 64 4060 4061 179 
1665 621 623 622 4062 2448 2222 
1666 1101 1124 567 3565 4063 3928 
1667 961 1218 755 4064 4065 2800 
1668 330 1074 319 3404 4066 3637 
1669 277 1028 47 4067 3944 2134 
1670 931 1096 1089 4068 2477 4069 
1671 319 321 320 4070 4016 4057 
1672 781 1177 778 1761 4071 3272 
1673 931 1089 458 4069 4072 2397 
1674 317 319 318 3638 4058 4030 
1675 276 1063 99 4073 4034 3173 
1676 713 1142 715 4074 4075 3085 
1677 319 1074 321 4066 3966 4070 
1678 820 1191 760 1902 4076 3474 
1679 1090 1187 682 4077 4078 4079 
1680 796 1187 1090 4080 4077 1557 
1681 884 1150 513 4081 1508 3949 
1682 309 311 310 4082 3920 3913 
1683 321 323 322 3099 4028 4015 
1684 978 1196 262 2080 2167 2798 
1685 322 1104 460 4083 1711 3712 
1686 309 1060 311 3969 3971 4082 
1687 1072 1170 844 4084 4085 1868 
1688 640 1103 1052 3933 4086 1992 
1689 730 1075 728 4087 4055 2794 
1690 587 1139 1026 1437 4088 3714 
1691 728 1084 726 4054 3958 3048 
1692 289 1223 286 3912 4089 3843 
1693 963 1244 962 4090 4091 3075 
1694 500 1083 391 4092 3614 2400 
1695 305 1069 307 4047 4093 3956 
1696 313 315 314 4094 3960 4023 
1697 290 292 291 4095 2015 2949 
1698 733 1229 739 4096 1833 2898 
1699 266 553 279 2136 4097 4098 
1700 91 1106 250 4099 4100 2975 
1701 1116 1250 863 4101 4102 4103 
1702 606 1046 683 4104 4051 3768 
1703 59 1085 58 4105 1983 173 
1704 283 1056 285 3991 3622 4106 
1705 12 1058 255 4049 4107 3484 
1706 292 335 294 4108 4109 3507 
1707 571 1205 626 4110 4111 2881 
1708 509 1154 484 1544 4112 3552 
1709 1161 1243 719 2488 4113 4114 
1710 271 1085 59 1797 4105 3233 
1711 1059 1088 977 4115 3936 3601 
1712 475 1180 985 4116 4117 2848 
1713 1007 1200 704 4118 4119 2669 
1714 267 1110 871 4120 2317 2264 
1715 307 1069 327 4093 3813 3721 
1716 959 1171 940 4121 3862 1378 
1717 101 1076 100 3743 4044 215 
1718 913 1150 910 1509 4122 3033 
1719 257 1068 97 1282 3998 3739 
1720 719 1166 658 4123 4124 3567 
1721 92 1106 91 4125 4099 206 
1722 456 1086 918 4126 3434 3283 
1723 102 1203 243 4127 2554 1943 
1724 1007 1201 528 4128 4129 4130 
1725 522 1111 997 1708 4131 3399 
1726 929 1137 667 1665 4132 2564 
1727 623 1187 1165 4133 4134 3930 
1728 382 1079 384 3762 2563 3605 
1729 15 240 14 3915 4135 129 
1730 860 1205 598 4136 4137 1453 
1731 251 1163 104 4001 4138 2901 
1732 398 1094 401 3394 4139 2887 
1733 1191 1255 760 4140 4141 4076 
1734 1018 1059 349 4142 4143 3833 
1735 66 1067 65 1920 4144 180 
1736 626 1205 992 4111 4145 3319 
1737 349 1059 352 4143 3840 3469 
1738 605 1100 607 3909 1696 3193 
1739 608 1046 606 3859 4104 3676 
1740 396 1183 388 4146 4147 3307 
1741 328 1104 324 3557 4148 3864 
1742 90 1098 89 4149 4150 204 
1743 1038 1102 702 4151 4152 3769 
1744 837 1192 899 4153 4154 1650 
1745 839 1119 1066 4155 3981 4037 
1746 390 1193 392 1843 4156 3248 
1747 1049 1050 630 4157 4158 3973 
1748 281 523 283 4159 3992 4005 
1749 250 1098 90 4160 4149 2976 
1750 36 1080 35 4161 3296 150 
1751 487 1078 509 4162 1705 3551 
1752 283 284 282 4163 1755 4006 
1753 1052 1103 488 4086 1603 2678 
1754 98 1063 257 4035 3837 3738 
1755 830 1250 1116 4164 4101 1606 
1756 355 367 360 4013 3673 4165 
1757 373 1082 510 4166 3964 3674 
1758 689 1171 959 4167 4121 3325 
1759 513 1180 477 1512 4168 3155 
1760 464 1119 945 3982 1836 2945 
1761 479 1138 513 4169 3948 3154 
1762 777 1118 858 4170 3781 3376 
1763 985 1180 913 4117 1511 2346 
1764 335 1064 294 1692 4171 4109 
1765 20 1206 1160 4172 4173 4174 
1766 730 1095 1075 4175 3669 4087 
1767 83 1231 82 3889 4176 197 
1768 461 1155 1081 3891 4177 3906 
1769 452 1096 931 1829 4068 2723 
1770 732 1095 730 1840 4175 2658 
1771 718 1079 1013 3792 3754 3706 
1772 377 1082 371 3790 4178 3943 
1773 625 1099 624 4179 3877 3091 
1774 231 1097 86 4180 3882 2493 
1775 405 1207 406 3986 4181 2824 
1776 490 1078 487 4182 4162 3236 
1777 789 1118 775 1382 4183 3652 
1778 10 1116 863 4184 4103 3375 
1779 826 1219 1120 3952 4185 1375 
1780 584 1152 954 4186 1859 3534 
1781 248 1209 1151 4187 4188 4189 
1782 791 1112 682 1655 4190 3352 
1783 566 1167 994 4191 1816 3570 
1784 1047 1147 683 1486 4192 4050 
1785 44 1122 273 4193 2431 2778 
1786 1005 1147 1006 4194 3357 3529 
1787 724 1184 810 4195 2143 3350 
1788 288 290 289 3941 2950 3842 
1789 707 1209 973 4196 4197 3379 
1790 985 1175 522 2345 1706 3016 
1791 38 1091 37 3729 1952 152 
1792 1041 1185 263 4022 1342 4198 
1793 371 1082 373 4178 4166 3197 
1794 65 1067 261 4144 4199 4060 
1795 973 1247 63 4200 4201 4202 
1796 54 1178 1133 4203 1532 4204 
1797 79 265 78 4205 1779 193 
1798 20 1160 19 4174 4206 134 
1799 252 1153 1102 1851 4207 4042 
1800 89 1098 274 4150 1503 3498 
1801 49 1117 48 2092 4208 163 
1802 748 1199 729 3979 4209 3489 
1803 875 1109 647 2811 4210 2275 
1804 360 363 361 2649 4211 4212 
1805 1090 1112 523 4213 4214 2328 
1806 506 1236 846 4215 4216 1295 
1807 1131 1251 930 3414 4217 4218 
1808 678 1153 685 4219 1633 3572 
1809 19 1160 245 4206 1615 1921 
1810 458 1089 1061 4072 3927 3658 
1811 618 1143 941 4220 3409 1526 
1812 247 1073 94 1489 3993 3386 
1813 983 1162 792 4221 4222 1468 
1814 110 1102 109 4043 4223 224 
1815 684 1162 983 4224 4221 3240 
1816 927 1240 717 4225 4226 1349 
1817 109 1102 1038 4223 4151 3770 
1818 272 1256 1144 3926 4227 1688 
1819 799 1234 798 4228 1756 3487 
1820 599 1088 1018 2831 4229 3764 
1821 1086 1194 809 4230 4231 1621 
1822 1018 1088 1059 4229 4115 4142 
1823 287 288 286 4232 3844 4233 
1824 753 1078 1021 1520 4234 3799 
1825 1016 1196 709 2168 4235 3681 
1826 294 1064 296 4171 4052 3902 
1827 583 969 560 1416 3945 2486 
1828 13 1130 1058 4236 4237 4048 
1829 248 1151 1042 4189 2502 4041 
1830 275 1106 92 1724 4125 3340 
1831 1050 1093 630 1721 4018 4158 
1832 956 1107 648 3967 4056 2394 
1833 269 1080 36 1541 4161 2302 
1834 760 1255 71 4141 4238 2119 
1835 422 1115 454 3860 3961 2939 
1836 42 1159 256 4239 3416 2795 
1837 377 1195 935 4240 1849 1907 
1838 1021 1078 490 4234 4182 3856 
1839 866 1130 240 4241 4242 3616 
1840 63 1247 62 4201 4243 177 
1841 523 1237 553 4244 4245 2329 
1842 11 1116 10 4045 4184 125 
1843 273 1159 43 3788 4246 2779 
1844 250 1106 1050 4100 1719 4247 
1845 45 1122 44 4000 4193 159 
1846 245 1184 1024 2144 3694 2403 
1847 1067 1174 261 1800 1792 4199 
1848 768 1103 642 1835 3932 3207 
1849 667 1137 718 4132 4248 2902 
1850 356 1108 717 4249 1348 3822 
1851 898 1246 33 4250 4251 2106 
1852 758 1201 1007 4252 4128 3988 
1853 30 1186 767 4253 4254 1974 
1854 997 1111 602 4131 4009 2964 
1855 755 1218 1094 4065 4255 1408 
1856 63 1198 973 4256 4257 4202 
1857 259 1186 31 4258 4259 2613 
1858 363 364 361 4260 2661 4211 
1859 71 1255 70 4238 4261 185 
1860 523 1112 1056 4214 1572 3990 
1861 878 1144 748 3265 4262 2064 
1862 687 1113 939 3873 4263 3200 
1863 1019 1150 884 4264 4081 3604 
1864 860 1146 546 1580 4265 2873 
1865 1060 1127 534 4266 1524 3972 
1866 864 1121 865 1771 1475 3463 
1867 939 1220 112 4267 4268 1414 
1868 955 1119 839 2244 4155 3139 
1869 237 1252 651 4269 1807 1590 
1870 699 1120 701 3978 4270 3043 
1871 285 287 286 4271 4233 4272 
1872 386 1114 396 3907 4273 3306 
1873 762 1194 1051 4274 4275 3947 
1874 708 1123 814 3630 1399 3082 
1875 691 1126 693 3901 4276 3167 
1876 973 1198 972 4257 1945 3380 
1877 567 1124 944 4063 3461 2919 
1878 561 1176 572 4277 1749 2570 
1879 72 253 71 4278 2120 186 
1880 906 1125 676 4279 3897 2967 
1881 95 1226 247 4280 3875 3385 
1882 379 1214 498 4281 3997 3750 
1883 235 1216 763 1502 2039 1336 
1884 64 1198 63 4282 4256 178 
1885 625 1140 1099 1972 1699 4179 
1886 324 1104 322 4148 4083 4027 
1887 355 360 356 4165 4283 4284 
1888 1102 1153 702 4207 4285 4152 
1889 775 1118 777 4183 4170 3686 
1890 285 286 284 4272 4286 4287 
1891 869 1219 526 4288 3951 2069 
1892 81 1211 80 4289 4290 195 
1893 926 1227 925 2312 4291 3315 
1894 259 1182 921 4292 3559 2836 
1895 1169 1236 597 4293 4031 2110 
1896 360 361 356 4212 4294 4283 
1897 283 285 284 4106 4287 4163 
1898 281 282 280 4007 4295 3905 
1899 979 1127 750 3838 4296 3239 
1900 497 1214 425 3923 4297 3680 
1901 754 1136 1071 4298 2977 2236 
1902 111 1220 252 4299 4300 3447 
1903 1051 1194 456 4275 4301 4029 
1904 811 1173 804 1996 2128 2087 
1905 256 1235 41 4302 4303 2796 
1906 907 1202 604 4304 1927 2484 
1907 277 1173 1028 1810 2700 4067 
1908 962 1244 1157 4091 4305 1818 
1909 313 1149 315 4306 2664 4094 
1910 873 1161 719 2673 4114 2011 
1911 1026 1139 331 4088 4307 2626 
1912 835 1192 837 4308 4153 3317 
1913 627 1131 930 4004 4218 3300 
1914 1022 1126 241 4309 3490 3846 
1915 1125 1183 396 4310 4146 1891 
1916 615 1143 618 4311 4220 3777 
1917 914 1175 911 1895 2233 1549 
1918 315 1141 317 2666 4312 4011 
1919 14 1130 13 4313 4236 128 
1920 682 1112 1090 4190 4213 4079 
1921 1132 1186 259 4314 4258 2835 
1922 1109 1151 647 2503 4315 4210 
1923 500 1224 1083 4316 1493 4092 
1924 355 356 354 4284 3823 3634 
1925 647 1151 916 4315 4317 2437 
1926 871 1189 740 2316 4318 3650 
1927 499 1241 1034 2150 2480 4014 
1928 701 1219 869 4319 4288 1263 
1929 722 1136 754 4320 4298 3308 
1930 481 1138 479 4321 4169 3439 
1931 31 1186 30 4259 4253 145 
1932 27 1110 267 3921 4120 3344 
1933 282 528 280 3063 4322 4295 
1934 53 1133 237 4323 2154 1806 
1935 744 1132 921 1318 2834 3834 
1936 1010 1235 256 3881 4302 2100 
1937 361 1108 356 4036 4249 4294 
1938 266 279 278 4098 3537 2000 
1939 840 1179 363 1385 4324 2648 
1940 697 1185 933 3965 4021 2043 
1941 717 1240 1145 4226 4325 3802 
1942 722 1188 1136 4326 2228 4320 
1943 936 1140 912 1722 2103 2209 
1944 998 1142 713 1600 4074 3476 
1945 82 1231 258 4176 4327 3797 
1946 74 1202 260 3449 4328 2145 
1947 48 1117 277 4208 4329 2133 
1948 317 1141 330 4312 1936 3636 
1949 1160 1206 879 4173 1975 1826 
1950 331 1238 1020 4330 3898 3829 
1951 364 1195 377 4331 4240 3942 
1952 702 1153 678 4285 4219 2789 
1953 354 1145 287 3803 4332 3976 
1954 801 1162 684 2042 4224 3599 
1955 960 1152 926 1860 3984 2947 
1956 79 1248 265 4333 2002 4205 
1957 841 1239 905 3896 4334 2350 
1958 54 1133 53 4204 4323 168 
1959 402 1157 405 4038 4335 2780 
1960 43 1159 42 4246 4239 157 
1961 546 1146 1001 4265 3789 2102 
1962 1007 1077 588 2668 4336 3989 
1963 1151 1209 916 4188 4337 4317 
1964 484 1154 481 4112 4338 3077 
1965 534 1149 313 1365 4306 3795 
1966 287 1145 288 4332 4339 4232 
1967 819 1213 820 3661 3666 3473 
1968 240 1130 14 4242 4313 4135 
1969 740 1189 742 4318 4340 2408 
1970 285 353 287 3624 3977 4271 
1971 1060 1257 1127 4341 4342 4266 
1972 925 1156 927 4343 4344 3219 
1973 498 1155 378 1919 3890 3751 
1974 39 1172 232 4345 4017 3773 
1975 683 1147 1005 4192 4194 3492 
1976 1068 1226 96 4346 4347 3999 
1977 481 1154 1138 4338 1929 4321 
1978 238 1134 1062 4348 1732 3996 
1979 910 1150 1019 4122 4264 3574 
1980 405 1244 886 4349 4350 3987 
1981 104 1163 103 4138 4351 218 
1982 698 1174 700 3970 1799 2985 
1983 718 1137 1114 4248 4352 3791 
1984 1231 1233 1000 3888 4008 4353 
1985 846 1169 680 4354 4059 3134 
1986 252 1220 1113 4300 4355 1852 
1987 792 1162 573 4222 2041 3456 
1988 250 1210 1098 4356 3068 4160 
1989 564 1158 290 4357 4358 3940 
1990 1179 1195 363 1781 4359 4324 
1991 658 1166 808 4124 1777 3230 
1992 272 1206 21 1976 4360 2910 
1993 992 1205 860 4145 4136 3531 
1994 778 1177 776 4071 3957 3359 
1995 682 1187 621 4078 4361 3243 
1996 274 1170 1072 1629 4084 3872 
1997 263 1148 1041 4362 1715 4198 
1998 654 1168 988 3975 2029 3419 
1999 1006 1226 1068 3876 4346 2107 
2000 40 1172 39 4363 4345 154 
2001 1209 1247 973 4364 4200 4197 
2002 515 1167 566 1459 4191 3582 
2003 1064 1152 584 3985 4186 4053 
2004 1058 1208 255 4365 3824 4107 
2005 1156 1158 564 4366 4357 4367 
2006 32 1246 259 4368 4369 2612 
2007 907 1201 758 3821 4252 3216 
2008 755 1171 689 1407 4167 3421 
2009 1050 1210 250 4370 4356 4247 
2010 748 1256 903 4371 4372 3980 
2011 614 1143 615 1341 4311 3724 
2012 57 1148 56 4373 4374 171 
2013 905 1239 906 4334 4375 2966 
2014 844 1170 947 4085 3793 3586 
2015 477 1180 475 4168 4116 3346 
2016 253 1204 821 4376 1673 3279 
2017 55 1178 54 1954 4203 169 
2018 964 1252 237 2038 4269 1727 
2019 588 1176 561 4377 4277 3590 
2020 1165 1187 796 4134 4080 2445 
2021 388 1183 390 4147 1844 3347 
2022 288 1145 564 4339 4378 3939 
2023 33 1246 32 4251 4368 147 
2024 258 1211 81 1522 4289 3798 
2025 1031 1192 835 4379 4308 3857 
2026 988 1238 723 3899 4380 3166 
2027 290 1158 292 4358 4381 4095 
2028 721 1188 722 4382 4326 2991 
2029 260 1202 907 4328 4304 2347 
2030 930 1251 1168 4217 4383 3974 
2031 292 1158 335 4381 4384 4108 
2032 809 1194 762 4231 4274 3014 
2033 996 1190 827 1481 4385 3292 
2034 967 1232 809 3519 1638 3006 
2035 949 1184 724 3695 4195 3640 
2036 56 1148 263 4374 4362 2353 
2037 1114 1137 396 4352 1890 4273 
2038 729 1199 731 4209 4386 2579 
2039 598 1205 571 4137 4110 2938 
2040 70 1255 254 4261 4387 1814 
2041 693 1228 1016 4388 4389 3458 
2042 899 1192 264 4154 4390 2637 
2043 621 1187 623 4361 4133 4062 
2044 1127 1257 750 4342 4391 4296 
2045 1081 1155 781 4177 1762 4020 
2046 103 1203 102 4392 4127 217 
2047 21 1206 20 4360 4172 135 
2048 1230 1241 772 2481 4393 4394 
2049 392 1193 453 4156 4395 3080 
2050 750 1257 1131 4391 4396 4003 
2051 709 1196 998 4235 2079 3506 
2052 603 1208 1197 4397 4398 1592 
2053 1163 1203 103 3806 4392 4351 
2054 254 1255 1191 4387 4140 4399 
2055 264 1192 1031 4390 4379 2061 
2056 828 1208 603 3825 4397 3267 
2057 406 1207 409 4181 1394 2978 
2058 903 1256 883 4372 3925 2296 
2059 1130 1197 1058 4400 4401 4237 
2060 1105 1117 249 4402 2091 1889 
2061 823 1221 759 4403 4404 2127 
2062 238 1135 1134 3849 4405 4348 
2063 916 1209 707 4337 4196 3213 
2064 73 1204 72 4010 4406 187 
2065 236 1148 57 1716 4373 3535 
2066 528 1200 1007 3062 4118 4130 
2067 1077 1176 588 2424 4377 4336 
2068 1156 1227 1158 4407 4408 4366 
2069 721 1215 1188 4409 2169 4382 
2070 1094 1218 401 4255 1990 4139 
2071 84 1233 83 3955 3887 198 
2072 528 1212 280 4410 1581 4322 
2073 989 1253 706 4411 2198 2698 
2074 831 1242 1135 4040 4412 4413 
2075 1049 1210 1050 4414 4370 4157 
2076 889 1224 500 3512 4316 2817 
2077 516 1236 506 4032 4215 3049 
2078 759 1215 721 4415 4409 3639 
2079 774 1230 772 3924 4394 2879 
2080 719 1243 1166 4113 4416 4123 
2081 626 1232 597 1639 3518 2882 
2082 1016 1228 975 4389 4417 1824 
2083 112 1220 111 4268 4299 226 
2084 962 1218 961 1991 4064 3361 
2085 866 1253 989 4418 4411 1739 
2086 751 1222 949 4419 1729 3526 
2087 1126 1228 693 4420 4388 4276 
2088 96 1226 95 4347 4280 210 
2089 772 1241 770 4393 2149 2730 
2090 41 1235 40 4303 4421 155 
2091 863 1250 1135 4102 4422 3848 
2092 865 1253 866 2199 4418 3615 
2093 425 1214 379 4297 4281 3397 
2094 1142 1225 715 4423 3009 4075 
2095 1012 1213 583 2300 3660 2875 
2096 40 1235 1172 4421 3880 4363 
2097 892 1245 917 2635 1441 3067 
2098 1190 1191 827 4424 1678 4385 
2099 80 1248 79 4425 4333 194 
2100 731 1229 733 4426 4096 2656 
2101 254 1190 1164 4427 1480 3826 
2102 1199 1229 731 3946 4426 4386 
2103 1022 1228 1126 4428 4420 4309 
2104 1097 1217 999 4429 4430 3894 
2105 886 1244 963 4350 4090 3143 
2106 831 1250 830 4431 4164 3321 
2107 838 1242 843 4432 4039 3168 
2108 759 1221 1215 4404 1994 4415 
2109 1009 1225 239 1962 4433 3654 
2110 823 1249 1221 4434 1775 4403 
2111 948 1210 1049 3069 4414 3953 
2112 906 1183 1125 1957 4310 4279 
2113 1182 1246 898 4435 4250 3343 
2114 999 1217 752 4430 3817 3257 
2115 456 1194 1086 4301 4230 4126 
2116 1121 1222 751 2451 4419 2427 
2117 62 1247 248 4243 4436 3810 
2118 363 1195 364 4359 4331 4260 
2119 281 1237 523 4437 4244 4159 
2120 277 1117 1105 4329 4402 1811 
2121 975 1228 1022 4417 4428 3852 
2122 261 1198 64 1946 4282 4061 
2123 767 1186 1132 4254 4314 1317 
2124 742 1189 1181 4340 4438 2727 
2125 1113 1220 939 4355 4267 4263 
2126 1156 1240 927 4439 4225 4344 
2127 231 1217 1097 2221 4429 4180 
2128 1120 1219 701 4185 4319 4270 
2129 1134 1242 838 4440 4432 3609 
2130 1135 1242 1134 4412 4440 4405 
2131 723 1238 1139 4380 4441 1567 
2132 866 1197 1130 1738 4400 4241 
2133 553 1237 279 4245 4442 4097 
2134 276 1243 1063 4443 2487 4073 
2135 327 1257 1060 4444 4341 3968 
2136 496 1251 1069 4445 3413 4046 
2137 1145 1240 564 4325 4446 4378 
2138 1200 1223 704 3613 3911 4119 
2139 1131 1257 327 4396 4444 3812 
2140 906 1239 1193 4375 4447 1956 
2141 254 1191 1190 4399 4424 4427 
2142 1158 1227 335 4408 2311 4384 
2143 1135 1250 831 4422 4431 4413 
2144 1181 1189 234 4438 3245 3453 
2145 1144 1256 748 4227 4371 4262 
2146 286 1223 284 4089 3612 4286 
2147 1197 1208 1058 4398 4365 4401 
2148 239 1225 1142 4433 4423 1884 
2149 925 1227 1156 4291 4407 4343 
2150 846 1236 1169 4216 4293 4354 
2151 1157 1244 405 4305 4349 4335 
2152 248 1247 1209 4436 4364 4187 
2153 799 1249 1234 1862 4448 4228 
2154 1234 1249 823 4448 4434 1744 
2155 1139 1238 331 4441 4330 4307 
2156 1168 1251 496 4383 4445 3734 
2157 1201 1212 528 3820 4410 4129 
2158 259 1246 1182 4369 4435 4292 
2159 1166 1243 276 4416 4443 2425 
2160 564 1240 1156 4446 4439 4367 
2161 72 1204 253 4406 4376 4278 
2162 1211 1248 80 4449 4425 4290 
2163 1193 1239 453 4447 3895 4395 
2164 818 1248 1211 2003 4449 1555 
2165 1231 1254 258 4450 3720 4327 
2166 279 1237 281 4442 4437 3904 
2167 1000 1254 1231 3618 4450 4353 
$EndElements
$Parametrizations
1 1
3
341
-24.0401588840987 18.00007441412733 -33.84185355630588 0
-24.18664590775771 17.72645979869341 -33.84582853529247 1
-24.33566222357764 17.44508069495073 -33.85039302361506 2
-24.48891886550825 17.15492601933257 -33.85504689195711 3
-24.64738893182344 16.85566019272276 -33.85942304545139 4
-24.81119696830106 16.54768664364707 -33.86333472975856 5
-24.97966312672789 16.23209584469807 -33.86677622800551 6
-25.15149589772007 15.91050034595439 -33.86987844603238 7
-25.32509419990454 15.58478595574563 -33.87283149775681 8
-25.49889332772192 15.25683026440766 -33.87579415730292 9
-25.67167766856524 14.92824888805015 -33.87881301088883 10
-25.84278952173403 14.60022446319565 -33.88177182442458 11
-26.01218693774974 14.27345339684201 -33.88438438450809 12
-26.18033876900822 13.94821440200223 -33.88623358710888 13
-26.3479839703222 13.62453112909147 -33.88684842545063 14
-26.51581541490251 13.30237642732077 -33.88580138913392 15
-26.68416624364785 12.98185541433585 -33.88280368800594 16
-26.85277595826226 12.66331098993422 -33.87777586267961 17
-27.0206934191275 12.34732011415467 -33.87087688736184 18
-27.18634098099204 12.03458126301638 -33.86248433503443 19
-27.34772435669897 11.72572755070496 -33.85312929188088 20
-27.50273842294804 11.42112346240368 -33.8433999214724 21
-27.64949831513921 11.12071033190999 -33.83383460371607 22
-27.78662179831656 10.82395400355577 -33.82482759594085 23
-27.91340396863168 10.52991937062557 -33.81656693277702 24
-28.02985420748661 10.23745969036971 -33.80901660301317 25
-28.13659956404286 9.945473436569895 -33.80194474180479 26
-28.23468999291033 9.653158035342742 -33.79498914066204 27
-28.32536098682826 9.360185832620495 -33.78774333666478 28
-28.40981375485342 9.066745040833888 -33.77984264374552 29
-28.48906191020877 8.773422687924443 -33.77103060325859 30
-28.56387108344422 8.480948797690884 -33.76119200018003 31
-28.63479050617021 8.18986144557697 -33.75034750466165 32
-28.70225158972253 7.900178073707666 -33.73861488741648 33
-28.76669302830727 7.61116276281297 -33.72615000198454 34
-28.82866911673776 7.321260373879352 -33.71308555711628 35
-28.88890756177331 7.028230484154586 -33.69948605503627 36
-28.94830028718405 6.729466081809083 -33.68533279481751 37
-29.00783123272082 6.422434746407044 -33.67054479852631 38
-29.06846156839975 6.105147984703143 -33.65503187781057 39
-29.13100225103215 5.77655310683657 -33.63876708601563 40
-29.1960037301827 5.436756992698016 -33.62185981613089 41
-29.26368381305427 5.087027092630139 -33.60460893977473 42
-29.33390153668454 4.729565285100877 -33.58751857929144 43
-29.40617141893951 4.367101955696225 -33.57126647547464 44
-29.4797028777992 4.002399249783518 -33.55662493641741 45
-29.55344666701745 3.637773686967156 -33.54434479421175 46
-29.6261336060006 3.274743362584855 -33.53502130412379 47
-29.69629934050405 2.913876599380939 -33.52896579478765 48
-29.76229822377368 2.554871764750155 -33.52610680454075 49
-29.82231663409166 2.196844425600455 -33.52593963993981 50
-29.87439874485681 1.838749819767558 -33.52753481588948 51
-29.91649482699842 1.479836798050003 -33.5296053488641 52
-29.94653496417631 1.120020973181847 -33.53062265760968 53
-29.96252225962988 0.7600835442846838 -33.52896299815774 54
-29.96263311189267 0.401642267651491 -33.52306237761998 55
-29.94530909228175 0.04689413294255829 -33.5115580916225 56
-29.90932766210014 -0.3018156522959359 -33.49339950755365 57
-29.85384603165893 -0.642500634917651 -33.46791773913893 58
-29.77842120232103 -0.9739965756155975 -33.43485193254659 59
-29.68301655465356 -1.296267068386577 -33.39433707435113 60
-29.56800838896709 -1.61046887049425 -33.3468631739003 61
-29.43420372005032 -1.918745978174782 -33.29321761355892 62
-29.28287248662055 -2.223784179798791 -33.23442108979012 63
-29.11578646438984 -2.528214845406326 -33.17166406695104 64
-28.93524710607038 -2.833997316334582 -33.10624627047329 65
-28.74407862383137 -3.141922118561705 -33.03951780652926 66
-28.54556335286742 -3.451359397819289 -32.97281824908655 67
-28.34330498585806 -3.76032913556803 -32.90741019270043 68
-28.1410193154836 -4.06590187876772 -32.84440624511969 69
-27.94226908014602 -4.364863990784736 -32.78469247872847 70
-27.75017434253677 -4.654517624519226 -32.72885556761321 71
-27.5671392861538 -4.933444749033306 -32.67712421373535 72
-27.39463700594856 -5.202058956680785 -32.62933643176449 73
-27.23308622760477 -5.462802009527874 -32.58494248842174 74
-27.08183891915738 -5.719908173334051 -32.54304876766522 75
-26.93927971765648 -5.978746922062086 -32.50250147291482 76
-26.80302036135058 -6.244846297808344 -32.46200196103132 77
-26.67015934585339 -6.522774635210672 -32.42023952545868 78
-26.53757065354741 -6.815101588462106 -32.37602362950536 79
-26.40218621790601 -7.121658980403783 -32.32839713106787 80
-26.26124366267018 -7.439275805753056 -32.27671493677728 81
-26.11248090234843 -7.76207597062227 -32.22067847567163 82
-25.95426979448825 -8.082319846930904 -32.16032400124558 83
-25.78568996285932 -8.391661238681433 -32.09597079814121 84
-25.6065491663785 -8.682602253733421 -32.02814189729501 85
-25.4173588101161 -8.94987977644108 -31.95747400937315 86
-25.21927296858385 -9.191519921014759 -31.884633990206 87
-25.01399761716539 -9.409351259859417 -31.81025634201651 88
-24.80367573428593 -9.608864528097072 -31.73491073382563 89
-24.59075308635952 -9.798428416206974 -31.65910122788764 90
-24.2909800148237 -9.906131226996813 -31.55512133459397 91
-23.9880633629354 -10.00909997652474 -31.45134809777035 92
-23.67959913066967 -10.10320404450125 -31.34809545142251 93
-23.36451751530874 -10.18541843910683 -31.24586302799126 94
-23.04341450682424 -10.25414360471899 -31.14536323499502 95
-22.71855312463697 -10.30929796722964 -31.04748597496313 96
-22.39352867301616 -10.3521822426134 -30.95320389360431 97
-22.07265615248209 -10.38515667751744 -30.86343470747423 98
-21.7601903684105 -10.41120416360708 -30.77888738562321 99
-21.45952011197195 -10.43346666145732 -30.69992362336226 100
-21.17248304253842 -10.45483730316175 -30.62646417006726 101
-20.89892524007013 -10.47766890628718 -30.55796159173627 102
-20.63658492797715 -10.50362738143009 -30.49344860210033 103
-20.38132128223211 -10.53368310262772 -30.43165680673218 104
-20.12764836392606 -10.56820397323792 -30.37118748017936 105
-19.86948190483045 -10.60709731246905 -30.31070648236344 106
-19.60097233984242 -10.64994610386865 -30.24913141833884 107
-19.31728748922268 -10.69609882734705 -30.18578134745516 108
-19.01522308666758 -10.74469583914899 -30.12046707081101 109
-18.69355452794251 -10.79464142954099 -30.05351130344454 110
-18.35309212254688 -10.84455216129864 -29.9857004006082 111
-17.99645491385621 -10.89272300381918 -29.91818027394906 112
-17.62762300148102 -10.93714983244724 -29.85231624672635 113
-17.25135958652549 -10.97563096909647 -29.78953910174137 114
-16.87260433881305 -11.00594660938933 -29.73119706242748 115
-16.49593125785623 -11.02608985212838 -29.67842765306236 116
-16.1251387098351 -11.03450379223257 -29.63205586239317 117
-15.76300433355738 -11.03027186315538 -29.59251840119029 118
-15.41120296163311 -11.01321590538797 -29.55981027415985 119
-15.07035728808104 -10.98387610301743 -29.53344978085366 120
-14.74017566517766 -10.94337397513326 -29.51246158196233 121
-14.41963015189999 -10.89318674380123 -29.49538303650201 122
-14.10713937737193 -10.83488056075573 -29.48030407946826 123
-13.80073891798203 -10.76985581554344 -29.46495298038958 124
-13.49824108175679 -10.69914936071613 -29.4468377603547 125
-13.19739898558985 -10.62331752927669 -29.42344502876525 126
-12.896092502534 -10.54239799291308 -29.39248562035215 127
-12.59254589637742 -10.45592557419179 -29.35216263459665 128
-12.28557033796672 -10.36296518698259 -29.30142549521459 129
-11.97480566042531 -10.26212875407301 -29.24016764640103 130
-11.66092028737912 -10.1515612759466 -29.16932765998245 131
-11.34572213210082 -10.02890940563313 -29.09086512104478 132
-11.03214039061375 -9.891313098391176 -29.00760179025636 133
-10.7240568609442 -9.735477483292893 -28.92294168427948 134
-10.42599292956459 -9.557879644353612 -28.84050609236791 135
-10.14268672564637 -9.355139905714982 -28.76373571936146 136
-9.878618206395961 -9.124542973933664 -28.69551846213829 137
-9.637551627108678 -8.864641949936036 -28.63789645376515 138
-9.422161646202195 -8.575831615128987 -28.59189037978337 139
-9.233792821335694 -8.26075280617626 -28.5574572169668 140
-9.072376154672494 -7.924397040862903 -28.53357387157903 141
-8.93649769042465 -7.573824132346981 -28.5184194911164 142
-8.823589783379219 -7.217479342925346 -28.50961752719009 143
-8.730200964632719 -6.864184523817556 -28.50449641065487 144
-8.652297038729156 -6.521959959983258 -28.50033440308943 145
-8.585554687146104 -6.196888144070952 -28.49456612997286 146
-8.525623007488051 -5.892242298492514 -28.48494137990812 147
-8.468344263163061 -5.608063433263446 -28.46963643072811 148
-8.409937334444971 -5.341287325667391 -28.44732250738339 149
-8.347151472964692 -5.086412824807452 -28.41719454192199 150
-8.277395523013038 -4.836590352393833 -28.37895852223478 151
-8.198839451082007 -4.58492118755745 -28.33277121996817 152
-8.110476322042768 -4.325714271383982 -28.27912552045927 153
-8.012128297572001 -4.055458114988165 -28.21868121812761 154
-7.904382157217536 -3.773329282535119 -28.15205396186466 155
-7.788449842525782 -3.481159685678431 -28.07959137688978 156
-7.66596497867847 -3.182899542607254 -28.00117984118396 157
-7.538742749843357 -2.883713869230565 -27.91613231621743 158
-7.40854278510872 -2.588916173320321 -27.8232020976273 159
-7.276877606917309 -2.302960460182815 -27.72074750337849 160
-7.144901725464132 -2.028681433924195 -27.60704139124733 161
-7.013399042774682 -1.766902998346689 -27.48068298421881 162
-6.882863403923684 -1.516447869995474 -27.3410370580088 163
-6.753644680999601 -1.2744964760267 -27.18860631718246 164
-6.626116778143023 -1.037181073556612 -27.02524445082522 165
-6.500819222566964 -0.8002723957627147 -26.85414109636183 166
-6.37853193206244 -0.5598230969964302 -26.67955344978162 167
-6.260260620246688 -0.3126660715227807 -26.50631318903656 168
-6.147134749627693 -0.05671485542078436 -26.33918970958816 169
-6.040243050647048 0.2089384897530078 -26.18222805834094 170
-5.940447910411379 0.4840961329454849 -26.03819300449977 171
-5.84822497784403 0.7676478518336749 -25.90823375584522 172
-5.763567466548905 1.057833553648321 -25.79184042963249 173
-5.685977524691983 1.352534086435707 -25.68710153343999 174
-5.614545238584796 1.649562484955491 -25.59120663501143 175
-5.548094376360593 1.946937762516562 -25.50108441792977 176
-5.485359634446935 2.243124813245188 -25.41403735195186 177
-5.425155401183423 2.537220089215782 -25.32823689561458 178
-5.366501795819413 2.829056747680031 -25.24297812296198 179
-5.308687582397059 3.119202859251788 -25.15865079578142 180
-5.251267776516075 3.408835819969227 -25.07645298415513 181
-5.194010091079347 3.699497723812969 -24.99793523700652 182
-5.136815818159196 3.992764377926252 -24.92450385000281 183
-5.079644120779927 4.289888819386272 -24.85702099049454 184
-5.022463521553444 4.59149774222033 -24.79561451457074 185
-4.965243260303556 4.897418304839277 -24.73975701116936 186
-4.90798364260584 5.206690335499761 -24.68860471000687 187
-4.850772652276026 5.517777373785995 -24.64151871040969 188
-4.793848401227631 5.82893895024684 -24.59863914594367 189
-4.737645697479531 6.138679899426775 -24.56136156918419 190
-4.682809760397987 6.446163675018777 -24.53257821345576 191
-4.630169192925976 6.751475309096645 -24.51659312043532 192
-4.580670460691742 7.055648740947825 -24.51868934964234 193
-4.535284708644005 7.360428595645406 -24.54440314580586 194
-4.494903191003232 7.667803328565316 -24.59862762344147 195
-4.460238457778507 7.97940894684 -24.68471135499141 196
-4.431745417316881 8.295943808464912 -24.80372674573556 197
-4.409570790055858 8.616742764826771 -24.95405625902153 198
-4.393533292931735 8.939630033363066 -25.13138751705304 199
-4.383132164946783 9.26110909871889 -25.32913245043877 200
-4.377578591643411 9.576871578878587 -25.53920742316945 201
-4.37584410462293 9.882530738956309 -25.75304532650949 202
-4.376721023935749 10.17443016179312 -25.96267065810629 203
-4.378891291616686 10.45035676968938 -26.16166100954491 204
-4.381000723381272 10.71000517972301 -26.34584381513433 205
-4.381735023229741 10.95509307711862 -26.51362882763672 206
-4.379891965553577 11.18910345227224 -26.66594396123043 207
-4.374441965056088 11.41670889760038 -26.80581085038721 208
-4.364567867050546 11.6429993495971 -26.93765409261879 209
-4.349675224612268 11.87267207357045 -27.06647481902986 210
-4.32936768279264 12.10934383528166 -27.19702964862007 211
-4.303388098979287 12.35511145849188 -27.3331413859759 212
-4.271533679980109 12.61042740962802 -27.47723267294154 213
-4.233560824057673 12.87428691852208 -27.63012695516516 214
-4.18910075898533 13.1446582712209 -27.79111272786791 215
-4.137608422559531 13.41904250481769 -27.95822572921646 216
-4.078363144165358 13.69503231329179 -28.12867596808663 217
-4.010531037868496 13.97075377229031 -28.29933554393558 218
-3.933286862038353 14.24511263369075 -28.46720804360445 219
-3.845979863608544 14.51781957832378 -28.62981758168222 220
-3.748316665637901 14.78922261794156 -28.78547934783152 221
-3.640527484751734 15.06001704024227 -28.93343871497241 222
-3.523481644418798 15.33092465891862 -29.07388655147847 223
-3.398725010636982 15.60243226201365 -29.20787240425054 224
-3.268424871762187 15.87465371201221 -29.3371427448234 225
-3.135224125281153 16.14734144464088 -29.46393074012882 226
-2.894810516866036 16.34028059851683 -29.62978096125754 227
-2.653335159755912 16.52948337456971 -29.79197186842899 228
-2.410064340321361 16.71182771485913 -29.94782837441981 229
-2.164873351943715 16.88534334535486 -30.09645406442138 230
-1.918441685147458 17.04960133070155 -30.23917992112988 231
-1.672339014307418 17.20589702292853 -30.37957318262957 232
-1.428997485053269 17.35718912152919 -30.52299132233861 233
-1.191584033779337 17.50778765160133 -30.67574851857383 234
-0.9637998233399419 17.66282076874017 -30.84403341271198 235
-0.7496409829722328 17.82754923033853 -31.03276410319663 236
-0.5531540693819963 18.00663044072528 -31.2445811310374 237
-0.3782116453864752 18.20345202640611 -31.47915800904922 238
-0.2283205759456504 18.41965188539317 -31.73295573296211 239
-0.1064634800483262 18.65491395580057 -31.99947156883151 240
-0.0149638469360589 18.90708055932875 -32.26994739964761 241
0.04463751619036493 19.17256112011466 -32.53442399082254 242
0.07170362135981811 19.44695746304546 -32.78296976080985 243
0.06661889487164885 19.72578110007167 -33.00688564569123 244
0.0308880148002757 20.00512061559213 -33.19969685519783 245
-0.03281169461629752 20.28213098865397 -33.35778453933379 246
-0.1206589317897677 20.55526061491892 -33.48057741687534 247
-0.2278313944485149 20.8241953053378 -33.57030199833747 248
-0.3487834363294962 21.08956439059412 -33.6313646551213 249
-0.4776569875463661 21.35250802563398 -33.66949631071861 250
-0.6087966194391772 21.61423104228934 -33.69082051916496 251
-0.7373116724975954 21.87566140132338 -33.70100431159572 252
-0.8596081071079684 22.13729308640018 -33.70462127330197 253
-0.9738050505134765 22.39923480706381 -33.70480494558256 254
-1.079959862129519 22.66142342893037 -33.70321004527139 255
-1.180051880712742 22.92391194540653 -33.70024170854953 256
-1.277713134456313 23.18711983963185 -33.69546886630905 257
-1.377738609060803 23.45194514922912 -33.68811538592926 258
-1.485449708781047 23.71967908635919 -33.67752279830674 259
-1.606012166982079 23.99172306717351 -33.66349879622988 260
-1.743819024847435 24.26916965154793 -33.64650021562728 261
-1.902036033592164 24.55235359198127 -33.62763852450512 262
-2.082374176089914 24.84049634873265 -33.60853199912727 263
-2.285108051341146 25.13154970158591 -33.59105489472881 264
-2.509310394106944 25.42229799365564 -33.57704617857429 265
-2.753231911490285 25.7087145291825 -33.56803886020555 266
-3.014732237174989 25.98650391664923 -33.56505751370916 267
-3.291665667866203 26.25171469233397 -33.56851160605979 268
-3.582146316369803 26.50128862418177 -33.57819038188322 269
-3.884654275122967 26.73342764819112 -33.5933458562867 270
-4.197988813460393 26.94770392816103 -33.61283772076565 271
-4.521115065284471 27.14489912627946 -33.63530813320287 272
-4.852977089771857 27.32662180328653 -33.65935558500641 273
-5.192355393173289 27.49479990476003 -33.68368359332784 274
-5.537831008878626 27.65116762866296 -33.70720877237632 275
-5.887884037713242 27.7968589810652 -33.72912236375085 276
-6.241111456877368 27.93218750735667 -33.74890730455265 277
-6.596509065622927 28.05664237773169 -33.76631846416011 278
-6.953734936500076 28.16907952867217 -33.78133665325103 279
-7.31326633379101 28.268044552157 -33.79410752648229 280
-7.676379309011727 28.35214112530862 -33.8048758651325 281
-8.044918699548584 28.42035870785891 -33.81392408725738 282
-8.420876009780054 28.47229241447675 -33.82152172351086 283
-8.805843320358248 28.50822050066134 -33.82789071725205 284
-9.200449934810823 28.52903954328799 -33.83318912262535 285
-9.603905750429202 28.53608680646494 -33.83751337128069 286
-10.0137651834759 28.5308972339248 -33.84091706766709 287
-10.42598913625644 28.51494726590709 -33.84344163416613 288
-10.83532720582166 28.48943000119422 -33.84515184803243 289
-11.23597756957055 28.45509284993555 -33.84616798644013 290
-11.62242275194406 28.41215308220933 -33.84668615625867 291
-11.99029714779924 28.3602934164199 -33.84697995460383 292
-12.33712776668787 28.29873121787035 -33.8473799042848 293
-12.66280512415972 28.22634963675108 -33.84823148998842 294
-12.9696867400378 28.14187629472949 -33.8498375358954 295
-13.26230043501345 28.04409249223878 -33.85239509160235 296
-13.54668829107068 27.93205097209658 -33.85593985580071 297
-13.82949853566414 27.80527573202541 -33.86031146804157 298
-14.1169799826374 27.66391336828643 -33.8651504473333 299
-14.41405182530016 27.50880554654129 -33.86993223328317 300
-14.72360653734834 27.34146035628004 -33.87403669301558 301
-15.04615967970142 27.16391434757929 -33.8768440416157 302
-15.37989472681154 26.97849827662878 -33.87784175123856 303
-15.72107867544588 26.78754101035319 -33.87672317013667 304
-16.06475790178703 26.59306320036577 -33.87345852847471 305
-16.40559784989596 26.39651936667816 -33.86832303831695 306
-16.73871145188317 26.19864140282519 -33.86187422557708 307
-17.0603340552194 25.99941688207235 -33.85488011433929 308
-17.36824110501831 25.79820677711357 -33.84820950588176 309
-17.66186151280643 25.5939763224407 -33.84270333880813 310
-17.94210050302877 25.38558653916103 -33.83905023897738 311
-18.2109388468761 25.17208008993699 -33.83768879155944 312
-18.47091026512465 24.95289809051486 -33.83875392610348 313
-18.72457029905542 24.72798236097969 -33.84207595639376 314
-18.97405670362206 24.4977469790167 -33.84723025798439 315
-19.22081076578334 24.26293575071827 -33.85362550626863 316
-19.46548675617034 24.0244097320895 -33.86061101434895 317
-19.70803570045379 23.7829236796407 -33.86758070703793 318
-19.94791667490116 23.53894965376723 -33.87405319951974 319
-20.18436952984996 23.2925906542319 -33.87971384752477 320
-20.41668194209569 23.04360109320597 -33.88441400442716 321
-20.64439452611226 22.79150278195904 -33.88813283598332 322
-20.86740967978771 22.53576136422749 -33.89091556788686 323
-21.08599442779536 22.27597626246431 -33.89280701104471 324
-21.30069006311407 22.01203709404369 -33.89379946964267 325
-21.51215757508997 21.74421280115662 -33.89380972011658 326
-21.72099655986511 21.47315909724914 -33.89269172630758 327
-21.92757563002351 21.1998501821698 -33.89028212559624 328
-22.13190739726886 20.92545629284011 -33.88646656989599 329
-22.33359158166331 20.65119559997022 -33.88124903584167 330
-22.53183839112107 20.37818766157508 -33.87480459886905 331
-22.72557255723366 20.10732718850623 -33.86749944604905 332
-22.91360563494366 19.83918682670127 -33.85986928217507 333
-23.09485328135699 19.57394914001832 -33.85255712713388 334
-23.26856485247995 19.31136475625828 -33.8462213572883 335
-23.43452647938495 19.05073598146006 -33.84143245159663 336
-23.59319807898239 18.79093049761101 -33.83858031930345 337
-23.74575156069575 18.53043424801251 -33.83781246199534 338
-23.89399133730991 18.26745408883983 -33.83901684118366 339
-24.0401588840987 18.00007441412733 -33.84185355630588 340
2
2221 4100
-22.77096508708789 18.15042937909259 -33.3538899859527 0.9068143861203515 -0.0553105671692187 0.06541136786602969 -0.002747015447741549 0.02425407917394152 -0.003270876861397543 -0.02788457078686718 0.005663096171788043
-22.61935686608875 17.54337268678913 -33.1567920715068 0.8681441839645686 -0.03688571923752021 0.08454301824164792 -0.03791903779341694 0.03674143811878212 -0.01828850598034282 -0.03871466370565983 0.002126827432329665
-22.09209958780199 17.99076164139435 -33.09324042464203 0.8493834981337317 -0.07459704917072482 0.0747849803296733 -0.0473959261344305 0.03264204269072361 -0.0120004383455509 -0.01849845990801471 0.0006341792520348143
-22.40730693299371 18.69223396435693 -33.36353701293092 0.9036992298419309 -0.09076058541718589 0.05023713488804957 -0.01893877813605875 0.02187670246608117 -0.006427744639234282 -0.01511668685789487 0.001673922108232794
-21.73772671589128 18.69420813743326 -33.14983004910211 0.8545664224589322 -0.1157528354603107 0.05085738313462673 -0.04345743028838801 0.02536815558376392 -0.0007883962175084539 -0.0009356959938278033 -2.235775183989962e-05
-22.10156590563799 19.37139516922074 -33.43893131920902 0.9110794023828389 -0.1293742249742647 0.03185565452304262 -0.0245575450977883 0.01736816583065138 -0.00305794457787374 -0.003959541616319985 1.014524018988047e-05
-22.80613513410195 19.28983654872551 -33.66639746984761 0.9603265738504186 -0.1000148410036278 0.02930514921172656 0.007572646583972983 0.008667932569698115 0.002511312733259993 -0.01568782967271104 0.00521508387980995
-22.93760707887119 18.66350677333935 -33.54550693961718 0.9423908667656545 -0.06965835677992778 0.04924497995238948 0.01002764776730041 0.01597576970238673 0.002155837145811126 -0.02020870068963361 0.006039244250619566
-23.25076030916879 18.89877218085433 -33.72853131698439 0.9768829733411114 -0.06739522872545178 0.0376920461950576 0.02570713692968665 0.008038192163985903 0.005874242149792248 -0.01016105175304805 0.004951280273272248
-23.45062837103313 18.28868218687534 -33.6557784383526 0.9655162738551494 -0.03484551921541643 0.04062222974949367 0.0215573632730934 0.01147994670515162 0.003076374929467556 -0.00743183795853374 0.003069841906378235
-23.59319807898239 18.79093049761101 -33.83858031930345 0.9987503436963182 -0.04997750460443276 0.03732237413305121 0.03110741180683272 0.007338779097659976 0.004892375607364907 -0.006737252950930335 0.003676828095630535
-23.74575156069575 18.53043424801251 -33.83781246199534 0.9994427809246698 -0.033378550860734 0.03551298287447072 0.03192638530667631 0.007235082487872083 0.004566140669333507 -0.005831268584779275 0.003319112437511131
-23.89399133730991 18.26745408883983 -33.83901684118366 0.9998593727096918 -0.01677005678528432 0.02955427439615206 0.02003455068129044 0.007971003791290589 0.005335938108763294 -0.009646691374360543 0.004462091494421417
-24.0401588840987 18.00007441412733 -33.84185355630588 1 0 0.03804789372314233 0.01718517540097267 0.01267315812944915 0.00435312470240256 -0.01330844553493256 0.004977507906646088
-23.69155717034692 17.5634786010635 -33.58400238478927 0.9519964824347902 0.003976646424311524 0.04890430942495964 0.0007447758845221079 0.02093867478705136 -0.0008605792693763035 -0.01210459694402146 0.002440519626469056
-23.12916790926673 17.72463081819104 -33.38567343739991 0.9149941533321363 -0.02451633688484117 0.06194365599172231 -0.00546554733317878 0.02561230812238638 -0.004715882205679735 -0.02979642665350418 0.005046995538008904
-23.12517271240254 17.07350322379321 -33.24386807342583 0.8852979037865493 0.001341486688629275 0.0753688006633534 -0.04528883999609338 0.03717523606060544 -0.01335559230894482 -0.02258007407236148 -0.0004312114457889021
-22.47282650763339 16.95688477333609 -32.9973049615928 0.8313291508252072 -0.01928589384278613 0.104177244319734 -0.08073308135177963 0.04421952431784173 -0.02611664412880589 -0.03482859666869875 -0.002059269370464025
-22.1489712526035 17.36278961091928 -32.97361245522318 0.8256490249276567 -0.04764123066096527 0.1034076682606779 -0.06946571384919631 0.04068960066247873 -0.02679337847749562 -0.03991259809296007 -4.709618400497931e-05
-21.87576072081984 16.8428687899383 -32.83389825167797 0.7838730509341322 -0.03747480457657495 0.08610165747741899 -0.08243846298802926 0.02791091250883765 -0.02800175916712244 -0.03005527391618185 -0.002390201672566641
-22.30310130186734 16.53812630271469 -32.89002709605674 0.8008005580310735 -0.009275125376119978 0.1149965883541067 -0.08355815921815891 0.03723837536647249 -0.01965355628628223 -0.02786683729985791 -0.001837075473539239
-22.09055168533148 15.97246260652403 -32.80401918458147 0.7617212071002932 0.00494996860039419 0.08256435432455157 -0.06307217453896351 0.02028075072458041 -0.008638617155784551 -0.0115892706877671 -0.0008736686385242553
-21.25990147638898 16.40415903475949 -32.68484953992436 0.7226727733568689 -0.04347624668330472 -0.04537740247784837 0.06574576364138185 -0.01173541062782054 -0.01178199046184582 -0.008386882689776444 -0.001428657621314482
-21.18575783653292 17.1810636310972 -32.7403386214094 0.7503271474421713 -0.07668133374868592 -0.05181017309497617 0.07864020917594976 -0.01878803002854221 -0.002950347983638031 -0.002019405082787429 -0.0003166057532185428
-21.71002073008132 17.47903366354633 -32.88633370663736 0.7995328124293114 -0.06874694543050122 -0.07908042892019211 0.08199643644226319 -0.03210567484365952 -0.01585529617166486 -0.01567005131611488 -0.00096695506411418
-21.27187399094207 18.01660148485868 -32.88382170683037 0.7919588228056131 -0.1062405935333567 -0.060074481375966 0.06800450982420862 -0.02646951593004393 -0.004763095655099148 -0.004354430392732983 -0.0003770527282637698
-20.55365639257151 17.60027821610572 -32.66894752894231 0.7243772460430967 -0.1165983955585538 -0.04602608512128587 0.07011356817281206 -0.01694915342700475 -0.008416797876058556 -0.005774282650012131 -0.001030334925799795
-20.50458255149938 18.43208441865455 -32.77043819291212 0.7558089969297811 -0.1508413738053086 -0.04888875041658607 0.06173711693879246 -0.02125196087055393 -0.004263231044977145 -0.003531861235508097 -0.0004528001740938414
-21.13677657636552 18.74286491063756 -32.98568705364714 0.8134249219615264 -0.1398430031675236 -0.05095264712997336 0.05459223400744861 -0.0252260847050925 -0.003900590258883735 -0.003779443905078459 -0.0003005970650302091
-20.74635665948935 19.22123304974239 -32.97731834108536 0.806074974168288 -0.1729190194261374 -0.0469193639992529 0.05005149706696222 -0.0235768721309801 -0.004842226640692848 -0.004724290696993781 -0.0003929116462544401
-20.05792791087121 19.08996992550302 -32.76852332465336 0.7521804835499818 -0.1927279578776349 -0.04760596209956505 0.05473798873217831 -0.02119078962167609 -0.003097323848111985 -0.002812545057108768 -0.0003068303747782245
-20.32783240117219 19.78867558926142 -32.97481606031987 0.8002668870781713 -0.2102353935313367 -0.04292137370443794 0.04641141368483617 -0.02230588707450797 -0.001705869430436665 -0.001650954314720976 -0.0001526442032616066
-19.64048264125048 19.66574874657075 -32.76047681873925 0.747021564990478 -0.2300218555782461 -0.04662500728258401 0.05188265234487012 -0.02127258720122613 -0.001271610296631995 -0.001193146114280261 -0.000122916205632435
-19.88744180026032 20.37357825644712 -32.96917721824907 0.7935009298265047 -0.2486634148874541 -0.04083348379091765 0.04527285596402907 -0.02203574253100989 -0.002285072725006396 -0.002166442092105272 -0.000216627177684503
-19.18630831882428 20.21207566533439 -32.73774407386763 0.7380559935804741 -0.2671282062932493 -0.04862319335425335 0.04898614237464591 -0.0217431479410725 -0.0008083872267956954 -0.0008317100243761406 -6.603906843689844e-05
-19.35454915593677 21.02120845508145 -32.94788975646119 0.7827339601864123 -0.2923147047545522 -0.04270408907085497 0.04656347882676615 -0.02334780557834151 -0.0005854644828199395 -0.0005659977043214861 -5.795382758635874e-05
-18.66465480551538 20.67781935961101 -32.68123499712077 0.7212510654044855 -0.303119877249757 0.05375885020684445 -0.04693323806903798 0.02221466918680751 -0.00370231475064716 -0.004344380730992548 -0.0002189396101595594
-18.70106310338264 21.2822020361331 -32.80272514455155 0.7480099812209103 -0.3247833809383512 0.05514197318243443 -0.05001212956301567 0.02608843266284026 -0.008137900874504037 -0.009223138347121755 -0.0004802464897979891
-18.13284727280181 21.10469439512622 -32.61871931133403 0.702490904528396 -0.3375677999841359 0.05452175051946968 -0.04549258403202852 0.02114762354884166 -0.01129074313482681 -0.0137202969022481 -0.0004057514724357664
-18.23684429152485 21.78613062432372 -32.77590650223744 0.736704612821793 -0.3595819959045043 0.05878855119278269 -0.05082382597347607 0.0268633396826895 -0.01632347996689242 -0.01915270818155088 -0.000512973071281092
-19.02565500617965 21.8694746724844 -33.03761208624589 0.7942233248202042 -0.3361306768580399 -0.04028074378549209 0.04892346741728492 -0.02531690027797324 -0.009238464374729308 -0.008148676947061272 -0.001047889527247809
-18.50071345605385 22.3179989224046 -32.9735647075651 0.7758660184312142 -0.3708051568518113 -0.05388787171995694 0.05547742999348156 -0.03118778075058379 -0.02224605638221467 -0.02240958116413208 -0.001424703410993289
-18.00288055781698 22.39416596663746 -32.84366953771571 0.7451929010486606 -0.3901872438702441 -0.05926561427528172 0.05841038787989382 -0.03053496483141047 -0.02169533043184556 -0.02233950057752036 -0.0006245891859655298
-17.50918539251913 22.09842125267156 -32.65467190555968 0.7007861483705728 -0.3956416108089889 -0.04450656731287631 0.05333339302894401 -0.02149556447136717 -0.01465731217992618 -0.01259472196229811 -0.0009012373398985015
-17.43760406136661 22.91644881663313 -32.82456447074546 0.7287062420473089 -0.4282071315580175 -0.04710864433639733 0.05886759834900947 -0.02753527988993643 -0.009700049116862678 -0.008024647317462302 -0.0005605736112600586
-16.74686895447128 22.4371481024946 -32.54829898425685 0.6647338900863941 -0.4334130413290865 -0.03840561921661142 0.05082027890762206 -0.01871229185866835 -0.007068059493177428 -0.005522663973434294 -0.0004921963604053545
-16.47608234213203 23.29198599601231 -32.66788488666322 0.6811598134555327 -0.4731268239868061 -0.04758073072260337 0.06216451526385559 -0.02618626026133342 -0.01567689580223593 -0.01240627611877684 -0.0009666131462913405
-15.94366732362138 22.69482833609154 -32.42585983465506 0.6238106649802951 -0.4692368805540593 -0.03700214451846912 0.03637004459696631 -0.01426694426460655 -0.01615643401100446 -0.0165019796180465 -0.0001650688770212572
-15.64877311146267 23.35025544844034 -32.49436651842338 0.6312643423609143 -0.5019434100535595 -0.0473168872625581 0.04694515125206284 -0.01908842138633348 -0.03003618912892644 -0.03009549334954468 0.0004390875149298648
-15.93827218921185 23.81370781662586 -32.65871582653465 0.6675115255381685 -0.5089658309114459 -0.05999119880067404 0.07257879169291094 -0.03236478250050302 -0.03565891776483899 -0.02975469994815227 -0.000628428285416506
-15.40325947469451 23.90176552977729 -32.57071492776314 0.6378688212529833 -0.5290924028965046 -0.05423131999454468 0.06224365948254321 -0.02556631352541134 -0.03539103253722446 -0.03041636396175537 0.001019959694425391
-14.81255605802577 23.52067587580584 -32.39065929142788 0.5869663424851059 -0.5349500226298555 -0.005518518295059708 0.04189794208945291 -0.009985654799401413 -0.0366632917939612 -0.005852025886736621 -0.004292236818456029
-14.86632836766443 24.37679171398242 -32.60224620819802 0.624254633645476 -0.5625227979518541 -0.05681759802166156 0.05566816547865723 -0.02428746792458002 -0.01675678399606653 -0.01643706264586213 0.001525852509059025
-13.89860674650717 24.1426527704856 -32.40884000396615 0.5577661844827727 -0.5853851748642172 0.03447250756213462 -0.01818934657099872 0.008646878451912301 -0.01065785891878936 -0.01871606440788073 0.003119060868502073
-14.23376457558661 25.16005722246377 -32.71042942294093 0.6175934684677036 -0.6087917528915717 -0.06565290709725435 0.07493035613426639 -0.03159018337660701 -0.01902365007969798 -0.01605149183773762 0.001462920645131788
-13.1513545840957 25.10492011131923 -32.55319953458186 0.5533755458656899 -0.6404758356357779 0.04950575010248172 -0.03973442988120195 0.01544909145032424 -0.01254963054318184 -0.01475992269552597 0.002252673580436594
-12.84776240725631 24.13572822096265 -32.29672747500698 0.4972420127263238 -0.6190832906080259 0.04490135914400428 -0.003884230451807542 0.00466383472921327 -0.0004104718219246549 -0.003746789149470373 0.0008313652624890196
-12.24835222962996 24.76748359685348 -32.39699520974803 0.4899341583908218 -0.6583304403318431 0.05402301874647677 -0.01440262472586604 0.006481663000091357 -0.0008049449775489389 -0.002759725103605443 0.000576745905823089
-12.28388722372172 25.59168728121685 -32.58747742654401 0.5248615215030373 -0.6828288301323654 -0.05448455023899535 0.05579456906201562 -0.01789709565568113 -0.01962990892613151 -0.0182116161725367 0.002984701195707126
-11.4939086632149 25.22007446273294 -32.4654875068302 0.4681273839441287 -0.6962760387888003 0.04921207972851935 -0.02355679617525911 0.006396549252299903 -0.004024120807040199 -0.007968030021824071 0.001615573404220279
-11.62477819970441 24.50404779504527 -32.31473305207611 0.4454652536711445 -0.6703878445733226 0.04995699636652914 -0.007305691202668746 0.002624421032214517 -0.001936100146244952 -0.01228960380385575 0.00264351546185721
-11.01906203525738 24.56548023878653 -32.32580668239034 0.4161608680691825 -0.6920767984087455 0.03664493962522431 -0.007845809077194114 0.001464453669437561 -0.004836699445795064 -0.02173287598108587 0.004594589553087529
-10.67281076431408 25.14861320703398 -32.4441339328589 0.4229136206790811 -0.7204313949166286 0.02293134110132804 -0.02179553596556582 0.004253838719589705 -0.001882462612146324 -0.001905373305901785 0.0003852425917010345
-10.50215872597567 24.59470084340857 -32.33962761745957 0.3908006082027131 -0.7099119136520319 0.01705671653432867 -0.006771256209264851 0.001018694725453675 -0.01289125462579038 -0.03148929914569516 0.00653813492094694
-10.08928918819742 24.86228238131448 -32.39656777587433 0.3814299414898523 -0.7310925805344791 -0.01015812110272027 0.0109240927476446 -0.001946644633147537 -0.0185571496178123 -0.01666703198651289 0.003304953447002709
-9.971158374113415 25.74167509425038 -32.56394948864597 0.4126012182723723 -0.7598469422712325 -0.01031877538082374 0.07314519505644715 -0.01601299917375484 -0.006789404858977767 -0.0009283890945556525 0.0001343372516523332
-9.355408088023044 24.9843924191933 -32.42069891347298 0.3505343305897003 -0.7583171060713527 -0.01209190164482597 0.01790540065779608 -0.003076464788622944 -0.01704838874973688 -0.01118401079327741 0.001915590183779076
-9.197458466173453 25.68850124408391 -32.53883666198573 0.372970265655013 -0.7826692984046546 -0.008482241318916449 0.07967417996004775 -0.01555569178286156 -0.006909785685506245 -0.000723065133473432 6.433967021402442e-05
-8.589839090336532 25.37747949208293 -32.48013695992802 0.3310464999336588 -0.7934768931922512 0.002687362174384494 0.06096426223299138 -0.01073955180723134 -0.001892168630090674 7.880133988213382e-05 -2.615349878828176e-05
-8.674576340035426 24.62126202702349 -32.36352498478541 0.3018866689467504 -0.7706506245823475 0.005313661606592335 -0.005229244846045917 0.0008393695683685966 -0.02126140495137208 -0.02107444218080353 0.003303065943225793
-8.189627624975319 24.89061198675514 -32.39885499827218 0.2910680263177105 -0.7934885376212942 -0.007746390869581571 0.02374807799671321 -0.003641777007329001 -0.002842698529134453 -0.0009105828049443777 0.0001087552741362364
-8.056125980159159 24.246576485785 -32.30489868631928 0.2558294454875771 -0.7811537453831778 0.00443614257403613 -0.00185444709191782 0.0002793427841284617 -0.01565333273428698 -0.03657835746418171 0.005755606490992209
-8.691323142791292 23.92741437305733 -32.24786035203132 0.2713027740461891 -0.7515904119104174 0.001698615635613166 -0.0007423063418458153 0.0001144434257590072 -0.02972648894040338 -0.06601329152046959 0.0130352089200061
-8.177382352514417 23.49887973582462 -32.17419300421321 0.2265792460527802 -0.7576788534359683 0.007763398141141709 -0.002811078345188151 0.0004050677862328022 -0.03017217986943916 -0.08081120505594538 0.01745884706616881
-7.664955062768673 23.72253749526001 -32.22430490951334 0.2131666967802692 -0.7808198504422208 0.006318750426832196 -0.001483685068490592 0.000216991529144899 -0.01565306731771884 -0.06496978937879473 0.01158164745267286
-7.637890848517537 23.12198220204397 -32.10410850097792 0.1827931695122131 -0.7664593236915197 0.01313572401445695 -0.003657290883294778 0.000603294747763185 -0.02554671767950524 -0.08832381412998912 0.02080036792019819
-7.113583043376229 23.55741679597538 -32.19540625783494 0.1799444968142085 -0.7952775579575287 0.01072306600248246 -9.861222364139769e-05 -4.581072680974476e-05 -0.0005226543669172395 -0.06219806230327991 0.01154821138661455
-7.337740164911505 24.23937459210945 -32.30378405706148 0.2225771897879516 -0.8047102110995901 0.01784435731248955 0.001891739328080134 -0.0003688892124872979 0.002362705738285992 -0.02165449352912791 0.003243001798481221
-6.548594769912437 24.1664824417346 -32.30255275946117 0.1843929573820274 -0.8290001505213643 0.05086078626274713 0.01180913894017214 -0.003580015928605136 0.004929974869576611 -0.02026440912783332 0.003194727459112366
-6.987842583616988 24.90313520800726 -32.40279007065394 0.2376833003150484 -0.8325527662929489 0.04310606557021123 0.03733391071513854 -0.007027306045726931 0.01651284023433613 -0.0185779880815254 0.002591978415429096
-7.659434526397009 24.85398680171665 -32.38979365452171 0.2651873752923355 -0.8096571620456944 0.01312244990016036 0.02867328712342852 -0.004334571287755072 -0.01998229017821809 0.00894697719088932 -0.001309784865930352
-7.424442218231489 25.48066378845513 -32.49262738067729 0.2826021387699819 -0.8330674504909789 0.02065783349911944 0.09645300006697166 -0.01927025334543051 -0.03167940448331606 0.006611638562790486 -0.0008674244250110711
-6.732214863552699 25.60868899519787 -32.53679436899328 0.2585137990276035 -0.8580691623188852 0.03488570967860914 0.1132060751351583 -0.02656048807570905 -0.05189140073902199 0.01579090471941476 -0.0008524690817108718
-7.215369478444583 26.13209731257192 -32.65140102572215 0.3020340976981849 -0.8562982487895922 0.03124275634520173 0.1581290231619753 -0.04822136896807958 -0.03586062088500187 0.006795781792350004 -0.0009492535204013569
-7.998231032743856 25.95980835573999 -32.59443291110408 0.3290201016494086 -0.8275221000315324 0.02499742076249584 0.1309347607887568 -0.03261634846380859 -0.01317462112299955 0.002398824493419433 -0.0004673127770545442
-7.708043186304217 26.64888559022547 -32.8121613518216 0.3458180125605011 -0.8550032393931167 0.03627172366353273 0.1679767123245084 -0.06643211634522057 -0.02025129564642972 0.004063476204517682 -0.0007824532610391583
-8.351348416603159 26.51714180512968 -32.74370343065728 0.3686727683311318 -0.8316432694991736 0.02767388455818905 0.1654589135522486 -0.05640363867197441 -0.02064043551908954 0.003218974708405621 -0.0006842284059989964
-8.357830469815394 27.11929390458242 -32.99366299795305 0.3948509788109704 -0.8486516869934818 0.03239598949500384 0.1510282614062368 -0.07319214546607289 -0.02224521296336519 0.00419881222350613 -0.001182044532743187
-8.954637151214483 26.63917632388944 -32.78141807870485 0.4014539849411815 -0.8166172958556798 0.0253478102114676 0.160978003515412 -0.05638650362264792 -0.02417533841643273 0.003404934901406889 -0.001146945869921534
-8.736398351478201 26.08206353642379 -32.61861496159437 0.3678832672332138 -0.8078407220936956 0.01655904476401465 0.1330492235023145 -0.03253458814598196 -0.02138930837582424 0.002513809036226515 -0.0006063139473300493
-9.314835057296857 26.17261025830758 -32.64485359138887 0.3988141969691994 -0.7923987205497243 -2.412617445460389e-05 0.1324650227751144 -0.03417564509462914 -0.01460614512727625 -6.777589964910092e-05 -0.0002523886721461664
-9.689485596792267 26.59623711948862 -32.77712800107992 0.4342700810675322 -0.7929926306944757 0.01364617561511105 0.1359403607814716 -0.04379863850030743 -0.001369325103219518 0.0001181076734062932 -6.005782802548592e-05
-10.48084213528564 26.492480529265 -32.75275361209372 0.4683004566687686 -0.765717367577233 -0.002121742512992427 0.1236945394358673 -0.03740982635555855 -0.009476141012103683 -0.0001568170258139393 1.893944799421555e-05
-10.90731881080866 25.86033777148559 -32.59142093902698 0.463958131376769 -0.7338365639855103 -0.01276546614040274 0.06849066385295076 -0.01586603018070661 -0.0282198636517604 -0.005053961395873776 0.0008880950484944369
-11.13049003239247 26.42120304266974 -32.73190183035983 0.4975692605366269 -0.7435755675959965 -0.02345812300127745 0.1278785516734885 -0.03803934224077126 -0.05586948385636983 -0.009744490013275476 0.001695138528369572
-11.61879805821489 26.03661507764235 -32.651445825442 0.5072746943273736 -0.7170243992773221 -0.05133845649009664 0.08756323966271044 -0.02501524080173766 -0.0424189304448494 -0.02382046784276735 0.003674762962858495
-11.56641485909563 26.60427808399756 -32.80656833718715 0.526895591978953 -0.7359076792799266 -0.04890372713057514 0.1457329632440701 -0.05256602608350235 -0.06496798829386273 -0.0208400514894939 0.002665111374407093
-11.00227405211286 26.99986094324391 -32.93255380988048 0.514417747677924 -0.7651482813644102 -0.0281732228937159 0.1619124252450147 -0.06620789025434937 -0.05350352768347121 -0.008542732833184295 0.00187579183248918
-11.75942918531445 27.03609830303989 -32.99236676570206 0.5540350475505882 -0.7437495299305589 -0.04161372830432854 0.1571850698778853 -0.07258792069091465 -0.06511138201468102 -0.01682658335080212 0.000890501894270099
-11.27515845609835 27.50342121121772 -33.17691994640656 0.5484793460633799 -0.7730446096036415 -0.02075728528677655 0.1813042943538553 -0.09858269867003951 -0.06795077722805143 -0.008002195953448629 -0.0004093905196843906
-11.92830452156824 27.51232988380696 -33.2472902707558 0.582116895245791 -0.7544168480947802 -0.01961739122294385 0.1642077324560131 -0.09466908083881322 -0.07281615685734726 -0.01075022048631089 -0.00355772222623477
-11.43133008522328 27.88864572515416 -33.42546561904819 0.5727453715628583 -0.7816014347244516 -0.004493872799234803 0.1497270157070486 -0.1022020264420498 -0.06971032603689289 -0.004414712139529128 -0.00340240157617191
-11.98920771193686 27.87380812030363 -33.47927604272977 0.6005405489704752 -0.7650977469722687 0.02654115498328596 0.1339774690909055 -0.08710463059952474 -0.06787084655704487 0.00485834844820638 -0.01320781019730548
-12.57247366456344 27.60651272019041 -33.41348347153847 0.6204323704354446 -0.7394511345274023 -0.001781241907872928 0.1184982654321269 -0.07217200888663214 -0.06689200865814945 -0.006470743268191076 -0.008973298848184253
-12.44535791671052 27.0459556954921 -33.08656814718113 0.5905967595054509 -0.7241384238836142 -0.04827276749833995 0.1459687000138752 -0.07577811051072095 -0.04964098808213763 -0.01636841752161438 9.278733812598879e-05
-13.09754700297156 27.07413513481375 -33.21741762699973 0.6276679220848582 -0.7064505963532188 -0.06234597100165162 0.1248665546738717 -0.07824891246886966 -0.05105275393112998 -0.024159081065577 0.002124915147740443
-13.28801673144814 27.59032343576817 -33.56531827981117 0.660014318363069 -0.7191606450072231 0.06974014296172078 -0.02459247650157375 0.03300495214303906 -0.03346416669184249 -0.05810413622214721 0.02741622410403637
-13.71446040606737 26.9929277397075 -33.32296914807245 0.660242301264146 -0.6864399293147955 -0.06805815851008912 0.1006697565878744 -0.07447830448394446 -0.04228701700024954 -0.02630979944602482 0.003079761299670169
-13.49692586517872 26.59864565615825 -33.06700038883112 0.6311716926429339 -0.6789376767706718 -0.08282879949969352 0.1438463596623659 -0.08135423216576992 -0.04190886645341272 -0.02328273603326071 0.001501142253004921
-14.02684259732119 26.39089570253857 -33.0985447488416 0.6540320858891991 -0.6567185961220233 -0.08772230242479244 0.137569968053254 -0.08442074628542 -0.028357151398845 -0.01743214462944331 0.001059159449273087
-14.39884366158497 26.78633808090868 -33.41529037046241 0.6938099358023907 -0.6603705197293285 -0.0529296927371142 0.08516118289596308 -0.06523882838632451 -0.02722026581024411 -0.0164115238384826 0.0006611940069322831
-14.62110029440184 26.10776664752166 -33.1223735390924 0.6784739207477788 -0.6297741028731136 -0.08420583675324063 0.1319354487073393 -0.08543742817328578 -0.03234584261269871 -0.02036793946377774 0.0004266925055321324
-14.24904276921272 25.84654477277126 -32.92081786268131 0.6452554734096532 -0.6315135476062695 -0.09453494176599211 0.1379911155810187 -0.07002006467835553 -0.02981715982448785 -0.01980649549937583 0.001223121662617038
-14.69020633483677 25.58112635708795 -32.92093451935666 0.6611310000127997 -0.6093309492719481 -0.09742712723955602 0.1300697105634518 -0.06938826793702074 -0.03158065025215186 -0.02314123991352887 0.0009632414063553517
-15.17904988823628 25.68465255545469 -33.09574142396863 0.6957243570971269 -0.5985907821482057 -0.06688044078330456 0.1215446489637244 -0.07230603692719385 -0.02128737909922811 -0.01230607324622999 -0.0009961554887837358
-15.08400271699272 25.07359271746994 -32.8436978187144 0.6650161173598972 -0.5798664215486291 -0.08505626247315957 0.09856616839072076 -0.05151658913940576 -0.01500058414062659 -0.01258504348785194 0.000687819338966848
-15.74966293587825 25.16982821769186 -33.05210168859885 0.710502735805233 -0.5632083240467812 -0.05396579454059012 0.09848086140024437 -0.05454822015323299 -0.01415691163847055 -0.008208921969477296 -0.0008145586012835347
-15.74359453188061 25.83665880955314 -33.34990932422942 0.7386055394409995 -0.5877981011126755 -0.01541323794858531 0.08773469418830782 -0.048537004076941 -0.003293477214260473 -0.000926232673780986 -0.0006283781411684341
-16.46113664654024 25.27155671107272 -33.31793692112628 0.7607940552997376 -0.5457131082980916 -0.005321987423240609 0.07509302016537676 -0.03509691620009193 -0.007185998316149965 -0.001306581784676194 -0.001705887186814102
-16.24770589047645 24.69547142173223 -33.01229756937809 0.7226307624983531 -0.5309260061014441 -0.0399205767873002 0.08808584870471452 -0.04382921388344353 -0.02649468186393012 -0.0133740579700456 -0.002746621589735634
-16.85449622075567 24.50694502799124 -33.12848194658637 0.7543132763676232 -0.5053865083705471 -0.0177781934951372 0.08042803158771911 -0.03497685881662481 -0.01894301888361731 -0.005811377141045204 -0.003734611214173953
-16.40282846390762 24.0852821800085 -32.8540359059052 0.7078563230534145 -0.5040179934364762 -0.0436678997871634 0.08418892827238614 -0.03726222898193714 -0.02875155143960721 -0.01624744686270373 -0.003014722270044088
-17.11315799979761 23.76978247113458 -32.96466575755359 0.7414178848138675 -0.4701227781380378 -0.03473218505534309 0.07109744366325714 -0.03127476563118801 -0.0149639855653464 -0.008163456611898724 -0.001939870036318314
-17.54689723685317 24.26914063821134 -33.26193728308775 0.7903772330034726 -0.4750898970839772 -0.01049111844441255 0.06311124223962877 -0.02592473027243804 -0.02312136162544459 -0.006018285845881241 -0.005294271185688146
-17.85931454732812 23.57283364825997 -33.13172775425006 0.7831155529334768 -0.4390644218595575 -0.03725140936129137 0.05185644862305863 -0.02782710824120637 -0.01809895575924476 -0.01378869236700314 -0.00146695110951855
-18.23584737491982 22.89587137857557 -33.04870460021861 0.781218761266992 -0.4013880719709829 -0.04906236181829863 0.04922770242544805 -0.02970642234516526 -0.01954817868424367 -0.01977163729488871 -0.0004791038636758896
-18.60002916891782 23.52866768392447 -33.36947279943943 0.8321527512349347 -0.4137318752549898 -0.02081640066737777 0.03633208523233702 -0.01926377935109811 -0.01964716194769692 -0.01273119901877006 -0.002780753028954734
-18.90820383678738 22.69047062936958 -33.21667068787775 0.819377182105587 -0.3715203867977441 -0.02603499546834867 0.04458579431026148 -0.02215784909310193 -0.01763686406282776 -0.0116849064385852 -0.002789312211402716
-19.37744892337734 23.20032193210825 -33.54562174260582 0.87355880511239 -0.3759394964270313 -0.009624374473747185 0.03438949890411999 -0.01465283798974026 -0.01057908911463717 -0.004062085056484896 -0.002584888633487868
-19.61474665455908 22.37366432715565 -33.37900330939145 0.8564826107738805 -0.3358303735423406 -0.01569109746508963 0.03845979187346581 -0.01674315249023741 -0.006413655167963324 -0.003218983191429618 -0.001383499030549116
-20.07690226912463 22.79749654172409 -33.67774992172117 0.9071562867837792 -0.3371676646533933 -0.004706362463612408 0.0354793830360401 -0.01286111315499191 -0.002107974107060138 -0.0005066903760948704 -0.0006263977017637454
-20.48290142598279 22.04083453798235 -33.60185194263722 0.9054356621102605 -0.2935238127998696 -0.008262601669682634 0.022796082337425 -0.009616969008868076 -0.001010604569281387 -0.0004645735891100958 -0.000232946033781301
-19.7420871660381 21.67732541812283 -33.2329350944183 0.8369576029506666 -0.3044167006205649 -0.02580899329604406 0.03844838546753571 -0.01893281892517521 -0.0004843370973760728 -0.000361616369612269 -7.412064080710549e-05
-20.16333748992145 21.11688407498312 -33.23448159682425 0.8439770088775337 -0.2680247395927743 -0.02890941633652214 0.03553141534938118 -0.01879660434744079 -0.003021771196221826 -0.002640972526241531 -0.0003447351474303532
-20.86541883503693 21.14608648357238 -33.4852750090178 0.8961124231104928 -0.2447345266825228 -0.02139016299694509 0.02421495855408444 -0.01422349516008551 -0.00257530237724455 -0.002417437688886647 -0.0002426981405722207
-20.57743489260734 20.48070332781729 -33.21103528773937 0.847141659842279 -0.2285057266789537 -0.03361550209860029 0.03636860367960529 -0.01995437170960425 -0.001110963759687645 -0.001080124705851842 -9.707260066197335e-05
-21.159556174274 20.55868585806288 -33.42863700491289 0.8928690607119609 -0.210975657626562 -0.0257344105065559 0.02771480654916854 -0.01635179652954887 -0.001600312558232013 -0.001570637699450418 -0.0001435206023093126
-21.00631948228989 19.93470536385325 -33.21852236647495 0.8551086627445654 -0.1916618204151357 -0.03635625128806579 0.03656492874952954 -0.02064596913760212 -0.002835083981492329 -0.002939037660570464 -0.0002127619666464342
-21.77257843160229 20.22382158424216 -33.55753506983981 0.9240169088728787 -0.175648753286826 -0.019099152663833 0.0203358363959809 -0.01229468654436491 -0.003510269919004863 -0.00347359934622094 -0.0002924325823701897
-21.41935345973989 19.36170558184555 -33.21131936692547 0.8604866756331718 -0.1539845324402346 -0.04009375992337519 0.03850569589128061 -0.02205563846246248 -0.003329803152593655 -0.003570682678950795 -0.0001807833935318075
-22.45740436434653 19.97856661801409 -33.73278870917994 0.9646097559196477 -0.1408882461843458 0.01373494506100431 -0.0109441992180548 0.008051381401213795 -0.003627755822638576 -0.004565925903869239 -1.780760108084204e-05
-22.33359158166331 20.65119559997022 -33.88124903584167 0.9849511227312945 -0.1728331155489675 -0.01125444028867923 0.01069145790650782 -0.007121569328295108 -0.002649594442218522 -0.002877567201169547 -0.0001327918218151249
-22.13190739726886 20.92545629284011 -33.88646656989599 0.9815399380533937 -0.19125728745891 -0.00790489634537018 0.01450321755003479 -0.007028791652455959 -0.005417190834294676 -0.003441023908366751 -0.001007795743561423
-21.54599014284496 21.02738214579695 -33.69869922442989 0.9415898148720517 -0.2161208825696304 -0.01165233854332097 0.01575256674487244 -0.008754037749700697 -0.001179524527666282 -0.0009614254415734615 -0.000160006086578051
-21.92757563002351 21.1998501821698 -33.89028212559624 0.9777649566724989 -0.2097038137546049 -0.006912850947319881 0.01360247101667218 -0.006507052463433013 -0.00126216504674317 -0.0007601309688657927 -0.0002481155089638761
-21.72099655986511 21.47315909724914 -33.89269172630758 0.9736374590095177 -0.2281010706101343 -0.00764597489576842 0.00934834199552749 -0.005555342754350468 -0.001985710566928544 -0.001759822928282397 -0.000228380767174664
-21.21985479849476 21.67407586818238 -33.76439013978665 0.9444061167688773 -0.253605510957555 -0.00954493347826002 0.01035099591184675 -0.006523105409476091 -0.004324497487430481 -0.004218538668206779 -0.0003662420755425356
-21.51215757508997 21.74421280115662 -33.89380972011658 0.9691696479541984 -0.2463943860649729 0.008927191042959208 -0.007656177931638387 0.00556620253552292 -0.004171586590735308 -0.004942468604725101 -0.0001077698139337545
-21.30069006311407 22.01203709404369 -33.89379946964267 0.9643717284276753 -0.2645508824582114 0.01091846972804167 -0.002143658809787656 0.004668800484147627 -0.002225359569539024 -0.007997727417928121 0.001532111359349231
-21.08599442779536 22.27597626246431 -33.89280701104471 0.9592494255833006 -0.2825606828950336 0.001638391232459856 0.01197070464238614 -0.002951594960649874 -0.007076367423856869 0.0003062625957306991 -0.002685896735188702
-20.86740967978771 22.53576136422749 -33.89091556788686 0.9538026872778603 -0.3004337426813635 0.0009831434441841271 0.01933865635641254 -0.005482529753339047 -0.003260025625039747 -0.0001564576321791001 -0.001136474124994024
-20.64439452611226 22.79150278195904 -33.88813283598332 0.9480261623765872 -0.3181923874788969 -0.0001227083525768244 0.03166089888484526 -0.00983676249400813 -0.006896900241607344 -0.0007469325333397276 -0.002318064318339049
-22.53183839112107 20.37818766157508 -33.87480459886905 0.9879908549017045 -0.1545123640056006 0.01292035151461272 -0.00838197029779305 0.007112898512757543 -0.00177226978544726 -0.002635930947242873 0.0001130416381508151
-22.72557255723366 20.10732718850623 -33.86749944604905 0.990657129081581 -0.136376143807632 -0.007595681442498198 0.01062094545147502 -0.005811320238371225 -0.006053439070077589 -0.004788165740946771 -0.0008388545355231554
-22.91360563494366 19.83918682670127 -33.85986928217507 0.992954650386389 -0.1184949884005412 0.01114835973359307 0.0112216004951778 0.0009218504574175646 0.007556351797914041 -0.007917842169525693 0.005000738955507758
-23.09485328135699 19.57394914001832 -33.85255712713388 0.9948947691700011 -0.1009177797921183 0.02480175477486738 0.01575736611091436 0.004888261833353389 0.004513519649771434 -0.008341462892867085 0.003988386433253387
-23.26856485247995 19.31136475625828 -33.8462213572883 0.9964942355781572 -0.0836614514546805 0.03485466630848096 0.02363573983416077 0.006918359681873162 0.00451059188272072 -0.007769749221567059 0.003820066817414012
-20.41668194209569 23.04360109320597 -33.88441400442716 0.9419115880395904 -0.3358609240693788 -0.007177761655409474 0.04713405935593684 -0.01814943172790262 -0.0007350737004555665 -0.000193931129145794 -0.00021293104869782
-19.88476934115048 23.34467718270731 -33.78317692765785 0.9159562360962494 -0.3652160784389179 -0.008431133021767527 0.03293210954271476 -0.0142727566063791 -0.004837114089432872 -0.001772179288420408 -0.001231664674941618
-20.18436952984996 23.2925906542319 -33.87971384752477 0.9354515560631689 -0.3534549281860356 -0.01302614728695865 0.03970424215847341 -0.01846518284088136 -0.004292794687116239 -0.001873461161162596 -0.001000032326209199
-19.94791667490116 23.53894965376723 -33.87405319951974 0.9286435291457908 -0.3709733087105467 -0.006642716017086232 0.02564557415695895 -0.01135316081707616 -0.00271604388042555 -0.001006829157557699 -0.0006851663392473601
-19.70803570045379 23.7829236796407 -33.86758070703793 0.9214926682676253 -0.3883957547772787 -0.004833911087240291 0.02258226269783065 -0.009725572568930042 -0.006961538485110489 -0.00228875265022852 -0.00185426157715411
-19.45311261774628 23.75779186296666 -33.76117556548422 0.9019991312089788 -0.3954706793782165 -0.008042420419788464 0.02315614086834285 -0.01108497386926689 -0.01146521092647023 -0.005186228520235908 -0.002515566752492322
-19.46548675617034 24.0244097320895 -33.86061101434895 0.9140121714348445 -0.4056867639804886 -0.008732792228343682 0.01931046836449549 -0.01017007281758872 -0.01163022204223242 -0.006384602033490926 -0.002136203281232001
-19.22081076578334 24.26293575071827 -33.85362550626863 0.9062203289731745 -0.4228057655185786 -0.01152662820323494 0.01461149809417775 -0.009543383722274083 -0.0135968504170055 -0.01138799836409814 -0.001013254541900869
-19.03819764146671 23.93226712379746 -33.66662773468935 0.8795173314427399 -0.415483325570436 -0.001881200451369284 0.02570262844128459 -0.009689583166731755 -0.01799079044104534 -0.003372152076935036 -0.005452132240751651
-18.97405670362206 24.4977469790167 -33.84723025798439 0.8981343097646887 -0.4397212317178992 0.02120888370188615 0.02225878139947803 -0.000326151888503411 0.008808585659312709 -0.008301211418907559 0.006271367955393216
-18.56640064180262 24.35122130283074 -33.64387974697861 0.8633933942929289 -0.4465815577611216 0.01972783437556089 0.03081720665785723 -0.00423620279008693 -0.01393605709424753 0.007839474754109481 -0.007869668726729038
-18.72457029905542 24.72798236097969 -33.84207595639376 0.8897616239284234 -0.4564255170170209 0.02670599325891494 0.02822392212720276 -0.001078774948705605 0.006681409346719899 -0.006142564830536889 0.004696439735891444
-18.47091026512465 24.95289809051486 -33.83875392610348 0.8810912115671542 -0.4729463784607348 0.03542928051680153 0.03750097406977132 -0.00218748134786896 0.004157373462893501 -0.003758847297361477 0.002894797528466516
-17.98304017167783 24.73217648442439 -33.58398501884111 0.8388135263205114 -0.4792520359155119 0.02705570694480357 0.04631875034244663 -0.009084786586522441 -0.0120710555491164 0.005805299152711655 -0.00635091851461489
-18.2109388468761 25.17208008993699 -33.83768879155944 0.8720868942260188 -0.4893510487566328 0.03766901204302178 0.04883145478644101 -0.007528106912164993 -0.001498585485572575 0.00101652973228315 -0.0009048236325478037
-17.63794086225964 25.3305604956613 -33.71883312787626 0.8403862723062469 -0.5127292415088494 0.02945207702533798 0.04684359707293131 -0.01100119636321746 -0.006125715966903196 0.003086459813117841 -0.003257298337560848
-17.94210050302877 25.38558653916103 -33.83905023897738 0.8626862076729338 -0.5057395644903528 0.03494880428594608 0.04575326569385409 -0.008371131122131645 -0.0003053666168344743 0.0001998982814893859 -0.0001823169318714706
-17.66186151280643 25.5939763224407 -33.84270333880813 0.8528069572802139 -0.522226285832553 0.03113500754572417 0.04491180937505405 -0.01046227029543223 -0.01205456693122037 0.006805035921879853 -0.006661322474200226
-17.36824110501831 25.79820677711357 -33.84820950588176 0.8423618943791378 -0.5389122738424045 0.03097754991380407 0.04809256172021046 -0.01299016556815666 -0.01909884283986593 0.009558826990695454 -0.01015590445347439
-16.98354496546073 25.6615659803225 -33.66627331667492 0.811678680178445 -0.5450128478481352 0.02229277329733299 0.05211706162795987 -0.01797974181109052 -0.01737467372249304 0.004802330274007687 -0.007622262933600928
-17.0603340552194 25.99941688207235 -33.85488011433929 0.8312792433597571 -0.5558550346621229 0.02648935765737164 0.05086664122924146 -0.01730826490746021 -0.02945776029872968 0.01063844145435633 -0.01381856384333768
-16.73871145188317 26.19864140282519 -33.86187422557708 0.8195245370796258 -0.5730440935254675 0.02164860931282506 0.05024849940609671 -0.01941549548590175 -0.03290378281151627 0.008608850822986505 -0.01440804349998072
-16.29466574091336 26.0666695529547 -33.65350447803498 0.7848699335896122 -0.5807026702564234 0.0142058437845224 0.05769566227898699 -0.02588854801435346 -0.02485543136267815 0.002060944212391816 -0.009045885221190993
-16.40559784989596 26.39651936667816 -33.86832303831695 0.8071183827725725 -0.5903896308291556 0.01956244801444383 0.05418519130645016 -0.02379743805830501 -0.04020599902133469 0.007368767929360085 -0.01627274603382289
-16.06475790178703 26.59306320036577 -33.87345852847471 0.7941453998785905 -0.6077278040798145 0.01487036026082626 0.0518058995932368 -0.02490366763261918 -0.03560548033460659 0.003641477746700191 -0.0136853853956998
-15.61150539044288 26.50094753021564 -33.66632000008334 0.7599820428203451 -0.6166382877209901 0.006129242759002785 0.05946315816728691 -0.03246954663401757 -0.01514829088003627 -0.0009651124105729479 -0.004626987429182093
-15.72107867544588 26.78754101035319 -33.87672317013667 0.7807511860396674 -0.6248420484391658 0.01182767049189431 0.0523925202453223 -0.02779927753587983 -0.03175048259313422 0.001156347912577441 -0.01132944063900112
-15.37989472681154 26.97849827662878 -33.87784175123856 0.7671263872395334 -0.6414959906350323 0.004204554239839532 0.04609111674733746 -0.02720194839657477 -0.01792614996874548 -0.001535179179751518 -0.005372026684511227
-14.95388154115545 26.91443942446593 -33.68333502987478 0.735619551889215 -0.650240350895859 -0.01140455582330395 0.05481022324104191 -0.03792369684090344 -0.005996806053623973 -0.001906969893237123 -0.0009527166170999848
-15.04615967970142 27.16391434757929 -33.8768440416157 0.753479572204381 -0.657471318211451 -0.001834937018722096 0.04460661480604344 -0.02930644592635182 -0.0078206172329802 -0.001530621619420279 -0.00184005624758281
-14.72360653734834 27.34146035628004 -33.87403669301558 0.7400031873774316 -0.6726033620725084 -0.01502524599065972 0.04137336431915894 -0.03234002885836117 -0.00759004399067657 -0.003274172527904884 -0.0006623758715480575
-14.41766647737288 27.28364099948138 -33.72331302867616 0.7169461973986373 -0.6781968546985297 -0.04150465533663433 0.0464508758052792 -0.0441128672434016 -0.0188882977761582 -0.01445515561235368 0.002550223053491611
-14.41405182530016 27.50880554654129 -33.86993223328317 0.7268387119586645 -0.6868081877775408 -0.04056798836801131 0.0417715426886735 -0.04220191440359618 -0.01591774112932128 -0.01280782414994922 0.002624245021009194
-14.1169799826374 27.66391336828643 -33.8651504473333 0.7140474929398922 -0.7000972631186718 0.06368477153479156 -0.02933225216190792 0.0409555162888863 -0.01337221342072619 -0.0186144217085494 0.007461838426221617
-13.90502891079925 27.44524270286841 -33.65282740704519 0.691156279505603 -0.697506339646589 0.06701748581202233 -0.03210658188809366 0.04105775055197899 -0.02172908798000387 -0.03006539526582466 0.01195710343864244
-13.82949853566414 27.80527573202541 -33.86031146804157 0.7015926814732275 -0.7125782127620843 0.0819178705342356 -0.01594796279485706 0.03633841302663648 -0.009548052959259434 -0.02270350299375557 0.01156026117060684
-13.54668829107068 27.93205097209658 -33.85593985580071 0.6893360120567629 -0.7244417592061342 0.08788434341129917 0.006487791092343606 0.02104552955305295 -0.002343796618186911 -0.03158417913477076 0.01952407906357123
-13.26230043501345 28.04409249223878 -33.85239509160235 0.6770518316527783 -0.7359353349687853 0.08876385750427074 0.06022831059081139 -0.01752385603831202 0.02492950877660314 -0.02931326904828006 0.02552809672985241
-12.85323184182528 27.95862564787718 -33.69729776019043 0.6504771462743435 -0.7439963977219655 0.07142976760642104 0.07738689125433759 -0.03666046340175209 -0.038909986724456 0.02429554439513778 -0.02452709468976294
-12.9696867400378 28.14187629472949 -33.8498375358954 0.6644589597390723 -0.7473247559277489 0.08291727013627141 0.08179317942909829 -0.03866282974568365 -0.03643018447326075 0.02498198699025069 -0.02527842139655332
-12.66280512415972 28.22634963675108 -33.84823148998842 0.6512666321826879 -0.7588489795772404 0.08305523169038716 0.07374024540270024 -0.03740505605768586 0.02513275421613849 -0.01903789765989149 0.01827420009725109
-12.30418955849419 28.08479043358716 -33.68247056709288 0.6262637801766123 -0.7638143299131412 0.06746096755320603 0.08357471484006612 -0.04911547619762715 -0.03304088569530042 0.01652739126932231 -0.01725928711400736
-12.33712776668787 28.29873121787035 -33.8473799042848 0.6372246986022817 -0.770678067347989 0.07405441419396804 0.07152326660890201 -0.04226670120630324 -0.01868396659972625 0.01225962420198489 -0.0119900966144787
-11.99029714779924 28.3602934164199 -33.84697995460383 0.6221657252985943 -0.7828855665189354 0.06342684249538182 0.05992075780857158 -0.03785293915707902 -0.01967334860528662 0.01295507706662312 -0.0124571660363543
-11.6391867780641 28.20083174612532 -33.67944623693805 0.5972284931067673 -0.7869872423641537 0.03585850793546614 0.07597085867335382 -0.05462575279639387 -0.0485257280929644 0.01234051228584103 -0.01469162162511015
-11.62242275194406 28.41215308220933 -33.84668615625867 0.6060301662776926 -0.7954416619472683 0.03832629652030128 0.05367370668756143 -0.03900794475450988 -0.03495570370815369 0.01415111572443312 -0.01487337603533841
-11.23597756957055 28.45509284993555 -33.84616798644013 0.5888715160528837 -0.8082266622560643 -0.002047374284852656 0.04697125009324209 -0.03738669787005472 -0.04196306941022671 -0.002759698515693076 -0.00116919606247427
-10.82442662881598 28.26192791255826 -33.66282735643593 0.5597482920579109 -0.8127578084052863 -0.02387837528118365 0.0752540908621747 -0.05926690810782001 -0.03875144889880739 -0.008718532619578829 0.004542440328875412
-10.83532720582166 28.48943000119422 -33.84515184803243 0.5708425719238122 -0.8210595338216392 -0.0230640518652286 0.04662883649394324 -0.03867008914235569 -0.02802213664364741 -0.009212129633590865 0.005605188177352232
-10.42598913625644 28.51494726590709 -33.84344163416613 0.5521663302350281 -0.8337339766105144 -0.03508175179301364 0.05913522745610961 -0.04796794708008406 -0.01999946336234213 -0.007695582407452748 0.00513960276823193
-10.0137651834759 28.5308972339248 -33.84091706766709 0.5330968652686621 -0.8460542135352355 -0.04813964179445355 0.0645349496972092 -0.05019243922201303 -0.01763174434613337 -0.008517917639037991 0.005958715601587761
-10.10687021168944 28.05399222701943 -33.48525084843708 0.5157768604622781 -0.8260907230738223 -0.02980706393975514 0.1146116662449063 -0.08034915965034001 -0.03721058992068268 -0.006671383327203178 0.004287786894247824
-9.603905750429202 28.53608680646494 -33.83751337128069 0.5138769717170505 -0.8578638924321935 -0.04250014851155277 0.04982056453648558 -0.03658442955897395 -0.01762528140244568 -0.009809794350124031 0.007116349435821196
-9.218440262081018 28.18453694822504 -33.58490943412833 0.4801752787971007 -0.8566006672819242 -0.02678056601708032 0.07116123128755789 -0.04830149083091174 -0.0307874632820452 -0.007554312364768435 0.005940427895278829
-9.200449934810823 28.52903954328799 -33.83318912262535 0.4947000772397229 -0.8690637684192181 -0.04401213808437308 0.04381627095195183 -0.03096677301542654 -0.01917793170464899 -0.01264849749131768 0.009360090087482991
-8.805843320358248 28.50822050066134 -33.82789071725205 0.4756834430538354 -0.8796165425936739 0.04460053841982176 -0.03238959455757615 0.02108171436502961 -0.0218541530054903 -0.02024798955832147 0.01512603827338295
-8.410367987725092 28.17588839486326 -33.61441872258754 0.443404374757314 -0.8800311958296823 0.004813702890220151 0.05328897480512187 -0.03641027657738999 -0.04806240023110261 0.004418496758018017 0.0001125794115418488
-8.420876009780054 28.47229241447675 -33.82152172351086 0.456857894371393 -0.8895396923974428 0.05386298245853178 -0.01609149270875441 0.007899582438890825 -0.01325026050540355 -0.0326941779112358 0.02374814430349791
-8.044918699548584 28.42035870785891 -33.81392408725738 0.4381761830852254 -0.8988891102782718 0.05949352075277428 0.01326288398603803 -0.01462047638365713 0.01181137744902241 -0.0306727397911325 0.02023815313769747
-7.636036938121415 28.13534644910173 -33.65687965531647 0.4083252220279318 -0.9019500335307594 0.05185077454245576 0.02645223639737513 -0.02424859025606869 0.01698872066294051 -0.02155934904632143 0.01280838696321077
-7.676379309011727 28.35214112530862 -33.8048758651325 0.4195377695906966 -0.9077378806058847 0.05612324759039884 0.02096009128621135 -0.02149950631297799 0.01984452940519954 -0.03225295371604543 0.02035928530695981
-7.31326633379101 28.268044552157 -33.79410752648229 0.4008230867050183 -0.9161554743406062 0.04883552131770022 0.006977899554873595 -0.01173378430285971 0.003490367005929755 -0.01169960851208312 0.007569186291789456
-6.953734936500076 28.16907952867217 -33.78133665325103 0.3819272941913059 -0.9241923728054174 0.05438160104795031 0.01449237341699442 -0.01872368561933869 0.001391090373281363 -0.002896463634457077 0.001798422052512751
-7.107047258633512 27.76518866468386 -33.46944136216752 0.3698741215413698 -0.9063798005697553 0.06201594590017911 0.05875529212345036 -0.04843485751081049 -0.02238554817473861 0.01675598849897848 -0.008336102679473578
-6.596509065622927 28.05664237773169 -33.76631846416011 0.3627842076858613 -0.9318731773442895 0.07105208857175642 0.0230291611550719 -0.02995125970187724 0.004864302395310337 -0.008339205775388254 0.005127461497555944
-6.347719591856716 27.61481246845976 -33.48946577039408 0.3327466286941949 -0.925407170062014 0.06064043369945912 0.05643745288642874 -0.05229131143422093 -0.03224863695748523 0.02447437097062469 -0.01098270739415537
-6.241111456877368 27.93218750735667 -33.74890730455265 0.3433752801519236 -0.9391982841661222 0.05645418969183206 0.02773937965270318 -0.0330494351986691 0.0172658659860099 -0.02103331642077287 0.01183921364055432
-5.887884037713242 27.7968589810652 -33.72912236375085 0.3237238245750751 -0.9461516186122 0.02566663010124725 0.03105366418696662 -0.02874468001545881 -0.03376534569063054 0.02100130851687987 -0.007461382620949104
-5.584553526437016 27.27927618814478 -33.42460472489841 0.2882573329908448 -0.9393251932433193 0.01191643352821898 0.06852400730605827 -0.05049391898675944 -0.05683981944106183 0.0134644152567442 0.004858164393298224
-5.537831008878626 27.65116762866296 -33.70720877237632 0.3038785894293501 -0.9527107655980531 -0.0289818226876679 0.04285757459154616 -0.0239409950754242 -0.02622892396658084 -0.0099929377815233 0.0138627883378224
-5.192355393173289 27.49479990476003 -33.68368359332784 0.2838926571443697 -0.9588560680412413 -0.04062237929013215 0.05148024861076181 -0.02494252991460822 -0.01166963402491564 -0.005754883479355326 0.007127804112198415
-4.791408390652631 27.06604407207155 -33.5006245382823 0.2495959671570706 -0.9586784969029472 -0.04777656825345719 0.07692515003719319 -0.03569745551760197 -0.02035104816242428 -0.007564121165769033 0.01093725253870404
-4.852977089771857 27.32662180328653 -33.65935558500641 0.2638038783105078 -0.964576339015391 -0.04033162029441985 0.05835230441572262 -0.02810782404204433 -0.009613778093465879 -0.004034716731995587 0.005418570589314962
-4.521115065284471 27.14489912627946 -33.63530813320287 0.2436224884160147 -0.9698701372544618 -0.04453673502506823 0.08539851817547676 -0.04220769522152208 -0.02494093787951604 -0.006965347734484393 0.012224253511282
-4.197988813460393 26.94770392816103 -33.61283772076565 0.2233302627701958 -0.9747428346651209 -0.05900790216778794 0.0998039492347903 -0.04105319464165628 -0.01121963171046497 -0.00413637804173915 0.006070661940233309
-4.19415050973301 26.54178369508037 -33.37618794819989 0.2047259693145072 -0.9635679733088534 -0.06210677272582587 0.1271228085566592 -0.04755174159532318 -0.01886316830953103 -0.005581693673766361 0.009715100126266744
-3.884654275122967 26.73342764819112 -33.5933458562867 0.2028931264877947 -0.9792008880837515 -0.06522474498560965 0.1136576469436204 -0.04112610999191337 -0.008388323271822694 -0.003109590249577443 0.004709843347055658
-3.582146316369803 26.50128862418177 -33.57819038188322 0.182285057986199 -0.9832457259683196 -0.05513715441605136 0.1268312130830962 -0.04280092890155124 -0.008995999017744867 -0.002392922365635258 0.004497952391726614
-3.550025727271118 26.13836506832077 -33.41748725432647 0.1648166481937952 -0.9751773982086989 -0.04210333617718886 0.1348386143307048 -0.04250156584740813 -0.009025207330457008 -0.00152476742967398 0.004103232608778476
-3.291665667866203 26.25171469233397 -33.56851160605979 0.1615162981928204 -0.9868700448478958 -0.03753647520974044 0.138395076966177 -0.04800611748172565 -0.01627851901788233 -0.001930859728887284 0.007161936078389602
-3.014732237174989 25.98650391664923 -33.56505751370916 0.1406557761617102 -0.9900585602035603 -0.03816837510894772 0.1272566960529765 -0.03405765016603022 -0.007412735577833406 -0.001313910589567603 0.003398007525963306
-3.2418053093289 25.53624049653912 -33.31343770968908 0.1272203526533483 -0.9718050560277967 -0.02344132313790045 0.08931612518975278 -0.02036699358111544 -0.02209373222746739 -0.003532448958701115 0.009937729014272255
-2.753231911490285 25.7087145291825 -33.56803886020555 0.1198385056122807 -0.9927933987354144 -0.03811241941686741 0.1015712220551341 -0.01907716248646959 -0.007795343101703384 -0.002197321409043339 0.003874515671735039
-2.509310394106944 25.42229799365564 -33.57704617857429 0.09925347807687888 -0.9950621825241088 -0.0483196725259093 0.06917780177223717 -0.0006583962137074468 -0.004293765534496382 -0.002973561581258217 0.002686666276708058
-2.66320587708948 24.89577282768098 -33.35795477264396 0.07911424566077942 -0.9783512055364725 0.05933952458487501 -0.03688416238944976 -0.01524850100663602 -0.001991759984687261 -0.004035084517354786 0.002009418630815841
-2.285108051341146 25.13154970158591 -33.59105489472881 0.07911389961098576 -0.9968655831597071 0.06609078179427616 -0.05499386616098448 -0.01447990832116972 -0.001725992245624449 -0.002453438872154846 0.001440058294759817
-2.082374176089914 24.84049634873265 -33.60853199912727 0.0596170603114223 -0.9982213212107947 0.07979087442805535 -0.052405096307507 -0.0242430127103018 -0.008251357230671144 -0.01636359145199912 0.008214844405067565
-2.223705118544029 24.32939903658779 -33.40474586262184 0.03892905373466374 -0.9827015594782974 0.0924413226081609 -0.04132393245989568 -0.0351401195820078 -0.008529058613635825 -0.02948877098601914 0.01224112287667935
-1.902036033592164 24.55235359198127 -33.62763852450512 0.04090421437938924 -0.999163072399098 0.09787869618554365 -0.05371362383369471 -0.03820526915484658 -0.01188672642088364 -0.0315606801773391 0.01391905438057444
-1.743819024847435 24.26916965154793 -33.64650021562728 0.02303130452258064 -0.9997347443257076 0.1141877361115816 -0.05579534485828275 -0.0501721977333495 -0.01279451136138196 -0.04207835403744645 0.01767512741401531
-1.911597931542113 23.82985139962128 -33.43620427826113 0.00570178698739153 -0.9846904679932934 0.1273617169027426 -0.05366572735555165 -0.0598086092839606 -0.0117555414827887 -0.0511198340684423 0.02083608273337468
-1.606012166982079 23.99172306717351 -33.66349879622988 0.00595897564519779 -0.9999822451470126 0.169197963971406 -0.06679840956507163 -0.09158138907026175 -0.007436409467285647 -0.03845208743968236 0.01430763343521849
-1.539860009422229 23.39541257354119 -33.55712492957893 -0.02541036223795337 -0.9915238492529257 0.102792493283415 -0.050591226588246 -0.0582645057495934 -0.02054388781555886 -0.08488132494773594 0.03745836105819216
-1.485449708781047 23.71967908635919 -33.67752279830674 -0.01043493831765618 -0.999945554549 0.142393578563113 -0.05464705580069367 -0.08675799936683293 -0.005679421492385996 -0.03535631231379156 0.01294872207344713
-1.377738609060803 23.45194514922912 -33.68811538592926 -0.02632487182110172 -0.9996534405100613 0.06816952507440165 -0.033945222654506 -0.04078047404707451 -0.009277959562523442 -0.03797888227221415 0.01610396968668798
-1.277713134456313 23.18711983963185 -33.69546886630905 -0.04190016937674874 -0.9991218022874888 0.0510328852318263 -0.03759785599283363 -0.02766526462030628 -0.05731739414213598 -0.132642357002977 0.07453376168292544
-1.180051880712742 22.92391194540653 -33.70024170854953 -0.05733350479784034 -0.9983550817357499 0.07101296505498263 -0.04347980454647159 -0.0433621753782613 -0.05508468302475236 -0.1878139422626522 0.09811285510628992
-1.52775229045926 22.77805163017401 -33.36935334212864 -0.05771518177265973 -0.9790778848209647 0.116398101971301 -0.04146497499270245 -0.07392340352375841 -0.0100734259254464 -0.1246865618280072 0.05407756298408409
-1.079959862129519 22.66142342893037 -33.70321004527139 -0.07276180274194569 -0.9973493470503412 0.1257792358360961 -0.0549702409846264 -0.09171799234922869 -0.01448277031845537 -0.1483393128015101 0.06904442439860202
-1.165743941677658 22.22250294622278 -33.43958627803092 -0.094604819686726 -0.9820388892853338 0.1179257920475777 -0.03101559649096363 -0.09532124717183767 0.007383157495214366 -0.1112105310572624 0.04531965097419857
-0.9738050505134765 22.39923480706381 -33.70480494558256 -0.0882783787564619 -0.9960958426999535 0.1282168667707464 -0.04194133954443222 -0.110485318895906 0.002382348899847534 -0.1383850941627076 0.05529706204147918
-0.8596081071079684 22.13729308640018 -33.70462127330197 -0.1039314477050506 -0.9945844630688397 -0.1061616436159866 0.02002246067500115 0.1010780591741536 -0.01805292193684257 0.1232690348342553 -0.04337912008921641
-0.8257747565850568 21.71646526548395 -33.51166625444458 -0.1275257866751402 -0.9838065229977578 -0.0825919623183457 0.008797158148884722 0.08309505367982248 -0.02136374219971325 0.09169010017906186 -0.03094150119460337
-0.7373116724975954 21.87566140132338 -33.70100431159572 -0.119726767300329 -0.9928068801090233 -0.08991906354508439 0.01051917144273426 0.09508075441852543 -0.02100489508733159 0.09565291974090742 -0.03044706550313467
-0.6087966194391772 21.61423104228934 -33.69082051916496 -0.1356370061442403 -0.9907585995408907 -0.05195407909517667 -0.001516658317294373 0.05883461256910345 -0.0300641306651865 0.09400725793355129 -0.02412486920363002
-0.4776569875463661 21.35250802563398 -33.66949631071861 -0.1516225872095249 -0.9884384609311244 -0.04807481001744545 -7.109475092975685e-05 0.05405287683445389 -0.03241594196951261 0.09835905082450461 -0.02870147770769385
-0.7112706397338826 21.15487063404877 -33.27576027497093 -0.1612764048155368 -0.9728549671186862 -0.06806974138095644 0.0002076940078783214 0.07085945413670332 -0.02422589666001431 0.07177994833060918 -0.02348252333856389
-0.3487834363294962 21.08956439059412 -33.6313646551213 -0.1676654035736202 -0.985843959480655 -0.04982714056341736 -0.0004353915333367339 0.05670231988601033 -0.02680518987556165 0.07235065403317512 -0.02299950168146538
-0.326689757624532 20.67355661243641 -33.33909629829897 -0.1926025261737621 -0.9752482851016193 -0.05151350388756801 -0.007272628521726235 0.06302013576617226 -0.01913054915131744 0.04167771872675535 -0.0108278892745785
-0.2278313944485149 20.8241953053378 -33.57030199833747 -0.1838077418063278 -0.9829622139492739 -0.0465585147327727 -0.001531184332837001 0.05500948285760618 -0.01886091007927999 0.04697052980589933 -0.01465593527833605
-0.1206589317897677 20.55526061491892 -33.48057741687534 -0.2001772877062976 -0.9797596917033026 -0.04225827260400684 -0.01228554110541876 0.0584306252086221 -0.02161568514044214 0.03986636551856782 -0.007250677900031329
-0.03281169461629752 20.28213098865397 -33.35778453933379 -0.2169743386233322 -0.9761773078590628 -0.04256676048233239 -0.01480368429341396 0.05917071751931639 -0.02298847131148842 0.03984235515926835 -0.006569653389116227
-0.2658313552134217 20.15356612749439 -33.00214522968938 -0.2255427066750153 -0.9650294836833605 -0.05233924371255242 -0.01592596603289053 0.0664483706949838 -0.01948915075951367 0.03501633533759378 -0.006958461725005759
0.0308880148002757 20.00512061559213 -33.19969685519783 -0.2344116716968299 -0.9721374224729229 -0.04540240537428688 -0.01902493618572064 0.06458540549299616 -0.02615057820743127 0.04165946486162761 -0.006111759909363058
0.06661889487164885 19.72578110007167 -33.00688564569123 -0.2526287480897499 -0.9675632876657763 -0.04244023340624863 -0.02003811820378695 0.05918413151861384 -0.0290833549859993 0.04405643384436992 -0.00593903020645394
-0.2701754695055616 19.52306819051527 -32.51490010919488 -0.2683409846949572 -0.9521876805917643 0.05754406590209852 0.01922376831362876 -0.0675484592406549 0.01803442437462898 -0.03057410114768824 0.006662249189965223
0.07170362135981811 19.44695746304546 -32.78296976080985 -0.2716224614993591 -0.9624038852836314 0.03587201025192868 0.01422251837217882 -0.04624220040452849 0.02401637229633295 -0.03723450976780801 0.007178444171613491
0.04463751619036493 19.17256112011466 -32.53442399082254 -0.2912257285224217 -0.9566543655085598 0.05860075572130852 0.0186587136250436 -0.0706013776578452 0.01026750807189555 -0.01720885919773538 0.003974264612275501
-0.0149638469360589 18.90708055932875 -32.26994739964761 -0.3111380186788262 -0.9503647369997554 0.06968288839280291 0.02233123638603543 -0.07728427896381911 0.01485325477948025 -0.02486570535344987 0.006207417049715677
-0.4728506977740761 18.94059899179739 -31.91574315211752 -0.3119916659822728 -0.9356026544958123 0.07316368567650511 0.03216801040822168 -0.07914538145917797 0.01545063171095841 -0.02366008152115854 0.00466644302627432
-0.1064634800483262 18.65491395580057 -31.99947156883151 -0.3309923043298338 -0.9436334534523598 0.07555950492333922 0.02972965464189578 -0.08345540635617879 0.0158993091132358 -0.02473944680472726 0.005582007637647192
-0.2283205759456504 18.41965188539317 -31.73295573296211 -0.3504362240037945 -0.9365865965867559 0.07830615157033902 0.04170981315593492 -0.08538975439266135 0.01906581751103525 -0.02630234867979586 0.004636443208566471
-0.7289328884420918 18.43464419846331 -31.4006616914929 -0.3531493518857195 -0.9205823040051468 0.08322315269044407 0.0564846215955672 -0.08771120640818296 0.01821071236201112 -0.02280628823847395 0.00259201011667493
-0.3782116453864752 18.20345202640611 -31.47915800904922 -0.3692056385957097 -0.9293477263269837 0.09078225193286729 0.05371999380732872 -0.09547964282127074 0.02222422220664605 -0.02923769852008453 0.004680745997058939
-0.5531540693819963 18.00663044072528 -31.2445811310374 -0.3871720010562487 -0.9220075062590869 0.09134999910710853 0.07495051449640104 -0.09699973597214963 -0.0315969187351102 0.03470771009840113 -0.002938335517268134
-1.076148913795915 17.96686657978863 -30.94108346979515 -0.3943993255948982 -0.9052265243247698 0.08460906845829205 0.08605081295068912 -0.08576511590627886 -0.02695806907330617 0.02655198312296588 4.573679422004287e-05
-0.7496409829722328 17.82754923033853 -31.03276410319663 -0.4043511667662344 -0.9146038125520717 0.09000286616917236 0.08522121613018718 -0.0930033811001143 -0.0344073657125986 0.03483268946271941 -0.001379276461235228
-0.9637998233399419 17.66282076874017 -30.84403341271198 -0.4208725312453211 -0.9071197894672763 0.08646987514782145 0.09550667177146074 -0.0859125290758416 -0.04043809185865779 0.0369640844176092 0.000391560159301068
-1.191584033779337 17.50778765160133 -30.67574851857383 -0.4369232955450614 -0.899498768098124 0.08276607508456166 0.1072873130969576 -0.08183268446963589 -0.0366581263221667 0.02996266372418356 0.002206507701974984
-1.643985204331305 17.6928147103112 -30.56370642899465 -0.4195364751186474 -0.8849947786878009 0.05514438880114267 0.08909257512927161 -0.05723373147492448 -0.004211975833311686 0.002974410330096291 0.0005718837822162477
-1.428997485053269 17.35718912152919 -30.52299132233861 -0.4526940711273464 -0.8916659004168261 0.05843811726565592 0.1115271925815758 -0.06353673291174719 -0.02774496916839924 0.01704980249677294 0.004409305167290221
-1.672339014307418 17.20589702292853 -30.37957318262957 -0.4683467523379141 -0.8835447467867874 0.02620889054225814 0.08611528510795946 -0.03900227021990757 -0.02385445841967539 0.009848142133646849 0.005714453971523564
-2.037399817604726 17.27802475956949 -30.26283385692893 -0.4582874900912405 -0.8702443479778288 0.002636674269820821 0.07266401287574728 -0.02448083371436811 -0.001807262446823598 0.0002702014511021193 0.0006073632745951024
-1.918441685147458 17.04960133070155 -30.23917992112988 -0.4840057523226432 -0.8750648157242937 3.772087308100418e-05 0.07960504103094433 -0.02396883498302994 -0.01751859047868826 0.001840572138448574 0.00608531888082484
-2.164873351943715 16.88534334535486 -30.09645406442138 -0.4997578941201551 -0.8661651385645741 -0.02219663527499777 0.05038175940457307 -0.006569218562915937 -0.01245524648503931 -0.004676890183035081 0.006216052508261619
-2.522456184920868 17.08183216894777 -30.01603081435685 -0.470943281555209 -0.8510151597755078 0.05254694694654118 -0.04268751715013639 -0.006259376334548667 -0.005654254996593799 -0.007629227972021361 0.004562589153187836
-2.410064340321361 16.71182771485913 -29.94782837441981 -0.515647340306399 -0.8568009222887992 0.05837623294092176 -0.04994737298352529 -0.008092289731769854 -0.01438700827478726 -0.01867384311129527 0.01147389226305452
-2.653335159755912 16.52948337456971 -29.79197186842899 -0.5316648317851427 -0.8469548433316124 0.1029639799768257 -0.03017860140761455 -0.02957791199759502 -0.01057029881927279 -0.05928846189211733 0.0236961562260742
-3.115717943320343 16.83167020567294 -29.72348813324782 -0.4787050579464429 -0.8240601360439264 0.1059539532469463 -0.007283845871195222 -0.03199273189121762 0.00107757743570322 -0.03573941939975066 0.0117055965382892
-2.894810516866036 16.34028059851683 -29.62978096125754 -0.5477412863132234 -0.8366477653516655 0.09963364306314293 0.02316108177037123 -0.04202488947742948 0.06786921925641302 -0.1911342081928376 0.05556665514973791
-3.367746185937076 16.19943658238689 -29.42867365984657 -0.5360225488429393 -0.8103529681208251 0.0624143498248781 0.03024114485834868 -0.02748297266858927 0.04111846250386261 -0.07065588228726911 0.01563394676459254
-3.135224125281153 16.14734144464088 -29.46393074012882 -0.5637560164790291 -0.8259413743624283 0.09606584642198042 0.07222424434360263 -0.05538517091928975 0.1616373258423651 -0.1843328323673368 0.03998411412709204
-3.268424871762187 15.87465371201221 -29.3371427448234 -0.5786129555505981 -0.8156022607061617 0.027036274506152 0.0728675975824862 -0.03228916177022716 -0.07515689026643829 0.03095669748342977 0.00693043257132469
-3.398725010636982 15.60243226201365 -29.20787240425054 -0.593254524010382 -0.8050149500110015 0.02839387185001361 -0.006562519114449497 -0.004420095846901883 -0.002524479027915751 -0.01503130129914588 0.006100199863970539
-3.964017024915238 15.8907418337765 -29.1803971644222 -0.5218937221572156 -0.7722347550114294 0.1189577697061078 0.003321833420401333 -0.02427522263744522 0.003072672194595076 -0.03152136565061715 0.01074385637270264
-3.523481644418798 15.33092465891862 -29.07388655147847 -0.6076650477623727 -0.7941934208541099 0.08481564307316804 -0.001123211247085922 -0.01867679113749876 0.006257081923180222 -0.08956336541494683 0.03380114934034137
-4.063599287636842 15.14462488260144 -28.88265748602817 -0.578912357230613 -0.7562023021222484 0.1523687443149427 0.01166162074382695 -0.02999749754333774 0.01323107089085788 -0.08638285708924277 0.03362405607273947
-3.640527484751734 15.06001704024227 -28.93343871497241 -0.6218507831450639 -0.783135750366353 0.08250890877466545 -0.002610826604832044 -0.01609214671926149 0.006133447774279787 -0.1155281893831091 0.05019144850108533
-3.748316665637901 14.78922261794156 -28.78547934783152 -0.635836894423592 -0.7718234537054194 0.1818847026714531 0.009560967477024805 -0.04571942862431556 0.01315962350660158 -0.08096334781294341 0.03542140228398662
-3.845979863608544 14.51781957832378 -28.62981758168222 -0.6496548552889778 -0.7602292871229425 0.2080138319264017 0.03592295871778778 -0.04973256983219994 0.03184000737460288 -0.1135232155407919 0.0511751587694108
-4.501838695608342 14.60121167786899 -28.59856730665876 -0.5851781849118799 -0.7174770452030318 0.1627160505810508 0.03596779527357376 -0.02476294491664783 0.02754068794724477 -0.0953119609309034 0.04252930653927195
-3.933286862038353 14.24511263369075 -28.46720804360445 -0.6633244484393158 -0.7483319290947551 0.1288531196306127 0.04278792804700935 -0.03327826431747 0.0698853241814982 -0.1496356774646636 0.07819943407304066
-4.435006845881452 13.88879570652268 -28.24355937592095 -0.6430782745294017 -0.704287870653148 0.1499283318484159 0.06439314262452812 -0.03233050376222307 0.04560888220993615 -0.08285403116781553 0.04648341369045957
-4.010531037868496 13.97075377229031 -28.29933554393558 -0.6768367921866796 -0.7361331107499821 0.09256770159257471 0.03945816958455945 -0.02537130026955764 0.06743454669942565 -0.1139435843373296 0.06882799476159926
-4.078363144165358 13.69503231329179 -28.12867596808663 -0.6901445417465489 -0.7236715494597298 0.1621513021399749 0.07304856564925173 -0.04694398985194868 0.03118450445945682 -0.04977952460313772 0.03025488754171106
-4.137608422559531 13.41904250481769 -27.95822572921646 -0.7031628414736688 -0.7110288449638846 0.1759644071325849 0.08747083219470862 -0.04113873497295423 0.04513196449501203 -0.06979325093640927 0.04464759636676586
-4.600886373932211 13.26448121150133 -27.91393529555117 -0.6689537685185475 -0.674133100280779 0.1588595991011517 0.09476131166349006 -0.02956108685592498 0.04235655482996815 -0.05901964693024189 0.03842775362439727
-4.18910075898533 13.1446582712209 -27.79111272786791 -0.715781310461892 -0.6983245059379318 0.178405242311251 0.1084356946340199 -0.04665088567023803 0.05219322786467152 -0.06565273378522998 0.04699687133652798
-4.233560824057673 12.87428691852208 -27.63012695516516 -0.7278845382925692 -0.6856997148275719 0.1476318138747724 0.105528263044336 -0.03344213272904805 0.05284211391608763 -0.05964615361732902 0.04505759695727064
-4.822186785274321 12.64343016113235 -27.63262898172601 -0.6845531898268193 -0.6378676586538979 0.1240108338564133 0.08373233955636847 -0.01082270136023044 0.03804539451090927 -0.05154968155476704 0.03711325336977574
-4.271533679980109 12.61042740962802 -27.47723267294154 -0.7393767931187852 -0.6732918815769139 0.1186302765195923 0.092486109447233 -0.02676814196328575 0.04798918924556766 -0.04947658162949305 0.04173148244747898
-4.303388098979287 12.35511145849188 -27.3331413859759 -0.7502059295904487 -0.6612042522604724 0.09098735751562236 0.07543605495030854 -0.0175010004294573 0.03605656518582901 -0.03632831937282902 0.0308683205320069
-4.760699965909014 12.08773480589718 -27.32004621217517 -0.7199412647621202 -0.6201753638930003 0.08901473618588991 0.05721760518173011 -0.001577377195082805 0.02634426927465243 -0.04014027630025516 0.0306189910759666
-4.32936768279264 12.10934383528166 -27.19702964862007 -0.7603817548473547 -0.6494763944095716 0.0525718921027395 0.03836333064964102 -0.005252433927538629 0.02963763051051097 -0.03642735876964156 0.03058229887755259
-4.57880766878459 11.70991571576625 -27.04922822598503 -0.7555839777909815 -0.6157711650235548 0.0782853485615517 0.04426579428333261 0.002072398394164295 0.01852501945928367 -0.03397532936164262 0.0259155454388637
-4.349675224612268 11.87267207357045 -27.06647481902986 -0.769985126932648 -0.6380618342312241 0.04124962188456717 0.02239807105292647 0.0009101945449022635 0.01241689979397431 -0.02359599433578451 0.01792181276927269
-4.364567867050546 11.6429993495971 -26.93765409261879 -0.7791653889364832 -0.6268183921068836 0.08523288214889757 0.04099958750574627 0.004490721767861476 0.0130009413626882 -0.02940689194061635 0.02172540216114387
-4.374441965056088 11.41670889760038 -26.80581085038721 -0.7881248897708943 -0.6155153597787919 0.096956574156664 0.05004676803430861 0.005997589273531388 0.02692537152187094 -0.05746594392058031 0.04424994318652253
-4.738004111159205 11.22733796323706 -26.83388683902307 -0.7622750216870485 -0.5834778653817368 0.1065530279975785 0.06649833437561135 0.005685218312762848 0.03248487590241132 -0.05601027520410905 0.04630044142270437
-4.379891965553577 11.18910345227224 -26.66594396123043 -0.7970905714464879 -0.603859769243747 0.1151941219087024 0.07114934637450537 0.0006982986514954951 0.04213528889685844 -0.06881631302244468 0.06085946967845492
-4.381735023229741 10.95509307711862 -26.51362882763672 -0.806275345365838 -0.5915404191221413 0.1039251740680506 0.07801793298579392 -0.00249744541817513 0.05488517624717556 -0.07086158791006175 0.07026254793485524
-4.926414257517299 10.62506880601942 -26.56905391496598 -0.7706147551111462 -0.5429368311859883 0.09823239404825125 0.07258480913503006 0.008246651790521271 0.03965477100620367 -0.06020202690194645 0.05752268349567052
-4.381000723381272 10.71000517972301 -26.34584381513433 -0.8158365697648481 -0.578282535992854 0.0602615091680668 0.05190524208042793 -0.003574485787194453 0.06462110551903878 -0.06936013942187087 0.08225253442467605
-4.622341597911422 10.18807616629169 -26.11603694696016 -0.8149228605520616 -0.5365417362492684 0.07750097388923016 0.07320976211302942 -0.003998302765459921 0.03290069558973603 -0.03255566375298052 0.04162855111624247
-4.378891291616686 10.45035676968938 -26.16166100954491 -0.8258422696945121 -0.5639011842387074 0.04622853640032136 0.04412279582875427 -0.004626210908144785 0.04212857399963468 -0.03870172689199238 0.05185970279430389
-4.376721023935749 10.17443016179312 -25.96267065810629 -0.8362546039546042 -0.5483413511351558 0.08225275912231217 0.07475216253838352 -0.005473636809704507 0.01929650294695576 -0.01938945415303821 0.02517283941386114
-4.37584410462293 9.882530738956309 -25.75304532650949 -0.8469352445295378 -0.5316960518695732 0.09168932307822511 0.09388100026025366 -0.007142958149218726 0.02452272865890206 -0.02162007958100392 0.03062564408538683
-4.693384786204916 9.556966951913907 -25.7394420244885 -0.8330223020404992 -0.4988402042562798 0.09489768113298928 0.1125147066780925 -0.007137358657946749 0.02181582733495859 -0.0167687772719177 0.02571502691416755
-4.377578591643411 9.576871578878587 -25.53920742316945 -0.8576715497881809 -0.5141979314271304 0.09934163134699353 0.1134432164552482 -0.01099609358979763 0.02365597045155167 -0.01796014888690936 0.02842515257393567
-4.383132164946783 9.26110909871889 -25.32913245043877 -0.8682174330513559 -0.4961839265289781 0.09382630867515335 0.1255031041628987 -0.01129326882892197 -0.02392329999441456 0.01541154143326196 -0.02748882052640954
-4.706223830528002 8.906489543686297 -25.356305876444 -0.8555191294093278 -0.463821503630819 0.09004749705872693 0.1398131908606199 -0.007518437391995201 -0.0223589827367512 0.0130609090536744 -0.02490983859073596
-4.393533292931735 8.939630033363066 -25.13138751705304 -0.8783395469663943 -0.4780372791267114 0.09971342546493996 0.1450415729751948 -0.01085106671061969 -0.02465723596015102 0.0148234634733095 -0.02844319449927859
-4.409570790055858 8.616742764826771 -24.95405625902153 -0.887858588629808 -0.4601164272184651 0.08459473016535718 0.1519238285789745 -0.01080854588066572 -0.02384333442418218 0.01140436609324445 -0.02631487025122441
-4.718468749577344 8.250909640359511 -25.03550625131606 -0.8769462371991947 -0.4299536325111681 0.0684463284383947 0.1522067660131856 -0.007831121976543062 -0.02196997230782661 0.008683000070020151 -0.02326008724669524
-4.431745417316881 8.295943808464912 -24.80372674573556 -0.8966770964092335 -0.4426851982787605 0.08144412144113758 0.1651190233977401 -0.00915051346307999 -0.02190553450993493 0.009471217519956776 -0.02406409503311365
-4.460238457778507 7.97940894684 -24.68471135499141 -0.9047881341792151 -0.4258619873251128 0.05991904893614652 0.1656843964510187 -0.01131720628994872 -0.02031919824903348 0.005887196370370535 -0.02139136202091152
-4.704986466579225 7.606518080482143 -24.77819145929745 -0.8990352355385091 -0.3991980591451983 0.03417780634487967 0.1411836234569523 -0.01192106703290029 -0.02570188582232775 0.004050068757048705 -0.02572174899424202
-4.494903191003232 7.667803328565316 -24.59862762344147 -0.9122629131036776 -0.4096051481312118 0.04919768116315885 0.1562291183169363 -0.00639605525887984 -0.01475246653465668 0.004013163391429524 -0.01544923591774521
-4.535284708644005 7.360428595645406 -24.54440314580586 -0.9192202310702093 -0.3937437831778823 0.02271733818144649 0.1367454726424939 -0.01446883388830308 -0.03484964641118571 0.002092064166713635 -0.03494482718194755
-4.580670460691742 7.055648740947825 -24.51868934964234 -0.9257871842846531 -0.3780450891286563 0.011963594104539 0.1391803908315087 -0.01888152578962093 -0.03646904695180987 -0.001624562213486333 -0.03508233848760672
-5.00870563347002 7.099909727747947 -24.93154015133467 -0.8923389251499884 -0.3637600909108503 0.01546038334609953 0.1264734948420157 -0.01140396097347199 -0.009682098786781706 0.0003625347610358752 -0.009105425812143422
-4.630169192925976 6.751475309096645 -24.51659312043532 -0.9320655216503858 -0.3622897505458779 -0.003451000445284555 0.1357842507667966 -0.02201487763332358 -0.01227341434111765 -0.002140995128661086 -0.01128136459447371
-4.990601918555774 6.408813702836024 -24.81232946888877 -0.9157747673513733 -0.3324456921369067 -0.008886839482309993 0.09036971442261953 -0.01715632399067033 -0.003308745682951498 -0.000889161589638396 -0.002969691362014054
-4.682809760397987 6.446163675018777 -24.53257821345576 -0.9381147687068715 -0.3463245309446809 -0.01717426263066361 0.1016805711559265 -0.02476713059456874 -0.0002454918104692235 -9.442387851406934e-05 -0.0002174225653969669
-4.737645697479531 6.138679899426775 -24.56136156918419 -0.9439528987848949 -0.3300801794649204 -0.02016288714315287 0.07446443236826286 -0.02272169438421229 -0.003040212192886432 -0.00163983248252367 -0.002676285431248932
-4.992782756573332 5.769277577078173 -24.77388916747542 -0.9357684400096868 -0.3027268868430453 -0.01526122286739868 0.05265327056599265 -0.01572485393024176 -0.008188538684416364 -0.004529131396431351 -0.007218284349576358
-4.793848401227631 5.82893895024684 -24.59863914594367 -0.9495674105061347 -0.3135629648167558 -0.02290755845174013 0.05371201919913783 -0.022193347317263 -0.01007127048041853 -0.007894291049000995 -0.008710272155461909
-4.850772652276026 5.517777373785995 -24.64151871040969 -0.95492921118969 -0.2968336261555227 -0.01258027876148784 0.0343268999568361 -0.01196658692984502 -0.00557277515572346 -0.00375842743708279 -0.004922715059776594
-4.90798364260584 5.206690335499761 -24.68860471000687 -0.9600050983911523 -0.2799825192096712 -0.006479570792106452 0.03567576726365604 -0.006184047531400625 -0.007356970292044802 -0.002471793938332348 -0.006551232867991298
-5.251830486114333 5.308876021017591 -24.99505961394184 -0.9290288901470245 -0.2705127821661301 -0.01103599297155072 0.04256322818490017 -0.01059841235342658 -0.01327460424984278 -0.00641768519480374 -0.0119507484649769
-4.965243260303556 4.897418304839277 -24.73975701116936 -0.9647673003324185 -0.2631046487793343 -0.004064526142766593 0.0415461939531361 -0.003340422506754606 -0.008923938725525575 -0.001514566343855355 -0.007978896315201626
-5.409232292303393 4.634102367426654 -25.13924908530501 -0.9360863674760844 -0.2320658115349912 -0.01233734226909181 0.04782392693530817 -0.01024993269157792 -0.01229195068326738 -0.00557035683054426 -0.01119483793562475
-5.022463521553444 4.59149774222033 -24.79561451457074 -0.9691994414730203 -0.2462771663154863 -0.005695786065026282 0.04841853643457984 -0.003853892034073366 -0.007963093024374243 -0.001504675391183024 -0.007135152133052373
-5.079644120779927 4.289888819386272 -24.85702099049454 -0.9732985013012624 -0.2295430838965014 -0.01201892242776467 0.05726315377153478 -0.008144341227459615 -0.006004858564447946 -0.002034574274251008 -0.005443560014500377
-5.355189308451921 3.933388794914661 -25.12033966236974 -0.9606803891204788 -0.2009034988476242 -0.01318721301530981 0.04995066352355788 -0.008268259075882309 -0.00498832845625658 -0.002070943080074329 -0.004555110172600309
-5.136815818159196 3.992764377926252 -24.92450385000281 -0.9770728856513777 -0.2129050871277857 -0.0134921184126566 0.05815647014106497 -0.0078547562927202 -0.008537144434052239 -0.003021126104133299 -0.007704104901805735
-5.194010091079347 3.699497723812969 -24.99793523700652 -0.9805377498262773 -0.1963306424520146 -0.008538762480324718 0.04412063764262594 -0.003733868824016642 -0.001944207979830607 -0.0005257763787700681 -0.001766655243540317
-5.251267776516075 3.408835819969227 -25.07645298415513 -0.9837095446912201 -0.1797652126619391 -0.01574950339039086 0.04531150658223503 -0.009393813555185756 -0.005534374396854598 -0.002991626991480753 -0.005151419868494649
-5.655024289403935 3.433907729591271 -25.42491940690832 -0.9492423164881306 -0.1640555159377821 -0.02829893343332259 0.04389054313462898 -0.02118462600966058 -0.002886273287715847 -0.003230099345718096 -0.002836602307518943
-5.308687582397059 3.119202859251788 -25.15865079578142 -0.9866016896271724 -0.163147497758342 -0.03563349812147078 0.0569967865030418 -0.0239688629050534 -0.004845153630050371 -0.005003417202138009 -0.004694796316664024
-5.597239521929474 2.750405288905507 -25.44398876581319 -0.9719793985484932 -0.133043228022081 0.0350144488741515 -0.03822893693827478 0.02508031153761341 -0.002479404744342762 -0.003932953823017997 -0.002533367774435132
-5.366501795819413 2.829056747680031 -25.24297812296198 -0.9892222886281389 -0.1464215273834664 0.04190204074471594 -0.04808579950167555 0.02866859879490775 -0.002961675702474966 -0.004370807035565696 -0.003002361413989739
-5.425155401183423 2.537220089215782 -25.32823689561458 -0.9915736740392905 -0.1295440039223072 0.02736279082697602 -0.02423349125688588 0.01960656820204746 -0.004537309615837496 -0.009069583086670293 -0.00487766178729072
-5.485359634446935 2.243124813245188 -25.41403735195186 -0.9936530681812503 -0.1124881331251766 0.0241289340370866 -0.01993953939898653 0.01735509394852155 -0.002745690370391568 -0.005906921183859102 -0.00296919774630287
-5.857929140884982 2.147638285109274 -25.73006031155683 -0.9655782285083259 -0.09267037807301019 0.03334543368668056 -0.02213862333534099 0.02539861961928765 -0.004186093639131159 -0.01186419360813889 -0.004845531271502839
-5.548094376360593 1.946937762516562 -25.50108441792977 -0.995453840282891 -0.09524521964930657 0.02268792473515293 -0.0121424687460417 0.01707506078466321 -0.0005154196990390335 -0.0018730754535183 -0.0006471401158604444
-5.614545238584796 1.649562484955491 -25.59120663501143 -0.9969671398052025 -0.0778236605964637 0.02435986606445086 0.005089985143552493 0.02064819886318565 0.002668501207141263 -0.01445256743867503 0.0004145166175011985
-5.927669190280804 1.447183214268087 -25.87450166633126 -0.9772293767204183 -0.05529504929763969 0.03544396052940401 0.0262784871583945 0.03359328431989384 0.007081637918043858 -0.01461280143352893 0.003959155011518732
-5.685977524691983 1.352534086435707 -25.68710153343999 -0.9981836537274156 -0.06024444730750595 0.03400895481244125 0.02597704496059006 0.03151219879307885 0.002126898405472679 -0.004243569169843664 0.001202765811580039
-5.763567466548905 1.057833553648321 -25.79184042963249 -0.9990950191520664 -0.04253401821521265 0.0374990418100046 0.03571235825961426 0.03742880664739108 0.001808713696655819 -0.003062322356435171 0.001109779506398177
-6.032748111808461 0.8225341787550322 -26.06266797234077 -0.9844422665323155 -0.01990830591345526 0.03572050601729106 0.03393877826284399 0.03786344463712468 0.0008355019318922607 -0.001446121734091453 0.0005080111773542583
-5.84822497784403 0.7676478518336749 -25.90823375584522 -0.9996944639673071 -0.02471798359733421 0.03763725162566162 0.03524814696816162 0.03879234366896264 0.002125058553632578 -0.003696862947255083 0.00129732313708929
-5.940447910411379 0.4840961329454849 -26.03819300449977 -0.9999767435129222 -0.006820002440698366 0.03508725539084893 0.03616111120611409 0.0383876602761636 0.0004549550916973913 -0.0007428520871363038 0.0002839253906194472
-6.040243050647048 0.2089384897530078 -26.18222805834094 -0.9999380306167092 0.01113260645029458 0.03081876188369203 0.03483697592715517 0.0356641682791343 0.0009944736256911604 -0.00153667026990058 0.0006416664241712488
-6.40254010658532 0.5235217863349586 -26.46226256142257 -0.9630599757105052 0.01078653886060186 0.01681064776232107 0.01944331639105897 0.01997524118364305 0.009135966259355338 -0.01398889047912203 0.005927783885179321
-6.147134749627693 -0.05671485542078436 -26.33918970958816 -0.9995765063422567 0.02909996509634143 0.01368789339778328 0.03051943783073678 0.01974557525624296 -0.0004404585593698103 0.0004156388442948329 -0.0003370939552442674
-6.260260620246688 -0.3126660715227807 -26.50631318903656 -0.9988937323566629 0.04702458355557648 -0.001400194327585759 0.02524545094058307 0.004308086866082612 -0.009262464840658737 0.0009769666392008844 -0.00873548172535003
-6.784518961683291 -0.01987401602920791 -26.94319615415247 -0.946942214750498 0.05492762914344599 -0.01366207962581653 0.03173983481423878 -0.006437114556402601 -0.02706908854795736 -0.0175526684494046 -0.02909669423335591
-6.37853193206244 -0.5598230969964302 -26.67955344978162 -0.9978958830213058 0.06483676926812908 -0.008581016033983306 0.03188724521809248 -0.0007142328464717525 -0.03422339962134252 -0.01000254304416898 -0.03539742269019697
-6.500819222566964 -0.8002723957627147 -26.85414109636183 -0.9965933555343099 0.08247232084078029 -0.01350336501569885 0.03834096508160435 -0.003444345802480924 -0.0499023462678326 -0.02211767756734705 -0.05056504674299779
-6.972099018898485 -0.6967938371577986 -27.24788054730529 -0.9528142656731294 0.09680564037140454 -0.02146950249656613 0.04148487173139694 -0.01021885634086577 -0.05434072732869188 -0.04158274046578234 -0.05464273640694625
-6.626116778143023 -1.037181073556612 -27.02524445082522 -0.9949976849107787 0.09989798307368924 -0.01933878592220801 0.04462073289762138 -0.006364635992060744 -0.06782048735903035 -0.03920780762426161 -0.06880444158529318
-6.753644680999601 -1.2744964760267 -27.18860631718246 -0.9931160195036388 0.1171348445393102 -0.03197603313961712 0.05280356010054221 -0.01452207776701269 -0.07957892470083153 -0.06974155608536833 -0.07836234821680679
-7.256515003592128 -1.239453015540645 -27.5690083057946 -0.9462153939247072 0.1347471780192941 -0.04212520668132739 0.05691117859440453 -0.02288158623930292 -0.06122046003760788 -0.06783548497110903 -0.05601328747991995
-6.882863403923684 -1.516447869995474 -27.3410370580088 -0.990945128834024 0.1342674630732252 -0.05727202403618006 0.08051060290319983 -0.02569484774848561 -0.06942406813731303 -0.06957289833946351 -0.06325389073688649
-7.191225742836656 -1.785864408032536 -27.6032002984267 -0.9719290774506163 0.1587446208876229 0.05340138951298295 -0.05574377405721557 0.02694471776815978 -0.05180785195422531 -0.0712480399911747 -0.04472206284056612
-7.013399042774682 -1.766902998346689 -27.48068298421881 -0.9884681635610924 0.1514288269325283 0.05366002836146539 -0.06507828055198607 0.02442690831483043 -0.06525087796821839 -0.07521540984115339 -0.05704879074868517
-7.144901725464132 -2.028681433924195 -27.60704139124733 -0.9856571458896707 0.1687601574917148 0.04710550647541437 -0.03692263539320938 0.02476490277264008 -0.0437956687977327 -0.08196727638897515 -0.0389030681437697
-7.276877606917309 -2.302960460182815 -27.72074750337849 -0.9824819902969635 0.1863575561712418 0.0476791510956708 -0.03831299219017385 0.02526192718362388 -0.04352455312744442 -0.07746544115961611 -0.03533851913722873
-7.573243804542986 -1.900045122998236 -27.8674621496376 -0.9394892319848183 0.1779154552004326 0.04209304751147327 -0.04351739560679852 0.02346162397184273 -0.04932570372577326 -0.06823624292150665 -0.03807044169418716
-7.40854278510872 -2.588916173320321 -27.8232020976273 -0.978923734676805 0.2042261532870266 0.02799085996716014 -0.02406900837906914 0.0147943672509849 -0.04151829773617002 -0.06620371983851613 -0.0291546790878859
-7.877464604423597 -2.658532777205766 -28.10078042250358 -0.9343925582480725 0.2236478169290103 0.02043710357373905 -0.02217342682994812 0.0110527413655757 -0.03540051460575435 -0.04377995690967314 -0.02237161618235116
-7.538742749843357 -2.883713869230565 -27.91613231621743 -0.9749875068306646 0.2222596713849025 0.01322261753087932 -0.01096952498443091 0.007100833751707454 -0.02550859244343396 -0.04161518129816048 -0.01678794540465382
-7.66596497867847 -3.182899542607254 -28.00117984118396 -0.9707104963501823 0.2402522263696696 0.009163603813658713 -0.01065181752305959 0.004769791081795983 -0.02429730872603051 -0.02750594997338916 -0.01474644230853111
-7.788449842525782 -3.481159685678431 -28.07959137688978 -0.9661614550790986 0.2579380598504978 -0.01287935824480413 0.0204057503221774 -0.006356419040943258 -0.04266095431090119 -0.03454882703175467 -0.02447117216420629
-8.348290905749252 -3.24476521721204 -28.37505071581597 -0.9052701021175231 0.2662554990848725 -0.02426840521779872 0.03728157243689906 -0.01277607948098827 -0.04849619113205796 -0.04046354757640414 -0.02595627732314101
-7.904382157217536 -3.773329282535119 -28.15205396186466 -0.961430417341635 0.2750482732363345 -0.02798047714441624 0.05838133379238771 -0.01258259489683457 -0.04886306613990601 -0.02898752873250227 -0.02583876283712326
-8.374106898560978 -4.001868740893293 -28.3915505180514 -0.9198968512141511 0.3009291972843978 -0.0375862834409929 0.0631108039390697 -0.01669370778132781 -0.05457720108674093 -0.03954623405726233 -0.02662323316520778
-8.012128297572001 -4.055458114988165 -28.21868121812761 -0.956610060747229 0.2913712265773388 -0.04371197553760477 0.08325247726803961 -0.01710501561942735 -0.05545272425962729 -0.03499257480332604 -0.02860391495217387
-8.110476322042768 -4.325714271383982 -28.27912552045927 -0.9517727508613542 0.3068038961907273 -0.07440992458140842 0.1059552550034377 -0.0283344637526587 -0.05803073668370311 -0.04829541818579675 -0.02820207279415533
-8.447071445303479 -4.693582795305268 -28.44050759157221 -0.9237844419419403 0.3343259700844555 -0.04934847132202928 0.06581335252552498 -0.01768924521056285 -0.0696360928731521 -0.0602376636758663 -0.02984908945519018
-8.198839451082007 -4.58492118755745 -28.33277121996817 -0.946948899245847 0.3213841660957784 -0.08159947168027243 0.1036801990741595 -0.02670151143868271 -0.04920075179192641 -0.04459306951344311 -0.02279507560408837
-8.277395523013038 -4.836590352393833 -28.37895852223478 -0.9421122467598751 0.3352976506107074 -0.024105577845356 0.03147816620778485 -0.00819990378600929 -0.07038591159767103 -0.06209395886229679 -0.03145291616381849
-8.347151472964692 -5.086412824807452 -28.41719454192199 -0.9371763927471964 0.3488558568769522 -0.02843471961531165 0.04000102028487979 -0.009242957249099591 -0.09897845677334978 -0.07963091807792856 -0.04012712523024026
-8.409937334444971 -5.341287325667391 -28.44732250738339 -0.9320048294599639 0.3624458550781117 -0.03295270373819089 0.0375499372355997 -0.0106725118217214 -0.1008674573705163 -0.09922742407626545 -0.03767886260292923
-8.903922964939875 -5.092324383163882 -28.61457741576308 -0.8860553054780301 0.3666541040159544 -0.04138816529310393 0.04490995589274215 -0.01535555955056168 -0.07110826182796143 -0.07348596827740356 -0.02326265602086743
-8.468344263163061 -5.608063433263446 -28.46963643072811 -0.9264335615113516 0.3764583059322675 0.03844498006638957 -0.03740167916629621 0.01212708175424569 -0.07540654349638978 -0.08477498954942556 -0.0224063714887182
-8.96618741784831 -5.832155163911363 -28.60977190936547 -0.8844483631296876 0.4014669669526468 0.03873600249295679 -0.03338091614158677 0.01236116357986749 -0.03991229591295926 -0.04983516255442583 -0.009505625209829501
-8.525623007488051 -5.892242298492514 -28.48494137990812 -0.9203012280117731 0.3912104928552183 0.03873158018782998 -0.03225628769626824 0.01133422860531321 -0.049733401336011 -0.06433518733424554 -0.01314258737623015
-8.585554687146104 -6.196888144070952 -28.49456612997286 -0.9134791936264125 0.4068854418772428 0.03654729459888631 -0.02477562396338226 0.01034600136735413 -0.02908092301823822 -0.04539893231591745 -0.005988575918676137
-9.049341423008302 -6.623057729505263 -28.59332148917556 -0.8770744598760901 0.4388362578975532 0.02644513012317476 -0.02026307727121639 0.007630420317392969 -0.01402714169410385 -0.0192565305693492 -0.002522400961530906
-8.652297038729156 -6.521959959983258 -28.50033440308943 -0.9058951117525414 0.423502121013402 0.03051930284023589 -0.01836331599963386 0.008136624675711846 -0.01378669925384371 -0.02400016999687695 -0.002453382919561332
-8.730200964632719 -6.864184523817556 -28.50449641065487 -0.8975457834875216 0.4409212702328739 0.01574753697853399 -0.008794409870759993 0.004238741807250247 -0.009947120397972131 -0.01856200536646481 -0.001556885797491718
-8.823589783379219 -7.217479342925346 -28.50961752719009 -0.888496626952952 0.4588831484084231 0.01155095738188301 -0.008686449696086637 0.00316953469182593 -0.004554490760342805 -0.006334100768023511 -0.0007610325353753116
-9.336309031356112 -7.476898052230666 -28.61677671418984 -0.8556977836514773 0.4832613146882614 -0.008785580843570008 0.01448475156195072 -0.002821206914442904 -0.0006431480102131225 -0.0004157962290900567 -0.0001319563760995357
-8.93649769042465 -7.573824132346981 -28.5184194911164 -0.8788664906971212 0.4770678060084614 0.007352540202946377 -0.006102078522936395 0.002018498010205406 -0.002922293695849956 -0.003688341012283265 -0.00050545731905964
-9.072376154672494 -7.924397040862903 -28.53357387157903 -0.8687993297724698 0.4951643409888349 0.002566105900374363 0.01059904457109244 0.000121916534046345 -0.004123163050727755 0.001010037345826869 -0.001024945592378269
-9.233792821335694 -8.26075280617626 -28.5574572169668 -0.8584285864626144 0.5129330969471532 0.005889497033620992 0.02048611345140391 0.0005619727250157708 -0.0003978730994981185 0.0001171005999755986 -9.905060263246636e-05
-9.781676581155487 -8.080223855840121 -28.69343446866433 -0.8297077026601591 0.5199558349675334 0.002870176602481806 0.0308446900446703 -0.0005168185754060215 -0.0004262793115699103 3.794792727964378e-05 -0.0001025598806507016
-9.422161646202195 -8.575831615128987 -28.59189037978337 -0.8478445572507234 0.5302448554586126 0.01126921424837693 0.03560351347311758 0.001745735861107586 -0.001997669642840737 0.0006568080193948298 -0.0004997926573903614
-10.09852272772943 -8.753779661326224 -28.75192969110061 -0.8147942387376893 0.5553220865897784 0.01083087253753373 0.03942295238119872 0.002186755672177166 -0.007862548327361224 0.002267584014611162 -0.001937389681178586
-9.637551627108678 -8.864641949936036 -28.63789645376515 -0.8370769550618319 0.5470851590972029 0.01411416807275496 0.03557874643902528 0.002951788482831444 -0.003471094490284859 0.001448935703014944 -0.0008671708581469848
-9.878618206395961 -9.124542973933664 -28.69551846213829 -0.8261011055306943 0.5635219280923897 0.01420336535607135 0.03568402073578941 0.003475548527033995 -0.009672374437142453 0.004088222421669251 -0.00244679238680137
-10.14268672564637 -9.355139905714982 -28.76373571936146 -0.8148658491677848 0.5796495905804343 0.01500303038457291 0.0467514098561878 0.004255362112209501 -0.01638989799792655 0.00563077117883027 -0.004076821917266478
-10.74914292970821 -9.291978350193972 -28.91408619569586 -0.7867623747894865 0.5948275498296874 0.008871745770441737 0.04281249239129932 0.003172516577096069 -0.02359996674009471 0.005307336466395867 -0.005625627650139488
-10.42599292956459 -9.557879644353612 -28.84050609236791 -0.8033296130198796 0.5955346613299098 0.01390889296275641 0.04604527007934158 0.004965872993049681 -0.01298985671179738 0.004264509637412595 -0.003158754045187942
-10.7240568609442 -9.735477483292893 -28.92294168427948 -0.7914875658699161 0.6111852690251255 0.008710058621628455 0.02909028469497199 0.003238996091592598 -0.03532383155986074 0.0115417255689995 -0.008669179663230246
-11.03214039061375 -9.891313098391176 -29.00760179025636 -0.779379938140957 0.626551603639635 0.008550303880318197 0.03698244169297985 0.003856344267874778 -0.0452362256128372 0.01153752159471314 -0.01034716858709648
-11.48888605960747 -9.575054345258742 -29.0964902558688 -0.7550766975520266 0.6279676259960508 0.0003845895125424279 0.04846531707457528 0.002230782120023426 -0.04741832272889195 0.0008516016307083715 -0.01032667118085948
-11.34572213210082 -10.02890940563313 -29.09086512104478 -0.7670821926377549 0.6415488365962907 0.005006333679617784 0.04188381090656283 0.003707608910607013 -0.05885166075424435 0.008199029302233079 -0.01315552496304115
-11.66092028737912 -10.1515612759466 -29.16932765998245 -0.7546842772843887 0.656088135557823 -0.000120352834542091 0.04695803915360926 0.003297687089359718 -0.06473745454363955 0.0007562027089179177 -0.01313075843627333
-12.24304902198105 -9.817093152444862 -29.25577787389433 -0.7231739419767006 0.6603218572105629 -0.0100775357350847 0.06232656011409315 0.00149652703379294 -0.06302534518839058 -0.009921419512594225 -0.01120742780082261
-11.97480566042531 -10.26212875407301 -29.24016764640103 -0.7422674250619661 0.6701037753153452 -0.004134598724443754 0.05354029626367626 0.003337027561989244 -0.08001173327923537 -0.005229539806706298 -0.01523071021709495
-12.28557033796672 -10.36296518698259 -29.30142549521459 -0.7298852526374706 0.6835696877293019 -0.009027027026190298 0.06025227320895782 0.003472712550863984 -0.07977652557125745 -0.01122347641597394 -0.01264282153350782
-12.79864772566806 -10.24539797493463 -29.36012357393061 -0.7044270543168167 0.694113142096045 -0.02245755257740552 0.0690213721667418 0.001999504059902079 -0.06312828853545588 -0.02028694666602225 -0.008739148519218065
-12.59254589637742 -10.45592557419179 -29.35216263459665 -0.7175531842839098 0.6965037169491783 -0.01335384041911905 0.06268302690854649 0.003596433004723917 -0.07425914746172796 -0.01521728164768536 -0.01050472226712656
-12.896092502534 -10.54239799291308 -29.39248562035215 -0.7052472418999904 0.7089614430929628 -0.03024368589692212 0.06993593382308524 0.002491710424574577 -0.06586481856998949 -0.0281792296137472 -0.008529942655598125
-13.19739898558985 -10.62331752927669 -29.42344502876525 -0.6929104965938345 0.7210236082889974 -0.03393842936022854 0.06533458253042093 0.0009269857958297067 -0.06707073504815476 -0.03473059325217174 -0.007731070355286604
-13.4214927123571 -10.15941365899176 -29.42152042008621 -0.6737653748161876 0.7090907706875748 -0.02709144126417557 0.05976566929084778 -0.000880637863258828 -0.0564280436467347 -0.02566381957581341 -0.005789352937123972
-13.49824108175679 -10.69914936071613 -29.4468377603547 -0.6804635759511647 0.7327819060291771 -0.02294661611003759 0.03884777708233002 -0.0001288590393453931 -0.05945080003149703 -0.0351323819052666 -0.00481343701505094
-13.89772902036962 -10.49703256688987 -29.46376860836567 -0.6579245992677385 0.7364334552556867 -0.02817255844080759 0.03812184999800759 -0.001057494074113143 -0.03087846296316107 -0.02288275036322895 -0.002276584385513758
-13.80073891798203 -10.76985581554344 -29.46495298038958 -0.6678152555636802 0.7443270681873771 -0.02597613091948531 0.02967342763868943 -0.000643168304524692 -0.03174153344511832 -0.02783433127624496 -0.002204378902654069
-14.10713937737193 -10.83488056075573 -29.48030407946826 -0.6548703965321889 0.7557412015668945 0.03192651839575635 -0.02966419666292252 0.001356166943151642 -0.02148786393774675 -0.02318766591384961 -0.001335232758579486
-14.4732784865938 -10.54569522987197 -29.4989896619887 -0.6319542963582444 0.7552693734861285 0.03461607622255726 -0.03328506421701175 0.002412996534032519 -0.01065067898490931 -0.0111214082770818 -0.0006183486389724657
-14.41963015189999 -10.89318674380123 -29.49538303650201 -0.6415345807521576 0.7670941152812694 0.03947556790628187 -0.02974035395571065 0.002094625971789684 -0.01287059388096127 -0.01712708043807434 -0.0006165452599123559
-14.74017566517766 -10.94337397513326 -29.51246158196233 -0.6277167711344408 0.7784418123640018 0.04047095951485279 -0.02239805938546004 0.002822837287255577 -0.004623171259438361 -0.008377992931739039 -0.0001936372130134352
-15.15443580646906 -10.70335344463041 -29.5446402777369 -0.6035166252433348 0.7817000741034015 0.034671004454534 -0.01717780258922719 0.003140135508411838 -0.0009884855896982107 -0.002001756615907026 -3.630152130558397e-05
-15.07035728808104 -10.98387610301743 -29.53344978085366 -0.6133324333867327 0.789824870560499 0.0395297553322906 -0.01753734097821404 0.003180420445215058 -0.0004790966164359788 -0.001082616229137659 -1.497850096032914e-05
-15.41120296163311 -11.01321590538797 -29.55981027415985 -0.5983095588429796 0.8012650446619515 0.03868995656705074 -0.01049644079140121 0.003588011461402355 -0.0002346462056577203 -0.00086511671660664 -6.11728255657193e-07
-15.76300433355738 -11.03027186315538 -29.59251840119029 -0.5825988785098791 0.8127598333819352 0.03843894908266281 -0.005326952382939882 0.003903617052461828 -0.0004553870479272417 -0.003259624864548315 3.605197604997743e-05
-15.73516056937942 -10.40916804866715 -29.60372237093155 -0.5699913693404487 0.7881384765401555 0.0314686987025936 -0.01136066255115758 0.003526679414123552 -0.007432506434649115 -0.02064063477808011 -0.0001701263108836931
-16.1251387098351 -11.03450379223257 -29.63205586239317 -0.5661875350140936 0.8242764555624918 0.04193307389154578 0.004038146340224229 0.004778581894108794 0.0007407849304687711 -0.008005712276265869 0.0002646911845876232
-16.48905286069695 -10.55190430433381 -29.68614184631991 -0.538151400505678 0.8171346687043115 0.03721520139779174 0.007212116077927274 0.004637394487516016 0.003902829743095552 -0.02078697228710472 0.001007777566744642
-16.49593125785623 -11.02608985212838 -29.67842765306236 -0.5491133524104986 0.8357478843553859 0.03809733639536186 0.007646918314247988 0.004885112984982893 0.002195423288449416 -0.01125337476310787 0.0004941253212069111
-16.87260433881305 -11.00594660938933 -29.73119706242748 -0.5314754738942074 0.847073680767457 0.03569877149382384 0.004736740741481723 0.00509518957710083 0.001469489939601954 -0.01153305913482579 0.0004259165392544422
-17.21558977250993 -10.55876242528065 -29.79030513603986 -0.5045485296011381 0.8403949397596099 0.0346408107808218 -0.001292529440671189 0.005494077328429575 -0.0008885475263790707 -0.02235382963081552 0.0003434651004497216
-17.25135958652549 -10.97563096909647 -29.78953910174137 -0.513437144765416 0.8581272040759093 0.03291313218104741 -0.001208553053443938 0.005252449174489708 -0.0005605666133948913 -0.01466672479385826 0.0001379333688420165
-17.62762300148102 -10.93714983244724 -29.85231624672635 -0.495217743855516 0.8687688911158438 0.0290789212528002 -0.007022065584118036 0.005125964490248199 -0.002783027850149784 -0.01169677520290022 -0.0002356775785110899
-17.99908998302996 -10.47571559414751 -29.92765451483603 -0.4657530108021433 0.8618795557623605 0.02260543751623416 -0.01105687171274529 0.004461851504429131 -0.008246495196667454 -0.01728007516592098 -0.001041707101946103
-17.99645491385621 -10.89272300381918 -29.91818027394906 -0.4770733820182225 0.8788634638951008 0.02434290869441306 -0.01042664484406791 0.004635608608026388 -0.00445614646651391 -0.01066040006561615 -0.000577408285061821
-18.35309212254688 -10.84455216129864 -29.9857004006082 -0.4592678481243584 0.8882978350076179 0.02154661378052453 -0.01026503242499407 0.004369745041433616 -0.004144247853495833 -0.008937872483232382 -0.0005613698093459897
-18.69355452794251 -10.79464142954099 -30.05351130344454 -0.4420379742498731 0.896996337406719 0.02110615774974938 0.001719663035063839 0.004120756208934221 0.00077260617527102 -0.01056505723920594 0.0004517594561549839
-18.70075350177393 -10.10888004443725 -30.07391149549272 -0.4223431244138763 0.8685771507245382 0.01791469954547769 0.02446080042330468 0.002647513979760823 -0.00776255717524448 0.005872794807586541 -0.001733468548752304
-19.01522308666758 -10.74469583914899 -30.12046707081101 -0.4255590850771602 0.9049306410484123 0.03060606591354276 0.01805055663958361 0.005895953282119224 0.001809277986840513 -0.003215461591089834 0.0004521728927695461
-19.39983285721682 -10.35769834754734 -30.20933880233195 -0.3960036681288292 0.8999815836184462 0.02646238568410126 0.01990724522186328 0.00525995494229502 0.001659846733693538 -0.002312438973152315 0.0004012934100765782
-19.31728748922268 -10.69609882734705 -30.18578134745516 -0.4099166789227316 0.9121229721594333 0.0314746529466112 0.01897511485374508 0.006516024139846355 0.002181933546426067 -0.003803657499104588 0.0005370202301877611
-19.60097233984242 -10.64994610386865 -30.24913141833884 -0.3950897423200335 0.9186425286875683 0.02283678549968709 0.01299958310590799 0.004874049035427114 0.003526351999343441 -0.006533552249147438 0.0009033374925411363
-19.86948190483045 -10.60709731246905 -30.31070648236344 -0.3809490961559422 0.9245960123956682 0.02921327033784592 0.02042190779494127 0.00639743357336058 0.008331530629721246 -0.0125516284005721 0.002022207985500556
-19.96133217311314 -10.08307724935075 -30.33486558632942 -0.3605292420342477 0.9042246424670801 0.03224374108058244 0.03087715776124238 0.006734254682615287 0.007707213195263235 -0.00843646638510296 0.001779664916782108
-20.12764836392606 -10.56820397323792 -30.37118748017936 -0.3672715761513579 0.9301137507591732 0.04269139427839425 0.03741414218578071 0.0100415863803058 0.005982138763643388 -0.007198444104786489 0.001388004458483419
-20.44475685065142 -10.33237160489048 -30.44425658765518 -0.3443039427586094 0.927905739144118 0.03023461313693084 0.02870035480379797 0.007466493541177796 0.006910848528774342 -0.007688385331828264 0.001568682154718599
-20.38132128223211 -10.53368310262772 -30.43165680673218 -0.3537683694813626 0.935333064076374 0.03407737233817097 0.03695078468043274 0.008749483433995158 -8.696184408376459e-05 8.490702546078515e-05 -1.988118234788743e-05
-20.63658492797715 -10.50362738143009 -30.49344860210033 -0.3401240087089086 0.9403805924729531 0.01886683901065288 0.01933464382226078 0.00486910540022058 0.0008227755767482095 -0.0008510451377547043 0.0001913041904384163
-20.89892524007013 -10.47766890628718 -30.55796159173627 -0.3260408938034517 0.9453556661742957 0.024218047690845 0.02118938746254415 0.006300241573530023 0.02125963549241996 -0.02575724882287584 0.004906710111172271
-20.67587531311025 -9.843514155309862 -30.49256830439001 -0.3176680104201956 0.9127664657596665 0.03555259015377476 0.0356808609261195 0.008277996839994882 0.02104810290555837 -0.02198116418345829 0.004347946345483796
-21.17248304253842 -10.45483730316175 -30.62646417006726 -0.3112822672658458 0.9503174996209608 0.04604051609444169 0.03240878474914723 0.01242921708713121 0.02264813833052983 -0.0338515897737142 0.004373317216666496
-21.42037913176681 -9.948693403124384 -30.66367002384434 -0.2830110332152334 0.9345715228728839 0.04695577687728778 0.03653937125265523 0.01320746968293048 0.01140668804970182 -0.01537725085526067 0.001988660924878102
-21.45952011197195 -10.43346666145732 -30.69992362336226 -0.29570538296324 0.9552791877176868 0.05052313607741955 0.03624403284959838 0.01524017217126527 0.0159960851082729 -0.02353888839615089 0.00295087608830693
-21.7601903684105 -10.41120416360708 -30.77888738562321 -0.2792777848639692 0.9602103513717577 0.04399877149977137 0.03105231491517689 0.01371941067937481 0.01000287453270192 -0.01491270393121807 0.00167352580517636
-22.06193759327928 -9.963762318699622 -30.82654644991888 -0.2503027780799839 0.9487788433823287 0.05003922835299248 0.031706347848715 0.01580454161951551 0.002248109244742499 -0.003709341984222499 0.0003237066600615997
-22.07265615248209 -10.38515667751744 -30.86343470747423 -0.2620730946260083 0.9650480263039488 0.04748027588524157 0.03132199715954751 0.01593663288243402 0.005458628437717398 -0.008703777105412024 0.000843496721946805
-22.39352867301616 -10.3521822426134 -30.95320389360431 -0.2442472045695011 0.9697130003562831 0.04600565494199813 0.02382866975248148 0.01549998292383661 0.0004046242344167183 -0.00081143150810035 4.647298820102424e-05
-22.69174608918123 -9.940649264983158 -31.00275933490558 -0.2169565577189921 0.9607245601758743 0.05053637314158964 0.01889455694366448 0.01706166927948065 0.003215318107752432 -0.00874768560695875 0.0001637077895436978
-22.71855312463697 -10.30929796722964 -31.04748597496313 -0.2260002149445716 0.9741272518747267 0.04625621253878986 0.01939237473395238 0.01627992808465705 0.002646428901631043 -0.006466389512615046 0.0001833466859415675
-23.04341450682424 -10.25414360471899 -31.14536323499502 -0.2075330414771909 0.9782280085415805 0.04454901386727564 0.008535952657427456 0.01530868852367185 0.002713590274569089 -0.0133455062245372 -0.000455372871363227
-23.26373880347288 -9.899435973728597 -31.18172622981264 -0.1862018515001342 0.9708147432841432 0.04417999275313653 0.006190528274174284 0.01548289902486093 0.00234626166784995 -0.01507190496936756 -0.0006687875188883129
-23.36451751530874 -10.18541843910683 -31.24586302799126 -0.1890094057746046 0.981975276943738 0.0403489071460644 0.004598683300130446 0.01432227078011665 0.002556035863764433 -0.01903331660773558 -0.001089565945130486
-23.67959913066967 -10.10320404450125 -31.34809545142251 -0.1705325771721673 0.9853520386760355 0.03579079561077177 -0.002857238189423811 0.01245909715266182 -0.0005210120729413808 -0.01299835281574193 -0.00148421295899456
-23.79698561501496 -9.568573593008701 -31.33699791448687 -0.1493281352533546 0.9717677947991984 0.04176628615085771 -0.00728480823050608 0.01450873623352631 -0.001559864686465199 -0.01243189969968987 -0.001751651556175992
-23.9880633629354 -10.00909997652474 -31.45134809777035 -0.1521412027690921 0.9883587680695578 0.02899516535976765 -0.0126885082215061 0.009488060590511322 -0.003604401526919136 -0.00997250079306093 -0.00232143753674357
-24.2909800148237 -9.906131226996813 -31.55512133459397 -0.1338211787153815 0.9910054955080853 0.03961685191680959 -0.02330141538979381 0.01294124485103448 -0.001805961090896969 -0.003627065692344218 -0.001002165663897541
-24.49935489960276 -9.453978546298242 -31.59651100913736 -0.1101605770724638 0.9843635665718327 0.04550827844438828 -0.01621266381360065 0.01701925567855767 -0.00294565549055761 -0.0104028379139308 -0.002033344124678811
-24.59075308635952 -9.798428416206974 -31.65910122788764 -0.1155248616273828 0.9933045889081425 0.05636160025966652 -0.02871220936707821 0.02020999713912322 -0.006733547258477295 -0.01595803455274127 -0.003892970875349571
-24.80367573428593 -9.608864528097072 -31.73491073382563 -0.09938477526428924 0.9950490774055654 0.0490032563072979 -0.01232892158163816 0.0197365278731566 -0.005894083515104632 -0.03075748254434562 -0.004579189700001437
-25.01399761716539 -9.409351259859417 -31.81025634201651 -0.08296940672650785 0.9965520947484137 0.04105068649984642 -0.009092996879532958 0.01694230877012451 -0.002933666579514801 -0.01820729922571556 -0.002663738962956224
-24.84892413097044 -8.941154845393079 -31.69996533328432 -0.07695758923337975 0.9815770133338069 0.04192407438526799 -0.008494871456057556 0.01747388257061558 -0.0004851217545286582 -0.003368172333566142 -0.000473501550630549
-25.21927296858385 -9.191519921014759 -31.884633990206 -0.06604349447565677 0.9978167451177817 0.04041501606852963 -0.01118918777383378 0.01731172801113925 -0.001287228897089928 -0.006257286121185999 -0.001039213000181899
-25.4173588101161 -8.94987977644108 -31.95747400937315 -0.04841603659692416 0.99882725603592 0.04273809114804696 -0.009796652976946778 0.01892291232076993 -0.0005051747623032181 -0.003105843533657843 -0.0004669823604917792
-25.18064092886097 -8.432184762655389 -31.80681722393772 -0.04374462482985408 0.9798567218243674 0.05101384347740801 -0.003468985119828941 0.02299010206762702 -0.0001667449026998748 -0.005875408541274218 -0.000516544311142105
-25.6065491663785 -8.682602253733421 -32.02814189729501 -0.02999423044397799 0.9995500718523678 0.05907149329439033 -0.01092356752562827 0.02781779753605018 -0.000131068508083236 -0.001073583589756808 -0.0001432518277410715
-25.64018932607193 -8.065432883557403 -31.99836520568311 -0.007333748730388577 0.9875659480905152 0.04894437845016775 -0.002910274336588352 0.02402850774610443 -3.72038779994881e-05 -0.001942523227254475 -0.0001594920022657662
-25.78568996285932 -8.391661238681433 -32.09597079814121 -0.0108282108396002 0.9999413732064563 0.05019617954673953 -0.005914060385530362 0.02499630519752823 -0.0003149241910337795 -0.004848142781317552 -0.0005146447776175299
-25.95426979448825 -8.082319846930904 -32.16032400124558 0.008880352081919169 0.9999605688960445 0.03394647982537293 -0.004751266060780869 0.01705936385719144 -0.0003647013548465855 -0.004329058291681259 -0.000479981587846233
-26.11248090234843 -7.76207597062227 -32.22067847567163 0.02881279866187035 0.9995848251315496 0.04171253405084744 -0.003744239401038083 0.02146597436887105 -0.0008337981051415679 -0.01990836998859751 -0.001852320830456313
-25.71382723732093 -7.34117248448467 -31.97982233522412 0.02127171733932298 0.9729883795638079 0.06184837299393574 0.008182761189391615 0.03133486446415242 0.00178376654945285 -0.01290313446888781 -0.0001512625317582472
-26.26124366267018 -7.439275805753056 -32.27671493677728 0.04859987596747023 0.9988183278534423 0.06623542113761642 -0.004120090240198717 0.03555666623709958 -0.0003094404043908175 -0.02496014997316121 -0.002315800762856176
-26.18728135447434 -6.772126370204612 -32.17350437362033 0.06726828684125014 0.9781252006266916 0.06503824701211994 0.009103620270937245 0.0361325848931149 0.004119544127928664 -0.02727571124055023 -0.0005430060117173452
-26.40218621790601 -7.121658980403783 -32.32839713106787 0.06790046207560464 0.9976921004247349 0.06384195273114816 0.0002489876154294432 0.03637601789261571 0.0008738997111790601 -0.02033629206047903 -0.001394544596272037
-26.53757065354741 -6.815101588462106 -32.37602362950536 0.08647292226305864 0.9962542013538949 0.03914463470241149 0.003115929435997884 0.02246280321840323 0.004230333712195686 -0.04091422049832566 -0.00169653998483741
-26.67015934585339 -6.522774635210672 -32.42023952545868 0.1042235492328696 0.9945538958675411 0.04775192334432231 0.005530076488043205 0.0281248149577165 0.007222388653843347 -0.05169129440082683 -0.002098720921273263
-26.42909223946846 -6.148652541748536 -32.23222298635763 0.1017700016377339 0.9704310451617623 0.07251445285633447 0.02105419574657955 0.04255552858261649 0.01061898582172769 -0.03828995660518187 0.0008491092919132325
-26.80302036135058 -6.244846297808344 -32.46200196103132 0.1212226488067694 0.9926253419172164 0.0633673974489808 0.01504202943152066 0.03944216497536941 0.01055466517218322 -0.04373478150598478 -0.0002779206546939471
-26.80764696946524 -5.739432630902465 -32.38472022614301 0.1368482526570747 0.9746595189527876 0.06195626895302534 0.02296495958434501 0.03924345460634609 0.01241248903113966 -0.03564069597244804 0.001260226304527083
-26.93927971765648 -5.978746922062086 -32.50250147291482 0.1376857693468976 0.9904759607983189 0.05932845095830148 0.02002506454333707 0.03874781854768032 0.01155948140075508 -0.03619214874495266 0.001005062753241588
-27.08183891915738 -5.719908173334051 -32.54304876766522 0.1539250446578693 0.9880825272349841 0.04335753227203128 0.02116667414227727 0.02931002488759551 0.01469503779515548 -0.03384760347983824 0.002705580026516274
-27.23308622760477 -5.462802009527874 -32.58494248842174 0.1702829358453173 0.9853952109483278 0.04356003967337292 0.01621258344434023 0.0286498840842258 0.01303309913629576 -0.03651345229977435 0.0008466029648035161
-26.94045013461023 -5.133889156833265 -32.3513552344869 0.1624448213602994 0.9573877851112425 0.0687656511777132 0.02282774117951217 0.04223458682109225 0.008473374700873754 -0.02536817516818654 -8.474078502568236e-05
-27.39463700594856 -5.202058956680785 -32.62933643176449 0.1870648374077352 0.9823475691452683 0.05249530129065462 0.01268565190285609 0.03364290092281205 0.0049267882983802 -0.01820430901647962 -0.0008233448378071644
-27.44800445017624 -4.727183755789001 -32.56026598980277 0.2032279967598004 0.9638731136274514 0.04863816375500206 0.02262745547245467 0.03360358409429674 0.002359238879347173 -0.005468337176978304 0.0002673973408424229
-27.5671392861538 -4.933444749033306 -32.67712421373535 0.2044852415210176 0.9788696470930598 0.04718966721269825 0.01649834088834321 0.03231690571848806 6.914915140937726e-05 -0.0001975029603945511 -1.440198527448228e-07
-27.75017434253677 -4.654517624519226 -32.72885556761321 0.2226360692789104 0.9749016261428822 0.03437104762658488 0.03091172668869147 0.02750913884086916 0.003470702674627081 -0.004826756380249955 0.001087336367193833
-27.94226908014602 -4.364863990784736 -32.78469247872847 0.2414798076802206 0.970405844212989 0.03040341652285556 0.03248330915095884 0.02500848419460502 -0.00585960345654504 0.007094149049167543 -0.002090869313473512
-27.5234555729897 -4.165635880653252 -32.49248881559816 0.2234871214798642 0.9427749970978702 0.05223901615413063 0.03254145708310643 0.03624032063642928 0.006301684464828459 -0.01171151281616193 0.001432545138046868
-28.1410193154836 -4.06590187876772 -32.84440624511969 0.26086583552405 0.9653750648614968 0.02647750917999078 0.01467031608355712 0.01897612607621814 0.005329092533358555 -0.01095122055131841 0.001030598681575783
-27.97736778103241 -3.583067679845607 -32.64820916305045 0.2656093362606928 0.9365882154795445 0.04348824753261859 0.01714664190598076 0.02903978759084954 0.00304533404928795 -0.008168173543047216 0.0002624160314448
-28.34330498585806 -3.76032913556803 -32.90741019270043 0.2805649401517037 0.9598350453893996 0.02758643780198475 0.003569058978905939 0.01762902853595253 0.002153339825765352 -0.01179981187091315 -0.0009806978658790239
-28.54556335286742 -3.451359397819289 -32.97281824908655 0.3003142112627545 0.953840329674537 0.0300710483381956 -0.003239641848641785 0.01810696812432744 6.813311754353032e-05 -0.01002859879464442 -0.001907437091196346
-28.37086806204254 -2.96910217755384 -32.76879249610253 0.3051325545869378 0.9253836199154729 0.04648592705806907 0.004161204618601853 0.02936990102570897 0.001686940791713321 -0.01126288007122936 -0.001074292282976691
-28.74407862383137 -3.141922118561705 -33.03951780652926 0.3198630991900814 0.9474637712211038 0.03470010143728534 -0.009187623834605124 0.02044746118112423 -0.0006930277442939939 -0.006171763506001343 -0.001597054430091058
-28.93524710607038 -2.833997316334582 -33.10624627047329 0.339012165991423 0.9407819892567053 0.03910053828280676 -0.0137653355188557 0.0229398502520269 -0.001346544420656833 -0.007684082306611299 -0.00231576748984754
-28.67548455379005 -2.37054289727342 -32.84730563814873 0.3397254220953677 0.911296307151134 0.05618675754442377 -0.008962119307641016 0.03449388568156256 -0.0006041235435358106 -0.01706182666995213 -0.003448912200067585
-29.11578646438984 -2.528214845406326 -33.17166406695104 0.3576386993351048 0.9338600327339717 0.05138272228468163 -0.02528001051376052 0.03043837576581879 -0.003518792706599309 -0.01278234396238729 -0.004676091866207036
-29.08309939293695 -1.882948796570565 -33.03531718877969 0.3766587793107262 0.90599706729027 0.0570067718084861 -0.02941206602952726 0.03475318996554327 -0.004653997219297492 -0.01590149957132166 -0.005823540172371264
-29.28287248662055 -2.223784179798791 -33.23442108979012 0.3757066883853603 0.9267386278247528 0.04987791591886709 -0.03021977854703494 0.03013702562615477 -0.00573480208198367 -0.01626174130619192 -0.006815080146048594
-29.43420372005032 -1.918745978174782 -33.29321761355892 0.3932615227651623 0.9194266554284937 0.05234839634595494 -0.03819899004606784 0.03218144010875638 -0.006806567179218851 -0.0154750773576617 -0.007296735282845199
-29.46570780656727 -1.362817664154148 -33.23467734584904 0.4140508245930723 0.8992475657263967 0.04745689660522322 -0.04559367580617037 0.02982556670473009 -0.004708793493585522 -0.007903105389499286 -0.004588911935366051
-29.56800838896709 -1.61046887049425 -33.3468631739003 0.4104114627933962 0.911900450272827 0.04664488629635607 -0.04165167069842238 0.02950675926687253 -0.009988987405437045 -0.0183701117608525 -0.01014041092441578
-29.68301655465356 -1.296267068386577 -33.39433707435113 0.4272991283005878 0.9041103112748786 0.03682451824652725 -0.04641846468112769 0.02295206978806241 -0.002232958036728478 -0.002782802433393134 -0.00204538470540007
-29.77842120232103 -0.9739965756155975 -33.43485193254659 0.4440680369065316 0.8959930683872389 -0.03788037625447144 0.05683393599063641 -0.02420455049259402 -0.003393260168816549 -0.003563755072855499 -0.003057452184271571
-29.56542334236798 -0.6967445487781845 -33.23418578473702 0.4439107608919353 0.8790343008765791 0.04840655935863181 -0.05845222907600189 0.03331825314998502 -0.003577483364032457 -0.004869894970228469 -0.003345990411275779
-29.85384603165893 -0.642500634917651 -33.46791773913893 0.460831483035427 0.8874876586428505 -0.04105629746193348 0.06154105251345605 -0.02930614836532933 -0.006341523229405479 -0.006964066497644051 -0.005739973601221813
-29.90932766210014 -0.3018156522959359 -33.49339950755365 0.4776516074516678 0.8785493394789151 -0.03773902894297247 0.0640336841483183 -0.02830782280330798 -0.003021229373239663 -0.002997418456579281 -0.002752507124630647
-29.63532272222382 -0.02204933775250062 -33.23893471118618 0.4748068282822087 0.8593302086881723 0.04788563248658433 -0.0649535255985505 0.03786611107250517 -0.01275196960821341 -0.01627832501311037 -0.01179678761957522
-29.94530909228175 0.04689413294255829 -33.5115580916225 0.4945337352100159 0.8691584347742531 -0.03672138694459757 0.06728455716511442 -0.03081251158955358 -0.0001767608995009033 -0.0001700643464878327 -0.0001607074074883083
-29.96263311189267 0.401642267651491 -33.52306237761998 0.5114359010149343 0.8593214294738856 -0.03339563375298248 0.0652508430037098 -0.02973110623220735 -0.01030033227710362 -0.009536380652699038 -0.009359582867833446
-29.57411389815048 0.6459293204668999 -33.16716326369519 0.500433158944961 0.8361811299362267 0.05557935925322376 -0.06378159626644742 0.04930394102987194 -0.02437160488809232 -0.0376834214360262 -0.02127518746792623
-29.96252225962988 0.7600835442846838 -33.52896299815774 0.5282888584555743 0.8490647101556547 -0.04208032906862414 0.07226557576934135 -0.04162618121977876 -0.01833092631651812 -0.02021535948193319 -0.01656417092824054
-29.7379075191831 1.188171382180906 -33.33321570604105 0.5356786984359602 0.8273602285938825 0.04344327802218453 -0.05612205642811748 0.04400398013020555 -0.02563998172230897 -0.03682944706847161 -0.02165848292193291
-29.94653496417631 1.120020973181847 -33.53062265760968 0.5450195409056686 0.8384233417736974 -0.041569540101519 0.05545506625557597 -0.04366702191362334 -0.02394794204556707 -0.03447728680072218 -0.02098689689549399
-29.91649482699842 1.479836798050003 -33.5296053488641 0.5615711439637304 0.827428456283241 -0.0173139816706546 0.05734378063702695 -0.02196157663517834 -0.03168916197224398 -0.02048992496730759 -0.02851817988538075
-29.63044712771095 1.819673386767907 -33.29074787745992 0.5609659169074001 0.8052800696306921 -0.03491224421939061 0.04644499923003758 -0.03788934778873972 -0.02432732097650794 -0.03361185673335142 -0.01878578889597102
-29.87439874485681 1.838749819767558 -33.52753481588948 0.5779149433960291 0.8160970029350457 -0.004396892626182131 0.05449327478851494 -0.01082691787095707 -0.0325269335712416 -0.008628392182868167 -0.03021837938847133
-29.82231663409166 2.196844425600455 -33.52593963993981 0.5940517061861136 0.8044268583142705 -0.01358585951673409 0.05032016586018451 -0.02036468599709727 -0.02132347267193628 -0.01318594789281291 -0.01835635378387543
-29.5044722822328 2.65519094353705 -33.29506715859463 0.5972250122877306 0.7771092921366943 -0.02790856141658386 0.04070402130209845 -0.03327544935026604 -0.0158546832233754 -0.02026180420503534 -0.0114876137502136
-29.76229822377368 2.554871764750155 -33.52610680454075 0.6100033488285022 0.7923988354471586 -0.0157004808132296 0.04591517179204608 -0.02309871667839239 -0.01755034242053996 -0.01334420183980374 -0.0145961574470679
-29.69629934050405 2.913876599380939 -33.52896579478765 0.6257977643678899 0.7799853576267642 -0.01256802844022237 0.03645961162253695 -0.01910178858376973 -0.007363346834490643 -0.005660758320026466 -0.005959981019936637
-29.6261336060006 3.274743362584855 -33.53502130412379 0.6414512096595102 0.7671638323241985 -0.01389471694434887 0.03667941587951933 -0.02109266907629141 -0.006220001418347576 -0.005210254824302973 -0.004963048728392536
-29.32136293405025 3.470876432590758 -33.27656956493551 0.6289685807931307 0.7462246671187862 0.04383113178779693 -0.00567366715471325 0.0432755929148039 -0.006435528602848543 -0.0367671154943157 0.00169777285100604
-29.55344666701745 3.637773686967156 -33.54434479421175 0.6569531625583225 0.7539313909134029 0.02521426595756852 -0.0194933194815834 0.02940326203513669 -0.01007153211729672 -0.02085874170620317 -0.005191935047026638
-29.4797028777992 4.002399249783518 -33.55662493641741 0.6722579000148601 0.7403170374019571 0.04103920984852553 0.02470857420068901 0.03416645495289322 0.002759826183125422 -0.01231301269282807 0.005589573227404929
-29.14292057288524 4.112708480626114 -33.25656500084757 0.6511902926071798 0.7196194897335654 0.06556637405690043 0.02973675624403216 0.05319075721444315 0.001620865529847652 -0.01117770430475408 0.00425100909432092
-29.40617141893951 4.367101955696225 -33.57126647547464 0.6872853229427803 0.7263875583099136 0.04267047162532688 0.02937515113068843 0.03301086366864885 0.006128484242952283 -0.02101094067630128 0.01077506630360997
-29.0416591057742 4.855406304432458 -33.35227226978374 0.6850121455950471 0.6933639298420539 0.07030657022521253 0.03342230964161164 0.05306245980967689 0.002866655251374614 -0.01613995883816457 0.006367778733999414
-29.33390153668454 4.729565285100877 -33.58751857929144 0.7019311165852501 0.7122448368148299 0.04009389024082817 0.02255788353917126 0.03108448358464166 0.006075060664422476 -0.0265802044674344 0.01145331368843848
-29.26368381305427 5.087027092630139 -33.60460893977473 0.7160838708087567 0.6980142476823433 0.06723145655933986 0.03393144758323499 0.05304679425669646 0.002588792042361774 -0.01352991162592883 0.005373392141746866
-29.1960037301827 5.436756992698016 -33.62185981613089 0.7296450058780661 0.6838261221956913 0.07544654710824894 0.04011687313484538 0.05523632425019544 0.006793059356739049 -0.02996942424662098 0.01248755645894139
-28.84007429062491 5.640041317435899 -33.37325486361841 0.7119642175530024 0.659516661388592 0.08302550632340779 0.04582203150043041 0.05433015948876317 0.007351311739870903 -0.02786229998161959 0.01226502580442527
-29.13100225103215 5.77655310683657 -33.63876708601563 0.7425467937397279 0.6697941916042943 0.08179025255764236 0.05278403747075926 0.05592196428037904 0.01283005745393624 -0.0395903568656379 0.01860387513524951
-29.06846156839975 6.105147984703143 -33.65503187781057 0.7547644177652674 0.6559959402888533 0.07549194386170077 0.05372900832087877 0.04587701157590882 0.01910806578821477 -0.04779769144456741 0.02453554608045687
-28.58696332919241 6.335986523765257 -33.35314310379555 0.7296709611438079 0.6251671536634297 0.07708634649558341 0.03997713078485931 0.04377160291977013 0.01232990091640429 -0.04388028133184225 0.01836214983615103
-29.00783123272082 6.422434746407044 -33.67054479852631 0.7663196238853625 0.642459519384838 0.04411734533995084 0.03255011112828908 0.02484734237684267 0.02566102970671736 -0.05667801504393104 0.02868633466109066
-28.72864205117708 6.915957107738535 -33.56997531520931 0.7699912588299871 0.6123075631573135 0.05519329249362826 0.03056054392142129 0.03086010286936879 0.007910547993613131 -0.02431578845069974 0.009931740442752876
-28.94830028718405 6.729466081809083 -33.68533279481751 0.7772755369515502 0.629160344949266 0.03161241469071637 0.02343888229092548 0.01721749896084663 0.01216959017966538 -0.02593128720615128 0.01295718138905234
-28.88890756177331 7.028230484154586 -33.69948605503627 0.7877241302113084 0.6160281606248513 0.05195226276229617 0.02640785663619737 0.03041537196734125 0.001742269409842248 -0.00608003287059182 0.002302973584618114
-28.82866911673776 7.321260373879352 -33.71308555711628 0.7977693064260492 0.6029627963021438 0.06400594122558809 0.02768076057840959 0.03699425668998795 0.002408715984467984 -0.01025564289063053 0.003506270251331332
-28.60409958203324 7.443823715552785 -33.5902434003462 0.7871889065500981 0.5882081557419109 0.07857677298584095 0.03495726370475184 0.04272617477823348 0.002928342220520954 -0.01152489007661131 0.004043866332206074
-28.76669302830727 7.61116276281297 -33.72615000198454 0.8075093319282378 0.5898547947154548 0.08107689086611186 0.03275523351602565 0.04626857072478054 0.002169368983902227 -0.00994756227197113 0.003240839957417193
-28.70225158972253 7.900178073707666 -33.73861488741648 0.8170223847387066 0.576605951093012 0.09335580293586732 0.05127151733678276 0.04780816999656539 0.005791666635944864 -0.01681689138347342 0.006725667370370871
-28.36010970322624 7.799264161445659 -33.51380413234362 0.7873611617036905 0.5647011758444435 0.08218255148624909 0.04004561347450314 0.03942846123641974 0.005904237068398414 -0.01934693727231385 0.007343292027699642
-28.63479050617021 8.18986144557697 -33.75034750466165 0.8263581123568493 0.5631449814586161 0.06858907784709219 0.03893821059344357 0.03153569520146592 0.01629079166145482 -0.04264425382417261 0.01722240638989824
-28.06433754660597 8.437523876871918 -33.48500013499775 0.7987518546924907 0.5291461481389225 0.06168343097553081 0.02715801125490236 0.02638857451120195 0.007627841254064506 -0.02614104326284898 0.009073143665199151
-28.56387108344422 8.480948797690884 -33.76119200018003 0.8355365615616545 0.5494348499082738 0.05030855386905594 0.03010875107717271 0.02195970185292113 0.01826409171160851 -0.04301346208497438 0.01713327365102713
-28.48906191020877 8.773422687924443 -33.77103060325859 0.844553929275162 0.5354705038990332 0.03908528910452964 0.03105355114889803 0.01489414731523984 0.0218930700499888 -0.03601123253001298 0.01762972216257145
-28.13044348020485 9.252132837807549 -33.67202940538022 0.84368060813756 0.5024998996440564 0.05267498287345269 0.03088427847753308 0.02001727518730957 0.007433465596848235 -0.01704299171104207 0.006734324618527097
-28.40981375485342 9.066745040833888 -33.77984264374552 0.8533929318740032 0.5212681688224332 0.03041446868698505 0.02529502054692135 0.01088314401237214 0.02131037614802191 -0.03251619328432508 0.01602055517914448
-28.32536098682826 9.360185832620495 -33.78774333666478 0.8620346094025855 0.5068494176697176 0.0416738953515632 0.02538070635109143 0.01629178076598135 0.001035231327571423 -0.002285767137900027 0.0009128690545111278
-28.23468999291033 9.653158035342742 -33.79498914066204 0.8704682821153422 0.4922245116114852 0.07528964530001638 0.03495574439979067 0.03019889462146071 0.001634177846964734 -0.004981438783743463 0.001691890748090895
-28.13659956404286 9.945473436569895 -33.80194474180479 0.8786970792671881 0.4773797679911802 0.07745324880878643 0.04283070229478611 0.02763076085878299 0.002869689222054312 -0.00685825249367149 0.00258686388929215
-27.66558784218222 9.730804164835607 -33.54946157912429 0.8370027923760351 0.4655421830427066 0.05922670414049063 0.03170575818573661 0.01940379093045878 0.002372065219561133 -0.005780096055976195 0.002204348780787685
-28.02985420748661 10.23745969036971 -33.80901660301317 0.886737736227496 0.4622728492461307 0.04828575631717083 0.03494169776201293 0.01393960890416062 0.005521679586712664 -0.009306861016543584 0.00420234528603866
-27.52655286353419 10.45227466196042 -33.64005866652144 0.8655907597118617 0.4336685977990278 0.03659375779908433 0.02272505295902752 0.01014045933679598 0.0003587569693123865 -0.0007088085796748662 0.0002938177421965586
-27.91340396863168 10.52991937062557 -33.81656693277702 0.8946149718647805 0.4468378364858753 0.03478852042408079 0.03144024717931763 0.008206700228104859 0.002689876423479467 -0.003448162415874029 0.001807578851514755
-27.78662179831656 10.82395400355577 -33.82482759594085 0.9023523593776654 0.4309990945762653 0.02345231730183681 0.02763046695657292 0.003605461788387444 -0.002941641273515071 0.002727815339182991 -0.001770232894668462
-27.38163185979718 11.12040063164189 -33.72705816291242 0.8925383240984229 0.4036140988808658 0.02152793730413336 0.0128419048916317 0.00560044925001326 0.005280944539283043 -0.01080690705428687 0.004480610125251183
-27.64949831513921 11.12071033190999 -33.83383460371607 0.909962776775683 0.414689938246262 0.01644877348520184 0.02066840536495061 0.001996616573525981 -0.006870899875122323 0.005857284866701186 -0.004028245775491388
-27.50273842294804 11.42112346240368 -33.8433999214724 0.9174417035985755 0.3978702307262301 0.01467380099552092 0.01293881172169437 0.002825706362195439 0.007653141400532793 -0.009827535678039411 0.005257432309011444
-27.34772435669897 11.72572755070496 -33.85312929188088 0.9247655710387855 0.380537302535913 0.01687453513493471 -0.002011373081038885 0.007019467867075939 -0.001801557241897126 -0.009721228218849106 0.001545334265698277
-26.89661882700312 11.54499884424419 -33.63627871061446 0.884043576464787 0.368223378443122 0.03210674767494023 -0.008018894656938164 0.01394183512697775 -0.001115540319940888 -0.003723265604473605 0.0004274829573874843
-27.18634098099204 12.03458126301638 -33.86248433503443 0.9318954870037983 0.3627268963034766 0.01623432096117496 -0.009460304887259316 0.008522894926351148 -0.001022212663102871 -0.001746719093421028 8.264009803938663e-06
-26.74721762732528 12.1928270339517 -33.72784851288517 0.9105492873505519 0.3385463817048795 0.02783868530623849 -0.01323576530020732 0.01367645719981964 -0.003875524411064394 -0.007844292843979443 0.0002971738504992949
-27.0206934191275 12.34732011415467 -33.87087688736184 0.9387848003386812 0.3445041344498818 0.01894154691092126 -0.01068616023277047 0.009903127612450439 -0.003457308953835346 -0.006076042485124091 5.626668455356067e-05
-26.85277595826226 12.66331098993422 -33.87777586267961 0.9453878598111819 0.3259475333878648 0.02065013742465818 -0.01021541196384675 0.0104353061941851 -0.006560881854132589 -0.01288989668077611 0.0003648677938513154
-26.30034608968468 12.73877026808289 -33.67813391234323 0.9096681834738134 0.2997739086132223 0.03601475540822113 -0.01907077491034539 0.01776955194747855 -0.009266082654397545 -0.01734727376804993 0.0001626235180498628
-26.68416624364785 12.98185541433585 -33.88280368800594 0.951667249273356 0.3071309926732959 0.01948294195105092 -0.01212652690489987 0.01034234202926054 -0.01083298026990408 -0.01771585992994018 -0.0003648618772962622
-26.51581541490251 13.30237642732077 -33.88580138913392 0.9575976169541087 0.2881090140967688 0.02009034000376232 -0.01509128528079946 0.01134499984192627 -0.01060238301296803 -0.01491410516614743 -0.001063687647216861
-26.09275214390536 13.43089187706217 -33.74125651101247 0.932873372215049 0.2652474092738841 0.03164780468299164 -0.02145696464898856 0.01703596000586893 -0.008856262147573239 -0.01363640688986432 -0.0007228618700108742
-26.3479839703222 13.62453112909147 -33.88684842545063 0.9631655147505797 0.2689092620109075 0.02148350292236174 -0.01561918798187822 0.01210999565127634 -0.006606849282857773 -0.009596519328550275 -0.0006566124148556534
-26.18033876900822 13.94821440200223 -33.88623358710888 0.9683659389078839 0.2495343831279624 0.02340219395890379 -0.01851007643309761 0.0134947149023419 -0.009415997190178504 -0.01277487632488926 -0.00119372248710666
-25.60715011205566 13.88380712377374 -33.63710421754789 0.9207016576242063 0.2275859659447985 0.04077540658659065 -0.03397205303653158 0.02266683699260405 -0.008932402770822329 -0.01162131056313482 -0.001348993864442955
-26.01218693774974 14.27345339684201 -33.88438438450809 0.973197153506177 0.2299723905330258 -0.02741835110559543 0.03287362020748061 -0.01836305425538884 -0.007158617361367912 -0.006862750532514133 -0.001597009404432397
-25.40243106763796 14.68128682429783 -33.70865822969426 0.9470730544707134 0.1883720668692967 -0.03144912311747882 0.03550680056195349 -0.02065433533752363 -0.004216802107738551 -0.004266284047220191 -0.0009134822229161757
-25.84278952173403 14.60022446319565 -33.88177182442458 0.9776556619138678 0.2102127653777403 -0.02461026181885063 0.03255972387501928 -0.01771083374013299 -0.001461708714884545 -0.001296333544997478 -0.0003520572882297085
-25.67167766856524 14.92824888805015 -33.87881301088883 0.9817329757436726 0.1902639333596185 -0.01558529023823422 0.02238078581997771 -0.01160740700659666 -0.005715864907222885 -0.004729256426688744 -0.001443997063456286
-25.49889332772192 15.25683026440766 -33.87579415730292 0.9854151762942185 0.1701673597639511 -0.01660195378303846 0.03046273611055871 -0.01410572180612184 -0.008222611887976865 -0.005596613718790946 -0.002408720713140739
-25.00876547964677 15.42502815426844 -33.69304289098068 0.9545478214547281 0.1429128551206719 -0.03127335894397792 0.03990023028877501 -0.02244728858846492 -0.003582369066117991 -0.003303756800109215 -0.0008815293388316714
-25.32509419990454 15.58478595574563 -33.87283149775681 0.9886853735048665 0.1500041073355747 -0.01940422927617083 0.03548036693569064 -0.01696096906357634 -0.009167471861480729 -0.00629773376531506 -0.002686059906299012
-25.15149589772007 15.91050034595439 -33.86987844603238 0.9915282256491093 0.1298914074953728 -0.01989844491925223 0.03103285112488286 -0.01643563416563444 -0.005248178495911548 -0.004137419620579911 -0.001458132747286097
-24.67520993671449 16.08030778144903 -33.68719136114452 0.9609073493277827 0.1032514741529703 -0.03330696572960678 0.03288500669074323 -0.02280078205856419 -4.237203675679896e-05 -4.865122438993864e-05 -8.272166408116504e-06
-24.97966312672789 16.23209584469807 -33.86677622800551 0.9939349864707259 0.1099692805716118 -0.02144331517246858 0.02546919621533279 -0.01620523141750776 -0.00352010055341738 -0.003482762675793975 -0.0008158192879147112
-24.81119696830106 16.54768664364707 -33.86333472975856 0.995907360154811 0.09037992027810147 0.02334902579893795 -0.01924045534269587 0.01569351394004449 -0.00305611585774431 -0.004091202139989624 -0.0004689366634848125
-24.35990930559164 16.70302369914869 -33.6854544349336 0.9658909997173457 0.06549888897969079 0.03701539027704515 -0.02149006146920979 0.02217111856487708 -0.001395214801824589 -0.002479301309277644 -7.378595366916207e-05
-24.64738893182344 16.85566019272276 -33.85942304545139 0.9974588815092403 0.07124450644319996 0.02468172106566145 -0.01605862402149527 0.01564481453721065 -0.002488267211475017 -0.004038700117118219 -0.0002199610265578987
-24.48891886550825 17.15492601933257 -33.85504689195711 0.9986134101845229 0.05264272978900084 0.02919235301406854 -0.01067017885526801 0.01650855716691171 -0.0003396781502132501 -0.0008630515180681892 4.283175119083559e-05
-24.1387286519198 17.24706221625276 -33.70934063548685 0.9736338538341049 0.03462965724187519 0.04516745593483146 -0.004728359971087485 0.02204996728462402 -0.0007856309330729509 -0.004387152931521802 0.0006685230890317664
-24.33566222357764 17.44508069495073 -33.85039302361506 0.9994012596966468 0.03459945254993884 0.04531701896616809 4.77155248655507e-05 0.02165793967790567 -0.000117865555424922 -0.001291667738145612 0.0002494673221496899
-24.18664590775771 17.72645979869341 -33.84582853529247 0.9998541116046813 0.0170808520634604 0.05219642463187749 0.01102934696405424 0.02144341765647385 0.0004047319163817026 -0.004193877182168927 0.001171929213888693
-23.78335179356605 16.86934764161098 -33.46303591661552 0.9270537144391272 0.03548162210052985 0.06253507998389299 -0.02832970217755686 0.03289252420853017 -0.005884676205870332 -0.01265623076745821 0.0002873433738611996
-23.99031311931731 16.14581412723889 -33.39898216799619 0.9091268561571443 0.07255343546847909 0.06866971719094703 -0.04931831349561682 0.03819018367238312 -0.007436090633935078 -0.01104329709478956 -0.0008903478338618945
-23.40944069620941 16.4732574727355 -33.22873004400872 0.8793949866200336 0.0363188365939135 0.08607628762934781 -0.05708770749398947 0.04249761333150139 -0.009826661722622922 -0.01538268970616873 -0.0007605116384221325
-22.79498370507226 16.37817224510892 -33.01035254861106 0.8293718721938563 0.01601256638949905 0.1071335884846524 -0.07585605984492509 0.04204627657383741 -0.009149328517590706 -0.01340022024275893 -0.000863037474714708
-23.36734142428388 15.89729699552338 -33.11725406949361 0.8497524515869536 0.05740238225750111 0.1027105568547023 -0.07004143433096095 0.04470640633725479 -0.01034684841161164 -0.0158816215900866 -0.001110377632434106
-22.8246719287438 15.73423523920892 -32.93721480176998 0.802874362527753 0.04255598837396748 0.1139653434950033 -0.07541770762894515 0.0363142458154008 -0.008664490387928858 -0.01345753689217444 -0.0007568643889784911
-23.28118062342725 15.24785373176586 -33.01054169684463 0.8138635569084687 0.07954869605640827 0.1119565077027416 -0.07061591692629521 0.03827242833141408 -0.007975969750972691 -0.01313931703488042 -0.0009114446838778414
-23.91377207031297 15.40754841570757 -33.23619948776735 0.8679524890311404 0.09850659359039533 0.08949452432318795 -0.0665434566561218 0.04251617275075206 -0.004992590568976855 -0.007170913599028236 -0.0007142660824327042
-23.83605846408273 14.70131617399735 -33.11815454770323 0.8289782534575285 0.1230495350685044 0.1001055804823768 -0.06490755797893051 0.03808238402951376 -0.0002692948820908071 -0.0004351996944237205 -3.386943697084206e-05
-24.57065867705763 14.87495165183701 -33.40240168122716 0.892293451563925 0.1461530264188859 0.06904337419058372 -0.05579514760951099 0.03613659879866344 -0.001326648474147914 -0.001781401923721889 -0.0002157728321199017
-24.39044732400535 14.11951539983006 -33.22367982988571 0.8416303901354307 0.1680705167088407 0.08991937447307718 -0.05757796618742188 0.03650642578114498 -0.003368912141182985 -0.005500890963441573 -0.0003780058224963725
-23.69849250325814 13.99664319111166 -33.0132143213741 0.7862244558989713 0.1450154069873303 0.1012359405047174 -0.05707421957748493 0.0293864018512115 -0.003935326920351478 -0.007180546994886382 -0.0003888735325658384
-24.25574071027391 13.39794495705442 -33.10247594247767 0.7970726617413288 0.1904830054669891 0.09549840751743684 -0.05153098477169474 0.03049053102932854 -0.00820462333720477 -0.01555626479380827 -0.0005936656594573543
-24.95587109983965 13.55188124456315 -33.33645668321289 0.8548611478980328 0.2130900242786916 0.0746516038253441 -0.04726815909223202 0.03240913503154772 -0.00916395890427508 -0.01511346817345202 -0.0009343534912289816
-24.85824929705732 12.61877651610948 -33.17769722269031 0.8009912850396179 0.244628600276272 0.08279837607771254 -0.03852837142606648 0.02796386276507444 -0.01488632742917659 -0.03172628597759405 0.0003648139339077354
-24.03982583185955 12.81769890126551 -32.99932080712094 0.7544079352812736 0.2041298073777442 0.08691488454991574 -0.03635558578684036 0.02151287781875703 -0.01311895060919171 -0.03143464306284138 -0.0001205224590468632
-24.11275576308185 12.19103910104304 -32.9556844925876 0.7293844862284216 0.2309069708519462 0.07521379872575827 -0.02653439017761174 0.01714312810854802 -0.01598247622022575 -0.04413074391571361 0.001815326320985118
-24.71543460319964 11.72237098246138 -33.01373993175085 0.7464747080130515 0.2726019045617486 0.07860349349478221 -0.02758617223191118 0.02065029565685616 -0.01215555024502632 -0.03286568205624649 0.002364631950020732
-25.42870807854116 11.80610363387784 -33.20132128247534 0.7984136265917037 0.298253334342473 0.07786350782096069 -0.02970362497947561 0.02712621980641423 -0.009418754675500747 -0.02327894345039909 0.001544935950145861
-25.17772681245739 11.13676203091485 -33.01871604908207 0.7474571681123137 0.3129307423859463 0.07980609857091936 -0.02102017253694492 0.02195923733938578 -0.007415328063559754 -0.02526448355928757 0.002765332782947176
-25.86236787104587 11.14427652947152 -33.19764695269925 0.7929051971218248 0.3403001063487486 0.07620293137890523 -0.01962793177998559 0.02604219144467623 -0.004043182534516977 -0.01362060721976944 0.001565076119079975
-25.55834835746117 10.51229847408163 -32.99141499167532 0.7403806598888482 0.3511937656380431 0.07751180375418065 -0.01186891937676635 0.02141184554685426 -0.003944895029020728 -0.02022412089486825 0.003070144925587155
-26.2910442397234 10.4679608216535 -33.18686538850983 0.7855737225217361 0.3823986392275259 0.07774108302317803 -0.006048920544335788 0.02589478066062048 -0.0007177645983985309 -0.005311693012148257 0.000914075641691209
-25.88498051791154 9.977438787676597 -32.96170760267612 0.7339263653019803 0.3837963844969611 0.08346741623958936 -0.00218240463026716 0.02250815268073967 -0.000809312334550933 -0.01036992867127467 0.001995713721388811
-26.3482775789974 9.808727949034129 -33.05877395357813 0.7549613518490982 0.4085791883339637 0.08675376142802173 0.002976663852230917 0.0268728999436198 -4.830108124162638e-05 -0.001607099312560815 0.0003339459056605138
-25.9557449096844 9.302537980109777 -32.83782339626279 0.7041701839728512 0.4110366335471942 0.08172499559037359 0.0100704511662181 0.02023283025354862 0.001247295386125245 -0.01932445669211713 0.004580218700961507
-26.61938845754464 9.369194462186858 -33.05362512131056 0.7499190131126329 0.4354059276379093 0.08522023092787025 0.0101980964986964 0.02708018529146532 0.0002145228379804186 -0.004639365517565598 0.001072038877740422
-26.94219909562752 9.969007897692844 -33.30470196697928 0.801956755174816 0.4270320886923821 0.06722321233288454 0.01131935152490486 0.02289018783102062 9.632372936546301e-05 -0.001158639324594467 0.0002900743035771426
-27.16543210273149 9.222394075676723 -33.22896881201922 0.7780164473331269 0.4630729707921857 0.07599879084307841 0.02012689748816525 0.02665678945255074 0.0007349931229325439 -0.004412712425843168 0.001236293743382273
-26.64596911594258 8.577956042378494 -32.89154259173773 0.7115272904050997 0.4647622895698857 0.0857415696103447 0.01882832788692387 0.02653605643464009 0.002618547488456867 -0.0196514606955964 0.005482569500577776
-27.39317781620294 8.660049662195753 -33.20823380755403 0.7645718003799952 0.4926848177868343 0.07677058558887795 0.02078061333470635 0.0293797287319233 0.002627321332653439 -0.0160628236876258 0.004496104510816242
-27.37769276623628 8.022512269958321 -33.06077597983966 0.7312692907710956 0.5145264081207137 0.08029270901353 0.02164094089888532 0.03116873722676067 0.003045640995602907 -0.01985827814822936 0.005942141838868585
-27.91288501105373 7.715879864605333 -33.24914806413246 0.751836593585149 0.5479594340572409 0.08593399866902468 0.02950296379372339 0.03835269758057003 0.003411976750881061 -0.01711407167389283 0.005520107964878756
-27.51804586407701 7.212287327742165 -32.93582258821441 0.6993985735604591 0.5484110519517625 0.08871630284842301 0.0220623249039296 0.03787806504407396 0.002298188916227186 -0.0188112584254607 0.005574024731562389
-26.70772022333097 7.542320126342712 -32.6621868352205 0.6629624029506092 0.503487604984751 0.08810918484864368 0.01373951424421606 0.03090999411217546 0.0002289927903910846 -0.003706052897162939 0.0009945973577751
-26.98996877693674 6.542850714973057 -32.52668069213085 0.6304645899178569 0.5489838146957852 0.1026635752038931 -0.002619909256591891 0.0437257492056554 -0.0005873715797600821 -0.005116234771856207 0.001072539553137712
-26.20735426191041 6.916796827561284 -32.32902695863298 0.6000018335019488 0.5048818328465426 0.09515249792114577 -0.006841694153157523 0.03227234431953053 -0.000908061599476712 -0.006601781185927157 0.001277780173265605
-26.03936118224742 7.517622915630294 -32.41836705922915 0.6192722305839832 0.4774966000731791 0.09589136672770067 0.007901048980254259 0.02763423851153224 0.0001957853375610933 -0.01820688564588544 0.00452624636679798
-26.1486912082937 8.008913569903468 -32.57738673167767 0.6507906855597895 0.4647171842051874 0.0931453472221048 0.01722804082258775 0.02513560802100507 3.662276763480341e-06 -3.435843047246013e-05 9.97805192586446e-06
-25.57543850738763 7.886782305051455 -32.38388642291923 0.6089989412476984 0.4462735837120057 0.08194806725335052 0.007522227366451233 0.0187564691929892 0.0004274522104122908 -0.0136619299552379 0.003611514523569835
-25.75551425339917 8.529786271968986 -32.59952151492786 0.6525166717684943 0.4306904153528945 0.08087849897537121 0.01170450671253636 0.01883031518957015 0.001608114347270092 -0.01998678910407937 0.005516298139306554
-25.01615229182346 8.362065399956395 -32.38206963913161 0.59832875631375 0.4074772142230428 0.05546631668663324 0.006012666829508012 0.01010056585167072 0.0002905201830829072 -0.004938762245822165 0.001344582833772606
-25.16042967729511 9.062820457433594 -32.5899705695239 0.6421901015505146 0.3880297567643504 0.06229064046211442 0.009315687348596679 0.01106841639875474 0.003040210329181938 -0.02954102714310247 0.007753441972686104
-24.34126242427135 8.893455455413291 -32.39351535643756 0.5830823732995002 0.3619580611957248 0.03297166430218856 0.008246798885150291 0.003627828374486539 0.004743624390097516 -0.02178168672863633 0.006401625564144475
-24.63682916772506 9.476592058035585 -32.58738051591753 0.6301788831509364 0.3523807157639467 0.04693055266368768 0.006827980735463898 0.006696054454718106 0.003975940409176342 -0.03630031390697056 0.0091493824761812
-24.01276100952876 9.558074948475424 -32.50681059364833 0.5953324243290242 0.3248859889488148 0.02256275870399119 0.005187642840502704 0.002213099881322615 0.008741820175616593 -0.04293450144569803 0.0115174556712624
-23.64990759213364 9.146059068223302 -32.34821634421548 0.5526935348031383 0.3258166821523956 0.01028471687209637 0.004302110059180209 0.0004955961607329448 0.01162316026940729 -0.02886661338619995 0.009375446505703027
-23.31393790390645 9.649416946471105 -32.42637589876784 0.5561508313178843 0.2942690812650575 0.001739412546950632 0.0006360723353541531 0.0001027760675033194 0.01636812507674254 -0.04702550395922234 0.01401785484698303
-23.68762055988864 10.14868732352978 -32.59293599729394 0.6036993342716586 0.2904287163267532 0.0148528556899251 0.00247540854621599 0.001539007652757887 0.008461895595092412 -0.0591610439101246 0.01349209636732589
-22.96797115282889 10.23023906417211 -32.51313632080799 0.5622147870289304 0.2593318355338671 0.001731227130400769 0.0005216835653432717 0.0001293120917683363 0.01926420830723495 -0.06825614097455984 0.01745688962365928
-23.3393707390432 10.66083389762774 -32.64631264763281 0.6062159685125527 0.257817199338026 0.008781843462802499 0.001062257551468127 0.0009497842246572927 0.006984262291551383 -0.06937219570394082 0.01300973450610416
-22.68585431231465 10.8534227309774 -32.5960957345005 0.573632491873352 0.2251669466300982 0.0001362921498692926 2.950220214465852e-05 1.247092487590243e-05 0.01555628848052911 -0.0783331796942147 0.01529969131183234
-22.2128806202105 10.36188711467731 -32.43486298519348 0.5204817901474887 0.2251995448905746 0.003615138053506918 0.001294326036073047 0.0002359846582430117 0.02441319666654056 -0.07178477529395659 0.01972936467279876
-21.90620991234688 11.00952832860746 -32.52347741545588 0.5309245737835352 0.1891418271319652 0.005953094369083851 0.001669698815177976 0.0004896953141573528 0.02342054844208632 -0.08895436468636075 0.01858760336710437
-22.39026895818852 11.5397758038197 -32.65739362315748 0.5863015787682575 0.1879545530942331 0.002813106298242541 0.0003786446688023135 0.0002881614085866605 0.008885806102454664 -0.07337975741644585 0.009675608006089154
-21.55698347388871 11.66439492157181 -32.57515515950101 0.5380806539473523 0.1510626068422102 0.01185329914367387 0.002759732263017329 0.001108570706650252 0.0182889003091862 -0.08345759445536201 0.01221104757455571
-21.16432675750637 11.11857618124422 -32.44339541373224 0.4881737147234922 0.1565169027378313 0.01994331557599744 0.006447642898365334 0.001680906304499638 0.02935530815915964 -0.09650217329620311 0.02187473375695188
-20.79362601340282 11.67987955689314 -32.47919204971126 0.4892816470023025 0.1211834686172689 0.02765330502875314 0.009409507638363911 0.002685291865104328 0.02941984176660853 -0.09115082408237596 0.01643341558139717
-21.09549874720912 12.30252438534565 -32.58112411133253 0.5363237083470699 0.1091910248271521 0.01813532863853383 0.005351329371128978 0.001799218996218817 0.01932371537997728 -0.06805831437631078 0.007648056054889186
-20.31043939725828 12.21337768401345 -32.4679517043049 0.481089876725013 0.08253168500829185 0.01877493149318336 0.008252975563963996 0.00203985373468103 0.03173220125554365 -0.07519887571351623 0.01217958845679736
-20.55571138709545 12.92845381081398 -32.55203729954099 0.5280909748740594 0.06470180725260113 0.01348782802690517 0.006254276533021147 0.001414412055396399 0.0254071394890216 -0.05615170483105076 0.006010385515325382
-19.69920978610112 12.80548914568596 -32.42436713698837 0.4663851465680077 0.03670939250691715 0.0176449484111145 0.009331945844739481 0.001927457572598896 0.03247823789969587 -0.06345361715708638 0.009893284817166318
-20.02577947517657 13.64135385647409 -32.50921279724204 0.52352910045057 0.0172217272050211 0.01870637797547594 0.007348270972733545 0.00215495605669014 0.01906257918929884 -0.04954938783674732 0.003485229701879252
-19.39750727548504 13.42849875391486 -32.42189288587468 0.4730088547761991 0.001507837291721889 0.03460085359721168 0.01790554965910865 0.004320873059341347 0.0328770353260939 -0.06544981925491945 0.007947815718832808
-19.41371959329606 13.9315470403116 -32.43698927967287 0.4952252509026913 -0.01711863559946063 0.03313971138800923 0.02040719131573523 0.004556924145305363 0.02992641948437676 -0.04965024999669052 0.004711345917382051
-19.76096451340584 14.50199947421115 -32.4775682454451 0.5421032199580451 -0.02594759691327692 0.001514075277656244 0.01803047566132925 0.0003679544890209584 -0.02746417572658758 0.00237760848258908 -0.003496580221327785
-20.52697873863571 14.26786895371697 -32.57069519713176 0.5832942172797341 0.01210270848838169 0.01230151068152874 -0.001853516072330593 0.00139730694775973 -0.002906038389116482 -0.01959885487974981 -0.0004137460528404909
-20.34855078250965 14.87406409705487 -32.54325348477307 0.5968780808716058 -0.01815385513669717 -0.002429042657378266 0.004999037352438128 -0.000225098912276911 -0.01172676467998044 -0.005763025687885724 -0.001442783675881924
-21.05137155480811 14.82487721247231 -32.62290693854229 0.6419234744978884 0.01035248320165476 -0.02019998659831485 0.02159162994164598 -0.002318305948397356 -0.006251955094360815 -0.005928199576885488 -0.0007376430907064616
-20.55303542152757 15.45156524502494 -32.56060644575334 0.6347439207450799 -0.03290760176862174 -0.01810828021627082 0.03304559571147197 -0.002232060688581068 -0.003568404275186312 -0.001985413338925581 -0.0004442092382874418
-19.88159941941654 15.30406937402305 -32.48082697933108 0.5835385525754372 -0.05244603774123726 -0.002976885756701062 0.01539483745006306 -0.000226056078038009 -0.0180481076691555 -0.003524400862539575 -0.002346425438087142
-20.1062351345302 16.00350098128692 -32.50673129427776 0.6276232222636123 -0.07116608239475737 -0.01645010983268612 0.04243607583447721 -0.002746273364975697 -0.00998791077564281 -0.003954654251608574 -0.001280928004789815
-20.72176154650534 16.04872028592812 -32.58744998305134 0.6710649812872181 -0.04984053683274151 -0.03123873953650337 0.05385331660350789 -0.005867191192805479 -0.003187155984311384 -0.001891075401722546 -0.0003882516521282001
-20.47479559922557 16.73662796299961 -32.58301404247901 0.682996013436045 -0.08588888385806702 -0.03474010593092588 0.06243317269214498 -0.00914655003255598 -0.005397935552295968 -0.003101445298604144 -0.0006678164997927545
-19.65296257377013 16.5907654598595 -32.45317580308802 0.6213364772853236 -0.1108613344757208 -0.01860746286933802 0.04460361861274447 -0.003924381676668134 -0.01014776360013987 -0.004357463217723211 -0.001410284101281609
-19.88176471161506 17.30790177604964 -32.51952248071497 0.6663186280803646 -0.1301237448698018 -0.03473857755370774 0.06028557332912375 -0.009921238957726432 -0.003476866456957092 -0.00207996773907206 -0.0004647254860806247
-20.0209581106222 17.92198230566049 -32.59607721832887 0.7011381967242123 -0.1487836234460176 -0.04384425479268425 0.06498921676295159 -0.01570482041244518 -0.0001274848068773433 -8.984022497150096e-05 -1.586579745804513e-05
-19.42957710176814 17.82449186559185 -32.47744921420105 0.6569048753405408 -0.1667351933407123 -0.03328371348733676 0.05713465677571551 -0.0105058887287005 -0.00103692384982922 -0.0006288672883248479 -0.0001349186524449757
-19.73688080282455 18.4426525434513 -32.59948851377415 0.7032418720001368 -0.1793239682350979 -0.04520454115805344 0.05870499279428193 -0.01679861205317358 -0.0007930289572517296 -0.0006359331743565739 -8.833719571213942e-05
-19.033627758229 18.38196661270603 -32.4538348025899 0.6529921160602427 -0.2025825242025081 -0.03380667694793237 0.05040743728213459 -0.01115147097622473 -0.0004953997538933532 -0.0003457356019152351 -6.096291971120953e-05
-19.35436463487079 19.01255550098954 -32.59055754945343 0.7005369271600497 -0.2151389179742468 -0.04570473433023736 0.05365462712829329 -0.01733249876418696 -0.001431042517856883 -0.00126698359381312 -0.0001485137396982764
-18.64576104810698 18.96120314816079 -32.43684182091327 0.6504911830041123 -0.2386812408573332 -0.03500604429261953 0.0449292204268022 -0.01165986126759173 -0.002105178128673196 -0.001701796294639059 -0.0002372602866943979
-18.96470309278452 19.5532928690192 -32.57641294890086 0.6960720825128047 -0.2498014878851769 -0.04716290204586099 0.05096632310725233 -0.01807042168259924 -0.00215164029066844 -0.002063431200203072 -0.0002040849437378097
-18.37183649424728 19.47257028252078 -32.43764123526493 0.6528452469544509 -0.2678474313271085 -0.03713152696368606 0.04359831867552239 -0.01265674220504392 -0.00545125394903551 -0.004800590979137619 -0.0005439245133731448
-18.5200578766992 20.02635134268819 -32.54227914449653 0.6851911665531568 -0.2835144852312888 0.04796916190108802 -0.04583287261384306 0.01758830123549762 -0.003475940063552168 -0.003733569058063437 -0.0002491578525702561
-17.85624285950376 19.80794929194834 -32.37549021022143 0.6321074265106177 -0.2987124577529643 -0.02865871720813899 0.03682940964160863 -0.009964359273409513 -0.005918363366074764 -0.004768824903441861 -0.000604183738204256
-17.99429559442552 20.47152981496172 -32.48929179574822 0.6679575407802505 -0.3186613130655308 0.04340120897390467 -0.03883802265688435 0.01503658091093365 -0.007034172903572918 -0.008012759009481989 -0.0003929156397232372
-17.26508142588736 20.29016211260072 -32.31838931327189 0.6126383690815282 -0.3373804677094924 -0.0186467309032403 0.03113503444104238 -0.007411799916126293 -0.008448636137377962 -0.005292996479746925 -0.0009792740255125064
-17.44346361417132 20.95975467045883 -32.44259900140835 0.6511572032356212 -0.3558648784274355 -0.0326090559870281 0.0382808308447968 -0.01240363621237369 -0.01194872274074334 -0.01048030559558876 -0.0009318426211665839
-16.66105538644318 20.82389371391445 -32.27181375225667 0.5948674528272047 -0.3779167416271744 -0.01134378756020693 0.03054099632531343 -0.006235839283391033 -0.008486024469677637 -0.003387204644820204 -0.00115220188803367
-16.87688017953655 21.59979663823009 -32.42728520461924 0.6398687188073936 -0.3986863432624889 -0.02714153071874274 0.04026050168028135 -0.01211842638211078 -0.009316004141561217 -0.006530989239165706 -0.0008326403391868762
-15.88719043979935 21.35901272117802 -32.20166306342943 0.56689672301481 -0.4238037691585959 -0.004265543167008266 0.02560246531165527 -0.004464273725571727 -0.009517070294627804 -0.001846503750621397 -0.001496228607058196
-16.16203315281388 22.04943312107954 -32.35628967057242 0.6119886764120648 -0.4390273232155822 -0.02450902313917412 0.03465787610552593 -0.0105142820425899 -0.01113370622720519 -0.008127415237513142 -0.0008372123533398065
-15.32366378489689 22.16712086124355 -32.22188306796485 0.5640204298112901 -0.4713857957951741 0.01077162027178795 0.0278346602302269 -0.00266955327644676 -0.01829003108467275 0.006663300627664646 -0.004323779833213519
-15.2556911324253 22.88438690479916 -32.33215934692866 0.5885187715156898 -0.4985623428838473 0.03179565734939615 0.02137913998336553 0.001429072401560844 0.01838022586434223 -0.02789475061845898 0.008365156777862327
-14.5273846066805 22.68846111661379 -32.18084855538593 0.5361432226387034 -0.5160251748480504 0.02754505628641851 0.03239252910132608 -0.001922855586949936 -0.01016766862347717 0.008458403238688001 -0.003161928288656474
-14.03977242736523 23.29123066439242 -32.23215335489393 0.5314746461735912 -0.5524797016959088 0.03000703909860061 0.0233526298186047 -0.001092653947038991 0.01097116980964335 -0.01389068286511746 0.004418916502993105
-13.67371983211499 22.71068829893833 -32.06489923089887 0.4857785623768938 -0.545395842333368 0.03598726542378931 0.02987209297220775 -0.001559159325377006 0.002472639574897866 -0.002930831466979898 0.0009193843043416387
-13.28183501285497 23.38316132260386 -32.16490792650018 0.4908368534323153 -0.5805724157604235 0.03792001006259924 0.01433104706749238 0.0006945204779725579 0.002691199210758322 -0.007213148120219451 0.001902987896199533
-12.78929012544938 22.62247190431605 -31.94512710039998 0.4300351917615201 -0.5724582113762776 0.04763326164093336 0.02754247091410079 -0.001470595194715813 0.004302940418001386 -0.007328964487938025 0.002111590958310316
-12.44436004306528 23.3846749843674 -32.09388307125857 0.4430493202342446 -0.608497726797863 0.04898787742304046 0.01215229026051541 0.0004542568969113004 0.002300749394984148 -0.009362777569163754 0.002356290746009098
-12.04947613284263 22.81944705155967 -31.93172852711011 0.3962494702180354 -0.6040019159494223 0.05501828084606816 0.0214105786531615 -0.001974210142718709 0.006807273804058353 -0.01706133545930118 0.004676015470020496
-11.67869007111358 23.33410631856134 -32.04538362759734 0.3982605828809482 -0.6327198855591103 0.05137181894895763 0.01077536898040377 -0.001202383322656431 0.005457128957866163 -0.02529447195269387 0.006474950378273218
-12.02751083475757 24.01203837455187 -32.21763144165504 0.4465504886332166 -0.6420515296058538 0.05145704375902673 0.0005703769746166903 0.001967225135878197 3.309508962654583e-05 -0.01412830483571283 0.00323068477401138
-11.2975551086266 23.94200822968186 -32.18830084194788 0.4041674188857023 -0.6641685367442401 0.04266383785640529 0.001159492586228871 -0.000120997686935412 0.0008505681975113385 -0.0305585532341393 0.007075240570762506
-10.93609047940466 23.2751504817364 -32.02454074229394 0.3554383224200243 -0.6562667793531218 0.0437050431523355 0.007037466222554428 -0.002115236079071488 0.006773381246179464 -0.03898880819759694 0.01023455448658699
-10.48110757359483 23.97352394031319 -32.20743904633229 0.3627212695597253 -0.6925291384259838 0.0203109885231166 -0.002141508601762607 -6.713597917832871e-06 -0.005041814767128167 -0.04785369115843829 0.01114892074010097
-10.22244890453754 23.15335115844791 -32.00702130901618 0.3121769911204037 -0.6773470158171142 0.02861367461676568 0.001661092199845523 -0.0013970868180107 0.003667987576598278 -0.05124745894492106 0.01419228099800032
-9.851152838002484 23.61102887667444 -32.14399990871573 0.314162199576406 -0.7034787562401409 0.008985346481446404 -0.001716493955750144 8.552562956360618e-05 -0.01240594282036155 -0.06413528532147951 0.01618070597540825
-9.476729362484665 22.99775587824703 -31.99528859136585 0.2665341610655491 -0.6989192928019506 0.01103304253345713 -0.001004275606607974 -0.0002298018693341435 -0.005819777220115028 -0.06850813549315332 0.01997894855466977
-9.291603990653712 23.71269949179343 -32.18863611324069 0.2907634881552728 -0.7254415028913112 0.0004976744307695973 -0.0001682309679533826 2.173306573879802e-05 -0.02521458938307366 -0.07237545486484379 0.017156511410429
-8.785655514138572 23.23887961427878 -32.0950983027668 0.2435880036551682 -0.729803412609322 0.002268341627774517 -0.0006841699593943858 7.985156963125824e-05 -0.02614020980846276 -0.08407847826724113 0.02217811138132543
-9.160346080440062 24.29739407306636 -32.30867573659626 0.3108489941475773 -0.7459215041707042 0.0006948115858897817 -0.000395331785887771 6.055230125992835e-05 -0.028973448612034 -0.04949033807772735 0.009347027785721593
-9.780951007448206 24.26214196275249 -32.2886410646086 0.3399346148943261 -0.7242775392369977 0.002849242853152695 -0.001208709649127375 0.0001799525841210569 -0.02120049268728218 -0.04846968418310504 0.0101114264024968
-8.851573031219079 22.56470041101255 -31.89805534082288 0.2139125320092941 -0.708882252411755 0.00213346281935732 -0.0002697228697070064 -3.268505527097559e-05 -0.009369582269286639 -0.07717060781118618 0.02524157859286337
-8.225983485937597 22.81243923665272 -32.00684108149593 0.195489720243044 -0.7378844465348412 0.009542797687115178 -0.002734320492953189 0.0003500108668985179 -0.02774204809244079 -0.09333447650662667 0.02722881333858121
-8.287896325356911 22.14975612187805 -31.79140273792084 0.1647458662701967 -0.7177332076033258 0.003109971509182736 -0.0002187799651240812 -0.0001081833333307705 -0.004921587608290469 -0.08506574163162682 0.0305470597359687
-7.610683317994188 22.39549835341634 -31.91179338969436 0.1447065379931597 -0.7487315636089296 0.02890703227519474 -0.005830074493778342 0.0005434451580643513 -0.02312590201788402 -0.1114022726060035 0.03499460372873527
-7.727031683087139 21.79357634191735 -31.69278167746683 0.1181839651021295 -0.7286283096589621 0.0268756783928351 0.002255668548393777 -0.002484776307791243 0.01127987837534443 -0.09364926932756748 0.03699032055143132
-7.357992428320972 21.98089352789632 -31.79049875546137 0.1106885427212959 -0.7471432885806769 0.05384928868994197 -0.00557962252347287 0.0001110707674516303 -0.01355638008855178 -0.1298658025853829 0.04861106093530712
-7.084574582888245 21.60954067386889 -31.64045324393401 0.07668354359820878 -0.7473194254065327 0.03531224413325254 0.0003899541463491629 -0.0009127522604441608 0.002107090188556856 -0.09495288305103952 0.0409517612997766
-7.670717710492664 21.19814770440507 -31.4319497234227 0.08177879516992444 -0.7144685296784203 0.007033829510157458 0.004563607420829213 -0.00231396027851363 0.03368989849830045 -0.04268738140655708 0.01822008445015574
-6.914988255747787 20.90957021093277 -31.31294498144936 0.02678517876338737 -0.7352653062441987 0.001236234257776038 0.0006857640773987121 -0.00035023264862726 0.02468728192750622 -0.03574785450172555 0.01714480135514094
-6.362638477800497 21.38266540455867 -31.54831133542096 0.02889268140729583 -0.7679191278828104 0.001229052846120162 2.8489484403664e-05 -2.033246834060236e-05 0.002539753607899496 -0.08279860203936845 0.03750660795394908
-6.533632967808698 21.90445554515198 -31.76854145384569 0.06735136977124859 -0.774766017781588 0.003756155343116942 4.421796386268886e-05 -3.144759933490535e-05 0.001768853684469269 -0.1185645254485123 0.04456325271470468
-6.992481684935078 22.19213286012503 -31.86699380871589 0.1047105247897592 -0.765579990337191 0.03105349913634734 -0.001107695818588739 2.874075613484761e-05 -0.004486106584872728 -0.1247047023914631 0.0408628623415564
-6.313175547797696 22.52675057156828 -31.97007621214051 0.09136680511848221 -0.7977354929127919 0.02450895427011293 0.002645150834839387 -0.001116592783340888 0.0127524702103988 -0.1054829390797418 0.03003012857491615
-7.0247810981463 22.83665765789527 -32.04482324911406 0.1399475128796568 -0.7805001304248593 0.008430192806726874 -0.0004687343574667064 9.720064884754726e-06 -0.005143806371637932 -0.09204176655527735 0.02264811702386172
-6.459515181797347 23.31865555517632 -32.15593761719266 0.1389135852194265 -0.8116795079380569 0.03680643603843138 0.004064721338886377 -0.001680529644042708 0.008207696186262492 -0.06856765924960914 0.01391681311667313
-5.779156662909651 23.13799785170487 -32.14163292555337 0.100462570569036 -0.8306875849450347 0.06205909079043444 0.01078460595718047 -0.005839468666706913 0.01566599080388 -0.08038098707891225 0.01803929082202292
-5.96010255085808 23.74401805817099 -32.25489886421873 0.1388739761110581 -0.8386592675691236 0.0679402966266144 0.01350497384560257 -0.006473804334653747 0.01003636386038372 -0.04657861958766978 0.008160657273583888
-5.743646129737863 24.38843571441789 -32.3828345103 0.1615944218725309 -0.8608390443959815 0.08559169740856794 0.02381721760705679 -0.01196902586111479 0.001915747058494562 -0.006393373759416552 0.0009774954625806228
-6.23995954687188 25.01494155095017 -32.45320826956724 0.2112436831584772 -0.8593400012388308 0.06822581238642701 0.04736286410706671 -0.01347870102625478 0.02070863434490225 -0.02873109531917954 0.003863609575099264
-5.475583564817773 25.13343245201909 -32.54904488930794 0.1863311318929834 -0.8867989225679157 0.1003166592697238 0.04565029174180209 -0.02321725729505601 0.02263262967851415 -0.04636790307845887 0.00662100156347176
-5.972493754814733 25.81220296624928 -32.64696044269243 0.2366443931186173 -0.8869868274379279 0.05067970902840083 0.1464059587049729 -0.04558959085974971 -0.06786879657908483 0.02383688163736205 0.001103116851254996
-6.579794580058662 26.18995352846471 -32.69478292127337 0.2777853392615211 -0.8773793149676283 0.04255552763795418 0.1765806649972374 -0.06077475667561761 -0.06195279255107679 0.01482738535161549 -0.000299535713394834
-6.133414339586139 26.51191708454899 -32.86176153352676 0.274038108088348 -0.8995903032452992 0.06844433129686051 0.1988403258865034 -0.09478514531770003 -0.06657200381881159 0.02235816116385454 -0.001168666588583268
-6.872428307431063 26.75591962037029 -32.90160021707992 0.3148689358471345 -0.883479533768275 0.0558748413275109 0.1778693642590754 -0.08571937565537999 -0.04582424770244804 0.01320918379687755 -0.002460510746635522
-6.233296431525778 27.06558606272874 -33.13932820961388 0.302945013057237 -0.9120042848580816 0.07129406821074401 0.1435236010471605 -0.09757740245635772 -0.05649461124820206 0.02439170974353894 -0.005400273388243175
-6.801832095535401 27.31151369541335 -33.20429800572332 0.3367317981067982 -0.901616046420934 0.07139456960098121 0.1261702800652395 -0.08636339877988458 -0.04037069948153912 0.01857171556544595 -0.00624165059974818
-7.465806025921603 27.24396343516206 -33.1036578778541 0.3613922995768447 -0.8793399026423597 0.05024114582387736 0.1401920750671005 -0.08047427758851029 -0.02942466389208996 0.008962313700103263 -0.002757197467939371
-7.961850586148128 27.71097470966532 -33.34283651849132 0.4033555904668703 -0.8785509532133858 0.03904543340488149 0.09473014153272949 -0.06147695455543799 -0.03023794866059546 0.009990576268840787 -0.003810291327548672
-8.802745681787354 27.69945959172583 -33.28574534775557 0.439930399516716 -0.8529460951882234 0.01468966395536261 0.1175740117461439 -0.06983815487823045 -0.02742480447338339 0.003066719476667649 -0.0006056094989539914
-9.258391776839698 27.18314277140967 -32.99968077353734 0.4385118990201317 -0.8233152590729623 0.02978208426777244 0.1554263566477786 -0.07096728773067408 -0.01561989268534257 0.002557891300804976 -0.0009529634960818568
-9.606128114838464 27.68491341972331 -33.249488802594 0.4760146583863124 -0.828444649800975 -0.0008086335849797 0.1541985271503717 -0.08869953875265177 -0.02903476208633582 0.0001911263765523135 0.0005969578902379297
-10.11411577342485 27.19486806351852 -33.00060454866291 0.4792455072361624 -0.7978886553894883 0.005082897234459571 0.1694874188423539 -0.07227811391299988 -0.02443736113798952 0.0006102668135246371 -0.000287501253025923
-10.11105163647068 27.65061418273066 -33.21590112176059 0.498043088429884 -0.8121769056167312 -0.00683255484048428 0.1814657117642245 -0.1027010975723338 -0.04692299147122676 -0.001318384076885518 0.0007922252978725724
-10.58792639103519 27.57056612453498 -33.18303900168356 0.5175783072950526 -0.7955010379165619 -0.01595846349994488 0.1848257449741834 -0.1007935608715814 -0.04751380841108142 -0.003710365379093509 0.0007190571632505475
-10.85530798360297 27.87536686152538 -33.37482857302164 0.5436414626345315 -0.7978288902029882 -0.01586750646287318 0.1628454544135172 -0.1087277117903072 -0.05272543822425136 -0.004659853216535698 0.0007154139083153023
-5.688361729579523 26.78512903504432 -33.06924141238119 0.2691352736369109 -0.920984456295644 0.07307942112603885 0.1707883965378329 -0.1121798561571997 -0.07018762981770636 0.02887821940438081 -0.001757949930586523
-5.490298944397821 26.30666127599609 -32.87306850305939 0.2400784211232043 -0.9143733527451297 0.07060334997728913 0.2137134843796321 -0.1019512954509928 -0.08381163166479236 0.02908936432676781 0.002936769412695289
-5.030571271814241 26.64765460871388 -33.15879307180379 0.2387582547894197 -0.9384599703059932 0.0190622442651331 0.1503814371292879 -0.09354593550784995 -0.08900406966903171 0.01974344853242774 0.01360220345934572
-4.961428128856044 26.17443543644026 -32.92382169322352 0.214585509162495 -0.92783921537173 0.0765544231136463 0.2226945089531733 -0.1128028532983752 -0.1230435424494613 0.04778307278157542 0.01082863140046403
-5.19678026350487 25.7621182465076 -32.73845517004339 0.2046347400538138 -0.9103647518834685 0.08107663461714082 0.1543663724273067 -0.0590882155038912 -0.09696159494653274 0.05216003681092971 0.00322290766743867
-4.577005226395968 25.79949171473493 -32.89919991974176 0.1840006309657768 -0.9315189843854439 0.07835200029160702 0.1744814815368892 -0.08017121496493103 -0.09940283993042562 0.05089821922998545 0.0136256554936807
-4.743358172351202 25.21450584749226 -32.70067991085641 0.162870772174878 -0.9126593439262585 0.1245561141403116 0.05677558394061071 -0.04328753178528545 0.02352137446558 -0.0473447999270691 0.005583647999612249
-4.036136816438621 25.33553756541349 -32.94388678812717 0.1438985103395136 -0.9394226926212063 0.07367258051943386 0.08038277403535933 -0.04863220635269149 -0.03685748525651468 0.03531127060326343 0.002529842767298562
-4.222921665583995 24.64332085182844 -32.70730065723051 0.1171043854742542 -0.9176423763275094 0.1079526433214533 0.03680222226737078 -0.03944259606779158 0.00105330068891221 -0.002706398159517797 0.0003576115260151916
-3.45221696274159 24.78344552040007 -33.0025326024599 0.09816939080619121 -0.9476852879678527 0.06883300174748826 0.01790340651163975 -0.03083356273473076 0.004954286396587247 -0.01497078181135118 0.002367238980980572
-3.675804443819063 24.03402475690103 -32.719740757512 0.06809577042003059 -0.9234690950531338 0.1027233368187653 0.01900830027112135 -0.03816467629371695 0.009701728632283269 -0.03782294441752185 0.00727489606502476
-2.908056364544478 24.19904169014117 -33.05165778655218 0.0522563614649546 -0.9546389390096232 0.0873398432985651 -0.007512750090291773 -0.03447942509358857 0.0006375786367098653 -0.02508319949084317 0.007080449479587951
-3.051282356245334 23.40483444271893 -32.7485929768044 0.01541869631573086 -0.9322574106412213 0.1230162445119448 -3.537516798114913e-05 -0.04742829742978683 0.007576741365743538 -0.06660252058637106 0.01970170540465012
-2.414029725138898 23.70902525338122 -33.1289164085721 0.0130111282874356 -0.9626605941769827 0.1208622700696914 -0.02809595776206581 -0.05148409899710819 -0.004765916909342941 -0.05775400596169879 0.02032927827914516
-2.435533463476181 23.18249099711697 -32.93984051267091 -0.01410874023114363 -0.9504702652355893 0.1420407903183615 -0.02410779883451737 -0.06342978721964276 -0.0004309819854345894 -0.07730236671820212 0.02841524405890248
-1.982059844366828 23.2771494577913 -33.22869583379951 -0.02082002362094368 -0.9705582351464813 0.1351247704138578 -0.04213715180073214 -0.06881986132895018 -0.009295162212684619 -0.08516077930127786 0.03389175711629696
-2.083286326067 22.73839776195091 -32.96665157979088 -0.04733835973869204 -0.9545378893825285 0.1484061779997984 -0.03001978872048198 -0.07832046267893514 0.0009122573796505986 -0.08833620699071737 0.03558736511455515
-2.659349575830943 22.74463550316851 -32.66161056222152 -0.03220863238833838 -0.9321040640736924 0.1548150168086879 -0.01147113912507869 -0.06630559738384022 0.00659986872051327 -0.07708133960739486 0.02874522864867178
-2.238810529982047 22.19884461288565 -32.63083598173435 -0.07444544846586353 -0.9357403148918336 0.1625523811247284 -0.01863831805587282 -0.08267818096746063 0.007963693859634994 -0.07812985697079536 0.03327028353945253
-1.667483510420707 22.19982791262385 -33.00757534315685 -0.08676714614805907 -0.9591151791631046 0.1396151789417029 -0.02900917453318088 -0.09023005794094333 0.006518092066823695 -0.09130162028976054 0.0394392878562165
-1.782871613109684 21.57033979780201 -32.58756736218488 -0.1219362212965946 -0.9389010477676273 0.1457510935999788 -0.0210266358153305 -0.09006387380527185 0.007202463821360198 -0.04919166899007548 0.02314026922810579
-2.412705572466681 21.68643500026169 -32.27358587044262 -0.1014665496001393 -0.9170225210830339 0.1749061482925186 -0.006784578035895405 -0.0831441011712265 0.008054122764009061 -0.04575154203024302 0.0206763976455083
-2.09757678602065 21.25185342368287 -32.19329322766988 -0.1362660997275444 -0.9189217612935653 0.1768598263259455 -0.01158292096182268 -0.09423140919938471 0.001397073755707223 -0.007560549263150955 0.003551464094459761
-2.554147350826918 21.18209314498264 -31.93288817688337 -0.130513047806237 -0.90045340284109 0.1743075149118469 -0.004074840545948684 -0.07131351255590387 0.002147117405833549 -0.01277472385800152 0.005978020808335663
-2.067585604542712 20.76728522769532 -31.93985399642362 -0.1687898664191334 -0.9097029452283983 0.1648552095027803 -0.009056230157158273 -0.08530264535683205 0.00068491117855853 -0.003772936455945644 0.001724210968255271
-2.646625915394367 20.53115116448918 -31.54405888201271 -0.1724714308927005 -0.8837784942958438 0.1578350039994335 -0.02018138963951565 -0.05000015130145549 0.0006091730311337035 -0.01441247168745865 0.007740227269815481
-2.006955707112381 20.2211797314916 -31.66290410338436 -0.2079011292943236 -0.9013331167027968 0.1401184074047585 -0.009862206716311028 -0.07039838093733591 0.000698042875853147 -0.004099522741998629 0.00196366727393405
-2.336017736587948 19.72335438144087 -31.2220703016518 -0.2386169752093221 -0.8806127952929604 0.1257023398159188 -0.01518681626125938 -0.04906302359866904 0.002191848438666083 -0.02716762596730879 0.01402502680452412
-1.595415985034988 19.6781208359473 -31.59100183882324 -0.2532255124615796 -0.9071239457371593 0.1077187991397129 0.01179491392551585 -0.07268345283833377 0.001316757639648264 -0.003687531924602583 0.001353064916596897
-1.454086954572203 20.35810733772344 -32.09622413690105 -0.2059442283590295 -0.9247572479505892 0.1161315150724851 0.005355297933319402 -0.08624663932970886 0.004205080641928543 -0.01286828552187213 0.004863133060583101
-0.935518633904632 19.62908038408746 -32.02166573499968 -0.2611739715487224 -0.9303767549354018 0.08335042120347065 0.02055420484062924 -0.07774529503786871 0.009120053702962689 -0.0181973075564668 0.004966591615461556
-1.13234140369048 19.040975368163 -31.50680180779177 -0.3050836944564497 -0.9142226040781554 0.08735505988373103 0.03558984720868703 -0.07814815505610297 0.00460290766695215 -0.007669641326569554 0.001652321949701149
-1.7973528541484 19.05648444695976 -31.12642275363798 -0.2992418828189917 -0.8907533683926346 0.09440879512557614 0.03495750841098187 -0.06752847553545865 0.01161767124230413 -0.02116954839619752 0.005283336773194075
-1.355431373404272 18.4982034896506 -31.06364102010294 -0.3485943124319924 -0.9000794402741531 0.08657595285983899 0.06713843186847832 -0.08240792957870308 -0.003640772690864964 0.004289932149157621 -0.0003298717451108704
-1.978219798902845 18.35634181531796 -30.69783809714177 -0.3557763131966936 -0.8768566831201807 0.06770004878302653 0.06483123443766492 -0.0582205273697536 -0.02640202930775055 0.0268805159898559 -0.0007681421000850181
-1.501901837227374 18.12956706455641 -30.80195057295315 -0.3801059201406067 -0.8919232034209239 0.08298005192289108 0.08943873887450519 -0.07964886176871466 -0.008141814606978624 0.007789344650183007 0.0002644226530036257
-2.323817914802504 17.72690565554965 -30.30606796657494 -0.4086145997759052 -0.8600862660918599 0.004911606010235037 0.06961027519187669 -0.02748044630395572 -0.04058903169063197 0.007829193562296255 0.01257748810108773
-2.838435295699046 18.34879807010261 -30.35754736853663 -0.3395149690510373 -0.8438777177589111 0.09293110355698814 -0.02326197540116752 -0.02268226885073406 -0.008316475957600065 -0.06054621202689477 0.02802035416038184
-2.977490307334396 17.57181341970778 -30.01377777726041 -0.4075474222235241 -0.8325570742542457 0.08706165336611739 -0.02580143211440454 -0.01993641343854751 -0.008048680231526007 -0.04012553191912138 0.01678159316493986
-3.500956070457081 18.02631005928405 -30.01753559729941 -0.346896982322246 -0.813229808161707 0.1444353490145662 -0.04315961698806794 -0.02123924433777693 -0.01471190676241549 -0.06312465501255766 0.02822683026817249
-3.564445231068108 18.63924042862664 -30.25961801741432 -0.292016775127921 -0.8176789347962453 0.1560425399930921 -0.05834217179736866 -0.009912864377820641 -0.01801253131359417 -0.05303120277663973 0.02857240796829468
-3.145110734807135 19.05889392027888 -30.56714317062546 -0.2713571544515118 -0.8399744053141347 0.1471320702565052 -0.04305252216990296 -0.02280161184316715 -0.01220718217172914 -0.05836962485808827 0.03144039062930466
-3.798016652418402 19.21411399000705 -30.49460064392971 -0.236798730517364 -0.8169291616829429 0.1530653661632101 -0.0400042862941411 -0.004661609043856371 -0.01073515897499363 -0.04389563833672007 0.02420465609557263
-3.414394033151892 19.60478709930043 -30.77410404536609 -0.219866079138843 -0.8381012359904647 0.1656594888202352 -0.02930543173184633 -0.02264793383742759 -0.005029077582219576 -0.05066955777040222 0.02877873316366054
-3.969776610858725 19.69583665591256 -30.72626640870422 -0.1929700115889082 -0.8187672023576927 0.1346250323282611 -0.00941306436992115 -0.01169094331569829 -0.0008278575369571875 -0.03823245641983244 0.02125014371513041
-3.727258836894546 20.11227190130342 -31.00309652676005 -0.1705643408075175 -0.8358720530876975 0.1435896536172358 -0.005980065273904227 -0.02165915349443706 0.0002503198907326814 -0.005643602323596815 0.003217690695842585
-4.408277882634636 20.08258765045171 -30.90781057631693 -0.1463393186741762 -0.8100268249566045 0.09459140531762454 0.009192156302561889 -0.01222263348413245 0.0004594737056349911 -0.002725408412398814 0.001506212505784721
-4.149387887838721 20.63613246667333 -31.24553217279993 -0.1170321051398966 -0.8312798271999448 0.1092235259327386 0.003029443690737005 -0.01438996949852819 0.003615800121349053 -0.03657552921363033 0.01974479043470027
-4.925544192355384 20.6009813845918 -31.17196744141691 -0.08741686341616373 -0.8020940224718023 0.06324330396897553 0.007455325126633139 -0.006696007311834161 0.005957173170144651 -0.0341798856103434 0.01820923244267566
-4.607643374759737 21.22221049625553 -31.51441275234791 -0.05926737963235183 -0.8276814585212779 0.08204981982039398 0.00733156191169206 -0.01001874078418203 0.0095069573192068 -0.06411515244172923 0.03094000854542414
-5.535519852830149 21.18339330596832 -31.4575242249839 -0.02183893890255903 -0.7932316650741501 0.03669051971074062 0.003227338925911725 -0.002213709015655444 0.008094231110130979 -0.06930588883442698 0.03311544233720725
-5.052920444394731 21.87473467915638 -31.78176332690649 -0.0002575394798258491 -0.8267363989223488 0.07118754151463805 0.009655330893756236 -0.008230913804383294 0.01671086130152908 -0.09210273534540349 0.03648716944503749
-5.885480279563295 21.88511426266701 -31.76045589164578 0.03643090796357339 -0.7974194610282633 0.03293708628927238 0.00295129666717486 -0.001589632042310142 0.01131304651671834 -0.1046234597975381 0.04016270395137832
-5.479568087129124 22.50715230184279 -31.98857057025889 0.05403494373456871 -0.8264120341381287 0.06306251852018011 0.009645977121987032 -0.006350005789460566 0.0190695561812151 -0.1040309133444324 0.03135342491815189
-4.636834432158441 22.61604191237029 -32.09059900441353 0.0260688496296467 -0.8583171561900146 0.1004491056862888 0.01892518945047198 -0.01891711510909383 0.02324701719095587 -0.09455853040459944 0.02884181766054577
-5.176588557059052 23.05350957293742 -32.16111422905286 0.07124107804514535 -0.8494825147597621 0.08776419954644459 0.01804526534832159 -0.01267333243998212 0.02041665545813929 -0.08512360176644365 0.0201820194988251
-4.704712319845997 23.30428581118413 -32.28210361432496 0.06624846916214142 -0.8714330313816565 0.1114390793970557 0.02561810901570255 -0.02412952094064499 0.02095604585273437 -0.07539670288022798 0.01673475013508477
-5.261198107364443 23.72248493507636 -32.30763019753934 0.1094583979026747 -0.8617825919875499 0.09612680728565345 0.02285079937085623 -0.0158802991098588 0.01349702384312848 -0.05035514826974476 0.009242295657108034
-4.468889879124836 23.91120475089535 -32.4758250268461 0.08919686583847582 -0.8930726956401218 0.1129320064597221 0.02732380209115369 -0.0304912320836123 0.01360343201225383 -0.04680670051642793 0.008439339208262538
-4.983700424465193 24.51223443370439 -32.50391790154635 0.1381151960185613 -0.8889148612452036 0.1146344154891714 0.03137643793483456 -0.02673182657025739 0.002166793862015146 -0.007019938125384245 0.001052247398291501
-3.966256035137581 23.21453319494495 -32.40339474588935 0.03475152818455404 -0.895236411041286 0.1180328864776519 0.02092867425990873 -0.03512393396778535 0.01989830369604649 -0.0787688004041224 0.01993306491219885
-3.904752392771758 22.501309146396 -32.16488210897138 -0.007406465266878558 -0.8814202398818773 0.123451895556178 0.01949077623214886 -0.03336190452105717 0.02082579251900922 -0.08363296760437115 0.02820318921331747
-4.144511288423962 21.86922299773806 -31.86408196789886 -0.03643266605112329 -0.8587389053735514 0.1084176704937372 0.01374528105673654 -0.02217602960680083 0.01568892580835394 -0.07449569319284258 0.03052812249272767
-3.451066965113359 22.09067419562151 -32.09765183989548 -0.04696145990984658 -0.8882830264331889 0.1443596493965603 0.01249615557377438 -0.04294473630847202 0.01401434518188021 -0.06838842190902719 0.02720970479280731
-3.312941608172698 22.69820191814048 -32.39469006063773 -0.0156469186935664 -0.9069577064372915 0.1426142755399021 0.01034298961180612 -0.04911205614474026 0.01495462873025077 -0.0785806269757503 0.0268770040892472
-2.8421662419141 22.1890141166741 -32.33783536966556 -0.059456193807109 -0.9125681652078812 0.1674667322243648 -0.000634046590372134 -0.06604087812868335 0.01089719747792079 -0.06939803684186342 0.02829943655545315
-2.985301109600165 21.65503643444482 -32.02146528786805 -0.08832427169081419 -0.8951914843716355 0.1676561123031033 0.004353406470998915 -0.05879166127342402 0.007608723954230131 -0.04167849816556811 0.0186115787585822
-3.512311349306884 21.59147801163871 -31.84496588112518 -0.0760223186495899 -0.8749022045553898 0.1392064056053976 0.008531985289679951 -0.03574600896042853 0.008683568395460148 -0.04894640536672917 0.02213389289038847
-3.153661050486722 21.13256444349544 -31.70086296387416 -0.1172811385285681 -0.8777276286592852 0.1531312577501992 -0.004977584255493356 -0.04050433161277223 0.002952548148060659 -0.03010729735250518 0.01486233686097937
-3.829795510911907 21.17992717112729 -31.57916614620605 -0.09185638167222067 -0.8545669550928552 0.1212530011560553 0.002908428733467848 -0.02180107801766476 0.005573741143149965 -0.04961488276688842 0.02438097282145289
-3.420465100566627 20.60760959674581 -31.35037207009935 -0.1449524480548103 -0.8571275005308916 0.1447086525962619 -0.01158526626995854 -0.02713879922107641 0.0007485592900173879 -0.03211580571091498 0.01770134201475485
-3.057229701386323 20.01872822960718 -31.10871505135756 -0.198992615102864 -0.8588767065497749 0.1558771464493068 -0.02733370395956994 -0.03246315620200716 -0.0006511300081838545 -0.01246474731707385 0.007368705124172034
-6.190479234684291 20.86947458255273 -31.29992205039166 -0.01107553063926303 -0.7614721128999786 0.005462539824028784 0.001024643594774666 -0.0005364562499807246 0.01076665917393818 -0.04537281840413212 0.02296988198973702
-5.698743998932006 20.49529977522932 -31.10170131373135 -0.0592056126009457 -0.7708058237865444 0.02815489711556738 0.006593296005886327 -0.003578939922412627 0.00719262108542255 -0.02384071401152128 0.01266258254235821
-6.423626049838695 20.40734878812531 -31.05811427498406 -0.02952873146394325 -0.7410938812276361 0.02251684415218648 0.01779318030352127 -0.00905706770499066 0.01762977495814895 -0.01761134533975351 0.009230918314420699
-7.045573708652305 20.35228467488256 -31.03472087317285 -0.001247469370279451 -0.7156619961521317 0.03673343602235953 0.03929806545946488 -0.01878458447914506 -0.02810360028043508 0.02118730086785153 -0.01063222168724868
-7.605055312067647 20.58811970542475 -31.14740548639216 0.04240878983964459 -0.7002966442742243 0.04045464882367936 0.04404724859009294 -0.0205864952365528 -0.03163866070277842 0.02399063453937465 -0.01084251894398304
-7.547523678996052 19.95511119628102 -30.86040978272512 0.0009133346228672738 -0.6855273977726541 0.06982441849680848 0.0828263806956808 -0.03259607397712312 -0.03051951030804441 0.02155389746184143 -0.01060789540663955
-6.731148536652933 19.89349961690931 -30.80095161465961 -0.04724259805826668 -0.7162035782547779 0.05051324904141848 0.05754907581006315 -0.02620599065676889 -0.01746445555654898 0.01231829845911979 -0.006612217156580457
-7.14638612674289 19.31571467885151 -30.56224520166399 -0.06169797944304123 -0.6850319259059917 0.0816962793812815 0.09450502190987073 -0.03145155024504862 -0.01934867920770126 0.01421978351187174 -0.00753139823069255
-6.275891639244156 19.3656020361663 -30.52123018364719 -0.1071377558688482 -0.7215729485313829 0.06186874791741107 0.06516236937347188 -0.02782934170899489 -0.002094775058409174 0.00160970481219749 -0.0008878733365706196
-5.953660173063774 19.93000425124705 -30.79806305232023 -0.08520372559838976 -0.7476230967249625 0.03929883249174507 0.0315386564356077 -0.01590365166176446 0.002967634060129046 -0.00290196899365266 0.001578275938258724
-5.445862614668908 19.40413346709041 -30.51039075099665 -0.1479719939468128 -0.7557525226566368 0.05808021076968571 0.04054824837276744 -0.02023148597305959 0.0130091911694527 -0.0147359493147097 0.007812556747144494
-5.160563194872797 19.99430367918623 -30.83021194281291 -0.1193239190405073 -0.7797366048691545 0.05379956882912688 0.01507528377190878 -0.00913185906593353 0.001234147228463097 -0.003317323613547355 0.001794486074213317
-4.557734868767218 19.44003256254566 -30.54259813701082 -0.1877063216323459 -0.7914893360320252 0.09494280177882568 0.002939502877340882 -0.006583389627779509 0.002248115318476444 -0.03313716713334335 0.01762550532221793
-4.971080463514108 18.84331246506731 -30.2183532074517 -0.2136982013492322 -0.7635990331665996 0.0889824966646684 0.03384678385959053 -0.01705073320050482 0.02092571531978311 -0.0441128931558556 0.02163794537410409
-4.222498246609034 18.80472496819811 -30.23042817583659 -0.2521789093204215 -0.7934272659733081 0.1470486174143191 -0.02628389991404729 -0.001763564920021985 -0.009817131878180743 -0.05689137607357807 0.02933351896633836
-4.552793940350151 18.30602999307817 -29.97086069926785 -0.2768394617602 -0.7717427562683679 0.140818793278847 -0.02299350033315296 0.003333179239750612 -0.01242320881647173 -0.0714525296762859 0.03194472952446042
-3.975346869189524 18.33299356471414 -30.0349948958914 -0.3015662313731393 -0.7965449744935382 0.1765585581468163 -0.051063679059706 -0.005859677747706699 -0.02092763785027258 -0.07654357302680731 0.03645983483388749
-4.110562715510959 17.83885326037304 -29.82116605067177 -0.3369833538022586 -0.7844578322320735 0.1709205420170335 -0.04221260786504507 -0.008431972617088673 -0.01261392450407747 -0.05561106938191084 0.02271229524481991
-3.622542985145776 17.37143844877472 -29.75379536176018 -0.4015333098056021 -0.80215444092174 0.1420680975578201 -0.02339467391884294 -0.02663064251666011 -0.002552373565069673 -0.02657606355643652 0.009730425547969726
-4.28762405464788 17.2175059172884 -29.57446646233784 -0.3814700386413101 -0.7688759411321427 0.1610322541085477 -0.02972632853173178 -0.01034846376208719 -0.003495016930691348 -0.02175548194884085 0.008107498002555311
-3.800385676535083 16.68639968193666 -29.48398944935505 -0.4577598334524015 -0.7883457960046438 0.1312151218966288 -0.005353189308800993 -0.0272469006471648 0.0003150010956976839 -0.01120530829493207 0.003718479582239578
-4.470678729309666 16.55715077352622 -29.32624962924045 -0.4277642494084338 -0.7515253404966674 0.1625305903961915 -0.008618297833223805 -0.01485124406230998 -0.0001033404695097078 -0.004784931434018654 0.001645786479984174
-4.682772589332574 15.96317814964433 -29.10333876741925 -0.4630503415753898 -0.7313918325206266 0.1753518965104928 0.009863108606768478 -0.0159607249065431 0.001072213065522948 -0.01230266491790468 0.004177258530248313
-5.13369192212717 16.44649511564198 -29.25339937563491 -0.3922772900743622 -0.7148613561228574 0.1782907743037378 0.00870688992830021 -0.0001494288356933826 0.0009165093499690766 -0.01865890932520115 0.006318004028877534
-5.267800919784436 15.88103574043645 -29.06955247641898 -0.4262419484745583 -0.6973321603207785 0.1812490100176509 0.01632430652094003 0.003514887359117353 0.001156716987905053 -0.01383418094370452 0.004603163518404502
-5.862103307051227 16.25382943903247 -29.25600000129009 -0.3545464784506361 -0.6732255345198211 0.1593190884417975 0.02382671012755962 0.01673097610037797 0.0006539389584835784 -0.005760181352568351 0.001976048044614166
-5.783090486456784 15.33046288811481 -28.94180177329796 -0.4262338464688746 -0.6568861436615083 0.1772374327243127 0.03456726361653438 0.0152304867620623 0.004087887814067252 -0.0250429044454789 0.009266804171474621
-6.480912996791391 15.74877948664111 -29.22441863658795 -0.3423951774868328 -0.6292767134996508 0.158516073149406 0.04650480075716948 0.02826551317559732 0.001866092844171299 -0.008253191494300391 0.003113593435089118
-6.483820261936962 15.18773693939164 -29.04680649954531 -0.3791513192770499 -0.6147174673078228 0.1758856936040788 0.06053754099748302 0.0329540900430928 0.002353137186198636 -0.008677003887830046 0.003380500335741581
-6.919029880740775 15.33823373504891 -29.23939452832395 -0.3334860818190958 -0.595356688370858 0.1462585122016851 0.06494595059657784 0.03657179646588018 0.002322718805287866 -0.006838379066988437 0.002854867477413419
-6.899015722468576 14.66893883850312 -29.04818154958008 -0.3759951429974546 -0.5774103483314891 0.1422202792215134 0.06531893764629557 0.0407590980360334 0.006153001687052442 -0.01814696694202411 0.007612017908201281
-7.535195609107374 15.15518463806357 -29.46392953512785 -0.2921669840365406 -0.5573760586573179 0.08766349008510052 0.06099091136576278 0.02653160870657986 0.01191567361997543 -0.02181169963503342 0.01077001798477788
-7.602541022300396 14.24735830804643 -29.28407671831789 -0.3375873560470089 -0.5257248317404288 0.07979162662716405 0.05424192762239027 0.03010863602430035 0.01358199444495599 -0.02771095955956244 0.01392844341517693
-8.17792370461269 14.63936672093806 -29.68373933434453 -0.2652784483593885 -0.5074501744078411 0.04636030597087627 0.04570354100627198 0.01616308890078201 0.02732447501014585 -0.03527545157598615 0.02137227777279671
-8.240699970167913 13.72389752926258 -29.5454330095615 -0.3072342862062794 -0.4735330455301369 0.03819376044307649 0.04269621642317154 0.01507405039261603 0.02761359918455299 -0.03288240166023215 0.02317140625614965
-7.657983087391764 13.53453489840048 -29.14447150719267 -0.3709997301073757 -0.4991796490696864 0.07442297682981237 0.05881345278530108 0.03046111168981259 0.01259141123366201 -0.02260119064829101 0.01287424295543817
-7.027675457615739 13.73434087417059 -28.8451992088592 -0.418649051660068 -0.541320026525313 0.1225477737271334 0.06726070212672405 0.04249507810600543 0.0086965074330272 -0.02272313257384665 0.01088681906084625
-7.378198894102802 12.98476312622703 -28.83992979282161 -0.4258649266344075 -0.4958916766944642 0.08584525574629129 0.06144918370372027 0.03716261037742259 0.008677510532665109 -0.01809815537187285 0.009880731183781294
-7.981878256991604 12.98131835521028 -29.22941462098465 -0.3684373509175379 -0.4616653308806044 0.04514242773990866 0.04500664832315072 0.02056174883455636 0.01569547798239542 -0.02260613511155558 0.01502276847816887
-7.728147201566664 12.29365002970377 -28.91080879859202 -0.4259399308053349 -0.4506724657589216 0.05239153763639873 0.04655717673158183 0.02577751526598205 0.01476484891482522 -0.02537815750959127 0.01582705790179703
-8.349964935578637 12.36731088352728 -29.36549746791668 -0.3625930722815048 -0.4186537416580792 0.01687750139838451 0.02609278056707055 0.006947750007334356 -0.02622425018455481 0.02295184905700669 -0.02249328800354329
-8.161821187103765 11.64144962531635 -29.09185649746521 -0.4135999743385403 -0.401227283519249 0.02367396319227643 0.03513603767677493 0.01090336575558042 -0.0289257955330237 0.02783545854174164 -0.02689440195718847
-8.823432408369493 11.74149607798831 -29.59135845088765 -0.3464328329979331 -0.3692179755779579 0.003944252756186055 0.0141008362190143 0.0005270283716503186 -0.05970830684594667 0.01833735678156058 -0.04376882168574071
-8.567737824498103 11.06793660530246 -29.30108265673923 -0.3991635958058607 -0.356132447233181 0.00746712182342576 0.02292369432352642 0.001893302898201031 -0.05376472698704122 0.02115505088144469 -0.04409445190663758
-8.952768756519212 11.16140799323192 -29.59934621584053 -0.3591731366250523 -0.3394514845553688 0.002271381666952912 0.01311847342426683 -0.0003464779407153891 -0.0793420691961519 0.01225016650085058 -0.05631711405842448
-9.03210743911943 10.59760222480576 -29.56860952460912 -0.3756416544783389 -0.3127427081479092 0.003930785373870727 0.02549218472165964 -0.0007542811637930983 -0.08618287914245912 0.0114843399827816 -0.06099248764543758
-8.437038594036961 10.40058744077991 -29.09092963351501 -0.4392839911335015 -0.3358953994457087 0.01025551348531435 0.03339297096547592 0.003101833577016488 -0.05421861903676609 0.02100309838305128 -0.04684844373351678
-8.005069117946197 10.92552622547366 -28.83052691475574 -0.4600367764067865 -0.3813364203558918 0.02614493728728933 0.04554309991806681 0.01202016925798374 -0.03126531138058405 0.02598840026139582 -0.03046235844468804
-7.848345921074878 10.18256389462452 -28.55114599291097 -0.5064835195166227 -0.3592530264831365 0.02667619942646529 0.04791232942139563 0.01414642812284966 -0.03151631816095254 0.02729507748138176 -0.03301435184664134
-7.522394825769386 10.8013145698828 -28.40136102020772 -0.5140250922210257 -0.4036421015478677 0.0501971383236231 0.06286348532970024 0.0267447438925226 0.01921385926773011 -0.02467646585552143 0.02193955942380869
-7.478889898106627 11.5027876785957 -28.54372795044771 -0.4872108814943628 -0.4344209105140766 0.06296801097668309 0.06251931893372205 0.03120971891648443 0.02027275333142791 -0.03213434955119004 0.02346969852492749
-7.122517816747583 11.03276983586322 -28.13654608707348 -0.544479940042957 -0.4361382895655961 0.08408244245500719 0.08109587770390177 0.04130703820084865 0.01311016729552963 -0.0219717597380918 0.01644959994841649
-6.792541896524929 11.54089139168778 -28.05820238885642 -0.5537409789693107 -0.4756323467395632 0.1074745317285751 0.0816229831984385 0.04462902850287098 0.01495030799721707 -0.03092637172384064 0.02055893662004779
-6.971483797782282 12.31529320534577 -28.41566087136631 -0.4985091220502824 -0.4949797624777422 0.1039017881761957 0.06600405204406848 0.04456569686945384 0.01458703663158286 -0.03585030922523831 0.01908747187724328
-6.180898999036467 12.04948173692833 -27.88009340338538 -0.5878722212751414 -0.5313329638728844 0.1371544943574169 0.0767387326340539 0.04054866689558996 0.01902324407997388 -0.04921279617249749 0.02879019889445241
-6.331316433947931 12.78829445398247 -28.21069643326618 -0.5356496298450731 -0.5498219648421956 0.1474455454610797 0.07999617387958215 0.04128663306984016 0.01093103063754276 -0.02743498457418231 0.0141198731460989
-5.663407973981839 12.66222409926558 -27.89514640338268 -0.604792334219074 -0.5855156581309604 0.1527502233304976 0.08341162083817642 0.02091309313466459 0.02340802038274935 -0.0499811564482541 0.02837595212263956
-5.887506543324919 13.18127471674649 -28.16895725473691 -0.5554266207948446 -0.5899438182764621 0.171121379886798 0.08890964124698791 0.02473879848417404 0.008826583753100022 -0.01994549166735624 0.01062821693991177
-5.297967837443096 13.20366678142989 -28.01122193327919 -0.6081626956646912 -0.6269888534429444 0.1689265241063612 0.09444419844561856 -0.001785853534682811 0.02360095928562984 -0.04175862703619525 0.02406018088254527
-5.703036810039649 13.78112743313496 -28.35350305950207 -0.5361242662125161 -0.6202018459705736 0.1855206989294673 0.07773495689743869 0.01513999303362565 0.01442932755323626 -0.03811029530845394 0.01886151663072006
-6.370756492099661 13.45536203883452 -28.45195386943031 -0.4951822193486575 -0.5702481598320243 0.1614989392361965 0.08134023150291615 0.037776393527116 0.00758767483250464 -0.01966359767033298 0.00990142560056498
-6.352579328476436 14.1663820397341 -28.68464488927632 -0.4545594346964419 -0.5934020974014298 0.1733696320629415 0.06952996879944111 0.03742044370947232 0.009971186724876607 -0.03241491131545122 0.0140326181793592
-6.830191093382103 13.05685086073426 -28.53996246512777 -0.4744094538841522 -0.5300269211495814 0.1289888176603732 0.07621148127098708 0.04528658125473489 0.006023461957372227 -0.01464073462275739 0.007481969868428971
-6.268904099863745 14.78697585049877 -28.85691571492906 -0.4229439256552973 -0.6157990328659361 0.1811218730755518 0.06542021492257878 0.03014974184753798 0.006684865500339775 -0.02283098693163375 0.009380933100940885
-5.753382624511685 14.52590268067075 -28.644440728695 -0.4838140104909376 -0.6383384323823957 0.1950829843134315 0.06240828355305287 0.0148354266157425 0.01068552803450156 -0.03710974214759212 0.01559716606643906
-5.212152146300571 14.81341521796207 -28.68770346587187 -0.5096293034013695 -0.6778704030788103 0.1817362958841041 0.03967737933160444 -0.003926039918228039 0.01231272943846413 -0.05419306655068965 0.02226950910231687
-5.119110802904565 14.22069107719998 -28.43921853035544 -0.5590250085089408 -0.6687222383146056 0.1842993547463948 0.06249935289142802 -0.009645871016372326 0.02320543014134375 -0.06381807521993239 0.02987365237943156
-4.850492585084632 15.34226275089886 -28.88466160506938 -0.4995569537925467 -0.710915994866777 0.1773283556316175 0.01873290362697158 -0.009890434760812316 0.007283571588771156 -0.05796381692653815 0.02080324895735878
-5.041929409394942 13.67546485240898 -28.18095484504217 -0.6023114222850209 -0.6581922086666956 0.1766371163878842 0.08257798487180944 -0.01429351839248803 0.02803271364354518 -0.05476286197131178 0.03004235229758557
-5.389038189446259 12.09940069552911 -27.54974122643605 -0.6600239211023891 -0.5810860964210974 0.1282013904125134 0.07330321520765579 0.01518134485585546 0.02410031785612314 -0.0489238397434682 0.03270991467994165
-5.744649267576397 11.53018990747225 -27.43893306682713 -0.6549843191372913 -0.5364104553055929 0.1356317595638713 0.08336782081959777 0.02954102555825854 0.01621079169587175 -0.03479274520473213 0.0237600805371947
-6.293773423397932 11.40339982539127 -27.68447294885118 -0.6090699003201799 -0.4990877217938408 0.1323672786298116 0.09060894166513446 0.04496837937050135 0.01227478590204648 -0.0268516385083029 0.01797304134390947
-6.051519471625605 10.94082950672005 -27.35328338018164 -0.6534941672391118 -0.4935919528409537 0.1326681421146773 0.09344289479845194 0.04288866415472176 0.0180115841316347 -0.03794189174917184 0.02694970381255599
-6.649149258303417 10.94415791250395 -27.75511396231729 -0.5955417609406384 -0.4596171476185105 0.1076812676954372 0.08883642716861695 0.04725660369973165 0.01311805006560503 -0.0254822556494105 0.01801196490426598
-6.451216203905986 10.35180394560234 -27.39858354339106 -0.6409933778638193 -0.4455431448066328 0.1099977119428241 0.0928454753635975 0.04953946365469691 0.02154521635291877 -0.04302116282707324 0.03278993536471511
-7.132513298986129 10.38056744032647 -27.96647022869882 -0.5714396963547319 -0.4082694061380064 0.06985302999659833 0.07378543354636136 0.03857808514146672 0.01901278639860024 -0.03090486638147148 0.02468313869226682
-6.847425380703966 9.728841116777447 -27.51506783001971 -0.6279346963899397 -0.3963780559036224 0.07939949982366909 0.09076592746483633 0.04387412478422542 0.02000730700760518 -0.03128387775597954 0.02851202197531629
-7.44735702831454 9.611552219527853 -28.05724463940399 -0.5704954932400216 -0.357438416170377 0.04205377605472738 0.06568091596208731 0.02523813418607144 -0.02818736198745112 0.03127070838718798 -0.03441236006817581
-7.143394100129806 9.083530748365291 -27.6202930128495 -0.6231940927798488 -0.3515701404724608 0.05032343411425032 0.08066702420830343 0.03153445576950799 -0.01822385526923374 0.02086699826088947 -0.02429696835477791
-7.668114166025783 8.89346747840211 -28.13251624354128 -0.5749227415785442 -0.3135905065508718 0.02398763973154628 0.05629173891208517 0.01462181137775555 -0.03548980785053316 0.02590324484973242 -0.04150114890140976
-7.33932549992348 8.422560462696053 -27.68460497547239 -0.6272030469464255 -0.311220048601766 0.02870440583748659 0.05983161585009084 0.02025525335536597 -0.01881718361855681 0.01730655447628138 -0.02445504063155809
-7.835348476609638 8.193250923300001 -28.20187167923743 -0.5825882148179533 -0.2731236355215976 0.01265570250485184 0.03868489596112189 0.00837757097082263 -0.04285778817653529 0.02482711651325776 -0.04989978641873467
-7.515292615810383 7.747878485501153 -27.77155185145732 -0.6323486019944567 -0.2711204423447134 0.0150658686757919 0.03496410827256526 0.01216129217557287 -0.022270007654179 0.01973719281520959 -0.0291561398856073
-7.933822273993847 7.591083193971162 -28.23696223514164 -0.5931376246504236 -0.2407155008558391 0.005385873781990048 0.01834834442816026 0.00381133473155972 -0.04641474595924675 0.02501580244221946 -0.05484026219641013
-7.743812229028793 7.128582218544697 -27.95559083972529 -0.6294807475225913 -0.230686368940015 0.005636669557977198 0.01743857604249525 0.004380717828831309 -0.03185061855390412 0.02052669344838734 -0.04072960176089607
-8.23582442368952 7.030389312730912 -28.50832192181823 -0.5814581216410618 -0.1994151958027534 0.001576287238768215 0.007503543486413177 0.0009285697456850535 -0.06312893025276863 0.02195331132019605 -0.07023521852870075
-7.929839636660541 6.602715823375485 -28.11445174646156 -0.627940267429323 -0.1970257526576746 0.002227687011800949 0.009670091729923459 0.001485293352106939 -0.04128241510549326 0.01738141472240321 -0.05124615599149219
-8.272026072219482 6.212697056130164 -28.46616581133417 -0.606160097182831 -0.1614169945588588 0.002134806965246714 0.01081843996802934 0.001297900652799421 -0.05965647210666947 0.01999081011853341 -0.06850626572417928
-7.840640273360321 6.037965525182575 -27.93216829707142 -0.6575501661157105 -0.1771663129948432 0.002322410753970695 0.0113434064672338 0.001439299341102129 -0.02679997716876037 0.009853133702709772 -0.0344108719906826
-7.565977232319589 6.590549760939814 -27.66043492988206 -0.6676866932214279 -0.2167891674222427 0.005728591296269958 0.01727614697773291 0.004734615579277403 -0.01315492530779461 0.009245446044558674 -0.01781908007240104
-7.403483430813285 5.98264459622214 -27.36712658679425 -0.7067857800057471 -0.1989420686418351 0.003909053821753137 0.0166533875635123 0.002727486293449962 -0.005620066915963001 0.002536452800610961 -0.007432260069448771
-7.178999947118473 6.581812643467725 -27.16788841209353 -0.70990630675014 -0.2378825056884271 0.01359413621215827 0.02463312831084826 0.01313116921409459 -0.005501317781625731 0.007268763933121421 -0.007940399644240415
-7.286913050436525 7.180439656076991 -27.40129105578242 -0.6771088395879769 -0.2585716923920101 0.01612561523880828 0.03138200570771491 0.01448070967312006 -0.007748708299622541 0.009059018056292834 -0.01100342948019821
-6.749347093938812 7.055615821723971 -26.72265705534123 -0.7383779894347369 -0.2821441847218111 0.02329383683917237 0.0458432286046556 0.0193141926645379 -0.01077652886907741 0.01182158099184121 -0.01506212243821315
-6.948254866463243 7.928998553761492 -27.13630164793587 -0.6865829772348044 -0.3107565301310521 0.03483596747116448 0.0582880551171372 0.02764789531694786 -0.005602947113626005 0.007115177071789783 -0.007940776229761115
-6.311901767886679 7.833268189294029 -26.38924654747746 -0.7551605957844307 -0.3399488807138799 0.0569892851918406 0.07921306115527317 0.04081308413705912 -0.007699090946174688 0.01145468663293604 -0.01148149210057593
-6.489400497108869 8.542602471535794 -26.77874591555769 -0.7117085514021523 -0.3631572884721969 0.06555976325833809 0.09424274078555447 0.0402770865413456 -0.001802276351876732 0.002361515640900845 -0.002592017060224614
-6.041846009357069 8.485926910209781 -26.30024085859944 -0.7576793109985557 -0.3834012642167992 0.08527581816551803 0.1056869685918995 0.04724348210535825 0.006279749781129915 -0.009210447284353881 0.009269288225234396
-6.06071559489097 9.123635808323451 -26.56136257319799 -0.7312096973195696 -0.4117648554370134 0.1042054311094079 0.1246685178523536 0.04395968610196647 0.0005012895657464673 -0.0006773264840756613 0.0007325847024453474
-5.624369866965274 8.796281187521368 -26.03606734572261 -0.7839897203373073 -0.4179026332359074 0.1025759291878011 0.1303062641234863 0.03326995236803305 0.005499708438423248 -0.006193002059329948 0.007299356970538557
-5.574119612841345 9.342698150491461 -26.24463621131617 -0.767339894680785 -0.4463501773916596 0.1214213806952082 0.1307407176835025 0.03040837045160952 0.001014609757269508 -0.001275208798021492 0.001431395211539489
-5.773137927581296 9.692993629444846 -26.57596485993437 -0.7347337453357061 -0.4527822408804738 0.1267527061582815 0.1180274738192152 0.03984278098756933 0.01065956814026189 -0.01711667280794026 0.01679372089170196
-5.21659302589228 9.855798225164929 -26.27268562040662 -0.7772714610633011 -0.4889565715584133 0.1147729366403836 0.104637532441065 0.01551367848018703 0.01643520066997762 -0.02151863689309949 0.02354959343062654
-5.729701995163683 10.33252954667808 -26.87530644030329 -0.7105845325684647 -0.4845685189230134 0.1271136543525286 0.09562258389245062 0.03691108951175002 0.02306677873378622 -0.04521874482350042 0.03770765642018401
-5.389721096387907 11.05138713318619 -27.03701861108772 -0.7101442452293121 -0.5365162807401324 0.1272841619234915 0.083577680725637 0.02245806175136322 0.02588351323953186 -0.04962284257613316 0.03797303670453351
-6.25412924682802 9.742769092433498 -26.99315873978468 -0.6867497133742542 -0.4296244544991772 0.1102138286831763 0.1096922819856548 0.04656793523312427 0.0159586373605361 -0.02651816566644984 0.02469457956850692
-5.168776710033779 9.172911855900626 -25.85131209119649 -0.8085581846886689 -0.4572340665842891 0.1041633938789783 0.1342208894308959 0.008114578126005639 0.008957183504654355 -0.007601115409553136 0.01074828982371807
-6.623678448807137 9.155950349321143 -27.10934063635431 -0.6743550199374813 -0.3835474225433118 0.07884610042957829 0.1046527678374723 0.04262166620671844 0.009679760326314771 -0.01291524802278854 0.01380530491735326
-5.178052168848172 8.510361506228717 -25.54073404305069 -0.8319103284043036 -0.424102376689678 0.08044684428465043 0.1358825312094773 0.009099047076233369 -0.006786583579187451 0.004532324883702671 -0.007682622636841857
-5.689507565174978 8.053931644864045 -25.82229922213015 -0.8049064083082001 -0.3798376874259004 0.06874223579539189 0.1037381564341046 0.03030157330265834 0.0150243834115006 -0.01558326629429929 0.01926532340772437
-5.142050940548293 7.820450466848354 -25.24550856158525 -0.8584320336830995 -0.392340984014756 0.04534593646763842 0.1306876841271144 -0.001928402599577537 -0.004549881992899239 0.00151071256270059 -0.004608546776554703
-5.534537423476872 7.351730848799336 -25.47125563244946 -0.8422579892748749 -0.3539539215842373 0.0327145710820661 0.1097658055029061 0.004629736350158964 -0.02560723282700717 0.008732496620805908 -0.02609217414634754
-5.950974743187869 7.481872164461023 -25.90296045754685 -0.8021428151124745 -0.3415444436969656 0.06180896509634287 0.09385464362101857 0.03889821942642624 -0.02941379495757906 0.03553428982185741 -0.03899977695744621
-5.915778493698403 6.918448810744382 -25.7534863233333 -0.823845530015478 -0.3171078042932043 0.0346588249184146 0.08570768773656273 0.02112444548032951 -0.04376903983371637 0.02982666791085706 -0.04920324427213266
-6.263233102442829 7.180141064243411 -26.16977437718241 -0.783284943602217 -0.3128203062470115 0.04377683260171607 0.07543185290692973 0.03374843999744478 -0.02862756024331979 0.03405768475310499 -0.03898877560500783
-6.343908412459839 6.543059576174685 -26.16044714161823 -0.7962447952450254 -0.2795083051542138 0.03897963902848477 -0.02876281946717174 0.04747228305843822 -0.01660298049850119 -0.04351196147115935 -0.01273055490263631
-5.886577048932345 6.213407274795456 -25.6390772758763 -0.8483465486999262 -0.2855672697819503 0.03752698466629404 -0.03854658346617755 0.0412191740735607 -0.02168242337890136 -0.04029627384685622 -0.01794329290115669
-6.328847130781389 5.763827672551511 -26.05796775048105 -0.8225789311338035 -0.2443697070381325 0.04436009410659909 -0.03544906368275987 0.05073667816758687 -0.01017917185939619 -0.02508488352100218 -0.008626631218442201
-6.859952517700336 6.063220330119936 -26.70239608745734 -0.7609491460633224 -0.2315915587802846 0.02670696026603358 -0.01841143838593342 0.03434558487031679 -0.008333777419751187 -0.02471764705460189 -0.006769940714468426
-6.713838738691821 5.238386715645957 -26.43697377200587 -0.8030859066307973 -0.2017793720712769 0.04127906389811701 -0.04277977431657289 0.05018682914528366 -0.01277676237643497 -0.02683221612004031 -0.01236307154781117
-6.292232011782264 5.110430660399943 -25.97061265312685 -0.8466033431666219 -0.2160307663162144 0.04677647321980583 -0.04931921441766345 0.04997043441094817 -0.01517105439920848 -0.02887010192588252 -0.01429249786880237
-6.533771565581013 4.560380215846659 -26.21102069351533 -0.84107993294122 -0.1791271454492508 0.04735822602076459 -0.04826122481100455 0.04991115196156469 -0.01240439187456937 -0.02545834495074953 -0.01284684664124775
-6.956725015913665 4.679784292534174 -26.67744238919819 -0.7974063416964403 -0.1642861371195568 0.03914736848043626 -0.05008790691354151 0.04739973236795537 -0.01079397647947025 -0.01932806899577287 -0.01150949000793541
-6.911211640867212 3.919751455263741 -26.61830129988584 -0.8247702409154311 -0.1312006494069785 0.04426022462705455 -0.04235698353321912 0.0478179257718395 -0.005674350952281521 -0.01293539729154048 -0.006205964761597195
-6.230476017258731 3.805785814013411 -25.92823843456818 -0.8897691647101748 -0.1571105265147449 0.04222914166135499 -0.03917901530150273 0.03888909043518331 -0.006428510296143171 -0.01369819772187399 -0.006819687043671836
-6.013322234587044 4.596135820092925 -25.69246908261204 -0.8863024792634029 -0.2043666088992875 0.0355534704872037 -0.04581277860053142 0.03351825392957269 -0.01574481152947834 -0.02336349906193859 -0.01523241988950863
-5.740551919841618 4.080943166519331 -25.45363895166809 -0.9243514011511322 -0.1917061823514473 -0.02637924127057543 0.0468830797482729 -0.02169818506162138 -0.01355029955172123 -0.01366015117369711 -0.01304179749978293
-5.807324335074588 5.374086739349716 -25.51080076425486 -0.8807270581832284 -0.2498601359379841 -0.03326912273503325 0.04480611003782002 -0.03345287846357389 -0.01471130188046737 -0.02084012993502589 -0.01328235618652866
-6.064008573392567 2.938330723074945 -25.82829597998039 -0.9280295967501221 -0.1226968807546062 0.0444361780143181 -0.03988043724666937 0.03648945081164996 -0.002180148751512368 -0.004554179980927903 -0.002322457834648466
-6.611450237492013 3.10648437935186 -26.32815171202154 -0.8760770419323665 -0.1068889090309588 0.04782414122070532 -0.03514237147835719 0.04536958103946592 -0.006207114952664631 -0.01742157617846811 -0.006951476132400105
-6.377423448651983 2.384191756208859 -26.15489570657314 -0.9165040934730035 -0.08259119113314405 0.05391777368418751 -0.03018185142016813 0.04678027827837011 -0.008123989909530257 -0.0301616562435879 -0.01009628833682811
-6.863000798110157 2.456134109307479 -26.61885063430333 -0.872014814870519 -0.06454007294717225 0.046884403031094 -0.0277077509436687 0.04567052204194712 -0.01015678009542588 -0.0394918592655145 -0.01353249320801503
-6.58206273934741 1.835685363178743 -26.4016526627613 -0.9138448079443393 -0.04713264538379593 0.05771768098807205 -0.01465608482885432 0.05355267995396461 -0.003728252273395116 -0.05107063447313678 -0.009958595465274167
-6.21867257766994 1.820100164459224 -26.07069466849847 -0.9447131916600405 -0.06187375019581293 0.05386263578676177 -0.009312262941927756 0.04614466540372819 -0.001653430854125602 -0.04339925641720167 -0.006828246355023058
-6.310005283417073 1.287766587887127 -26.23085132959827 -0.9507828042350038 -0.03165824005334322 0.04931442911789544 0.02150923231992054 0.04837388510387411 0.01068476708529528 -0.03385659378799992 0.004161670121098658
-6.660144029541069 1.283732926085619 -26.56063556587134 -0.9215934886811008 -0.01637335306220499 0.04308520506543499 -0.0223882975892745 0.03840192773284386 -0.007306910157742156 -0.03727192578216041 -0.01353148850261762
-6.965345879942717 0.9893027477057412 -26.92193526700127 -0.9024601641031093 0.01213890227760853 -0.02514305073522565 0.04116251309417341 -0.01805637589216309 -0.004042501117763884 -0.004603930578802497 -0.004866344307310109
-6.994692136700613 1.781048958649638 -26.82556046582726 -0.8786375664299387 -0.0257992391348292 -0.03304069644798498 0.04689659965562039 -0.02843819898382446 -0.01377418591823078 -0.01994660477179444 -0.01688993184844661
-7.433844405193209 1.618268503219206 -27.31240085903636 -0.8422824730170339 0.002682181068956153 -0.02582485671635147 0.05028261514880953 -0.02168683747216649 -0.01204870717788692 -0.01227011580370546 -0.01410152009002404
-7.465883844077495 0.734449734599977 -27.46034027925931 -0.864389140942625 0.04718263902366705 -0.02568651680318424 0.0450163856682119 -0.0188310919970735 -0.02929678913616106 -0.0302248076018925 -0.03229123034518916
-7.31049322697587 -0.04652747973774218 -27.42915618135042 -0.9018661747305269 0.07864316173857951 -0.02441293801054369 0.04281950211236543 -0.0152078917718977 -0.03874744153251116 -0.03631310316276893 -0.04004303282258153
-7.745208253073707 0.2010353045468598 -27.78423895271397 -0.8550520995419447 0.08497657299605282 -0.0277450055486208 0.0451146211679503 -0.01994796041255448 -0.0397143785894476 -0.04211920190261408 -0.04001994022938632
-7.564900638377686 -0.4869806109566195 -27.711885608564 -0.8929763199362237 0.1105788256445346 -0.02910139503428883 0.0440812939637592 -0.01859876264409013 -0.04929675574189414 -0.05255865066266548 -0.04743589583504459
-8.237274845604858 -0.1341998354455107 -28.23626837973329 -0.8206088271274532 0.1211986371035367 -0.02553953942242608 0.04055293997792023 -0.01908271108412364 -0.05047720094310607 -0.05240375909157631 -0.04380729918053441
-7.853913680938568 -1.063922056902756 -27.99635212018049 -0.8854664255539973 0.1492852412502022 -0.03181494881349979 0.04220532548819191 -0.02035880302767483 -0.0529316702061338 -0.06089129108826644 -0.04351524892455852
-8.341654254859094 -0.9757481329704962 -28.34730684387254 -0.8381459141256127 0.1638340168879997 -0.02664578280083626 0.03623551009211788 -0.0182354980683421 -0.0483369428145777 -0.05378892265051981 -0.03625310192108631
-8.146084795732861 -1.712462373452937 -28.2339256874024 -0.8795725840914548 0.1900916668286675 0.03031487311605599 -0.03683364088682936 0.01883205037494492 -0.04658260864194603 -0.05500512797405358 -0.03259832297133443
-8.689585338495196 -1.429743249033049 -28.59269388864685 -0.8210873402120626 0.1973264841982927 -0.0253381355570328 0.03327947634107629 -0.01735316866915532 -0.04731430556490366 -0.05215089672138094 -0.03092796800671179
-8.544767559167813 -2.303457813093699 -28.48992627584533 -0.8609485050365151 0.2310240711283622 -0.02834529572219895 0.03593173585405401 -0.0172886572702784 -0.04669584130453919 -0.0499830648999983 -0.02732258769458128
-9.122679771717902 -1.937653108519147 -28.85201939352576 -0.7981733944615464 0.2354235262222004 -0.0233174794029759 0.03041338652020694 -0.0159976207579168 -0.04830442086897366 -0.05109379295866667 -0.02672884560904332
-9.096724869453499 -2.87586049065772 -28.78177186493792 -0.8273873067985205 0.2754090967503194 -0.02995330331872854 0.04090949477072054 -0.01843257994226562 -0.04960518270861621 -0.04704292599938657 -0.02379825573485349
-9.605019491920537 -2.331666102522163 -29.10692865305768 -0.7681715039149681 0.2694622097756905 -0.02078722953632824 0.02773298736956167 -0.01448558766809187 -0.05054771382242165 -0.05021985299239914 -0.02360964752085818
-9.735638303347113 -2.99672102906667 -29.10638497840723 -0.7758713198050542 0.3023354098760183 -0.02821604634831966 0.03909914891925321 -0.01866603781080527 -0.04873526334276791 -0.04475978978075058 -0.02008745727161665
-9.498752810623005 -3.71715959125747 -28.92305156228168 -0.813327949130849 0.3254035937379153 -0.03540145204205692 0.04686450513148743 -0.01996138981238564 -0.05172680232155624 -0.04759892248141551 -0.02001343788998888
-10.371139617866 -3.48315543499614 -29.35347651618936 -0.7371433298370292 0.3441162248518581 -0.02214831506332889 0.03012859032020658 -0.01469518350019412 -0.0456343500469854 -0.04083821678967975 -0.01494870346534093
-10.02002209234938 -4.195120938046552 -29.1022965867641 -0.7809526679752212 0.3628273161952943 -0.03775191604085845 0.04378473412594529 -0.02094372567955217 -0.0449318882742084 -0.04505628596411644 -0.01320264752255693
-10.59130351732451 -4.353884199965931 -29.31366153413587 -0.7404520385420151 0.3877773329107663 -0.03156786706173903 0.036490245482139 -0.01846391645036179 -0.03788876891652231 -0.03749616924445837 -0.009325042200189173
-10.14494191510016 -4.856509806627962 -29.06920075574147 -0.7836281830328106 0.3949313127701478 -0.04214126886564832 0.04622747489412392 -0.02120755879406521 -0.03803148765859293 -0.03888824899587469 -0.009195325555643796
-10.80351872750247 -5.019563910141224 -29.28585918151893 -0.738273391769507 0.4223215689146647 -0.03610173908183978 0.0418011236361866 -0.01997044387435858 -0.03419331982554591 -0.03285713446480324 -0.006961629410190349
-10.36468308273752 -5.672827333186994 -29.04159479977215 -0.7796188283659805 0.4362883945910804 -0.04167503960956995 0.04652647727836035 -0.01897359853528657 -0.02768275150832297 -0.02697784373907228 -0.005349763670032644
-11.16423106091788 -5.619685939559155 -29.30694108419402 -0.7241476136606699 0.4584000627244244 -0.03464999788946346 0.04680067604728239 -0.01954964178089705 -0.02605889189778797 -0.02131528905428702 -0.004840466627691809
-10.94175919238369 -6.286348621954417 -29.1321789141953 -0.7488625610876773 0.479254307423403 -0.0364262029268201 0.0523943103991137 -0.01788698321020701 -0.01589324597703283 -0.01206799547335878 -0.002983381656586035
-11.66177974733269 -6.155259165388417 -29.37018186921884 -0.7009688559494608 0.4956058873294431 -0.02821248907824957 0.05286937512251677 -0.01785685044231171 -0.0252501996914264 -0.01517301042639859 -0.005029811793703398
-11.4433217017001 -6.922450365345115 -29.18886170097878 -0.7261419978544044 0.520347324019544 -0.02837632141222362 0.0614008308289045 -0.01548172112552985 -0.01443680137283104 -0.007419144799679638 -0.002963387497320081
-12.21366380230005 -6.676387208461351 -29.43834908162172 -0.6762486168282443 0.5335613944997788 -0.02405393841691761 0.06067938085310488 -0.01717984713202875 -0.03064565205991138 -0.01382788570200836 -0.005932469289553008
-12.09386797143009 -7.409706458951618 -29.29752217585237 -0.6954434496031386 0.5595408020402241 -0.02388594763917785 0.07477030662249978 -0.01470615055474231 -0.02687949811756846 -0.009669872098767105 -0.005506336748024055
-11.5063227756408 -7.619465366905143 -29.12880566639668 -0.731472817838756 0.5504592339094018 -0.0218348698549624 0.06981855190754278 -0.01127996210486844 -0.01265070038899134 -0.004402796885359565 -0.002763352041550132
-11.90650558087026 -8.201534685521544 -29.1865485547495 -0.717051048500345 0.5857319932121369 -0.0185528398496204 0.07385001690093786 -0.007988016936514821 -0.02825109376822643 -0.007740365107273538 -0.005944914252245643
-12.67223201503015 -7.923044903965678 -29.373994725031 -0.6718394855381015 0.5975552083587394 -0.02361361530325102 0.08171164858725607 -0.01320027385223452 -0.04111102571474507 -0.01307978948872585 -0.00742342298689617
-12.50465527276525 -8.563228276578695 -29.29299907715793 -0.6911333059215229 0.6180781857499055 -0.02215895365489881 0.07858276899160668 -0.007707645501272396 -0.04062857880821262 -0.01217527287383842 -0.007327770947653013
-13.15128250355036 -8.538431817075896 -29.4150889755902 -0.6573856699188391 0.6365620765994666 -0.02277391612731363 0.08166993380244807 -0.009737988526719692 -0.04964823642712046 -0.01473905558261824 -0.007501849204515722
-12.73595192192052 -9.166867280620451 -29.3204285441505 -0.6891579144778744 0.6491048878673962 -0.02083299238454919 0.07581711360984998 -0.004011570308410323 -0.0484233167290649 -0.0137158463354069 -0.007750902720159034
-13.51695236278509 -9.34073954804505 -29.42907873634395 -0.6538552292155222 0.6794417368711522 -0.02377657609954541 0.07359832445109646 -0.004841785279154397 -0.04591255772223923 -0.01517859597654466 -0.005261656045742315
-12.94472041750016 -9.744938402930334 -29.35599512637161 -0.6888192105239496 0.6784142321394139 -0.02381307020600878 0.07683959654503308 -0.001348772243482698 -0.05833183004899937 -0.01822095359758668 -0.008178370333342929
-14.09663744340489 -9.961903209825728 -29.47546315917255 -0.6379314272903305 0.7212951216441357 -0.02908306083585699 0.0581531855470859 -0.003092649370563375 -0.02557687620592167 -0.01289662208462303 -0.001980764579403242
-14.35845431916603 -9.261225518549786 -29.52379595386712 -0.6109742893662071 0.7016173752424292 -0.02299733240714256 0.0696326241187821 -0.006616142891403805 -0.01972000751572815 -0.006668567404082166 -0.001638761394158106
-13.90515795651599 -8.571381051210999 -29.52517813085812 -0.6194600954276075 0.6606733487263223 -0.02183341826271617 0.08037764111854183 -0.01051148962456996 -0.03886231127775017 -0.01108181545508666 -0.004017802453912653
-14.61575394858663 -8.563175795226307 -29.61302072094195 -0.5831854296387518 0.6819525810840227 -0.02288130722988721 0.08074759845023648 -0.01235606563521443 -0.01650608997252411 -0.004895497401060704 -0.001425918496202257
-14.22740339721847 -8.050645323845881 -29.62955732366918 -0.591943723811264 0.6498621507244073 -0.02373974987522202 0.09222611384934695 -0.01704090085564422 -0.03044789339925272 -0.008406722589827562 -0.003080469840668278
-14.80601507286472 -7.868881591963021 -29.74340869630914 -0.5575596973129248 0.6603661697237985 -0.01680163095789235 0.08231653921480302 -0.01758844160435344 -0.01919574505831291 -0.004319787409780808 -0.001880219181959219
-14.25131539266504 -7.572182423109144 -29.71747595105997 -0.5799733391707372 0.6316151471672972 -0.02106065815176345 0.08131356729501575 -0.01959961241117817 -0.03437146844437009 -0.00972779737234394 -0.003424361552633835
-14.61108525867947 -7.277070390837512 -29.83938053844842 -0.5537275502330369 0.6309118425577259 -0.01268002993521194 0.05888796361187257 -0.01551613757516161 -0.03098144149204461 -0.007512943502094305 -0.003195146844637632
-15.19157598508576 -7.304797784943421 -29.9190885921713 -0.5234084878706969 0.6498660768513191 -0.006545305562807561 0.056384587335013 -0.01427141075006098 -0.023638892934238 -0.003380956173890196 -0.002516222248128439
-15.45040193824195 -7.867088089116198 -29.82797142461302 -0.5240303879885414 0.6800679348493098 -0.008577624795785031 0.07300898003062475 -0.01559320571479436 -0.01112392354970728 -0.00155231898591242 -0.001148986533298588
-15.30275788517371 -8.470429385401012 -29.70646202732672 -0.5462769680904892 0.6992901834627875 -0.01747638267834712 0.08032149768162355 -0.01360204790534088 -0.005985521776520593 -0.001390219144439714 -0.0005189817548163028
-15.97542557502261 -8.270038442505623 -29.82085829242765 -0.5072501938290598 0.7120271179703068 -0.005057924354943213 0.0721070352165588 -0.01292749787499219 -0.001856836540424354 -0.000166656509363023 -0.000203084003891125
-15.88340900561868 -9.090314499223236 -29.69648486335694 -0.5321224539471853 0.7413639374745457 -0.01220784313723687 0.07352692099472016 -0.009119926950725376 -0.01494553331089293 -0.002656926467489128 -0.001414802582502979
-16.58030759780981 -8.769568739334886 -29.81816819976152 -0.4897069026260165 0.7501685779824107 0.006655856383914845 0.0731616590492007 -0.008953361152158855 -0.01971566795383171 0.001456431984062508 -0.002755353408409708
-16.52698513799485 -9.398322847813429 -29.7404813506198 -0.5082858043369838 0.7731810475193861 0.001776119576969698 0.07263753753944532 -0.005872401673803419 -0.03228312460962709 0.000449255825168694 -0.004207112205831793
-17.19067666377953 -9.329548405725198 -29.84309391695304 -0.4742229789065183 0.7908976085759118 0.01784361507257503 0.06749152683216007 -0.003050828787832244 -0.02876235217885175 0.007376305741822563 -0.005043286606643467
-17.26157583167245 -8.53659906157111 -29.94315919096648 -0.4496095046723986 0.7618342484956278 0.02538203035449323 0.0699663684339423 -0.006364492917521602 -0.01576719983378463 0.005446119594180965 -0.003010190281139448
-17.77781167384066 -8.995483095488563 -29.96616676551712 -0.4364869608949196 0.7956137257533866 0.0260492557904456 0.06666681795553546 -0.00227564478013331 -0.01506663696306698 0.005781427918608893 -0.003095947856744255
-17.93950433927635 -9.667125422774085 -29.94618242690228 -0.4468361845352602 0.8273306944498234 0.01516324284239412 0.04848119034979733 4.426424082762747e-05 -0.01821174490562432 0.005699315801009143 -0.003626033602187244
-17.43518325255775 -9.996593813928715 -29.84058191678353 -0.4798247753511639 0.8249119401393724 0.006556342018795258 0.0458040216516071 -0.0008631841561374914 -0.0330641901626701 0.00462494395074328 -0.005721961401304479
-16.83446593390378 -9.949273570120649 -29.74959696716736 -0.5072021212699978 0.804320231698276 0.0081285399533135 0.05155620152491346 -0.00114329515338689 -0.03758058955392841 0.00580058140371981 -0.005614805439629775
-18.53448155768158 -9.105521146019452 -30.09431582889956 -0.4020941772022638 0.8227990487387437 0.02275084606750914 0.05521212257111356 -0.0001895857226650036 -0.0007549535521008608 0.0003105376525681077 -0.0001602922150598197
-17.9762654261488 -8.353157377641416 -30.07743949750835 -0.4086805540532877 0.7762652095978392 0.03041754596543087 0.06727053544397486 -0.004551272304855218 -0.002343230261075321 0.001025021424776503 -0.0005100934270861266
-18.80085267916305 -8.134546316216394 -30.23659586064226 -0.3607423847490607 0.7922526908972579 0.02900368720061444 0.06530783102452947 -0.003794169892033206 -0.01317948813554753 0.005695291719432862 -0.002716431365170982
-18.10529817862876 -7.58706104885032 -30.219518841467 -0.3801134805699272 0.7501679373567194 0.03160986896182987 0.06587544809880906 -0.007811651713442841 -0.004498344401663433 0.002043889092984299 -0.0009665007471032662
-18.67956446614257 -7.329082068340387 -30.34087412963896 -0.3430522260619963 0.7573956705414507 0.02951011964588253 0.06708134444286025 -0.008253336503502779 -0.01427756388574392 0.005923929485481512 -0.002901549481118309
-19.3028185967432 -7.445763520231854 -30.40215642325227 -0.3146621864576913 0.7803504156919087 0.02787936136159278 0.06850848275768706 -0.006873789352992562 -0.0205023323282867 0.00796838968866935 -0.003737333634154911
-19.77319724390009 -8.291531758524002 -30.37033710508566 -0.3163014456658363 0.8265128415515074 0.03190380945569752 0.06511352169332664 -0.0004637000937308244 -0.02095511201436608 0.01023862011341761 -0.004044182845203585
-19.26068689102802 -8.879387454346464 -30.23794603429461 -0.359523261971936 0.8350365135592942 0.02792208545776331 0.05574191994416695 0.0009971850795208112 -0.01052457884804933 0.00531175179012163 -0.002225317136825095
-19.91307000323687 -9.266069839383395 -30.34063914261386 -0.3384276658214786 0.8689840820485352 0.03127109018869922 0.04817604172004167 0.004446270628808434 -0.01551291046530511 0.01037757142787183 -0.003338683820978216
-20.52927609675623 -8.901972927444977 -30.46102189977941 -0.2966169288690994 0.8710953645418925 0.03914100659562744 0.05745737429310299 0.005669197243439035 -0.01720442433124287 0.01203270012334645 -0.003169561359225635
-21.10217668738908 -9.309733369102087 -30.56691928299139 -0.2799960970796221 0.9017542927431781 0.04818745574061632 0.05136033147728993 0.01086515463706648 -0.008873108999218416 0.008663875233645878 -0.001602090101603278
-21.16103133443145 -8.642840343032066 -30.57138199850624 -0.256873184708718 0.8776237882430826 0.04807513812903925 0.06480314871731245 0.008194658561146066 -0.00377022265468756 0.002883820688309217 -0.0006866284904053592
-20.57898731869607 -8.09484806671021 -30.49779169464051 -0.269662214318793 0.8414275637245903 0.03858969464532516 0.07319007051218808 0.001049958075386015 -0.003357713237567736 0.00177857968571799 -0.0005726362595181951
-21.24040615558938 -7.92070083122907 -30.60196248547494 -0.2308275036400129 0.8530360516379307 0.04467071827653413 0.08012007633904888 0.002913940372330296 -0.01633591704529576 0.009218267051276456 -0.003030642571353668
-21.79295492559381 -8.432677340070715 -30.68658251283469 -0.2184308672397567 0.8861755747059509 0.05849749934082834 0.07292144973479013 0.01184193211469979 -0.01581008003108961 0.01316705029511822 -0.002981798047125919
-21.74907757526415 -9.230639685602462 -30.70276928620741 -0.2446656663890333 0.9143130312614136 0.05682081563410193 0.05017398741327609 0.0150192554050711 0.002204217626348545 -0.002609675547212508 0.0003790057856306444
-22.35979632950815 -8.864832684486441 -30.82539939946452 -0.2025582008033376 0.9156679485320665 0.06978503765973496 0.05085458530884976 0.02028355339737639 0.01389955610369223 -0.02003192067902852 0.002402634881929047
-22.36955768443016 -9.463629409675985 -30.8679766166618 -0.2197774811912954 0.9370071343781315 0.06052283286278109 0.0346633125849755 0.0189317670451729 0.00508786984835446 -0.009255593087494159 0.0006812475486748971
-22.99103780055992 -9.309456394726865 -31.03814732951733 -0.1832535367450157 0.9456798615106744 0.05835239048329375 0.0219788429858856 0.02000645541495075 0.006930633606902801 -0.01892565821366147 0.000577065327991238
-22.9372549946489 -8.482577016637279 -30.96057848662738 -0.1614932227833696 0.9172385939011701 0.0738183546917595 0.05157592985705287 0.02392110093478694 0.02159599110073516 -0.03304856691317546 0.00461224750050949
-23.50657276795547 -8.92097286336022 -31.17038980193756 -0.1453373492973927 0.9455533442929694 0.059426883451547 0.01485572832909761 0.02151757560482297 0.007379228312164509 -0.02967473137301243 0.0001075960735347426
-24.13106289149385 -8.903484749145036 -31.40008344249982 -0.1126134903716849 0.9610203252979498 0.0502091586679707 -0.002524401169248662 0.01932448982351734 -0.0003501515232750973 -0.02121768956042463 -0.001861945504059417
-23.65803353062016 -8.316809488449902 -31.18160840589127 -0.1192765293326034 0.931287017086243 0.06379531399222202 0.03570694103250114 0.02407918041319239 0.01692308767363039 -0.03300536206978118 0.004107566105974466
-24.44889891394985 -8.178145048273151 -31.47432006416172 -0.07376770503464314 0.9503039181676138 0.05371178300255925 0.02160523849556222 0.022931932482942 0.006352243467138544 -0.01733234213252727 0.00145121056842103
-23.76845402035599 -7.596860513371972 -31.19083063897148 -0.09107459355424075 0.9127746754101946 0.0742672867712655 0.05696774561837741 0.02627970932826081 0.01241482482664456 -0.01795006402597705 0.003826500681340126
-24.42443878747913 -7.289178930338874 -31.41668109314575 -0.04665674489797481 0.9244662609748078 0.07228865493627637 0.04791055053854293 0.02849653642796639 0.001945993249627288 -0.003292224445197768 0.0005986359492623194
-25.08673037365218 -7.715433730276352 -31.7115148580106 -0.025261011684036 0.9589673940284391 0.06342356832779977 0.0171022252371963 0.02918268654796356 0.0009864899346695077 -0.003944105768850702 0.0001674374096429001
-25.07040060374693 -6.945077855231958 -31.65299300136207 -0.0008505493256199163 0.93715820366719 0.08117201078443526 0.03764494279234423 0.03593918459140883 0.001774547168308281 -0.004284266302315305 0.0004796268521501019
-25.5968205592366 -6.668333300117366 -31.86416728688475 0.03716555283291136 0.9495654440442214 0.08672951334875098 0.03139740725048999 0.04262374090861407 0.004998518943107662 -0.01526282392782805 0.001072031273657292
-25.12246560997325 -6.130695091252104 -31.63019403780718 0.02886199947251695 0.9146709312378075 0.1016183376495085 0.05559379977126584 0.04065336943322043 0.01026549812412039 -0.02083493995752752 0.002832006973419241
-25.8590535779867 -6.134893461837365 -31.93879002759001 0.06938076219373479 0.9442469639050523 0.09745614374610459 0.03783102287645709 0.04918541500850583 0.009716730535499629 -0.0273631194027752 0.00179361520630747
-25.55138285379425 -5.583918087251304 -31.75577220567414 0.07018164290021944 0.91362674616595 0.1149289960152775 0.05220747228681834 0.04841663447228556 0.01510238472813838 -0.03598803542464957 0.002956472489428446
-24.86691313322073 -5.240299811389294 -31.51657904175283 0.04464287873438376 0.8763556791609243 0.1141509489524307 0.06472087393912437 0.03261626192507858 0.02325654718136489 -0.0435450964515325 0.005013442937528546
-25.64445077909435 -4.891311031369936 -31.72840371951844 0.09770194320027685 0.8934037470685392 0.1303065807312601 0.06239723278223139 0.05112858761826149 0.01222142151779804 -0.02672298827102585 0.001465107361924733
-25.02402643970775 -4.578740820349344 -31.52537244125712 0.07487779565504203 0.8593683777530094 0.1246971092230903 0.07395071480310243 0.03194144233128728 0.01253822083428001 -0.02195327210538037 0.001877819761623442
-25.42681728580445 -4.224984084245433 -31.60274360199584 0.1077752456846888 0.8614178700663124 0.1366467563095494 0.07645846457945843 0.0391883179828193 0.006912469410871452 -0.01285769921409891 0.0009827780020267964
-24.80263075449802 -3.996581021255668 -31.46965607555953 0.08282792337926735 0.8312139961563221 0.1061956189453188 0.06307062249540046 0.01779846459746005 0.001757763234561502 -0.003032233115861287 0.0002572174408576786
-25.25031136999687 -3.684611367915579 -31.54224350070561 0.1166434413932745 0.8358650606791542 0.1274754928007425 0.05522754520258611 0.02680601261028006 0.004384196347892365 -0.01045359203232932 0.0006882275547759589
-25.88221527423911 -3.757711185659648 -31.70334527514764 0.1472253868874721 0.8611826867642763 0.1392139262727176 0.06748755616367103 0.04509653012095653 0.006869521200559246 -0.01498708505118586 0.00122201699399673
-25.41246389657451 -3.057191024844405 -31.56802461248456 0.146511823385229 0.819119626367383 0.1231431301309086 0.04842664387641313 0.02457632143068453 0.004408208425171143 -0.01152213388553688 0.000615946152434717
-24.73003461181749 -3.319366849401341 -31.46207602402313 0.1021798355987837 0.8048417775547317 0.09530018429827726 0.04055932266420377 0.01150482078070569 0.002925494744981381 -0.00699685197035408 0.0004335042182715258
-24.77655101038185 -2.712692750588628 -31.47391685082286 0.1256164594475415 0.7848991403406735 0.089366294613667 0.03411979510330602 0.009392815733760626 0.004350153073507871 -0.01155395523106558 0.0005814575831020091
-25.18726080868363 -2.306267346615281 -31.52268543568512 0.161023932225474 0.7843900619453708 0.1007451498060964 0.04067341708949653 0.01303058777938841 0.001704476291093181 -0.004282243958660294 0.0001884623597969477
-24.44103680203407 -2.055681971387106 -31.45953988403659 0.1313992688902324 0.750108287541476 0.05797193595478569 0.02091603472501297 0.003397557923916414 0.003049111366631226 -0.008510309204545532 0.0003646836949549591
-25.05061690625529 -1.627791663914264 -31.5100603104444 0.1781340294798303 0.755513992568927 0.07991928395481253 0.02471843365184137 0.007301015687013909 0.000418068455471821 -0.001366865598500646 5.136888046787756e-05
-24.48539127053576 -1.383956126730464 -31.47371259575641 0.1577256129627245 0.727718877323704 0.04901662641545832 0.01026089089986609 0.002503524032411583 0.001511280331761744 -0.007270414250150763 0.0002089310826904859
-24.89775855268373 -0.9392328791638871 -31.50679138842898 0.1952526307460441 0.7258901812705268 0.06088905948418275 0.01227834089662637 0.004404468278814956 0.002368562802558808 -0.01184998282998531 0.0002902887131354383
-24.188381840645 -0.8461679169096801 -31.47094431387217 0.1617761178679699 0.6985604927242194 0.03148902219302596 0.002594562660467412 0.001241795113054651 0.001123484894430248 -0.01375336822102405 0.0002468481832969975
-24.58458790658554 -0.2632310430201681 -31.4935817382761 0.2039674735886568 0.6913730034253305 0.03754372535572091 0.005109590875139571 0.001915810195059631 0.00184693502973687 -0.01362239485050712 0.0001378231100758707
-25.38981713772689 -0.3320709763640348 -31.54754972618167 0.243112769617598 0.7210696265486046 0.0674078388676565 0.01771176785967641 0.006405918451788134 0.003137132415293132 -0.01201053916416416 0.000196781335593503
-25.01075988401874 0.3764462823540065 -31.51547666273108 0.2502737473786019 0.6833757062100285 0.04060106236394557 0.006947909652473323 0.002576110570438249 0.0003257548147090222 -0.001907318173613308 1.004724010147694e-05
-25.81469054155718 0.35901259165826 -31.57800749357717 0.2911207839507428 0.7112454855833549 0.07723430645251392 0.0188378523533024 0.008483487253703169 0.001346125751500427 -0.005539208508802518 4.475791813181822e-05
-25.44495668405301 1.039716641822699 -31.54060295493505 0.2984563420630139 0.6751324472378634 0.04848754238607256 0.002457174916558572 0.003749671119922441 0.0008026049847909771 -0.01587036711793216 2.131514388251171e-05
-26.20410275849384 1.001938915793883 -31.61231420038668 0.3360881450143224 0.7022973984650627 0.09457755092038805 0.01438659951887682 0.01243509831494884 0.004273577664894604 -0.02836487100856665 0.0003127864607527673
-25.90618999371937 1.669856034961803 -31.58169571187347 0.3474064858928397 0.6694000161303764 0.06943663068045618 -0.01101942875294177 0.007288682358927556 -0.004167763654206733 -0.02630963378255606 -7.157251977733266e-05
-25.09122868381099 1.773265411441261 -31.51839482969343 0.30891108004339 0.6376580855673323 0.03222648108999224 -0.01884809969729847 0.002381294917273658 -0.003228825775584666 -0.005544779195842347 -0.000191012998719616
-25.65634994112571 2.507615784970623 -31.57664401623448 0.3685019462097484 0.6323332984102931 0.0544767521301582 -0.03329205470885397 0.006638719557028797 -0.009358001214748337 -0.0154170167656273 -0.0005227895182503915
-26.44550782549549 2.175078138400062 -31.66010946561601 0.3960422106380667 0.6711355001626813 0.1078220617536149 -0.02173786101575108 0.01779020314041855 -0.007022035870198193 -0.0347356246645801 0.0001153558485236451
-26.36887766221471 2.911702681845172 -31.68183483322054 0.4230518225721761 0.6440446247761596 0.1045531731122907 -0.04279335795425609 0.01971837243080963 -0.0146079606519992 -0.03576673983930526 -0.0001658484718053039
-25.82825902503536 3.25561682710261 -31.62604767251158 0.408957524181039 0.6132648911662855 0.06511123059008224 -0.05563974919976512 0.01221524296397339 -0.01480603001919984 -0.01750762093177661 -0.0008252642255696116
-25.15329453418683 3.241261529429089 -31.55116206893706 0.3720495196487318 0.5895298500497894 -0.04202434159868974 0.04930357955179515 -0.006417215167164425 -0.004681388030271822 -0.004029927538743125 -0.0003050549503541708
-25.56014336165083 3.904083439385582 -31.64192642065478 0.4222925481126935 0.5817760849684305 0.06276072504225817 -0.06191198958601629 0.01458687983107409 -0.008440884769298234 -0.00865727937790476 -0.0004273252841559188
-24.78864044695139 3.966578447808073 -31.54933901447822 0.3825867711647221 0.5515250318556736 -0.04080103485068087 0.05586723370979799 -0.008272308254656618 -0.002756501066025172 -0.00204196874996593 -0.0001947520899879127
-25.17740427926062 4.632287055548268 -31.65707363954741 0.4327914904141061 0.5430249058006206 -0.05631770125614243 0.06120877480418352 -0.01532497343925427 -0.009835852904705927 -0.009177731816963833 -0.0005106106410009571
-24.42417781610631 4.682294355210485 -31.55784202213182 0.3926905419577006 0.5134839685920065 -0.0364014159455545 0.06094010060931258 -0.01022923924432491 -0.008651015061727189 -0.005277049485114639 -0.0006525146954327061
-24.76729286585909 5.41441581570958 -31.69186554890147 0.4441157756680633 0.5009491355121517 -0.04504695445088398 0.06146005200742431 -0.01598927441009331 -0.01641190209950601 -0.01225303101463987 -0.000860934444332596
-23.97104387229722 5.328525528621759 -31.56349392138569 0.3947031781384717 0.4742271207405934 -0.03431988704161679 0.06371400962750143 -0.01210575228644728 -0.01229512546184952 -0.006790456197297282 -0.0008822148565273644
-24.12544241253117 6.031522520838177 -31.68503547442557 0.4345464836444928 0.4554108996217694 -0.02995694913312631 0.06084279592607802 -0.01472381829392053 -0.01502183398140681 -0.007661707779675122 -0.001096957738429493
-23.36801761422478 5.913450751065994 -31.55798260466018 0.3851734717536249 0.4312038743063808 -0.03420156030214227 0.06826644010355842 -0.0139951562690208 -0.009515336726462584 -0.00489012057434663 -0.0005996189168026369
-23.62421299345642 6.526304253182907 -31.69380462331395 0.4273076970154779 0.4191061568906912 -0.02246439421937883 0.06140544176692541 -0.0149331727207439 -0.01045002449681437 -0.004032217127427092 -0.0008602729206616719
-23.02550936290299 6.628154535209367 -31.62205252187961 0.3963593999286426 0.3929604332680871 -0.02754219039797844 0.07029892570153901 -0.01677416746676511 -0.007051226071217871 -0.00289004035232327 -0.0005341857369377495
-23.41111494140961 7.283106319453919 -31.82070336363063 0.4491374913237756 0.3840919724873681 -0.009834370535502904 0.04829547084620662 -0.01267632058006598 -0.008125793279734637 -0.001890953272895962 -0.0009002941021247597
-22.68103986271329 7.157723804433694 -31.67289676181156 0.3993367326145502 0.3609874979296192 -0.02274616325657558 0.06613901625186677 -0.01750689601926831 -0.00687184995738641 -0.002506773386375522 -0.0005419181518752779
-22.56936346698089 7.816522749220118 -31.81018520414104 0.4226139529066142 0.3328833508363119 -0.01050778351257423 0.04496920952626112 -0.01296474833020011 -0.0003685754303324938 -9.682857280360312e-05 -3.713095975993378e-05
-22.04655482923259 7.334427045748956 -31.61362274380636 0.368810745672579 0.3307145079279518 -0.0309302249157883 0.07224350044313183 -0.01956244989592005 -0.004001095861051527 -0.001774964465562515 -0.0002287469762868891
-21.7552118552582 7.991125858084756 -31.7169840807653 0.3804322625286907 0.2957243013578245 -0.02265683044489651 0.05848391100760185 -0.01792395425473935 -0.0006514623865246212 -0.0002655497691218562 -4.297691356203917e-05
-21.2455332955338 7.494767436357324 -31.52973235744626 0.326994664471036 0.2948188353476915 -0.05206751498514249 0.08412989350278444 -0.02284878968144723 -0.005554085989446986 -0.003466689750261941 -0.0001078737231509445
-21.05765812319093 8.213875371313341 -31.6537440455453 0.3470927960429371 0.2612444978231125 -0.03511635123379878 0.07237527209632239 -0.02308321192160609 -0.007779071728965858 -0.003887236293134365 -0.0003538142498867456
-21.5124538244575 8.646119699712413 -31.84712906432607 0.3953220765197442 0.2623605706888532 -0.007496549759895449 0.03328473543978501 -0.0104454159495724 -0.0003903046953189717 -0.0001008285573926994 -4.117722929255684e-05
-20.80260493697913 8.832899605552871 -31.77224426708586 0.3591057320598829 0.2285976020779749 -0.02235726712181417 0.0411500142151424 -0.015141802694071 -0.01117115252666182 -0.006158835966612881 -0.0002430190481337833
-20.43345807146859 8.406584454086708 -31.59944066448761 0.3166326343172111 0.2306419425197917 -0.06034392708597546 0.08645346318136705 -0.02885447004448504 -0.0229844006578138 -0.01592201311139006 0.0003623640668166601
-20.15021250500623 8.952100190027121 -31.69589396307092 0.3231965219300693 0.1995461853008909 -0.05595066992274103 0.05525613770345367 -0.02303112159841012 -0.009512312719060664 -0.009211545391663368 0.001008454947512952
-19.9095485148673 8.535937867948489 -31.5591616614789 0.2895814200735326 0.206127330470744 -0.07872131000089844 0.0928030284836827 -0.02906225210155229 -0.01888860406297922 -0.01561303490606834 0.001307494432594063
-19.45686355954338 9.030343449023361 -31.6258654239249 0.2829465699554596 0.1704342012382123 -0.06872990475334897 0.07260835799064901 -0.02430826088080024 -0.004837201429639073 -0.004421604223651688 0.0004695922601770969
-19.88454406698457 9.457050110744152 -31.79262120975061 0.3291514163102456 0.1704661097750476 0.04720412590237601 -0.0358219708454811 0.01707025055858901 -0.006818147837414635 -0.008409163178108178 0.001207475582534899
-19.33210337128725 9.871694223803955 -31.81636944806418 0.3124142754971596 0.1338355204128037 0.04379504733771623 -0.03492419649500358 0.01561498314684517 -0.01629939893554887 -0.01941450495498981 0.002292475228487963
-20.05864028027926 9.988116090503945 -31.9717702694611 0.364642741570555 0.1569700550613546 0.01665522157153417 -0.007410865753254675 0.004978705905427336 -0.01177458922936062 -0.02350291803417816 0.004405044721330239
-20.48673865781196 9.437117949577495 -31.88957102296774 0.3667902436723718 0.1939861119704392 0.01984882351343177 -0.01249509740904269 0.007035399546213367 -0.0007631272980973085 -0.001109296956144236 0.000182847545073841
-20.85495170803924 10.057249745114 -32.13500205205138 0.4192515413634824 0.184606481670626 0.008692341897155826 0.002236878813490493 0.0009097198444719719 0.007533668980263855 -0.03359233932766469 0.01061509835128523
-20.25987512446562 10.59186795396198 -32.17234869966195 0.405462827583146 0.1418038708664028 0.0114366747233415 0.0001890911455085652 0.002060541130233673 -0.001616308790213519 -0.05819442173475976 0.01431140942614415
-20.83355693318566 10.68760644335647 -32.30069033097872 0.4471545239209892 0.1600587789677148 0.02193763597981424 0.006933974373930246 0.002019526360745243 0.0219821517144531 -0.07589440049424169 0.02179391497069022
-21.44380183017193 10.51511593291323 -32.35545469838768 0.4784585392639319 0.1898919738769381 0.00985891676117474 0.003737405152701534 0.0006331288917128746 0.02654820783532525 -0.07367257247209999 0.02149274964589074
-21.73316411933382 9.843938054527001 -32.22784092764099 0.465518734966702 0.2261126045185321 0.003683073997048484 0.001865955064975561 0.0001100007086126352 0.01909766046434926 -0.03849616776699396 0.01358193583576674
-21.24315046458935 9.319870450843899 -31.99208219070428 0.4096517303875238 0.2270406388332454 0.0008744654518031547 0.00165445469131735 -0.0003187247707648694 -0.002614718665559173 0.001224514087648853 -0.0008175645140356806
-22.12948326632981 9.079988522342248 -32.08010604091924 0.4544954496990243 0.2697089858419998 0.0007619581201684933 0.001132309597917845 -0.0001871166523561175 -0.01007887132552157 0.006206967943531437 -0.003481616756084572
-22.5566351464889 9.713153207127563 -32.32690299040912 0.5115752509911593 0.2626047399284812 0.003288092528453555 0.001503053833920497 0.0001281845185002493 0.01924072699863172 -0.04330638640621763 0.01424929824804692
-22.99705619847799 9.103767086258063 -32.23290133833314 0.5100191607572515 0.302103831907775 6.822763869430865e-05 4.449031818067291e-05 -1.011735273133642e-06 0.01287556417484712 -0.01957646384191233 0.007419169349000851
-22.76690110588818 8.49486577497869 -32.02474989615507 0.4665866362120489 0.3156274231152639 0.001282995299075855 0.01552033838710347 -0.004036750076324332 -0.005265804289416464 0.0001907394807091655 -0.0009402764087501536
-23.57534255564099 8.52561968193119 -32.16762403608428 0.5179767727933783 0.3455613480989009 0.009264137880037536 0.007717241339419476 -0.0005533077863524169 0.001227733396829999 -0.001431390333994215 0.000591907104675638
-23.2124680739318 8.005646377483156 -31.96645231037658 0.4708506238013238 0.350489784873992 -0.0005334085902569807 0.02917911298265053 -0.007696332482766862 -0.000848402912569203 -4.934008629360424e-05 -0.0001282629815151208
-23.75084834981383 7.884180014990052 -32.02430999656158 0.4979082589553064 0.3755063303487064 0.001482012343077556 0.02789679596704334 -0.0069280758405036 -0.01274836989654347 0.0001336932063541249 -0.002188721629215406
-24.31162677902187 8.133708709352346 -32.1872622889194 0.5440416243422269 0.3881800747132758 0.02824805940241467 0.007667656976831097 0.003097189158780689 0.00242605690747985 -0.01019338218211475 0.00310861167222318
-24.24733625546298 7.452609191191554 -32.00146507121342 0.5073658184737779 0.4099968996624465 -0.005498973962909787 0.03302951238804427 -0.008981296361613546 -0.0260712572120344 -0.005263245035623866 -0.003393413521728432
-24.93219330121727 7.673703232779 -32.1860116636186 0.5593160198147759 0.4286244360941783 0.05022914386104529 0.004440256951697968 0.009244322003900358 0.000932889443135301 -0.02286432181342235 0.005913384000378858
-24.89036286206025 6.964093365422529 -32.00744214943847 0.5226564621250051 0.4519175181831341 0.04845072810137044 -0.01435969844605249 0.01306858507365275 -0.009884283249369937 -0.02918330649016975 0.00457870832973536
-25.54334510346884 7.2319037632589 -32.21422587568153 0.5747871720850194 0.4678954715378404 0.07966835757797401 -0.0001108901069471152 0.01994292932628781 -0.001266084082068632 -0.02228417407417683 0.00493386619978694
-25.60342145368683 6.419239209168806 -32.04499911660792 0.5392111768623409 0.4982652621457722 0.07750419630070189 -0.02207357180901865 0.02393076855396768 -0.00668236393828609 -0.020391620047636 0.002832978675509302
-26.3414762936291 6.23264386208281 -32.20703937178625 0.5744483483704665 0.5333703812300946 0.09748055051539882 -0.02327872700450996 0.03665195176749369 -0.003221969424811531 -0.01102676384751518 0.001565819148976511
-26.05234793467248 5.5594414847329 -31.97756245462138 0.5248038621627497 0.5446911434160346 0.09198638821987766 -0.04641311181731522 0.03341963938335404 -0.009324699540716604 -0.01771231382953635 0.00106709199531894
-26.83179724191627 5.704290355248059 -32.24790526209336 0.5781322082129248 0.5702763451097543 0.117403885773227 -0.02809580089455638 0.04931767301167547 -0.002713693498992628 -0.00920148272139794 0.001218125905696314
-26.71431571435918 4.944475785757266 -32.03584075018854 0.5339617828665902 0.5904770024166398 0.1255946675778717 -0.05287783621595191 0.04960139610411804 -0.009100583792205489 -0.02018794502110621 0.001521931875172614
-27.427792135425 5.082678556765787 -32.33362291471624 0.5834442996619311 0.6141420727863212 0.1536525352532647 -0.01623443717145065 0.07337842717766122 -0.004120713837601149 -0.02204107803511369 0.003752242208488665
-27.21862965918857 4.394090827029211 -32.08096525518052 0.5364842550372304 0.6275142436897927 0.1682762448353369 -0.0454795777286712 0.07051962631469913 -0.01625697104951885 -0.0525981191171058 0.00487129345110972
-27.71184560038525 4.42360903327456 -32.29462365042239 0.5672670978875715 0.6460054198084333 0.1816459517992416 -0.02231544074538888 0.09580543159634188 -0.01071490591433001 -0.05494413219436181 0.007517493997544965
-27.63094831461684 3.840834381657606 -32.14204807455904 0.5339548510050914 0.660823014315669 0.186306464020509 -0.03860738470096589 0.08891546189164992 -0.01491970637126144 -0.0627334488751385 0.004022510104586393
-27.05430492992476 3.760098072503308 -31.91883234533164 0.4973955848109574 0.6414160247004168 0.1619201077728902 -0.04386781365452232 0.05507322745409401 -0.01635405622170167 -0.05654606020314121 0.003041378212174998
-27.47668483568989 3.093721200346374 -31.97755306791151 0.4905114089046572 0.6783335542888506 0.184723972679171 -0.03638940658829874 0.07289365898555845 -0.01056181747197927 -0.05000332183067499 0.001803033008678324
-28.07850622768601 3.325797350234331 -32.27872564338981 0.5358531763907123 0.6942824527581648 0.18677621153071 -0.02887741558916606 0.1062254931701697 -0.01056061458889561 -0.05662808067408727 0.003174369491203456
-28.06406817921225 2.527574647527548 -32.16994023597738 0.4976018346490214 0.7180859225944678 0.1974667482272237 -0.0213444358609469 0.1032563492986142 -0.007985197520083776 -0.06289335646397044 0.002269959927019153
-27.51265319918362 2.378151469494679 -31.91713367729094 0.4605032487133872 0.702228850651563 0.1925221349401747 -0.03229753519603362 0.06972316706698171 -0.009574595194721657 -0.05563212557807114 0.0006675109026978869
-27.79519388919409 1.842599865742912 -31.99477441893221 0.4524211334404561 0.7294791388728965 0.2041083049853074 -0.01600796653065415 0.08420013275200712 -0.005620112597298603 -0.0697205495424895 0.0003684962418953516
-28.29418586243965 1.850632750409925 -32.23813244730113 0.4800728722516653 0.7477433511036611 0.187527650373044 -0.02430307574094831 0.108874195310354 -0.008017952661452414 -0.0682806206833998 -0.00143138851459636
-28.0947115271573 1.169066933107438 -32.12686422050493 0.4401203933607638 0.7620914035198725 0.1851657801077123 -0.02123552563629774 0.09179247291759313 -0.005188439204694431 -0.05945552182105626 -0.003288372732291476
-27.5322216876818 1.319089535397558 -31.88741378281206 0.4166545586654316 0.7370721345158909 0.1910560234088583 6.930626413681041e-05 0.06430897044591234 9.127688275215996e-05 -0.06715008042441416 -0.0001988070551966741
-27.57124750456637 0.7747747032723433 -31.9156635837513 0.3966892738613064 0.7565181681940842 0.1817070362710007 0.006229762591419497 0.06417018777415086 0.001949057692155634 -0.04382165973358033 -0.001264745562943739
-28.00960970875491 0.2736481737712744 -32.12442867397849 0.3994845142533645 0.7888223138941935 0.1641416366409116 -0.0007150702979721688 0.07524573834252897 0.0006451681522076853 -0.03632645388481012 -0.001752589947557333
-27.15876458411712 0.1444543551424378 -31.82482993483978 0.3511056192369604 0.7639848033088841 0.1517184820834683 0.02077146072119793 0.0436078592340794 0.002130831519948631 -0.01529944158420046 -0.0001260042101640127
-27.63649809332135 -0.4716830212702927 -32.01167333987419 0.3517345060475724 0.8016141222983291 0.1614842978158071 0.03283296690570729 0.06506007131392234 0.007332313525926377 -0.03646623919696559 0.0002035245790943086
-28.21406349697546 -0.4026105151373738 -32.2643500357795 0.3838085843975371 0.8192153422637555 0.1495691424209827 0.0209731521183421 0.08039398474422682 0.007697651042416172 -0.05238808763685103 -0.0006541252313934272
-28.0065065357594 -1.036045437344228 -32.23544640343034 0.3499774631919986 0.8348068533710578 0.1387895395819644 0.03027420144123894 0.07310874596537754 0.008774661940097208 -0.03850032140894664 -0.0007148912770482257
-27.32807651108995 -1.146753646262438 -31.95737284339961 0.3113612851693082 0.815304683395759 0.152176098856462 0.05458617496905856 0.06025472746808412 0.006709093875432527 -0.01927255854976578 0.000515337494311707
-27.69392753806359 -1.74251468030592 -32.18439199155471 0.3092185542697845 0.8503851795286006 0.125477424194813 0.03747079125384851 0.06425774381765002 0.002441992432750977 -0.00820350981050506 1.520568939190367e-05
-26.9618133486008 -1.80311801541797 -31.8957151245134 0.2695124964823276 0.826943269046394 0.1413509338981437 0.05749410971781029 0.05310731723988213 0.0007129407684372949 -0.00182061754704266 7.34351078883112e-05
-27.31510883452984 -2.416671753973754 -32.10323270778792 0.2668144791659952 0.8628217154597052 0.1216178312811824 0.04619566473029074 0.05974602796066554 0.0002267867350720178 -0.0006220431627794603 1.932156081556983e-05
-28.03571187483391 -2.363983966696514 -32.45905356159996 0.3063362168033526 0.8873107927783062 0.0870318269139277 0.02152150999541886 0.05201774362519881 0.002643404584763498 -0.01017082638644805 -0.0002147111306380761
-27.65193279171933 -3.010425066285059 -32.35867341436487 0.2653995694101521 0.8992288062865647 0.08674815932651882 0.03477346889425983 0.0517952236952197 0.0008765128355309136 -0.002316433307862504 8.716144358743947e-05
-26.93565937288943 -3.052364317609506 -32.01915835828067 0.2259620395399151 0.8736112361240255 0.1249452386355033 0.05322847369170972 0.0588217426941579 0.002499383048263385 -0.006222602046260713 0.000321880941287506
-27.25701468665228 -3.615068319162404 -32.24831897752158 0.2252745432152946 0.9084866867532483 0.09275586876339328 0.0479191651776081 0.0550414562417058 0.001145738769440759 -0.002458120484519925 0.0002092438568161802
-26.58283191513174 -3.649340117860675 -31.93824852427314 0.187827054740544 0.8833222679786666 0.1315058334034923 0.06490720251707398 0.06005419944732962 0.001540310014951834 -0.003378003748727164 0.0002780325332739883
-26.86380906677343 -4.15441564948966 -32.1300233490732 0.1871083399240941 0.9141873706070284 0.1024005764319433 0.05721354294179623 0.05937472806271517 0.01055624340059405 -0.02096467510665958 0.001995763756151969
-27.04085485303434 -4.585179489015131 -32.29756833348448 0.1840625340329107 0.939269126626384 0.08078645434203549 0.0334196122471434 0.04976893007362147 0.005186384566187963 -0.01304818115538436 0.0003430962803819234
-26.43247611533814 -4.689896827335589 -32.01373622574388 0.1470054584912279 0.9174386484596573 0.1125467991584716 0.04843503687268549 0.05870570919989678 0.001219867491992613 -0.002926007975343327 7.544619790220586e-05
-26.23973730564212 -5.481495273342009 -32.04568612321285 0.111827226370611 0.9387560190039581 0.1017967898428017 0.03901655709489525 0.05383586612644526 0.01337404241190917 -0.03702076056279309 0.001541500850862375
-25.94749894076366 -4.355660818012382 -31.76742152538711 0.1310821011776355 0.8854836847171156 0.1379830757716775 0.07664117459654733 0.05627466343007165 0.01111427027287175 -0.02114598964992431 0.001547273359995579
-26.34285254918333 -4.137424970532589 -31.89041136216873 0.159255224028254 0.8925767745622147 0.1321200384551704 0.07360079386364228 0.06128912358409212 0.01579123238139311 -0.03068319422495583 0.002805868540589135
-26.21088002801686 -3.084507766022975 -31.76129417699545 0.1869376313473083 0.848295161247248 0.1368583048214533 0.05575958928729312 0.04509867287964316 0.004297868045405172 -0.01098733398696605 0.0005421511072033356
-26.58668038509354 -2.452653558196344 -31.82936370959375 0.227821533751408 0.8380796777521192 0.1366567655108209 0.05624409355507581 0.04851486435748462 0.001076128967382741 -0.002720351829601775 0.0001225071724002858
-25.86856153960031 -2.447938164765647 -31.63819824670596 0.1910364275721083 0.81283818513511 0.1288517286015806 0.05284719744656038 0.02995181772312266 0.000664791035692059 -0.001662284544825796 7.30374852451407e-05
-26.22374808184527 -1.829524443020675 -31.6919007424281 0.2309272872452622 0.8025492847071743 0.1288872692040995 0.05522775530288317 0.03200991910726997 0.000488498067834908 -0.001177330136818411 6.435876096072378e-05
-26.59923035233626 -1.157638314382579 -31.74738136924222 0.2741121592635767 0.7909994590714016 0.1313586730608999 0.05293156399810856 0.03397008451108674 2.204053385347816e-05 -5.611342532926379e-05 2.206532144417088e-06
-25.72420432584994 -1.16530297829277 -31.59040289395183 0.2294161934653375 0.7618123765484408 0.09768768275466658 0.03316691041890626 0.01416166770802261 0.002631405612933463 -0.007881888235461126 0.0003080120514200585
-26.31927906783686 -0.3388763965662651 -31.66306937124538 0.2902849478716976 0.7525750470693662 0.1093761071521288 0.02774697024095986 0.01952236101228748 0.0001404565406740755 -0.0005586021545200907 7.013891144304286e-06
-27.01726173153472 -0.6033931698511044 -31.8170267358912 0.3155313627109373 0.785246742976326 0.1448439887966812 0.03857760577448863 0.04145611566789788 0.004948136608668792 -0.01891148572369917 0.0003100145091069952
-26.50085131685841 0.4283582394670518 -31.66542074644869 0.328760091270095 0.7319804816391544 0.1183893525431938 0.02258333361758302 0.02135831987042551 0.002878034503478664 -0.01512772840546765 4.241419730331449e-05
-26.96380939051312 1.00036973635647 -31.74213096153193 0.3747746513176068 0.7281795800746617 0.1471290861572835 0.01632854340835912 0.03340380835934038 0.004628852119291932 -0.04219602476371716 0.0002383213213381716
-26.54313929475106 1.533492902053111 -31.65802129708396 0.3747177915492347 0.6958948417283189 0.1152378551148949 -0.001036739936823002 0.01896952524860571 -0.0004334585504554715 -0.04201207362458151 0.0003371322685483716
-27.13012462003321 1.833087615913477 -31.78350323320379 0.4172654193900191 0.7062805851375675 0.1640893222503616 -0.01524554072167509 0.04188057932166054 -0.005101298864962586 -0.05432052487873209 0.0002130557750465382
-26.98489763779084 2.601270144145575 -31.78210992676681 0.4422406479290973 0.6761525453020044 0.1591796556142321 -0.03685938096196935 0.04117740077837983 -0.0104370801939762 -0.04464633297432147 0.0003821182236462862
-25.60651399862915 -1.88433861626311 -31.57400506234463 0.1974392129956076 0.7835005695033251 0.1133860299840238 0.04359624176457593 0.01822413804042288 0.001767594511120606 -0.004687908186992058 0.0002170009052802284
-28.46660253447354 -1.621590324409958 -32.58704013670196 0.3535045731861911 0.8735821012241977 0.09145599843286772 0.0006044811628431538 0.05558336782189232 0.001706816797212685 -0.02231166410687695 -0.00256572531055981
-28.62049520695982 -0.768505859302179 -32.54751539939503 0.3915025153103957 0.8469705407845193 0.1136200493207642 -0.003734528764815593 0.07151911519688554 0.001747052049307711 -0.04957238505939234 -0.005364015436950003
-29.07292448564572 -1.129741997844018 -32.90958288454391 0.4021637586904409 0.8767127210122019 0.07397580928069679 -0.03728042094955527 0.04762705453083498 -0.006298171120668554 -0.02231493536760623 -0.007684663306015561
-29.15712083010205 -0.4055471800843069 -32.87873590408888 0.4334955385531233 0.8538508122463777 0.08728199323302169 -0.04211048713558548 0.06140801613620529 -0.0115343533265007 -0.04293351963348065 -0.0130473206534317
-28.71018867812003 0.03837084499724774 -32.52456741187163 0.4269589461604851 0.8220334993397058 0.1314263425892943 -0.01308365572219181 0.08359694587842788 -0.002328528350027849 -0.05922178178054412 -0.005607949363288185
-29.2421142473812 0.1887471439388957 -32.89377253672937 0.4618000513052792 0.8371228161831789 0.09292958409503238 -0.04629884507366428 0.07078516744391888 -0.01608048656226041 -0.05606815408339477 -0.01556170439336084
-29.04607475470986 0.7189061747568726 -32.72731771215665 0.4733618887972829 0.812578071095911 0.110747559051172 -0.04168899564307344 0.08322772635203204 -0.01370529707894946 -0.05786982469901888 -0.01075010349788519
-28.54492972796506 0.7215006190394 -32.38223932185379 0.4457080165297163 0.7932146263026584 0.151627362621515 -0.03230292699252921 0.09097440403378131 -0.007449312026672266 -0.05160572978359333 -0.00590821771634766
-28.75204331836151 1.443337236919733 -32.52683508661588 0.4885488045114753 0.7784981555033241 0.1329758935973935 -0.04380668651356889 0.09516533920779945 -0.01248839702645821 -0.05289537196689353 -0.006898680013596868
-29.33256361572071 1.31168477419186 -32.97632721735327 0.5169968814122587 0.8063903646292593 0.07886576888369004 -0.04607681366099438 0.06961260054920194 -0.01790126631413822 -0.04928776514180821 -0.0123429671003663
-29.15367774675273 2.074992117469784 -32.88965451139109 0.5429764513294727 0.7767022291437321 0.08096202585811794 -0.0423945593012045 0.07354226713354918 -0.01484850814920297 -0.04229720274181237 -0.008036276174480052
-28.64019045110046 2.291264929478278 -32.49875347785638 0.5207038114534458 0.748180500819269 0.1491564887783293 -0.02639164432113869 0.1090501511839969 -0.009685362698769469 -0.05928331735921516 -0.001099948344190271
-28.95847736784237 2.944839101876281 -32.84102614502476 0.5739143917935516 0.7431635946834859 0.09898874014330031 -0.0182341250173231 0.08740662664914041 -0.0100885327578627 -0.05380743379155564 0.0002004387270201865
-28.48161343836087 2.923561491639123 -32.45961863520174 0.5409961837683432 0.7227113534681187 0.1710606803274728 -0.0133896775242762 0.1177164491527203 -0.007580207081005097 -0.06314263651386288 0.003833073819286366
-28.5554659941488 3.533942823310389 -32.62217480718083 0.5764820607008675 0.708039366986838 0.1484120796352444 -0.007879626862525073 0.109979909197392 -0.007666228264590024 -0.05800185040254612 0.00618956631412072
-28.93578635241554 3.673086227025904 -32.95922992175735 0.6106841536273333 0.7215038886446689 0.09950490129999918 0.01425748505214927 0.08316283664824513 -0.001181896168444217 -0.0466231760851178 0.009407251234276987
-28.63590164831218 4.302122940805623 -32.87011830163713 0.6232606959528297 0.6896599914602558 0.116028888813806 0.02203463458685965 0.08455382421318798 6.914263755910918e-05 -0.02425327167271665 0.006225495302392306
-28.13158501053669 4.031711148361567 -32.44383115264582 0.574133955860021 0.675233898566249 0.1653866555486314 -0.01832227227189281 0.1057070177203437 -0.01003152773255375 -0.05564129697500887 0.006050741405695311
-28.0701303162596 4.749980747375887 -32.58590732100008 0.6075000363648547 0.651093135382468 0.1470328516325601 0.01226994269334892 0.08800445409003256 -0.001304635440610639 -0.0238562776443271 0.005505851195334865
-28.48889372231221 5.143214137868038 -32.97774809860724 0.6582264403412763 0.6579705881526622 0.1102067904918075 0.03498525024739002 0.07130905938266427 0.0003534110579772242 -0.003474814179572014 0.001158603772462709
-27.94664931742806 5.494466968536843 -32.71191837909216 0.6385849864263136 0.622884819214668 0.1327020803603974 0.02054510449299672 0.07247399221929765 2.33406651644801e-05 -0.003457651050995378 0.0009374459062930922
-28.35163128415181 5.794092017699493 -33.05152602522213 0.6832297577503413 0.6315433637237302 0.1078953392901813 0.03920901587354626 0.06264706603179364 0.002519508204485388 -0.01675642707085093 0.006148090354975244
-27.86831258701638 6.335524110600421 -32.90023789079353 0.677904758683432 0.5927288431447589 0.1059078964167234 0.02494436552355021 0.05287777884963854 0.001767448942891788 -0.02181786538069796 0.006752288337401518
-27.42055172761688 5.836114859673384 -32.52537131083641 0.6216089931841119 0.5898090813718657 0.1256932717511013 -0.001528329819896857 0.06011440737108556 -0.0004459343871552372 -0.003874600600303691 0.0008338980065258258
-28.22834826630885 7.109961035844323 -33.29407639903476 0.7432539742638272 0.5827522328729478 0.0880457129838557 0.03426714509966991 0.04449969898337348 0.005285563552507159 -0.02439240059749966 0.008325600567326256
-26.86430489797808 3.216895101285806 -31.80084751149126 0.4625844952417468 0.6518628593134559 0.1535378984682323 -0.04677937763018226 0.04236028715644884 -0.01461190282349002 -0.04702639450540656 0.001029629115243273
-26.35121516030208 3.709217683959772 -31.74864098581941 0.4567574927377882 0.6171469846654899 0.1051441580788043 -0.06057272925966809 0.02683556095465428 -0.01910816637223774 -0.03314713408859049 4.843151066402328e-05
-26.68277856838233 4.287683704277086 -31.89653605408986 0.50103084872809 0.6105367628463181 0.1294475785684805 -0.06427708642874445 0.04402938204278372 -0.01936280656067622 -0.03807346401765351 0.001344944750927387
-26.01076480998501 4.609603503324732 -31.80217391953062 0.4784224656161532 0.5748045493440013 0.08788015935715129 -0.06620503183536315 0.02799142906213018 -0.00969914121314391 -0.01290721987308868 -7.719602884409482e-05
-25.47638345667857 5.201587659224097 -31.78027121830777 0.4749681432343753 0.5348439014254822 0.07182544645632835 -0.06108611850616291 0.02347903624221059 -0.0151679595285726 -0.01791851413621613 -0.0002183655647155594
-25.3478240149126 5.76983079571097 -31.85130126022132 0.493580133407731 0.5106603482661974 0.068450972610027 -0.04965086132058358 0.02329963557195311 -0.01736257909766673 -0.02355923894978514 0.0008046872785473167
-24.82217617430295 6.230066287399552 -31.83889074298818 0.4842535913371529 0.4748475423658556 -0.04669116651671652 0.04617323179294772 -0.01767522746363191 -0.01854487347309405 -0.01869517758500138 0.0001507764087657276
-24.18727383483501 6.752839755714099 -31.83110439124321 0.4709595624032765 0.432429164330368 -0.02145307229511788 0.0475301274664991 -0.0136512561720033 -0.02023736300771676 -0.009559550685324715 -0.001480673329558078
-22.1403036254712 8.410915609953124 -31.89311157240041 0.4236825046943918 0.2948414645521796 -0.004823119496605185 0.02963193472590072 -0.008868272457913414 -0.003816212601363545 -0.0007579713330060043 -0.0004571473961981598
-20.49281089291108 11.14528586738087 -32.34327775244722 0.445854718054724 0.1298243610481099 0.02650618181466573 0.006736308345056835 0.003178676112812816 0.02075196760274058 -0.09194979054779572 0.02181622557376084
-19.77941661446724 11.15853624604844 -32.21374599321131 0.3997229966426974 0.1021140805263667 0.01028584426319817 0.0007349533689979114 0.00176724226883301 0.00264791595574291 -0.07584016532418635 0.0161284812898811
-20.18195383849772 11.62637449797088 -32.37607828620473 0.4470146196375057 0.09982049265295762 0.02301864101286142 0.006775728877243431 0.002934713005813629 0.0244880173680386 -0.09112033410887553 0.0183070024590314
-19.5756393056029 11.92916683613898 -32.30918247215581 0.42036395427873 0.06522167898262868 0.01418769345866375 0.004287402873622328 0.001926199760707381 0.02036233508027933 -0.07367687495846759 0.0140109441114962
-19.18311211541704 11.38660735661507 -32.14719489768837 0.3706459266865157 0.07075818578688817 0.00278114900490198 -0.000101697638000013 0.0005471455247112685 -0.004986849076149001 -0.07079518633341017 0.012189567149195
-19.2253380178782 10.92158743952635 -32.05855802206906 0.3527234610920183 0.08996101992416625 0.00589268981444157 -0.0009808902099362133 0.001329546458704002 -0.01229212147993596 -0.05891208732430712 0.0110168164816555
-18.55233761724731 11.05587679115769 -31.95865540313588 0.3143168729858056 0.05922128985757572 0.02714244003881119 -0.009326493411873481 0.006734639919916182 -0.01727826183223719 -0.04595346966808653 0.005997269954225508
-18.82545268582409 11.8720412423889 -32.16004689014304 0.3682452805595444 0.03873140739265629 0.005376702568956291 7.131306372163929e-05 0.001034299863339927 -0.0009465944560694919 -0.05882136729561283 0.008976399482326225
-18.0983156318628 11.88613171155697 -32.02070958250709 0.3205191501375242 0.01037060958344924 0.01849508145932998 -0.003480522001200274 0.003938175052187212 -0.01070389702872936 -0.05060057538421996 0.00554902493943795
-18.47865556454254 12.54242216765405 -32.1829498039987 0.374163855764079 7.681877260450321e-05 0.005487489788795503 0.0001079988544701004 0.001059743307638614 -0.0001121519323424317 -0.06007335815424603 0.006702836806944693
-17.66189442223549 12.65016703232023 -32.03614251078476 0.3242625262925338 -0.03532412791081543 0.01181214262623326 -0.001289932751710832 0.002315516123720601 -0.006500828919761651 -0.0520934997804877 0.00414231918863189
-17.43678834215147 11.9334253793339 -31.90945053714195 0.2786321182922156 -0.01679597398006311 0.02171612063291608 -0.006507650889633675 0.004612562407301131 -0.01380390466850951 -0.0435938934490533 0.003484705046994328
-16.89672425378729 12.34921563113621 -31.86633781763268 0.2604413745680155 -0.05334433936715209 0.01842621489213921 -0.005550176942131787 0.003775042086878139 -0.01311445124964387 -0.04200499235457926 0.002255486614893666
-16.97027875938265 13.09142734128228 -31.94866524586702 0.2967825891953087 -0.07862144163405727 0.008407300720906027 -0.0012069010820457 0.001618451453427901 -0.007102330372392063 -0.0465535991531464 0.002178525689728044
-17.52718689117151 13.40173940308045 -32.07347971462572 0.3470845909103747 -0.06897160769200043 0.005631415156462577 -6.521182593705791e-05 0.001052046792429924 -0.00111206689637012 -0.05015223671662234 0.002843971832459901
-17.03539746070003 13.78345816579312 -32.0008387796107 0.3301877697171765 -0.1023123297742199 0.001844205325665387 -4.149349991571247e-05 0.0003424587346252248 -0.001239702066724331 -0.04240025127638419 0.001538668101151569
-17.73306944621914 14.12883840400437 -32.1410386564329 0.391241922596498 -0.08870237707580016 0.0003582048123369449 6.280817678138779e-05 6.459671186370546e-05 0.00640273321502284 -0.03871734784155322 0.002140607068355591
-17.02748272140614 14.46722908817744 -32.01782538001346 0.3581168266652099 -0.1285105558330548 0.001513478457782531 0.0001127933262778673 0.0002765259779625955 0.001857244705153271 -0.02685252180612445 0.0007879382725158254
-17.52281424145845 14.95046418119762 -32.1124558485528 0.411234369653903 -0.1279581673193721 0.004099685386574692 0.002181898696053698 0.0007235746763008934 0.008120958577956194 -0.0157662282984607 0.00152981826938702
-16.9404922914407 15.05469305121846 -32.00709982172919 0.3766273016122826 -0.1540606994600516 0.002458391916677624 0.0008823747204268507 0.0004456498295207199 0.004233565876899416 -0.01221655801277584 0.0008343273260299832
-17.19629111361707 15.5875816500205 -32.05396499342886 0.4156990894187233 -0.1645079152482349 0.001164618113174463 0.002734819401332532 0.0002053577279363919 -0.007612078161794709 0.003344171441605052 -0.001366107993971786
-17.89926504749475 15.60965850230644 -32.17787522973823 0.4635546889488293 -0.1387967215589818 0.001305677852574344 0.00459457363004197 0.0002328959570399642 -0.01340831117842381 0.003926448548426769 -0.002290387609148997
-17.49999088554699 16.22412608701552 -32.10842302329468 0.4621482599302465 -0.1771545227745087 0.002052667009739965 0.01625689638182557 0.0002633338385472587 -0.009456635354483092 0.001220770254910575 -0.001650422624018251
-18.19006893807032 16.32338254288519 -32.22569283445475 0.5122848005118062 -0.1550954887250976 0.0003994430453495558 0.0207145946089403 -5.400049296407591e-05 -0.01333407951399556 0.0002514108526868574 -0.002191302853216034
-17.73098868350842 16.89648881686884 -32.15573118268733 0.5051394687800564 -0.1939614189487399 2.910077127388523e-05 0.02774897821159131 -0.0005740260646778968 -0.009305837028196833 -2.281796399632462e-05 -0.001574810407161122
-17.14731296532243 16.72416445583318 -32.05190026297577 0.4592081375513343 -0.209205034848702 0.001374047223659578 0.02306586069757484 -0.0001661161596440518 -0.006906167750886289 0.0004026582010238841 -0.001214467340877061
-17.12377275251997 17.44033744214735 -32.06722873084563 0.4871014366410493 -0.2368956507193855 -0.001363671690115846 0.02860442679320177 -0.001301642048110278 -0.007120638752671759 -0.0003954962656709083 -0.00123131432188652
-17.9671242392591 17.61304890727526 -32.21814890240044 0.5502065471555093 -0.2123157881440717 -0.005467357685012198 0.0348721104371992 -0.002503466898236217 -0.005529584704304688 -0.0009309481518965652 -0.0008915274005859001
-17.47503858791738 18.2389058713423 -32.16778159528387 0.5431185341982628 -0.2538234442369054 -0.005426416045071795 0.03131414755479334 -0.002923097054046753 -0.004361369309013549 -0.0008224220799273161 -0.0007139147033657925
-16.6921772051057 18.16371174889423 -32.02435252704102 0.4883254036915351 -0.2796108573763768 -0.001642536815853715 0.02959723826631737 -0.001990216569677055 -0.005453513064564039 -0.00036745345704789 -0.0009637200116638542
-16.94268035661601 18.84320345911964 -32.11547995001722 0.5327260688802606 -0.2955476052423611 -0.003092598060238569 0.02898031172628649 -0.00283027354783744 -0.00227747794200181 -0.0002810879226384467 -0.0003896060703136298
-16.31177901992969 18.67941707185038 -31.98869210712641 0.4845988792891931 -0.3123969418202844 -0.0006558793766743632 0.02910174623614665 -0.002242647617872298 -0.00456425510591134 -0.000166213529786785 -0.0008220208811807561
-16.23292920403529 19.35613581647549 -32.03069961892839 0.507363665566239 -0.3398410463629027 -0.0004724807512110615 0.0267284052779024 -0.00254427920542614 -0.003692173962780567 -0.0001287240875119936 -0.0006666361336817879
-17.10454602020812 19.57494198770927 -32.20987486280295 0.5732037610707134 -0.3167050097751933 -0.007935576077140081 0.02860640651829596 -0.004327307010857174 -0.003203474668202359 -0.0009632473626030152 -0.0004930615475708406
-16.47776142981969 20.11908417451633 -32.15240972691448 0.5544784295590695 -0.3587791730894258 -0.002914991328348655 0.02650116150673942 -0.003498090024358874 -0.002633776960263908 -0.0003486608698552364 -0.0004466668988676098
-15.6061590566976 20.03800615622526 -31.98346607547656 0.494939406278352 -0.3866939138379964 0.002716115536461928 0.02576124360936716 -0.00233383157422992 -0.004331202688614083 0.0003796439111780694 -0.0008500817519763917
-15.98094052952875 20.62539888103678 -32.12041911093536 0.5430758682075687 -0.394431812497911 -5.439110940487809e-05 0.02539464474978663 -0.003176094301321298 -0.001871314338627177 -4.629152089398603e-05 -0.0003380799696848448
-15.27484171783547 20.77848999301226 -32.01088384207614 0.5043332886505458 -0.4245410391745155 0.006013425102890271 0.02473857503093021 -0.002122964813246954 -0.001668053155949561 0.0003749200873384681 -0.0003559757585246964
-14.92414040523226 21.46729822312329 -32.04312975762145 0.5106123988138128 -0.4607238210370899 0.01321106601054878 0.02564023689848135 -0.00147550173560314 -0.002410871457203599 0.00120720793699668 -0.0006079860511828883
-14.48553129734972 20.89624409814594 -31.88136989576988 0.459419212301075 -0.4562899592439307 0.0140080832949782 0.02976668560469728 -0.001665656641765111 -0.003689715313158821 0.001684949578070419 -0.0009188418866891791
-14.79985155615988 20.26327110309125 -31.85721369625797 0.4527355810887557 -0.4232942928718567 0.006575743850544249 0.02952545621628814 -0.002331128159093413 -0.00517564515077071 0.001064830796022128 -0.001112809571174291
-14.17560896370132 20.40256796325087 -31.75485111562747 0.4190531223832975 -0.4503322134884419 0.01152021747968902 0.03439355023135069 -0.002301524703709776 -0.00177931865394788 0.0005683157493483497 -0.0004135265570397048
-13.75566372467923 20.87276667596703 -31.74315392164571 0.4127970345803867 -0.4812207190396688 0.0217316996009347 0.03966999667216706 -0.002184138315308267 -0.0007897923407777955 0.0004211982991753857 -0.0002081346071839594
-14.04860679420108 21.56239526919189 -31.90683155094228 0.4602569818262534 -0.4942135731719705 0.02711080525232978 0.03438979710893474 -0.001229837323317828 -0.003316238219372453 0.002579171012311949 -0.0009828297533082649
-13.25248275406139 21.38277845163995 -31.74242834675875 0.4038028464219309 -0.5159518608815221 0.03817903372573623 0.04677441196408557 -0.002602278689989432 -0.00157085305185126 0.001255011494496222 -0.0004885053189983608
-13.40327191381653 22.05477362443294 -31.89681237025198 0.4419145208751223 -0.5329051471934821 0.03984953058484696 0.03761311650525419 -0.001951320645004624 0.005611590163842562 -0.005844127065682032 0.001949142331066775
-12.68795510470206 21.81971997685504 -31.74967929892389 0.388968807057838 -0.5499758292407287 0.05253047627237944 0.04372127856399995 -0.003069789528656398 0.002599365024852326 -0.003052156878422967 0.001010389028219992
-12.03780645509972 22.1752824878111 -31.76739133595557 0.366853946303113 -0.5840287297432832 0.05873256070084747 0.03411422578002898 -0.003833905970292888 0.005506192875108253 -0.009168292763860969 0.002770959430520108
-12.0697715864933 21.44529711188896 -31.58896948398762 0.335620261264625 -0.5596595731355849 0.06022249271536247 0.05404792865845957 -0.005784087811358866 0.000397574134670185 -0.0004275870263534188 0.0001439660600802103
-11.36243722222553 21.75424107266859 -31.60513749963204 0.3088364366424102 -0.5945422932870024 0.06323803896476519 0.04333358413490346 -0.007717854347398238 0.005477099326724789 -0.007560392951162925 0.002428407657301772
-11.32728123809431 22.58562217930425 -31.83810481435605 0.3453670090764934 -0.6216361301044875 0.05707919285733679 0.02203005827728492 -0.004329298296687717 0.009370442223225845 -0.02297738989568179 0.006620943716953515
-10.65099259966716 22.0661999205679 -31.66997793707999 0.2837700168479912 -0.6295392642180969 0.0598550509345941 0.03044873980596812 -0.008547857403341876 0.01043653919089827 -0.01884260085875325 0.005960105747236293
-10.61895663081756 22.69381078005409 -31.86369680440285 0.3117590704346517 -0.6497487865463752 0.04911891116559337 0.0134871286504815 -0.004401033034258329 0.01089398868579148 -0.03620809891571712 0.01062422705459514
-9.979823049268893 22.41894740913885 -31.79101567501046 0.2646504811775243 -0.6641706413295264 0.04292755036715919 0.01052068390577072 -0.004690277539969594 0.01156841034471532 -0.04137908930252746 0.01306259562639434
-10.00280872574346 21.71953496327643 -31.55246172843703 0.2314119254763558 -0.6424359541204895 0.06537409806109899 0.03823104867241538 -0.01300904906345301 0.01080534261524137 -0.01658067749603069 0.005572493345716367
-9.550832870458045 21.99005095647384 -31.65879671323882 0.2208500973922512 -0.6669972175613004 0.04605136659167356 0.01685183994450875 -0.007841898525146437 0.01340343412043578 -0.03160842423362492 0.01078646349644973
-9.452530434334626 21.57596702881151 -31.50987057721491 0.1945388100073489 -0.6583741207378734 0.05564893686807802 0.03555669979209732 -0.01432123500701155 0.01297022673246081 -0.01782144768897344 0.006152225224908174
-8.974294392377633 21.90526719650192 -31.65631908177516 0.1865518870556043 -0.6856726246834123 0.02177460417895967 0.005701084284231359 -0.003264301873942637 0.01330651612365932 -0.04220144740765567 0.01505685285983087
-9.364025274075262 22.36491898608571 -31.80174779588497 0.2299340650135198 -0.6847619169645472 0.02191941746198654 0.001603638841570562 -0.001663107076301288 0.005717062634982764 -0.05797505765893377 0.01944771248300162
-8.993278197224061 21.24201659944919 -31.39715165865644 0.1525746365499349 -0.6657538868336677 0.05441232401187813 0.04207979314823762 -0.01740616527542551 0.02077904339721466 -0.02335509276494338 0.008494609073266294
-8.333438745632622 21.51033384384826 -31.53655680325479 0.1327975607111641 -0.6982349729717511 0.02040417711053622 0.009005600987232902 -0.00478800067797928 0.02506953093651965 -0.04715548439790197 0.01814111532170463
-8.345739161462031 20.81977019600759 -31.24022581705356 0.09495424298052058 -0.6782249351084292 0.05416323984948589 0.05334075440016027 -0.02303558221750312 -0.02591806265851612 0.02238836685636324 -0.00909870062420204
-9.106245522121609 20.61023084971233 -31.15996682396593 0.1247958656954024 -0.6431239407260576 0.07340124678846829 0.08693908224994304 -0.02818802098878503 -0.01797051014746091 0.01349034344515939 -0.005187301795607979
-8.614287277695677 20.29362916454578 -31.03020598115866 0.07992048278561069 -0.6529617906176493 0.0775067631566352 0.09833434410447672 -0.03272303717464643 -0.02184679115359524 0.01512727951578293 -0.006287404109420099
-8.098839402410068 20.2887332581438 -31.01536320916546 0.05108844935428965 -0.6728915663874424 0.07142525199748948 0.08666149977889616 -0.03324384075823122 -0.02793864422473584 0.0197517385591649 -0.008537203011712942
-8.382229907015532 19.75378559400883 -30.83521468573282 0.03637280403981496 -0.6469734726032483 0.08284953043858329 0.1078893707101665 -0.02860891997408235 -0.03416095307501043 0.02344128455472495 -0.01052655894122171
-7.825169482947953 19.43664299081973 -30.66989870799025 -0.01481380076992908 -0.6606192450575932 0.08854842712821931 0.1100247745825921 -0.03049555354384379 -0.02560456883681306 0.01806983453768792 -0.009152640093608356
-8.321170435315452 19.07884409604134 -30.62105293527728 -0.005915231103417365 -0.6308145788689254 0.08135290628075205 0.1113388778749839 -0.01871552199023195 -0.03446460795191512 0.02321418402493544 -0.01170978937748587
-7.732015430531373 19.01054953243974 -30.51363440833823 -0.04597990011392036 -0.6531267203334884 0.09089944240689594 0.1111560305915289 -0.02337412989559722 -0.02543089189035182 0.01878871160922669 -0.009547961414146761
-7.320550967798214 18.67514717839538 -30.3420718192167 -0.09186229672557507 -0.661632267856967 0.09433464290913748 0.1040343594125947 -0.02039174059659615 -0.02175724282931902 0.01785201387874161 -0.00957441097128111
-6.605498980961414 18.78410812054812 -30.28524001031376 -0.1281117218822707 -0.694403452567193 0.08722605430672375 0.08721381224558558 -0.02637359474682969 -0.003772324046205378 0.003244109202498996 -0.00174848410573571
-6.906512955908067 18.30323561788076 -30.141973598716 -0.1416925301596338 -0.6701342892781964 0.100164081610014 0.09401611933612428 -0.01563733986288209 0.009427834621097314 -0.009248544679527614 0.004784580802963466
-7.490982727486731 18.07020671784903 -30.18751179946977 -0.1186010743046323 -0.6388940948002558 0.08954144932633697 0.09027831591059021 -0.005522833708211245 0.02364566203070845 -0.0227444126946932 0.01157731292234185
-6.916474536880708 17.75096688180632 -29.96507187197675 -0.1770104060830704 -0.6563673884520924 0.1013544091452735 0.07853508073955284 -0.002979843953160653 0.01365523479616088 -0.01730052405572756 0.008497156679922225
-6.209911047096607 18.14707179831387 -29.98437406607928 -0.1955613560677428 -0.6968996372114907 0.1000971799151797 0.06908028229750435 -0.01451924052119525 0.005703505818942614 -0.007499954341957445 0.003636959169322493
-6.346386094052759 17.51262239609452 -29.76369314850619 -0.2314186432928296 -0.6768370189249664 0.120677200892911 0.06592934256541434 -0.001759595577670478 0.002706316473485599 -0.004894239168497825 0.002225923992625477
-5.61399279433248 17.51731733507466 -29.67032429559326 -0.2783185292284201 -0.7107787864800987 0.128951933867263 0.03014449434564656 -0.0007033180219539213 0.007740311661746681 -0.03279996850235601 0.0133505642793294
-5.314997729814715 18.23614764983806 -29.94458417915025 -0.2416939795753565 -0.737751364258077 0.095816574887078 0.03232086820924974 -0.00990772551572762 0.01726337920145743 -0.04501154011813751 0.02011620221920872
-4.798933841434009 17.71110464900443 -29.71869292072417 -0.3116906616967911 -0.7516497416236774 0.1433558725782952 -0.02592245453444167 0.006470539146643797 -0.008528840477665743 -0.04291944074347712 0.01701281994368365
-4.9702357073936 17.06769187106515 -29.47109639222031 -0.3536221075759163 -0.7334794800692835 0.1604845341264268 -0.00882746345012563 0.0006970356104075569 -0.0018355808703928 -0.03243184073364265 0.01189530637465615
-5.544330477888986 16.86661309707241 -29.41644406583236 -0.3320491210635495 -0.7016456777829876 0.1613802178057829 0.02264908406179081 0.006250812748768634 0.004173015686123742 -0.0330487597067223 0.01201155104456952
-6.145176310816657 16.9629500585089 -29.53689837150561 -0.2836940611557469 -0.6742830455300686 0.1343280520676099 0.04753892956864909 0.008364565978885394 0.006264943418322359 -0.01903918078091805 0.007596882928798703
-6.643857008920248 16.42562413347036 -29.48033282097059 -0.2845261439665634 -0.6375024818439097 0.1286372010474107 0.04868694962678657 0.01992253979362353 0.001110434720436686 -0.003493436781626088 0.00136737416568105
-6.852695459612681 17.0929658489672 -29.74109036594335 -0.2248842299101182 -0.6434917291935248 0.1073301398911225 0.06631235122365389 0.007793528128758288 0.005572761639595206 -0.009536803417098373 0.0043988513060512
-7.3521452540672 16.52631301541624 -29.73323246791269 -0.2243056343313959 -0.6051167461604744 0.09555447875181797 0.0637737304001977 0.01639789494272075 0.01446519049959933 -0.02463847712315282 0.01153037386499151
-7.129595169347599 15.86459215330674 -29.47257619930173 -0.2830757841263053 -0.5985794074908339 0.1183415633058654 0.06290823396997763 0.02649759519322386 0.007572449034485577 -0.01747718495270187 0.007673276833745355
-7.781289880151273 15.90379207443668 -29.74891658641588 -0.2281348558460355 -0.5666280476891543 0.07452301687449743 0.06312248883395223 0.01735684041528554 0.02196098576768753 -0.03040800659146706 0.0162950247176077
-8.148579123542831 15.35216131283716 -29.80328315474943 -0.2292807704531401 -0.5315669120586269 0.05269422507947407 0.05360965661246444 0.01529981823286919 0.02953555633516761 -0.03503619131894665 0.02104109521725722
-8.49358122851403 15.94287691345061 -30.07143504170185 -0.168920953170675 -0.5326048537158429 0.04432377897384804 0.05277319581803239 0.01041172570743295 -0.0506227416598784 0.04841597832377225 -0.02989655136584762
-8.701162461091219 15.0736310843997 -30.03342728290047 -0.1981050463375614 -0.4947630344300877 0.02829678097964777 0.03809263924250465 0.008442220382514444 -0.05020926388905571 0.0443233305449954 -0.03170162409088134
-8.777015922525912 14.2542382237936 -29.95326880908675 -0.2331056946444245 -0.463464488900914 0.01791105596698692 0.02763219515948761 0.005869049673520323 -0.05017879713107177 0.03969568533014613 -0.0337573698098659
-9.277286434478587 14.67660663827278 -30.27191568974872 -0.1706611369757102 -0.4529908464204853 0.006518515031638279 0.01364041561939925 0.001638858092278392 -0.07888425002861169 0.04287548233023666 -0.0430978311230262
-9.284614504172325 13.99822761703414 -30.19849595586117 -0.2024968378840327 -0.4289790985257936 0.004186984120933876 0.01064062178499052 0.0009126963543650999 -0.08203645699710173 0.03630841299131664 -0.04695838573729244
-8.942372052498897 13.40851685787938 -29.92695498276867 -0.2596129668129689 -0.4252481162615588 0.0072166369334555 0.01486889485433805 0.002165747494776843 -0.06243339803561943 0.0364793667807792 -0.0424097006196574
-9.56354090713106 13.44785686263675 -30.28044502951799 -0.2050315584543662 -0.3955994027954212 0.0004929795467040471 0.001619954438572008 7.520410138847514e-05 -0.09702133815149376 0.03197567810135681 -0.05278443982188995
-9.33096293274485 12.87215109942831 -30.08716922743011 -0.2505136827177956 -0.385823183505313 0.0008702214694663942 0.002820022205228414 0.0001254376587032439 -0.08867529627232837 0.02979655284112515 -0.05468687868281985
-9.819069863351139 12.79694086412228 -30.33733210126675 -0.2134178368593412 -0.3593263331385304 0.002030630171907181 0.009158995748231124 -4.841746447119398e-05 -0.1105652796398837 0.02421214974147164 -0.05696738345456818
-9.444912974242181 12.15540827834678 -30.0516605460461 -0.2730194427930379 -0.3533442368406556 0.0006616971672982041 0.003307801167504123 -6.962174188802968e-05 -0.09196539224369003 0.0172195260164351 -0.05593757309820851
-10.04673975414102 12.18310173661965 -30.37730888103587 -0.2220593690506448 -0.3255226695607177 0.002885089987578204 0.01983959245679023 -0.0008968288362253406 -0.1224733710503115 0.01512329185343288 -0.05943915653890273
-9.830180374213487 11.68517283856077 -30.2084069386505 -0.2610034842986603 -0.3165654801271516 0.001270623955848338 0.01432174778766974 -0.001279006965964425 -0.1174450932953721 0.004831615954167496 -0.06257304773561384
-10.24129009474713 11.68367964109021 -30.40720835611815 -0.2281733838575102 -0.2974385642510887 0.002278592181528541 0.01800242213995636 -0.001357299337701629 -0.1268390084702372 0.01174633976845872 -0.05713684796552361
-10.05334960055148 11.15888327487412 -30.24414240317891 -0.2656785878087757 -0.2857661191568818 0.00150567672895122 0.01539971585181328 -0.001399190682102731 -0.1140738018393592 0.006021931153732405 -0.05647710578453737
-10.72445375601881 11.33649612337672 -30.55306354495895 -0.2061605387449579 -0.2625131673180147 0.001886380728794661 0.00955985424288623 -0.0004307753125773575 -0.09943034208643595 0.01784447926086904 -0.03940072678178688
-10.46095922459616 10.4643941205211 -30.3473153029011 -0.2624650179104264 -0.2397357598563923 0.003874258842932504 0.03438076102864277 -0.001732895307694986 -0.1012665207035452 0.009134150033326438 -0.04518085050232735
-11.11530044508146 10.74581099319832 -30.63059924079463 -0.2015632045322683 -0.2223867690892715 0.00520456338927295 0.02889733893721707 -0.0009736929806660086 -0.08595749409107446 0.01442785022466235 -0.03126729811871146
-11.15395622536282 10.05954701479372 -30.58496767161083 -0.2263541040231179 -0.1933152073476048 0.004205745826820693 0.03056499323102391 -0.0006920740176752118 -0.08331685423422763 0.01077121398178897 -0.03061439819300355
-10.56235424403183 9.590468828534116 -30.32058954405462 -0.2890383126921375 -0.1996175263256212 0.002809533616555913 0.02549767838023338 -0.0005174924847444948 -0.09549278510145419 0.009667423001268665 -0.04211336023522438
-11.2067630031452 9.247423634130779 -30.55503603865988 -0.2539706061596232 -0.1579647885203408 0.003754420814857454 0.02882332402288561 -3.47243977586713e-05 -0.08165136493530832 0.01059879316295231 -0.03055875856218527
-10.54296017572165 8.711286060759859 -30.2588547415886 -0.3237529748762509 -0.1638676714013904 0.004259759644438246 0.03294384505613621 0.0004207806607641239 -0.09700892415116184 0.01311828432330755 -0.04499262362845934
-11.31452467332074 8.4207318757318 -30.56674487669316 -0.2769772978155638 -0.1192184886427689 0.002459962628338796 0.02963197231798754 0.0003212936597781341 -0.08328782133397394 0.00724993129670893 -0.03095248011094651
-10.77557644856134 7.855234227060942 -30.34310621121265 -0.336992266756438 -0.1176973423656805 0.002119351564063451 0.02567213970308603 0.0007461701081079304 -0.09962111671711001 0.009502363462329612 -0.04397634323556276
-11.48197731278906 7.545872755884083 -30.62117963196065 -0.2964091891105234 -0.07571062473708064 0.0003290703023014782 0.01308483502568432 0.0001764537758955309 -0.08407092333433717 0.002517158243556445 -0.0298738645139764
-10.90390507980298 7.220874599408782 -30.40153028787724 -0.3495196052460811 -0.08525617117486499 0.0002328336041026928 0.003456221283698505 0.0001182579510435678 -0.1033163027681433 0.008472199200762056 -0.04419396763782963
-11.26371699917414 6.78689074644773 -30.54870221303751 -0.3384603902504801 -0.05231144748367646 0.0002973850369169312 0.005527039631322627 0.0001343146189532033 -0.09623796002585018 0.006075885513520727 -0.03694259621314396
-10.67850778188577 6.64640566710846 -30.30085183677931 -0.3858732845537178 -0.0698849657417018 0.00010313939549106 0.001607056393694307 4.436224347179283e-05 -0.110563216243862 0.008537067596660218 -0.05220939241151565
-10.36288663432362 7.252706663083434 -30.1456356625639 -0.3890100290131313 -0.1091332488319148 0.0008607678166318581 0.008215102088356064 0.0004059475008695405 -0.109481232149752 0.01427866671883891 -0.05681223205406005
-10.05729285509313 6.557163439946475 -29.97080481228163 -0.4362773896939038 -0.09201181895043602 0.000667368713514013 0.006626192761519624 0.0003052774484393853 -0.1147160966946604 0.01467228005004892 -0.06768735161340021
-9.727158650159687 7.261492451059621 -29.77980774001547 -0.4388557808013097 -0.1371180971318778 0.001677269255118451 0.01209237133234102 0.0008039253661993826 -0.1086450777118527 0.01969932678866503 -0.06963895942765946
-10.08866647621366 7.96099788130604 -30.00635070404615 -0.3859374212101678 -0.1516007642012767 0.003557761429010828 0.03068974138487119 0.001179848798214609 -0.1055775232112298 0.01448689546068367 -0.0584646400547424
-9.359848052182159 8.008456972638216 -29.55831528099334 -0.4438939774605258 -0.1866142072761863 0.002730990853465241 0.02572653752809831 0.0006760890233814546 -0.1070865492387044 0.01333908799041872 -0.07501402851121466
-9.805889048936603 8.671347822266766 -29.87884943147978 -0.3831458316369491 -0.194698552157095 0.003585101348435395 0.03130751248511206 -2.701005756656019e-05 -0.1089974155690746 0.01242628543057642 -0.06407595641217192
-9.20756929110947 8.823760829575503 -29.50554589203403 -0.4279934699444085 -0.2292558659134057 0.002879543468284252 0.02762662631184573 -0.0003113324578115911 -0.1047321605277951 0.01006535126073241 -0.07551127484310476
-9.584879129629629 9.311259814021138 -29.79861871741265 -0.3774870271810303 -0.2319975059692812 0.001677586224328409 0.01514055362776103 -0.0002578212743059232 -0.1132543055548871 0.01135326515940571 -0.07020034672200957
-9.11968670964977 9.418038117971516 -29.50005451659922 -0.4135840289137708 -0.2589323859288333 0.002374562571439107 0.01643912799194405 4.196244277534408e-05 -0.1007515164367528 0.01474177907420953 -0.07390449359801927
-9.36525037044526 9.922727296860343 -29.71501323967694 -0.3729149270785942 -0.2682220162926482 0.003199648979129665 0.0244474984776796 -0.0003280136521732951 -0.1054769951546974 0.01287972426345844 -0.06893713232586032
-8.821517062075259 9.87944514098383 -29.32698393027828 -0.4231745240632226 -0.2936141016316492 0.005153377204775458 0.0255833711121776 0.0008871111733636791 -0.08264935240556358 0.0189148511090412 -0.06536087980725949
-9.705669196972426 10.5367145888871 -29.98160685113349 -0.3199479476922271 -0.2772571220455475 0.003089709105193111 0.03449238833373858 -0.002229132431906067 -0.1045069502397836 0.005539069130258878 -0.05914424391142035
-9.955416772403243 9.837137224836903 -30.04977445800014 -0.3271165056385636 -0.2368937516889213 0.00207287391590678 0.0230879781571569 -0.0007944149916550653 -0.1081713250296482 0.007728922233711908 -0.05762772716228497
-9.400820960603941 11.28170091666972 -29.90246921741649 -0.3146622013594749 -0.3217054054334069 0.0008950469268135913 0.01000781164537535 -0.0008713485095546768 -0.09328987532141637 0.003392833884061024 -0.05685896424938793
-8.640600994313729 9.184284327771135 -29.09746000359236 -0.466569630698879 -0.2733662095577593 0.005309490016210356 0.02784907026566084 0.00117738355739046 -0.0760466589721078 0.01727652753922424 -0.06571032211405621
-8.353696783497782 9.800312876736859 -28.9344197086603 -0.470895200759143 -0.315040489816747 0.009898530995980198 0.03072999339680707 0.003992387423725693 -0.05577959774714975 0.02464974502364289 -0.05143549529930688
-8.027892470011739 9.384295432649164 -28.57433714026501 -0.5193819272494283 -0.315009418950618 0.01592189388058858 0.04207406477181355 0.008033905744049129 -0.04569370787882153 0.02629847572496732 -0.04716926178474637
-8.212080810447182 8.643829614695873 -28.64746214722893 -0.5279873042044856 -0.2724837349939392 0.009779293784161943 0.03883310604144863 0.004751209741230202 -0.06077696019185236 0.02280880357278863 -0.06132773644313746
-8.764611164033006 8.371829390963166 -29.12443383434141 -0.4841404157413989 -0.2315070336822947 0.004480047768793955 0.03298083339076594 0.001167109681987392 -0.09117569536290081 0.01513897731866538 -0.07782012220139164
-8.351263329575946 7.837119012871061 -28.70389286571772 -0.5421502407961897 -0.2291336055901932 0.003804050426971949 0.01750604967340409 0.002236072619357757 -0.0733095432471179 0.02547579622990423 -0.07473252591765252
-8.846325481774471 7.745103132860453 -29.1568751070431 -0.4979378858209552 -0.199563503792492 0.001263538100541248 0.008659911771309691 0.0006031891234764256 -0.1007719512155544 0.02069384608138434 -0.08600566460502788
-8.6629098619019 7.279089885645295 -28.96573638713275 -0.5307837405330367 -0.1880639568030274 0.0001260749086101811 0.0006741371559890877 6.599903341119146e-05 -0.09240397961877128 0.02586713774881084 -0.08770091152465563
-8.789629915141152 6.549523108878941 -29.02515764734133 -0.5441650629901403 -0.1496939957598818 0.002060924619142493 0.01159230451353331 0.001148863281605548 -0.09269855699174975 0.02517457964883206 -0.08772728368977778
-9.12627109346257 7.23255416304257 -29.35621792337397 -0.4903605986084751 -0.1633750165163769 0.001069177307964524 0.006705187268557371 0.0004944718459428975 -0.1077100350712323 0.02347960334573535 -0.08549326404168842
-9.422230677093395 6.552638541320437 -29.55353169163095 -0.4879329883192438 -0.11976102756326 0.001671904450463616 0.01113041725517178 0.0009103538614860415 -0.1118845055928669 0.02362127312111177 -0.0833241075881079
-9.164401020789853 5.944481019414418 -29.33267052180537 -0.5303132513050244 -0.1048665852192253 0.001245277862937407 0.007949740183416723 0.000738097761525214 -0.1090816958482447 0.02571021188116225 -0.09287724065533746
-9.732402778821129 5.766475890828422 -29.75672794242139 -0.4883870726991639 -0.07150720659344335 0.0004710094472050328 0.003474502191525119 0.0002860245961075488 -0.1214705202722087 0.02332235646004564 -0.08327890800650323
-9.231047880752577 5.258381078866877 -29.36228095013024 -0.547316373040572 -0.07170946528967136 0.001576879743823385 0.01029744879681806 0.0009501420037982352 -0.107439879853832 0.02499581138070375 -0.0925896521316978
-9.717954673158584 4.931563703987463 -29.73758713068179 -0.5168578668920729 -0.03569841385868665 0.0044502623245802 0.02583946289055469 0.002447771451851707 -0.1218568974155263 0.02950614807403596 -0.08992990684534252
-9.263699381593133 4.427242027636377 -29.34507258769597 -0.5726635077898083 -0.03425452612584131 0.002351471426470354 0.02335864602808026 0.000473129136990721 -0.1010203189295153 0.01197705986865669 -0.08923886772635563
-9.828176935607566 4.200180684848802 -29.78297627720213 -0.5326341858986831 0.0002939724863899456 0.003578168180824574 0.03166957193687745 0.0006166914521495247 -0.1213206000865624 0.01543215482394442 -0.08857626652560303
-9.475386332483907 3.630080614718713 -29.4631556335947 -0.582092770442707 0.00917170940816798 0.0004315619638098115 0.01061409046687144 -0.0005910738875307669 -0.09981224827725126 -0.0005423459474932042 -0.08261518544463732
-10.03651857768673 3.484206587762881 -29.8760986592608 -0.5407440266700688 0.03914354215542432 0.001401827129021996 0.01371879815347387 -0.0001591038695785332 -0.1209307756625266 0.01139135352682723 -0.08326863679112353
-9.698425897004249 2.839748129618917 -29.56856213954165 -0.591166671538686 0.05207918973819235 -0.0002047993711085358 0.009240657182208525 -0.0009693709230606198 -0.09705973532875957 -0.009973798354832796 -0.0745707106810691
-10.31676032273104 2.760682751896181 -29.9982484884761 -0.5439426334007476 0.08068574838940687 0.0007759798009947367 0.008110828317888405 -0.0001898881425285652 -0.1117869055072293 0.009024862348111236 -0.07133289846770793
-9.992331202691307 1.895356496490738 -29.70341880700597 -0.5997529809575067 0.1039811922008173 -0.0007532875821032474 0.006453205611418031 -0.001017498414133742 -0.09099139221151602 -0.02024427538221013 -0.06102985990127244
-10.70748327376457 2.132441711868113 -30.17932316444404 -0.5356312792411421 0.1220044090399126 0.0009111370753241822 0.0175981260566407 -0.001060124414153793 -0.1117426042623259 0.001951882698960886 -0.06363720234331523
-10.68141396686979 1.359117351676834 -30.09099698244922 -0.5639407186643044 0.1530478844219215 -5.612876579049963e-05 0.000627196585055787 -8.930495651404502e-05 -0.09880765796571132 -0.01656945987975802 -0.05426750036853453
-10.16522102799295 0.9054607337636327 -29.74127144280125 -0.6192029266247363 0.1525304340645579 -0.000214349979415943 0.001366326012542471 -0.0002431400808782703 -0.08513932938696933 -0.02265675910665091 -0.05226166652508186
-9.553678051106381 1.143719793397087 -29.33577123989357 -0.6613808859284221 0.1184927915912764 -0.001016353323207653 0.005057479942029945 -0.001081054128508385 -0.08476420861109812 -0.03024450766189169 -0.06180135109221191
-9.511617937277046 1.726542216993706 -29.34495054686466 -0.6451061354142724 0.09183889736776159 -0.0008263152864130802 0.005177732941028998 -0.0009367186572240718 -0.0924460575507428 -0.0275326569976849 -0.07063716950428554
-9.367526216014941 2.212650233259228 -29.25148398345978 -0.6412841034204552 0.06473027274325671 -0.002597372660385829 0.02022854562224954 -0.003302941899010233 -0.08582184213803135 -0.02254442816549638 -0.07058243661805257
-9.155396164837653 1.598230317158128 -29.03892996121093 -0.6807094793937989 0.08231422260875085 -0.002839230072084011 0.01330793578777499 -0.003054967739716456 -0.07705188345598879 -0.03146025173747067 -0.06543538341556909
-8.822949824381354 2.13868659985964 -28.74991788733507 -0.6931779035550205 0.04383483081388975 -0.005930656338660527 0.02914372531165766 -0.006618125628663564 -0.0612477180187341 -0.02572894804309244 -0.0584150632552389
-9.056275844974031 3.004310794316519 -29.02552709251596 -0.6418823173506248 0.01682969883353117 -0.001744069898676014 0.02267508926355884 -0.003509010685323054 -0.07771335027909182 -0.01716301636972753 -0.07228117438608289
-8.396629929228054 2.775175652357473 -28.32626488665278 -0.7129780063349661 -0.004555682821077161 -0.009475058990967974 0.04288422082832938 -0.01179460499365023 -0.0436023747940478 -0.02256474841643678 -0.04701612143898114
-8.634028661568772 3.586455467355144 -28.64599084249055 -0.6612770880387049 -0.02824127069430108 -0.001394431031797503 0.01546883630375531 -0.002864382205694029 -0.06236956774107812 -0.01798491131462906 -0.06676329296608728
-8.231397084609119 3.506221310848582 -28.17372219823939 -0.7048290393283313 -0.04519182150504499 -0.006861704723767327 0.03355629995602073 -0.01023514931949401 -0.03410003797130471 -0.01897975196356264 -0.03936492236458673
-8.336083503827837 4.137171529902692 -28.34808968884819 -0.6720836744104839 -0.0673473050831746 -0.0005871361376017585 0.00964705239707761 -0.001495472798835499 -0.04176091225342027 -0.01012693066687097 -0.04893147511519965
-7.931741535917117 3.910607784662531 -27.83017913459962 -0.7223471252040677 -0.07881032990533864 -0.00865901534494537 0.03312546730893889 -0.01268585057615151 -0.0105732224121135 -0.007625544563169075 -0.01269493370281832
-7.985310912618672 4.691050556266732 -27.96041474394976 -0.6897901109394167 -0.1103447985668476 0.0006628931729577716 0.02041278978177584 -0.001055140743707281 -0.01763364182773668 -0.0005737618398888227 -0.02217836885174508
-8.466902808694018 4.840217924481992 -28.56558194899035 -0.6339592070802034 -0.09105198937119739 2.769876343208623e-05 0.0002501022752650104 1.144814674862015e-05 -0.05733184146247344 0.009406940138345494 -0.06679474284160464
-8.762352800019324 4.27924087712678 -28.84909560111128 -0.6240862103603236 -0.05166779235058155 0.000333658295750462 0.009832225704584273 -0.0004723854065693179 -0.07731606538998537 -0.001300843630754965 -0.08168612802064867
-8.876449937789777 4.880626220768066 -29.01699502850571 -0.5921369318601791 -0.07200579644388409 0.001543380913275513 0.01286460861069413 0.0006858955408128499 -0.09186153892970871 0.01596088234578145 -0.09265719753225339
-9.031165763486449 3.790157182038916 -29.08136232706735 -0.6158448835543231 -0.01770311039024497 5.052003101384316e-05 0.006138722303746682 -0.000504642242578678 -0.08847827034802769 -0.006259186798709571 -0.08499751100385013
-8.701201594658709 5.592324816838181 -28.87742827701059 -0.584984340692644 -0.1119681724349482 0.001049382138268568 0.006108716379956735 0.0006809753341095378 -0.08191038179514416 0.02360159192814876 -0.0854952252948841
-8.160985027859166 5.457656933444746 -28.25814878739217 -0.6441327426111146 -0.1343021068788225 0.002691941966163065 0.01399690089300857 0.001798105491122052 -0.04141009797018471 0.01451426229765028 -0.05098761491978262
-7.707603635845003 5.369104588750898 -27.67824926233142 -0.6957248561349466 -0.1552319216162388 0.002599564077758324 0.01768979727067491 0.001205388155760667 -0.0058636399741714 0.001380724285256662 -0.007617317962884671
-7.59289034353057 4.8092147497522 -27.46565991710522 -0.7278507405059643 -0.1369495392872845 -0.008614283149344905 0.03445227289190536 -0.01424880380184384 -0.00908518010135047 -0.00675733469538293 -0.01084604906072519
-7.232819360018437 5.228933305431037 -27.05777351702466 -0.7511245386989958 -0.1747510435832164 0.02118649878094964 -0.02984993798711529 0.02925277636066982 -0.009864292531257292 -0.01713159022908028 -0.01033703880076357
-7.321087977499199 4.44308235676306 -27.09852682192334 -0.7684706705449736 -0.1349554800565662 0.03215681905704698 -0.04274730392351109 0.04098108074489075 -0.008453915614720571 -0.01531340991173162 -0.009339820861208119
-7.672750412608885 4.311935781711593 -27.52553829022923 -0.7363582669096432 -0.1105837672796822 -0.01456190094572853 0.03649725026739265 -0.02073125739440564 -0.004876068795390966 -0.005238331555259265 -0.005797037037669854
-7.482755894779308 3.705543188611477 -27.26492136154932 -0.7757204283009861 -0.09312687839494502 0.03023224855681102 -0.04285299204907807 0.03699665945139372 -0.007310354676602925 -0.01235669754173296 -0.008338942122397962
-7.836325323399065 3.105657831227838 -27.68210892289526 -0.758747458405992 -0.04763498484218821 -0.01800337078192235 0.05109040374142113 -0.02172185111430056 -0.01018337862794674 -0.008715423981673322 -0.01205879680195753
-7.475571390316232 3.110398089080141 -27.2458686093108 -0.7953791198253506 -0.06634662276024249 -0.03087983907243789 0.05190555572588254 -0.03469966944572253 -0.01268361073317703 -0.01761879400032163 -0.01506773533754912
-7.387681633183916 2.491675573179934 -27.18117317341517 -0.8218436498823061 -0.04141312797652179 -0.02838974777935696 0.05051568206381094 -0.02806302998207255 -0.007409510345936458 -0.009099628541503884 -0.008884279871809651
-7.137512959980501 3.132521728751049 -26.86982926859743 -0.8272087717580296 -0.08378000750072587 0.04306705639033322 -0.03779296342249313 0.04554009385905645 -0.01094797312461635 -0.02767105187389519 -0.01261029626314926
-7.875688377553811 2.218368367828196 -27.74631956535656 -0.7822149591901439 -0.004707204284559838 -0.02020434967311652 0.05117297280133374 -0.0200827346071379 -0.02049419838230498 -0.01726038785336232 -0.02336302385868853
-7.84744350267311 1.463341737305889 -27.76247510158798 -0.807603053857216 0.02941204960384124 -0.02378991823951524 0.04770046869498795 -0.0208521290217264 -0.02729040331154605 -0.02685905766034155 -0.03030641019631488
-8.294692728520019 1.816346161856846 -28.21328620152528 -0.7538521767090992 0.03389993718122179 -0.01465561746755019 0.04072858467204768 -0.01426109109847376 -0.03950592211573768 -0.02871036742544918 -0.0413957771074826
-8.12581246300126 0.8834743040307798 -28.08246032802556 -0.7988627494963677 0.06930139131072598 -0.02227538699014089 0.04225067403053737 -0.0188918651540157 -0.04091355222983799 -0.03998208378831797 -0.0411767061536282
-8.669823661020764 1.352129725620859 -28.590066004873 -0.7332110363617328 0.07200858878784368 -0.01056624541492567 0.02892814175297023 -0.009973330957927082 -0.05389624962746766 -0.03700075850779785 -0.05022215633734291
-8.588925852887527 0.661000178405768 -28.51879040188472 -0.762957777191696 0.09962677083299648 -0.01521364213521588 0.03092615898761407 -0.01316703351572687 -0.05371315433973641 -0.04677141850120107 -0.04779266459786721
-8.882984379625269 0.1980055467552244 -28.76310249832445 -0.7514144862834193 0.1324933645812706 -0.01273124296639577 0.02564349019950565 -0.01086693209790195 -0.05755524573539515 -0.04760428984924357 -0.04490598803408269
-8.785473048401482 -0.6031225177382566 -28.67002750325576 -0.7862284823043074 0.1641189166637021 -0.02066831137714594 0.03293531678291112 -0.01573706980778041 -0.05047733271278367 -0.0491986405375878 -0.03667084078848688
-9.362759409704633 -0.250330126928004 -29.108829860331 -0.7239719981243681 0.1710315993725021 -0.005389493776503695 0.01336833855090882 -0.004667370835244144 -0.06143096919760577 -0.03931640889403594 -0.04167511976068938
-9.21452593818422 -1.112500099181156 -28.95672857356579 -0.7645881738902723 0.2028270760847347 -0.01419620675149773 0.02268294100498247 -0.01071918527697766 -0.05057920637258698 -0.04652015204239308 -0.0314558415230202
-9.743703208245869 -0.9029259259597318 -29.32122051646794 -0.7126750065387961 0.2134066991721399 -0.002205195172344077 0.005566268904740899 -0.001869966277475489 -0.06077696171895706 -0.03614543169649172 -0.03592050334667785
-9.617068605710205 -1.61728509925576 -29.18133612193899 -0.7456752387958767 0.2393363179047675 -0.008635308505631573 0.01319117319517317 -0.006448155933043474 -0.05196903980362173 -0.04762577115332955 -0.02783293491272985
-10.1015394228457 -1.455921826196096 -29.48974946391862 -0.7004228560531315 0.2498294526668345 -0.003493982440036593 0.007837054496109254 -0.002861478958862108 -0.06094246385310811 -0.03863926582060639 -0.03141247399077972
-9.963616235511033 -2.000475095661999 -29.34938787919176 -0.7282870460993531 0.267940703208883 -0.005062962850943403 0.007566311844813244 -0.003771293348110739 -0.05437812578483568 -0.04898665969248767 -0.02527883776644226
-10.40332773050945 -2.024685088350141 -29.58994877954602 -0.6935036997223051 0.2842608720402831 -0.005082586023401388 0.01019005365930293 -0.004127941854977064 -0.05978834846161616 -0.04054981807179499 -0.02648423878390797
-10.1392045187725 -2.582816092213182 -29.36892738184113 -0.731195488891994 0.2985210131482928 -0.01204974996362252 0.0184833717486925 -0.008892811601016634 -0.05207926652846683 -0.04424490435176256 -0.02139400717095359
-10.81121579180088 -2.656876750196625 -29.69929557610568 -0.6805299412495212 0.3243777240921965 -0.002571021984057006 0.005266830303916274 -0.002113187490422825 -0.05350826771667212 -0.03421562939266608 -0.02017662006694878
-11.11780620556127 -3.356199329995752 -29.71803456026126 -0.6770270347379361 0.3633618190595181 -0.003801059179176222 0.006308745450868332 -0.002864358634605121 -0.0436767628469027 -0.03233817019515533 -0.01326486261641172
-11.11108836356125 -3.996795121347148 -29.59193551396093 -0.6940161936233927 0.3895405517725909 -0.01432235392748538 0.01960002609176198 -0.00967564336553 -0.03941541745251316 -0.03378921532785894 -0.01010247478115548
-11.8190684868454 -3.703885316294219 -29.94397995780363 -0.6358971096020205 0.4003363049136234 -0.005009043596504351 0.009659859086161703 -0.0040158306192419 -0.04152850409122312 -0.02615658891696957 -0.01111871487011776
-11.68361896841372 -4.483808238405295 -29.72316688609345 -0.6650565790527181 0.4278129209107286 -0.01112725637211648 0.0155458667671098 -0.007557447279481409 -0.03896607686873556 -0.03180813584249804 -0.008058212321100679
-12.49617468263876 -4.43015954458073 -30.03784122312258 -0.6088471800863441 0.451294137478371 -0.004278537207716642 0.007804095196031863 -0.003427968648119659 -0.05217004061228304 -0.03323457154524814 -0.01054685849315995
-12.13786757346616 -5.114036371049925 -29.74514386328801 -0.649245727548215 0.4677662436491679 -0.01404428151118801 0.02474785573410132 -0.01053892294947044 -0.04157348856890819 -0.02699897654635788 -0.007998635162047813
-13.02116929097137 -5.233758969710392 -30.00189224505674 -0.5956661812942525 0.5000831259185232 -0.005254060968372362 0.01769818967717366 -0.006263884518351896 -0.06077096085499423 -0.02235134997852499 -0.01217840108619818
-12.42797064953259 -5.911675086866421 -29.65442994250961 -0.6482846057936736 0.5091338096742375 -0.01743199599711001 0.0429934959328034 -0.01466326079041813 -0.03983970203014147 -0.0188131186070977 -0.007798825488860447
-13.34927991218772 -6.130907178476546 -29.861237386002 -0.5974317183434975 0.5463067197986137 -0.009779591939323382 0.03600411335337897 -0.01112613255254897 -0.05221936111035754 -0.01699439971283566 -0.00909428771985246
-12.83783088432675 -6.540114734331054 -29.63315072361867 -0.6366710751626724 0.5470763077794291 -0.01753916779702208 0.05189935929480798 -0.01531935777555777 -0.04117649676551147 -0.01612499752456744 -0.007485663287695936
-13.38744821261367 -6.843262119362301 -29.70675432181314 -0.6112459738874488 0.5760585750520371 -0.01746559377658669 0.05730339191105047 -0.01616054184549536 -0.05361870554610687 -0.01869518368986871 -0.008342226963911256
-13.71685322747732 -6.563913196175644 -29.84485288918897 -0.5861874991163536 0.5749643898553067 -0.01157307958570502 0.04033230556664917 -0.01213351035043935 -0.05846537282317107 -0.01928359975106907 -0.008334572763680213
-14.05162425598933 -6.986892934169136 -29.813361935518 -0.5772267010070373 0.6021620048939856 -0.01570554826020641 0.05305356359393606 -0.01507826130263051 -0.05175119432502043 -0.01693923940981577 -0.005697350214487498
-13.55763793904913 -7.701009086215247 -29.58156047827659 -0.6198924074914934 0.6155413482965821 -0.02248239807209281 0.08186291944774472 -0.01684168252616347 -0.05169698045664223 -0.01562539188634804 -0.006939217824499802
-12.79736645102525 -7.173672747791713 -29.50234741166134 -0.6515593210018161 0.5713198930627 -0.02306735030863534 0.07257150253469959 -0.01753067447576603 -0.04142653963655393 -0.01496246231547715 -0.007429712425616683
-14.07341722207112 -6.31174091155073 -29.98449401032183 -0.5597853375236823 0.5758503063867556 -0.006519791940580738 0.02740848355257423 -0.008359060451379871 -0.05475621970929564 -0.01530349883245818 -0.007470520933800257
-14.75587795046124 -6.670134431036828 -30.01532743063064 -0.5306963150095029 0.6112055817770763 -0.005772336878925608 0.02938872570352022 -0.008638263100563244 -0.04138298149822973 -0.009403803225401169 -0.004339909871073691
-14.59050780511468 -5.996781225880154 -30.1703161448429 -0.5223887693000413 0.5792613389361251 -0.0009571846064074317 0.008014098550344231 -0.002325102304018657 -0.0522235023985727 -0.008350105132925986 -0.007281844253969156
-15.23014228540544 -6.100794708883113 -30.24659111978235 -0.4894782144671578 0.6032362365098768 -0.0001081909384339211 0.001374643603966644 -0.0003922487681575291 -0.04082792725439588 -0.004585943709599308 -0.004810280051227698
-14.92236240287109 -5.367319033598694 -30.39713554449605 -0.4866394782741657 0.5645934037274156 0.002067754795740556 0.01361017072496681 -0.003294249045599301 -0.0490495515561777 0.00517291133581902 -0.009415875546821079
-15.7366257294705 -5.632768038486395 -30.44416299712372 -0.4485637415240138 0.6004962271839481 0.003977431400385615 0.01687709837468736 -0.003991134725148031 -0.03386993277864194 0.006546468160903195 -0.00607094189322308
-15.83571991344406 -6.213259735466147 -30.29758146124171 -0.4594999307391655 0.6264995813975462 0.0001396002091186313 0.001828241858432887 -0.000486518877279339 -0.03036440645666551 0.0012219450408112 -0.00412083993535773
-16.39205097176287 -5.95544831654596 -30.43202745839437 -0.4221276667077742 0.633648889570975 0.002266533500605551 0.006250890397957233 -0.001444383311135781 -0.02065310483394507 0.006560408296084249 -0.004017327483810473
-16.27940596820226 -6.656313645678784 -30.22705636011009 -0.448164353920378 0.6577794540360711 0.004808547643142524 0.02549111927740123 -0.006219821529242747 -0.01975861728927868 0.002978602470660689 -0.003067988630996256
-17.09356307505864 -6.403806193918435 -30.38167999441045 -0.3978295957749376 0.6730448761455347 0.00724455390079796 0.02022343130976992 -0.004570847490496041 -0.01115441889711513 0.003530729049811283 -0.002057678043189647
-16.83049061186073 -7.220047790073933 -30.1449148673759 -0.4351365441243722 0.6969820933929728 0.01335269597255735 0.04792945991899406 -0.009764576083643412 -0.007518643108681851 0.001830456112119507 -0.001296664861702661
-17.57056180826421 -7.060510411669036 -30.26495999351559 -0.3922162283458047 0.713409283069643 0.02189152078629207 0.05194359098194986 -0.009488943542305719 -0.004402189785726851 0.001695228074432589 -0.0008762193012244283
-17.78465590551467 -6.501858718927485 -30.42341611161537 -0.3645050092011703 0.6981827507269441 0.01605887386614606 0.03477929828984478 -0.007155826567502763 -0.004277789336688842 0.001794175098878 -0.0008798883506113642
-18.22837850485135 -6.896026124336291 -30.37452055038215 -0.353297852907638 0.7270448838247314 0.02710199434363631 0.05796886986467174 -0.009870004420227528 -0.00689897389558904 0.002981480185273134 -0.001432918773771634
-17.3984882460278 -7.788527400723442 -30.08883917079817 -0.4219862889896177 0.7366461149996972 0.02672376768285306 0.06344076673953579 -0.008651979268504507 -0.002821133999928355 0.001109761639270596 -0.0005764230551253563
-18.26873182210947 -6.320115569715554 -30.51803228448054 -0.3336914783833708 0.7059650172428297 0.01908022432358477 0.03249496898688951 -0.00620059683836579 -0.01225316901775551 0.006645281733620586 -0.002879559848167062
-17.77198410024176 -5.862442576379031 -30.59090856273337 -0.345754860440515 0.6729294351051411 0.003708523736208473 0.003921819002739132 -0.0006909508201331862 -0.0126228827279891 0.0112165160894381 -0.004085839671616297
-18.58831998130949 -5.756941978107708 -30.68957011981386 -0.2994607128067199 0.694117276326897 0.008828790547786352 0.01073238439127043 -0.001910767794173202 -0.02317911146488436 0.0179423743489124 -0.006321574939400486
-18.98000578208125 -6.624550257202179 -30.51855435297966 -0.3060761288848888 0.7393104473147105 0.02434003349358956 0.05161188957387328 -0.00853558720100334 -0.01935709349531146 0.008506143663150159 -0.00376472711433844
-19.36056158633272 -5.838054258010439 -30.72865281555881 -0.2616301424825066 0.7210066739931249 0.016937513205217 0.02283123832065577 -0.003911110055676248 -0.02052048577807091 0.01441159631356825 -0.004738145581070484
-19.88514867886848 -6.511297363584102 -30.62633297717804 -0.2558499586013365 0.7622172199204797 0.02473882830929057 0.05149668987101588 -0.007525932630832541 -0.01140564175194526 0.005183319417473302 -0.002024788323533912
-19.55208026555211 -6.978119839344732 -30.50444579457815 -0.287611248412164 0.7698829315766976 0.02682743539012386 0.06703706363649256 -0.008767318144152382 -0.01773905946640749 0.006700933289232589 -0.003043414182503716
-20.05773806298971 -7.373991050121489 -30.50239362458997 -0.2739667131434824 0.799623568098916 0.02997519776997619 0.07296327359490586 -0.006001497199018872 -0.01260111740867506 0.005004611573804785 -0.002094167927634532
-20.60340386627228 -6.880632967734345 -30.62808720533812 -0.2307444595354753 0.7971277568714848 0.03275409254653721 0.06859446621296467 -0.006917627571526845 -0.005945920645878627 0.002735367859242196 -0.001029563507866696
-20.74167407999116 -7.488290970802932 -30.56420970272637 -0.2427849467066343 0.8233830570071068 0.03741738595420258 0.08086525320152564 -0.003409964766215755 -0.01125197373150241 0.005126210604848284 -0.001902402452085044
-21.25034049236246 -7.220253766788595 -30.6599292187632 -0.2084858442929474 0.8280464682430713 0.04428210768588849 0.07712043868933613 -0.002241994408230773 -0.01504368613150281 0.008551367267864292 -0.002979906708091614
-21.93990607200226 -7.689920687660109 -30.7297686190083 -0.1881007730573988 0.8639020527519042 0.05977460736412639 0.08128019099899107 0.006539909900899734 -0.02319422059512483 0.01745687151666021 -0.004965270534384806
-21.83330300850583 -6.890043076340076 -30.77741407207045 -0.1682035915901884 0.8331375703812617 0.05558318302506902 0.07194534922192651 0.0002593589417303719 -0.01178109429994677 0.009111437740317793 -0.002679103434145016
-22.56680974250883 -7.238408239366338 -30.87184580283686 -0.1418468385633256 0.8661524078089859 0.08313792467483404 0.0765001733977228 0.01261726534780952 0.02012661411222185 -0.02275737909892771 0.005362375860318833
-22.32226230284168 -6.568726431323059 -30.88333490529996 -0.1327790001485171 0.8365178138146465 0.0722432616755754 0.06617554936054031 0.004083241216945223 0.01234163897972496 -0.01368690389452244 0.003462477281165042
-22.92784684682485 -6.647065977153495 -30.98652750043823 -0.1041515229772735 0.8573572757645752 0.09138110914144155 0.07142859951393869 0.01334704303800583 0.008485654238255907 -0.01136391009896804 0.00271818163661309
-23.22172907713569 -7.209795206073755 -31.02197170728422 -0.107246783800146 0.8843358773482058 0.09343903476559093 0.07574733039221043 0.02263610905105103 0.01630189415621059 -0.0215862012108578 0.004941832537215099
-23.12617292045509 -7.790756408021863 -30.99242782080751 -0.1305543749509639 0.9000423825826899 0.08522023638555457 0.06730882333129869 0.02461846824145401 0.02149802596567276 -0.02935180949356363 0.005831756209634408
-22.58012248328636 -7.892940112808382 -30.84893919968649 -0.1618226674229691 0.8882155517908479 0.0825030485381278 0.07718101324169067 0.01874925220202177 0.02676484434262507 -0.03020960047517765 0.006582999740785922
-22.32202594016201 -8.270650651030781 -30.79122651002393 -0.1866116265539371 0.8941073445748893 0.07480778876596005 0.0755979559150565 0.0178550997309112 0.02858759121210334 -0.02970240110010794 0.00598519895297105
-23.69398720155969 -6.772693099039977 -31.17118327021658 -0.06837161829881946 0.8851523737869205 0.09043669037305614 0.07216811676208042 0.02388547201843088 0.0004443207517746727 -0.0006041049045424095 0.000142941074405309
-23.2248257198261 -6.169512627249059 -31.08777036866746 -0.07297032366218294 0.8509692127709229 0.09198692863399899 0.06796520253520646 0.01326590176408894 0.005239112663467069 -0.007418720043124346 0.00167986526656196
-23.81152764959611 -5.986156899937399 -31.23167387790206 -0.0361685108198903 0.8640097129338999 0.09485757676323804 0.06866081700025353 0.01935799355847452 0.0100076227880186 -0.01471041508992546 0.003137219333795544
-24.43338313603347 -6.493270953702007 -31.3986528654899 -0.02016171266417308 0.90099496663034 0.09109207542300478 0.0638856515932763 0.03048971216759804 0.004366485395836592 -0.006866281076128591 0.001341587724253159
-24.43232444981466 -5.805608353066502 -31.39759687685188 0.002627664588757884 0.8793353277747503 0.1002739872243248 0.06651598843885095 0.02728194762395713 0.01600810429783795 -0.02609224969316464 0.004778080175354527
-23.89414633720793 -5.149503059659112 -31.30027358178555 -0.003578935066964932 0.8393948752340208 0.0899406607193446 0.05778569714950188 0.01366930124147046 0.02451722885530622 -0.03975411465410116 0.006739442343647673
-23.15287218102312 -5.509866611304234 -31.14078165379988 -0.05451666094839438 0.8269041430220195 0.08139133859754007 0.05231531854006297 0.007696440617547646 0.01371717026370005 -0.02200475403925639 0.004512068520004012
-23.03283112544302 -4.728183562496055 -31.21011021456387 -0.03423340716829976 0.7964585073294493 0.0649689735775929 0.0379341907918998 0.003341734745831105 0.02238622165196852 -0.03891218928430904 0.006491409726543718
-23.56686104476283 -4.26752875187049 -31.30604015682179 0.009284553083885537 0.7983361120816432 0.06703759341432489 0.04243321438581631 0.004448415382578751 0.02433716274561118 -0.03898386391380029 0.005104252209036301
-22.83396514584877 -4.000002380927857 -31.26729193001656 -0.01979330744073053 0.7646186688926481 0.04614542099029015 0.02479122494109046 0.0006967340402984976 0.0219386370508638 -0.04098845909851185 0.005434594286484439
-23.25032668646524 -3.608252050534313 -31.32674943676649 0.01534561386224079 0.7647657909890367 0.04650710705544281 0.02424676192415204 0.00127650723298593 0.01832130140303016 -0.03533834419772169 0.003736518436313255
-22.5694643317653 -3.28372777186549 -31.32083651253685 -0.009128401981873245 0.730603712833568 0.0232283684984358 0.008725016594606401 0.000137692434128789 0.01592273722251377 -0.0424553871995124 0.004101533547934166
-22.26261268625346 -3.772691290742337 -31.2616562042906 -0.04190282905762224 0.7377641133804493 0.02433551211775516 0.0114267637951903 -0.0001655302540890272 0.0211283657570171 -0.04491124241915797 0.005916997115686262
-21.95360181152242 -3.369550002023216 -31.29364238240105 -0.04441997994416393 0.7132537496195295 0.008666715606467463 0.002846258196140199 1.657507655727388e-05 0.01676443605551573 -0.05108021022865867 0.005723498627131419
-21.92384594841511 -2.794882091582732 -31.34108021245178 -0.02642906692144263 0.6917266748735572 0.005111556996937738 0.001165886415244939 5.131323242923123e-05 0.01046834268457233 -0.04605053375936178 0.003511013058846592
-21.37317088568927 -3.141132375100193 -31.29739144286339 -0.06736613626278992 0.6859538113811982 0.003385165016490804 0.0008445601402052038 2.331571214910464e-05 0.01355143844003186 -0.0544739082330458 0.005688706553494693
-21.22090395637299 -2.411850902373487 -31.34914556201604 -0.05083453651407888 0.6546169127241037 0.0005312417851243355 8.510167941488783e-05 6.978157166738989e-06 0.007311933976659721 -0.04588159099069875 0.002894114962001878
-20.66052438278549 -2.847056399428705 -31.30441558069512 -0.0954819966830014 0.6518965781157458 0.002414533608641995 0.0004672315787146676 2.710837686659111e-05 0.01088013745948511 -0.05653356227605352 0.005304928094391686
-20.4644102797655 -2.14497009980351 -31.34756799598408 -0.08256133222087088 0.6198415345485603 0.005412665842705578 0.000783968688663874 8.245400360009759e-05 0.006807186389425409 -0.0472733709227859 0.00261742725230014
-19.95279033776048 -2.570735196292325 -31.30683443324294 -0.1244254419999721 0.6185574470651319 0.009772320936029982 0.001780299580478474 0.0001685663372425775 0.01013861516299865 -0.05610179529687171 0.004747100900909179
-19.7674466787125 -1.927126737100492 -31.34031105276304 -0.1132314630073094 0.5887645957803567 0.01007138837862558 0.002327104853056879 0.0001835495889819989 0.01031108434820514 -0.04481134329790136 0.002363172739358603
-19.29412905073692 -2.306273278904014 -31.30329662263395 -0.1516087015447118 0.5871730892228627 0.01322541199591341 0.00286951834937286 0.0003159018067712718 0.0114768509995398 -0.0533546193424328 0.00416577656120649
-19.17302862911409 -1.757808920897791 -31.32875319822658 -0.1403116891265499 0.5628311789631774 0.008728859464179622 0.003446143320030755 0.0001609744243646102 0.01540192665458143 -0.03911688160360539 0.002243381174870644
-18.67847218844682 -2.012075136013927 -31.29523858604307 -0.1759519558920718 0.5559893565245732 0.0100587736924315 0.003961806417144586 0.0002268924522005664 0.01728037842609778 -0.04407200680827507 0.00346130280736182
-18.60169273851584 -1.317233381270679 -31.32406151222122 -0.1575967601374411 0.5274596232576522 0.0006225339641131972 0.0004600761989967953 4.268025886934468e-06 0.0203338953212997 -0.02753118768702293 0.001851845534859692
-19.4893987797767 -1.24136181050131 -31.35398364323174 -0.1056940601691412 0.5541859769860155 0.002768487730121972 0.001463957569826393 3.520030831045785e-05 0.0136265582250667 -0.02579337113676643 0.001006857008422234
-18.86692189307067 -0.6434845318681894 -31.35252712825304 -0.1203838819762914 0.5110967901939105 0.004323517244601486 0.003784507623071347 4.375409574689384e-06 0.01774385450424936 -0.02027208473232886 0.0009138047894119324
-19.53071643101446 -0.6037754777848345 -31.36677855318012 -0.08188506791143785 0.5319289012581175 0.003836482338226168 0.002699340281911879 2.945648093107442e-05 0.01274797879998888 -0.01812367338154554 0.0004944956193186791
-19.14264590311376 -0.06935162867048206 -31.36810651812474 -0.08541637056139714 0.49894871776473 0.007223589148216931 0.006189614515582048 -6.207892861619058e-06 0.01452872284193641 -0.01695532016198342 0.0004234717912157531
-19.87694870848744 -0.1724707398042007 -31.37561873771604 -0.04775755571174038 0.527657936689144 0.007001372652562734 0.004180491928837624 6.258133481997179e-05 0.009148441990463125 -0.01532448253268179 0.0001953294211354228
-19.44948520656761 0.4584287649872127 -31.37538203085554 -0.04986685110823433 0.4897219893923125 0.00943475798907463 0.007079698846961624 -1.452758767347806e-05 0.01125280022847812 -0.01499577900656629 0.0001271727321591738
-20.21641778489378 0.3633247991337143 -31.37889446961016 -0.01004669563945499 0.5194461831965922 0.01110928640060143 0.005763912970921786 0.0001055209109549546 0.006885212900956146 -0.01327058677879394 6.6832269506e-06
-19.75779950764218 1.00759746139999 -31.37591902745471 -0.01307381823372689 0.4799017091984794 0.01184403052447057 0.00739514630487751 -2.75193537066345e-05 0.008737593547738478 -0.013994332657167 -6.587178837517797e-05
-20.5553161649926 0.9116454177526743 -31.37640385869717 0.02849438101557561 0.5109123189299752 0.01465888606986392 0.006342724222909676 0.00014513370823359 0.005154016844336117 -0.01190900484174689 -0.0001144616435994808
-20.08993179579471 1.576813427928546 -31.36953723978042 0.02623977533477186 0.4703220936978518 0.01484445814953748 0.007418950379963711 -4.468097749193072e-05 0.006828656411944289 -0.01366465084685318 -0.0002162501403837048
-20.91541775281375 1.466678385032036 -31.36886031691964 0.06890813135247659 0.5030323965934401 0.01805667089789657 0.005997044578033652 0.0001959003442093382 0.003631954933851797 -0.0109289446718978 -0.0002023813101460524
-20.45023215546051 2.214847808246979 -31.35488627312661 0.0701824031468125 0.4593683451651973 0.01940073870426672 0.006991314689296517 -6.989071441082001e-05 0.003834230384643704 -0.01064269619169575 -0.0002795277520731562
-21.32878536635965 1.989666912864115 -31.35833480255399 0.1115716354379715 0.4983682356192551 0.02251325459339854 0.00342837800291388 0.0002728321548984437 0.0008711255651166281 -0.005708580847018807 -0.0001491709308574724
-21.02774794737351 2.646638290613295 -31.33820360320046 0.1192860200680795 0.4638400121862352 0.02675891297092303 0.002941468551288553 2.89257199248334e-05 0.0001343225960155173 -0.001221600335242025 -3.552853489492818e-05
-21.76176861694969 2.481713457886384 -31.34917208057973 0.1545669011882268 0.4957225740680681 0.02706951216490718 -0.002699747675505681 0.0004323765415401455 -0.0003376317298710703 -0.003401969804726299 -0.000103922967898982
-21.43580134299796 3.102936828317805 -31.32660166679547 0.1599512822261242 0.4616590934876185 0.03208748647035931 -0.00610019800133952 0.0002051397367046173 -0.002020422944578226 -0.01063711139170978 -0.0002836688498836952
-22.14724772018789 3.009153091763509 -31.34466690189071 0.1966148608312902 0.4903290305771077 0.02877033367312705 -0.01270584986485657 0.0006510894635439159 -0.00463815880738847 -0.01052191986932669 -0.0003817564960182154
-21.77017103848996 3.640417470147453 -31.32168344109788 0.199899486950034 0.4541027779170734 0.03429922376853185 -0.0205689828735992 0.0006041269448181515 -0.007845772792967861 -0.01309396925295817 -0.0003736179132604518
-22.48066252330614 3.58227965378989 -31.34844437181306 0.2379454752116464 0.481653883392262 0.03029554565613501 -0.02979013319056136 0.001242865174351199 -0.01047006322386757 -0.01067123582445649 -0.0005642270067745889
-22.09616462393468 4.220072823650954 -31.33022514446607 0.2414702269654027 0.4449203163922031 -0.03836341553022379 0.03961722131579934 -0.00207038413254711 -0.01095648937477491 -0.01063133173173723 -0.0004131926281186403
-22.78580606483874 4.166870132406213 -31.36828319477156 0.2786375484208461 0.4717699722245205 -0.03511471429126571 0.04753535162988768 -0.0033032369783013 -0.01126365794079768 -0.008360866088346687 -0.0005802123755867991
-22.41487318840299 4.807108802640951 -31.36194531341895 0.2834583965798759 0.4354215122759992 -0.04190444214446371 0.05649981657078035 -0.005362897446359061 -0.01040990397508082 -0.007760986523957707 -0.0004238559811086593
-23.08588180530291 4.745239719263774 -31.41274716231173 0.3193729657867739 0.4621371293329403 -0.03940583844190151 0.06042151684195479 -0.006930382166559691 -0.01149462927093728 -0.007565369234261889 -0.0005996178137919108
-22.72404220367769 5.473941861654258 -31.43200280168073 0.3289119637577205 0.4229350227452006 -0.04193165952425844 0.06680607473663194 -0.01019733980114565 -0.007934356710870871 -0.005035555501319744 -0.0003633254446376743
-23.38182296883446 5.22941872817447 -31.47812896637581 0.3565897580772126 0.4558863569914478 -0.03951743109773954 0.06604764726651209 -0.0108012729856775 -0.01249768198332897 -0.007591001944408806 -0.0006935786342953046
-22.70460024031033 6.162708679604009 -31.50370769610709 0.3569935007239751 0.3976038925854847 -0.04038140663190531 0.07608228222565398 -0.01517667837228306 -0.00821476482761683 -0.004447396804494955 -0.0004377993521772614
-22.03286470525374 6.088790226056366 -31.42004813858517 0.3142332632664925 0.3753112603560257 -0.04845572802801679 0.07771202793654626 -0.01296926086999279 -0.007105166855973589 -0.004474035419035133 -0.0002621840011166654
-22.36252435178507 6.701478479288607 -31.53982293297869 0.3600058156963867 0.3654869720153113 -0.0370539340801828 0.08126624992578078 -0.01828985185260041 -0.007761849715088576 -0.003638271029295111 -0.0004407676533530877
-21.6876112423482 6.817917290159791 -31.47011568571999 0.3245493954473764 0.3360656753795913 -0.04873230917993639 0.08893918000931512 -0.01935808711479199 -0.0095889523916723 -0.005337993098678195 -0.0003856236613096243
-21.36220493026574 6.38550626171889 -31.3809864305397 0.2868122849130273 0.3397083213289707 -0.05710294641071006 0.08682061129986166 -0.01334587383594125 -0.01346234547152523 -0.008911353318755649 -0.0003708674816868351
-21.32746846352825 5.696459678323041 -31.33363043352412 0.256435359660289 0.3635119491597698 -0.05235912673384674 0.06451632732104488 -0.0063599330090486 -0.007343692255776277 -0.005973026430624447 -0.0001333999555739211
-20.67512870739964 6.436942857196579 -31.33714411061726 0.2479702402727931 0.312417607796213 -0.05725180743668869 0.07928881031539332 -0.009235697258859596 -0.01444645578949817 -0.01044192978956972 -9.122055273675233e-05
-21.086162732193 6.889416241043699 -31.41149114892482 0.2913807974287221 0.3110715845687967 -0.0614874074913838 0.09127246797030072 -0.0178308412810244 -0.01405149561719519 -0.009488969130175835 -0.0001173020439309006
-20.47277346099582 7.305970449082482 -31.41114749491702 0.2718039880650617 0.2729283605218074 -0.06802650367141989 0.08666075663336616 -0.01719014828606043 -0.01315009933135553 -0.01028858137115635 0.0001709720059838661
-20.65215807751612 7.887189424560083 -31.519409405413 0.3074880052885982 0.2581417334304731 -0.06723120830672763 0.09601561939708607 -0.02691500417788324 -0.01519332894592474 -0.01064029442900426 -6.26405000695746e-06
-20.09286364902998 8.000464389844085 -31.47521274029319 0.2778643266586696 0.2330009517039822 -0.07605739949985552 0.09820222454211287 -0.02414547615774217 -0.02509479493022615 -0.01923594703142532 0.0008130737860245278
-19.67236880422244 7.574884368894048 -31.38584066234093 0.2342027259945805 0.2331226701765906 -0.06488831504086912 0.08320378792950589 -0.01300707042369786 -0.01950689405685921 -0.01509834572163545 0.0007326731700979997
-19.91853299713107 6.850132752067884 -31.32866963835935 0.219377693503002 0.2692039148569632 -0.06359714153686123 0.07771000394592767 -0.008398726076622098 -0.01789288380234844 -0.01459812741082821 0.0004186021725052874
-19.18383699576843 7.125760228326663 -31.3318252796913 0.186006290579943 0.2316939802405611 -0.05657043569641856 0.07651615423207325 -0.005479720081457654 -0.01333194666769236 -0.009818652711444933 0.0005307728149343268
-19.45265963607021 6.426036712614311 -31.29980525569852 0.1741552276515464 0.2677430228931331 -0.05523862330388614 0.06903589208580677 -0.001680668494881563 -0.01686735548161378 -0.01348480686132911 0.0004723265220696921
-18.72626538652781 6.639704450239746 -31.31828890942028 0.1386291753683636 0.2329517210909902 -0.03741886990895466 0.06159568257476376 -0.0002031510508852115 -0.007085975706175216 -0.004303822822668975 0.0002574374290148666
-19.04582463128925 5.940824061588318 -31.30678609688139 0.1303597117314854 0.2708945982244483 -0.03192486082423429 0.04283785390048082 0.00141438504861882 -0.01098141421091806 -0.008193540124393283 0.0002923916935230401
-18.29173915774525 6.129816990538689 -31.33585312690712 0.09201736376406895 0.2361558767319885 -0.01617120057290045 0.0350723025413802 0.001180926851155789 -0.0005141566753183856 -0.0002376987108378122 1.872290202300661e-05
-18.62283375982221 5.435318516128712 -31.33634939962614 0.08506950331933737 0.2744161899837033 -0.01086553205030668 0.01537774725113694 0.000916028231133103 -0.004257564523515638 -0.00301537182030528 0.000118906743968674
-17.85036096684225 5.622880967357755 -31.36974273048247 0.04541595077681097 0.2392320960657695 -0.0008566965093145483 0.008921759043770766 0.0002821643486061047 -0.009854893977782189 -0.0009598032749261146 0.0004269861819080734
-18.17358024098325 4.937660608532173 -31.37449464306038 0.03882360336231343 0.2769185301687298 0.0006959461015238337 0.001090654676547848 -1.870810357807714e-06 -0.00760588388962422 0.00485416837860139 0.0005004255196022638
-17.39145359719175 5.127552303898417 -31.40444292753807 -0.001438015533718071 0.2414806487396925 0.001465487725298454 0.004252016943086143 5.395121073667656e-05 -0.02623826319912287 0.009028429071734539 0.001164371811867999
-17.70318140848975 4.452805061715153 -31.40848534762387 -0.007832009124951573 0.2784185226731691 0.00378391614256105 0.005754348592263927 -2.393255647472224e-05 -0.02256451668948365 0.01484258090038272 0.001134252384783299
-16.91416218594386 4.640992487905268 -31.4279529809969 -0.04867704566971612 0.2429869387327069 0.002930779836414098 0.0079779376189073 6.892658497702325e-05 -0.03917681248838887 0.01438510888884056 0.0007995570882490462
-17.22188163424578 3.971500368317782 -31.42984444529529 -0.05461404099818262 0.2796438692245395 0.00477870048634679 0.0102935044350478 -9.8313442681117e-06 -0.03200581895190306 0.01485920886261527 0.0007231704079797809
-16.4173202991903 4.15023217933155 -31.43346463613424 -0.09687127782401292 0.2442137050473934 0.001710902040621312 0.009088550532254916 5.487922919182077e-05 -0.04619013821049798 0.008698231617594112 -0.0005013896376693009
-16.74753014201647 3.484043663221203 -31.43579347886884 -0.1008130132024638 0.2816016348580742 0.004054249289846816 0.01568008864124038 -5.230107195242199e-05 -0.03686722063228181 0.009532212541953253 -5.669983374088802e-05
-15.9678622509112 3.624146636905818 -31.42393990081818 -0.1430582877345455 0.2487476663163168 0.001389929887442451 0.01446609151028693 4.928689238504711e-06 -0.05199498940031561 0.004996401082731727 -0.001827163309749984
-16.30458668092916 3.003879818235239 -31.42774169774847 -0.1445000299711472 0.2846191058438876 0.004972606975476737 0.02295218687766898 -0.0002431565277886189 -0.04424836466841763 0.009575750726958515 -0.001008842438722075
-15.61387256251966 3.083988138219051 -31.40384396180397 -0.1835403163598596 0.2574085123234218 0.00243710790490948 0.02333842680732821 -0.0002110759695768771 -0.05889161572816903 0.006118336495640956 -0.003472085142424638
-15.93615201367228 2.602514313628993 -31.40953851471375 -0.1806676269965394 0.2873726222450112 0.003647655864983515 0.025012106734107 -0.0005825643306316246 -0.05263021321867782 0.007621700632063743 -0.002303807746689271
-15.36852502960418 2.52489589792004 -31.37453044489627 -0.2177315657594994 0.2707383414269448 0.000365205374011206 0.02358588395223922 -0.0007013862378830212 -0.05994901323315004 0.0007949964550625864 -0.004481136780433619
-14.92172589726445 3.03805006446548 -31.34781376142642 -0.2275471681385013 0.2350563079796552 0.001347723659551077 0.01902302849366336 -0.0002463199432000112 -0.06253759010100321 0.004347398868064511 -0.006425371934391174
-15.22158279062221 3.642302517080403 -31.38305886237698 -0.1881397716454796 0.2217806614703256 0.001537173431588752 0.01529143769414159 1.017582801815836e-05 -0.06190939039798658 0.006226709700165318 -0.00490115731665795
-14.49991564270957 3.606860743737873 -31.30889140837763 -0.2341850963911113 0.1977442395869519 0.001450623849514408 0.01630722708410413 -1.297128596009395e-05 -0.06273623596216889 0.005574386794274702 -0.008009137022843386
-14.82323191028047 4.135409774269289 -31.34996556509573 -0.1955919470434847 0.1882342308927691 0.0005364371879701295 0.009334111463222544 5.054168681629689e-05 -0.0637710204137482 0.003700172561689191 -0.006503072610584479
-14.1392214668794 4.247416800585391 -31.26317360868007 -0.2347173810186178 0.1593939861876986 0.00059172678895559 0.006815410492197429 6.876109962441285e-05 -0.06125229389526742 0.005409127990574506 -0.009028425682261842
-14.7460945809266 4.840131654444726 -31.33920005574864 -0.1755216600301227 0.1575270118740113 3.727740140445591e-05 0.0004681709955100247 3.453794888979696e-06 -0.06224620140025822 0.005005152995994347 -0.006627731538912554
-13.73666946528273 5.030985753702863 -31.20209937915932 -0.2330253240680462 0.1134142246447481 1.87763361203934e-05 0.0004335110849227999 4.029717206486335e-07 -0.06254978723027008 0.002718867077846927 -0.01043047729725781
-14.37570504945999 5.626019765991633 -31.30068128564486 -0.1707647054368103 0.1128457428337941 0.0002808708617194524 0.0022331862252318 2.022444608806151e-05 -0.06624141876977886 0.00840599516537433 -0.008250818863744847
-15.15499206780267 5.520524000690427 -31.37810923290476 -0.1251927740058905 0.1454006364315336 0.001038472527641177 0.004991505831453454 9.817766280974377e-05 -0.06597945348932287 0.01382083361091671 -0.004776256773465693
-14.85722913028948 6.170010833291649 -31.35184783476462 -0.120199405619914 0.1088506173572913 0.001716147466655221 0.007905025596400906 0.0001860254261882738 -0.068757730211047 0.01505996649178445 -0.005649851772309817
-14.16223784745339 6.321018027324992 -31.2777250428953 -0.1591908941659539 0.0772409161615724 0.001635136600156396 0.01442123398227436 0.0001856497271601699 -0.07628841055244022 0.008780507810600304 -0.01014698694481169
-14.58476315470474 6.807968540823008 -31.32271813103111 -0.1140128974022818 0.07345754682513524 0.001103164577111857 0.01066979767718116 0.0002342213245535261 -0.07281283015074932 0.007676742139023509 -0.006766038338839636
-14.01169347608484 6.876377323624964 -31.25650992151502 -0.1485634267791804 0.04939344947303568 0.001193499038584507 0.01536298709921972 0.000321131617432888 -0.08279086860366713 0.006675808513468773 -0.01167601626150247
-14.221040200827 7.464039673703477 -31.27258664344821 -0.1131220562495229 0.03366925332638463 4.561507138494404e-05 0.002157913159060519 3.879007150991721e-05 -0.07613229865558467 0.001774833866169256 -0.009207436418033099
-14.97810684294279 7.329456076990749 -31.34479636291201 -0.06916569204548953 0.06739695742370518 -7.827675890339636e-05 0.004636390893742026 6.547049547841407e-05 -0.06388919699471253 -0.001017552092542317 -0.004326681993857259
-14.71225131217687 7.913564638187666 -31.3167885874207 -0.06412331573249742 0.03428176357672696 -0.00103942098425783 0.01832372089957681 0.0001069523816466677 -0.06578607754724727 -0.003698119468693178 -0.005760698990622157
-14.08033510442679 8.303501052722467 -31.24359641180781 -0.09065467444553657 -0.005251291343697019 -0.0002008110647095631 0.02294942056097758 5.518648803956081e-05 -0.06909832319517009 -0.0005825597596069987 -0.009174327690170413
-14.91953616600404 8.592383136229444 -31.33025821896604 -0.02442735250543512 0.01530968246198096 -0.004561545499618539 0.03297937320236357 -0.0007100196817490827 -0.0548832718434145 -0.007684659321224206 -0.004341719089269031
-14.21810161833957 9.094001058151662 -31.26778115352703 -0.05097094553035415 -0.03137859861558839 -0.001692457706644679 0.02667928846074409 -0.000727595903262134 -0.05943682824420651 -0.003969743357972812 -0.007305717525653888
-14.79957328944006 9.333802806292368 -31.33618315160847 -0.003110115473265997 -0.0184174602266205 -0.007319487083941452 0.03433995883515271 -0.001794739536981041 -0.04670658848586008 -0.01017183436624301 -0.004141047825834872
-14.2692656106152 9.912976320241048 -31.29739027668366 -0.01520529623972082 -0.06165157602458034 -0.004507491155070079 0.0283682949269991 -0.001757929575901021 -0.04657244172700334 -0.007754240398236946 -0.005716787256623486
-15.07517913010168 9.869823372280896 -31.38519174822961 0.03648419956892508 -0.02872248168961671 -0.01261822091625543 0.03646349098517204 -0.003304931021204286 -0.03761527254789589 -0.01328364249314571 -0.002944133902381023
-14.72414459438616 10.45002136889255 -31.38196418212904 0.03676124106891159 -0.06486685196961121 -0.009323598127364236 0.02836260218632479 -0.00292573787327994 -0.03383091851463495 -0.01146807179104343 -0.003362731033893293
-14.01088468184455 10.85470041978601 -31.31020491489907 0.00549014652042858 -0.108492549095062 -0.002941051662692851 0.01924580661707983 -0.001650620442255597 -0.03627640252335348 -0.005985086941972212 -0.005147792730696873
-14.82541728476447 11.10081331419967 -31.44139916273038 0.0702008592673921 -0.08604205894921815 -0.00842431252593223 0.01687209740259782 -0.002442530532001149 -0.02495450750427493 -0.01279146664525872 -0.002290370966036498
-14.25479621290401 11.66217642808629 -31.40406318276466 0.05520037564656723 -0.1299589265813996 -8.408429682336781e-05 0.0002296705986673742 -2.95299008881807e-05 -0.022219767038424 -0.008487670954723737 -0.002744167099138129
-13.50704783743736 11.61178822224726 -31.28042310299935 0.002492695596190752 -0.157674155099211 4.452502711251062e-05 0.001861570951483043 -0.0001238597587230515 -0.0332723405562288 0.0004124873187138513 -0.005761172654836899
-13.7971952109541 12.24481174456904 -31.37276618855058 0.04854052958009585 -0.1702848229576425 -0.00218000434279887 0.01616350051619196 -0.001405341556090161 -0.0219856516319199 -0.003262346408904077 -0.003417049618051378
-13.10574211794146 12.2397127354526 -31.25295550974042 0.001220588862287596 -0.1977432687075605 0.003393199035841071 0.010557165602493 -8.145716094049894e-05 -0.03343883702720656 0.0106947626485509 -0.006853285749342772
-13.42607845292436 12.95027104244094 -31.3506887864684 0.05287686927318867 -0.2117548495564064 0.01184872386365934 0.01009777159634105 0.001505827643187395 0.01622465211303384 -0.01959606072259313 0.003742209620732292
-12.74085423008489 12.75360680424257 -31.21914345856668 -0.002221682877269753 -0.2319241583049884 0.006383369469863403 0.01344089284853043 0.0003895182783024089 -0.03738566055782494 0.01799454252185879 -0.008256951876942479
-12.71249190416529 13.41512416659459 -31.24867144143774 0.02381939579127476 -0.2578518600501464 0.008000949788714929 0.01260185630971178 0.000900359652121374 -0.03411248243088597 0.02218068849643521 -0.007314399494799776
-13.36454660219945 13.81570945290315 -31.37559711842225 0.08519447037822309 -0.246562420714392 0.00916426485043632 0.003936623244520408 0.001394708321977102 0.01027737440639924 -0.02479689841755781 0.002460346454638346
-12.66214818781659 14.20152228148224 -31.26883424171792 0.05389787801275917 -0.2889742500027741 0.01064902422591776 0.01064525853204196 0.001568672805735295 0.02790251972233564 -0.02875114454262781 0.005691918817254405
-13.27129261866164 14.62904509215703 -31.37632862653899 0.1133752124702962 -0.2803192168002943 0.005371429550012491 0.001197172704069964 0.0008554094399444227 0.005386669616667421 -0.02495817202031234 0.001104881343301744
-12.60962150725833 14.96541797566383 -31.27222111589371 0.08309408922841663 -0.3189897250093212 0.01609427168912143 0.01013445638625966 0.002635605762216216 0.01752848135613065 -0.02862909046501798 0.003047545110080037
-13.15271555563425 15.51927022529088 -31.35519566988998 0.1433274447778995 -0.3175223859252378 0.0007026953329592075 -0.0002091326972497869 0.0001111990038649745 -0.004112724965313811 -0.01424338535605933 -0.0007982531814561432
-12.47770517775667 15.58828870941676 -31.24703446678413 0.1010446978423951 -0.3467777595945756 0.004886788418405123 0.0192513991571723 0.001078992136453713 -0.02333539927131474 0.006136779524738651 -0.003805804633462985
-12.5699277902321 16.25612972739937 -31.24767069844353 0.1360991571563685 -0.3670270002099594 -0.001128970862387388 0.003692127303559755 -0.0001176297015013952 -0.01133756909884482 -0.003529666136751252 -0.001973919427546779
-13.32034623605957 16.38326600501842 -31.37035743543534 0.1914142761216813 -0.3421377770808818 -0.01031191471762817 0.01212141317804137 -0.001612276118728309 -0.0029511119425589 -0.002581084593073882 -0.0005301685712234702
-12.78698533593247 16.98151287149638 -31.27159862827575 0.1819377387056052 -0.384180264948858 -0.006577432370830834 0.02538794626075456 -0.0009495268863251688 -0.0009181692324068661 -0.0002438661192250192 -0.0001601470171721443
-13.4401724302942 17.1351794415043 -31.38497621765915 0.2315141127001465 -0.3643199853524325 -0.01349781981591757 0.02889507971808697 -0.002486304021189566 -0.004107769256389277 -0.001981862078004664 -0.0007320639192061738
-12.91900654812239 17.68650597238968 -31.29590363700574 0.2212105167480555 -0.4037162217537222 -0.007611557053839564 0.04002583875095021 -0.002060470039734287 -0.0084381494830427 -0.001680005545508278 -0.001463828538171364
-12.21626717384564 17.562268674054 -31.17226228866537 0.1699318905193067 -0.4266490353781646 0.0007077735211580348 0.03847102901339321 -0.0002870708073139151 -0.005682392256695075 9.717783140382171e-05 -0.0009869188977385543
-12.38490367767159 18.36336996130597 -31.22216414943679 0.216358961648167 -0.4474113364533842 -0.001386080104002149 0.04651791702327415 -0.002389380208069996 -0.005423574140433808 -0.0002104394436448719 -0.0009507471274716961
-13.16752271496139 18.33703512859207 -31.3621355608895 0.2656324841287179 -0.4167075481132057 -0.007317011060742906 0.0454800639585323 -0.003605017515898969 -0.01213124356428035 -0.002121168912993208 -0.002137702370484687
-12.77123092958661 19.15759305322753 -31.34481506908555 0.2761991194056618 -0.4594823956920235 0.001078775566462152 0.04960154123002494 -0.004135753594362445 -0.01239454343125955 7.873832517806859e-05 -0.002288673179489273
-11.86183282098604 19.13410387411662 -31.17774500020879 0.2175897898443383 -0.4929602060467455 0.01409318535196733 0.05882664735330723 -0.002640262457679434 -0.01497315397730942 0.003458176238368784 -0.002873396250283904
-12.12703855210687 19.87754943247355 -31.30285421497509 0.2678346155146547 -0.5072048667453095 0.02492206067421704 0.06749942589031238 -0.004582592915031295 -0.01747892469866545 0.006191485149462295 -0.003860069875526021
-12.87818377772468 20.03325380117262 -31.46031117337646 0.3215937295961291 -0.4846935314054363 0.01801607119349949 0.0505341284340128 -0.003387953334447412 -0.009925334388552814 0.003387740857057097 -0.002248850158091951
-12.2619978913222 20.67778171396103 -31.45411786005115 0.3123361741771256 -0.528151579544894 0.0466141501391266 0.06616538799766715 -0.005000221298793237 -0.006644306133956028 0.004540444504228927 -0.001859599973426724
-11.64711870026235 20.38587252282004 -31.30183688160827 0.2615977023148791 -0.5412030598473466 0.0532912947435714 0.08396408789374529 -0.008082031082659187 -0.01870969957296008 0.01141378535763658 -0.004790384637398263
-11.49104074957155 21.00483159975461 -31.41954123614941 0.2812011044583548 -0.5664339108678756 0.06314129975627669 0.0680400134777456 -0.009616833896044357 -0.005431126239609059 0.004795049306032368 -0.001733746332802573
-11.0114406115471 20.49536297694068 -31.24845705732493 0.2287193364018117 -0.5680605887061315 0.05932073061836399 0.08761411630096824 -0.01322881612156353 -0.01449524244219895 0.009278462292812225 -0.003548624254323178
-10.65447993846822 21.24145045325952 -31.41776703989101 0.2440996708195299 -0.6041832127718869 0.06531097837593604 0.05993118097189506 -0.01381372725785395 0.0001353405236277051 -0.000136643163325409 4.705723879411456e-05
-10.35387941580676 20.59088011500944 -31.21286498741552 0.1948020212179385 -0.5954196323010544 0.06364935958739977 0.08868540464529197 -0.01840202680757269 -0.001815307269470609 0.001210382034743321 -0.0004455989938118085
-9.760747636015168 21.03957490382532 -31.32096843782888 0.1837429880352893 -0.6310551098585588 0.06895937467847027 0.0685029381224858 -0.02098167017650676 -0.008373599073994483 0.007609870382952938 -0.002675653344802581
-9.793506600839617 20.27674066115371 -31.09181928495167 0.1464833852385071 -0.607143566579656 0.06846712514886856 0.09959724640388319 -0.02139244069492614 -0.01096284933496799 0.006964504917451937 -0.002662120974089438
-9.142845966498353 19.9549912897554 -30.95450237316922 0.09171814622661473 -0.6227849924152997 0.07558987195979354 0.108460943677749 -0.02421074757830243 -0.02107129129475303 0.0134704938100596 -0.00544195259264234
-9.839443744211357 19.54477687709274 -30.92849327987208 0.1118775674016159 -0.5836228326321582 0.06063979806953562 0.1002325356569951 -0.0119854611310465 -0.01691053388695273 0.009752451130033847 -0.003999717156852344
-10.57612773664114 19.86740722166377 -31.07763661916046 0.1725028948607298 -0.5650216019632855 0.05494153475897928 0.09590222864721799 -0.01076403304332006 -0.002465292914279434 0.001352793648744756 -0.0005305679110739163
-10.52582491174916 19.02017741217793 -30.95005162949979 0.1283996422146235 -0.5407518668183126 0.04107115087893796 0.0792148809982931 -0.002626510813850744 -0.01650648816393733 0.00843794068966008 -0.003628387216279056
-11.14344803290457 19.23909374271819 -31.06812843392254 0.1774184588993541 -0.5237122190870147 0.03476204123209338 0.07238501654445256 -0.002155152476054431 -0.001668514617375553 0.0007912407051534122 -0.0003373322307646612
-11.37302376541606 18.29442958267502 -31.04306715113625 0.1481625565785297 -0.4842985598469246 0.0151384458129515 0.05080788703625602 0.0002690678492515525 -0.01159346409109543 0.003466169987689997 -0.002236407126459074
-10.34513010750999 18.22204946355806 -30.84501173011423 0.07815270213541778 -0.5229164123029232 0.03213025656017384 0.06623172950815509 0.001327885091726799 -0.03073703929605468 0.01505480854195429 -0.007167072455810833
-10.90948993968493 17.61432000203497 -30.9310155512503 0.08639588418734775 -0.4803387761195875 0.01462094983229541 0.045179336752655 0.001770355430215938 -0.03464779028914818 0.01150143848917954 -0.007367875852744298
-11.5792565805108 17.16123698201451 -31.05867864775107 0.1100929843534754 -0.4380919184454023 0.005642687766387446 0.03103494266704475 0.001051515901668208 -0.03156299765207825 0.005940968579780814 -0.005969932103123719
-10.82895589044346 16.87241846825304 -30.90526036366389 0.04660365393542459 -0.458814679238625 0.009582938628385435 0.02571407880986652 0.002006342629029351 -0.05326238234941795 0.02080106059565335 -0.01219630678993514
-11.4761650319477 16.36754622086796 -31.04897043725597 0.06763476102881404 -0.4148203012514676 0.002159630184955118 0.007209857497141606 0.0005400652647861275 -0.05182266109565038 0.01629651534148236 -0.01032795572848565
-11.9791870737505 16.52104780782878 -31.14082492598402 0.1082714514088349 -0.3998736385458407 0.001607556431687489 0.01139289466536294 0.0005085601244882813 -0.02952346421454366 0.004396870932595551 -0.005176285913334185
-12.00933127451281 15.94162536224411 -31.15948318270239 0.0848459459821797 -0.3782074390666346 0.002597691470391331 0.01013178081148449 0.0006612732061818589 -0.04010485018859249 0.0107479244762142 -0.007131073315959872
-11.4924652834586 15.65445469199473 -31.06259026854237 0.0370766300716427 -0.3890718528370326 0.005060757385739075 0.01302041669821563 0.001161780717601355 -0.06528120544990207 0.02662162374654477 -0.01398912160131067
-12.03114379623066 15.28217575533741 -31.17264039472199 0.05757172740064063 -0.3537504633988332 0.009520401215412994 0.02457718690122862 0.001831800550689041 -0.04999577028343771 0.02006054133056571 -0.009308808998213073
-11.52352389515243 14.96526420233501 -31.06828394721371 0.008875947958274911 -0.3632033501494586 0.009501386221247762 0.02717025937287217 0.001763772028220586 -0.07723742287353362 0.02817874119563466 -0.01800749820439985
-12.05899733659351 14.59483627788104 -31.17146506634368 0.02964130859548856 -0.3277924514027172 0.0129274422136713 0.0255575150191662 0.001874986771307066 -0.05319038085045488 0.02769762532720103 -0.01080908987620549
-11.5608926943613 14.36432958285092 -31.06212643164641 -0.01480983052272392 -0.3399642640074366 0.009155704569243844 0.03014275653955482 0.0009069288990583654 -0.08170190531633856 0.02542188931606047 -0.02011989322177023
-11.97035224602633 13.79955991795729 -31.12172919738582 -0.01091167694633103 -0.3024040245921936 0.006680953129933312 0.01699272099724558 0.0005457569067479367 -0.06022293392364387 0.02412823907426906 -0.01403158761396013
-11.22756892390388 13.88083048568077 -30.95056542332809 -0.0595699496616621 -0.3364513373169795 0.00423966837992302 0.02186283181028441 -0.0001918120068020364 -0.08822950863845952 0.01688733037317448 -0.02533206527689033
-11.4583049283194 13.17239932389667 -30.96370146974416 -0.07394346788969558 -0.3005817036118603 0.003300256059771558 0.01567799272240403 -0.0002551557323032808 -0.0777965976499862 0.01602599093634138 -0.02152929704974903
-12.13999552560837 12.96546468975464 -31.11042797360802 -0.03483492972938337 -0.2644375071475897 0.004860918540530206 0.01372115036170368 0.0001720835748171184 -0.053746757117317 0.01920303411072872 -0.01295364924666589
-11.64596812550898 12.4551088126007 -30.95618311226749 -0.09133486736991339 -0.2658014421666503 0.003783326403425287 0.01399590622202755 -0.0001876464207599061 -0.06972991733539251 0.01858682750237503 -0.01956628141661926
-12.35009253587343 12.18242066904104 -31.09880847631552 -0.05335515392315204 -0.2262566103881876 0.002143653995569276 0.0069025579253916 -6.166806576719201e-05 -0.05082345879605614 0.01567437392273349 -0.01223707216227022
-11.77316422996684 11.84184605767539 -30.93547562285042 -0.1082460894252606 -0.2371411214340402 0.0002357945254343251 0.0008511114843474226 -1.648319871906184e-05 -0.06848386055624119 0.01859577154340234 -0.01947708599225881
-12.24516806139603 11.31917985882574 -31.00461280226137 -0.09675450328115902 -0.1974470047355727 0.00338202345834281 0.01490881840147042 -0.0003904457436431317 -0.06118723998384316 0.01347002985805808 -0.01566018341853138
-12.84666623691244 11.67030242902001 -31.16336551326278 -0.04032732657946136 -0.1864507186564502 0.0006135558537313023 0.003240625305472041 -0.0001169477315195907 -0.04492374248899645 0.008159669350743448 -0.009583718972349654
-13.0527579226049 10.96865717177642 -31.1534180855729 -0.0550570412408674 -0.1510315662667636 0.001468483001454524 0.01872376991072991 -0.0008731261389445298 -0.05048130697876415 0.003491433547226271 -0.01003078753688647
-12.46557796280095 10.66986582460435 -31.0112801564165 -0.107840694008514 -0.1630739802142187 0.003405802733637588 0.0217952240151589 -0.0005081182586593455 -0.06478222651784263 0.009753751578397238 -0.01584332660562272
-12.86321043098292 10.36295856798085 -31.08301859999996 -0.09254763752609081 -0.1348961325623602 0.00193152641943177 0.01966124012891653 -0.000602742141312827 -0.06380704247799548 0.005847967216634615 -0.01371515282101073
-12.38749640995029 10.09537162359003 -30.9596125558082 -0.1363033539580345 -0.1435203577464949 0.003191952930810563 0.02258334897589236 -0.0003799842460581775 -0.07057846110498622 0.009670831995730893 -0.01811483502473899
-12.96763564986078 9.796829453557216 -31.07867688035209 -0.1078438852387809 -0.1082949350297708 0.002318014335856719 0.02409183782607839 -0.00043917410298165 -0.06747251582911648 0.006231448721441605 -0.0142886543334703
-12.44056382998189 9.402944419050698 -30.94292877652931 -0.1597180297893759 -0.1136328259243657 0.002845043971886267 0.02593374170970396 -0.0001590636252815782 -0.07330122622010345 0.00792534252805167 -0.01893220842050931
-13.06853239556661 9.114228909225364 -31.08047689749718 -0.1275033841034385 -0.07699734983960217 0.001604209123275671 0.02374684421599337 -0.0001426215330854546 -0.07196845300775094 0.004771651020970919 -0.01501032423838563
-12.54386326352605 8.685996962695691 -30.95201644803537 -0.1799309517950947 -0.08045665344095969 0.002027738624877476 0.02320144066036302 0.0001729510058421145 -0.07563575367506443 0.006753951882367444 -0.01926484704049911
-13.23185125305112 8.359633015592712 -31.10466183780695 -0.1451901868235839 -0.04019796912289889 0.001337765981064066 0.02001991777278422 0.0002382923329160336 -0.07564711176371 0.005232863710102844 -0.01495376903485429
-12.63127839918527 8.061422040449564 -30.97088520110416 -0.1972075206730747 -0.05149354753811492 0.001221068356866713 0.01551838174331304 0.0002928722761934355 -0.07528044026570277 0.006280487086722078 -0.01891757293748564
-13.052308824812 7.635599578813462 -31.07159626635528 -0.1842610090059071 -0.01773652052245896 0.0006285771535403338 0.007264451081425658 0.0001799937201492267 -0.07666891141229215 0.007053559366010558 -0.01693342890637474
-12.3246785536058 7.414013654828906 -30.88840333727033 -0.2420162308403017 -0.03689058033923894 0.0001224983537067153 0.007188048490092659 6.959487478626584e-05 -0.07154662562730182 0.001413725215961305 -0.02008167348060552
-12.96108632189103 6.944189037430472 -31.05571515305494 -0.2156310796178376 0.006978634175975119 6.267804074374396e-05 0.005127078824097187 4.948472013351244e-05 -0.07206940812936513 0.001041913635799217 -0.01666785297176679
-12.34966939601054 6.591291761163038 -30.9023574890239 -0.269625725176042 -0.001858790224407558 -8.417698246898623e-05 0.003905907911109816 -4.783628674377128e-06 -0.07108996571009651 -0.001556248416640297 -0.01973903313474262
-12.96965910356532 6.224047063969087 -31.0607198907087 -0.2408863854598984 0.03673853921989668 -0.0005350984632664208 0.006885023658506715 -0.000121591691085556 -0.07059874003067644 -0.005770525037547831 -0.01606132860828055
-12.3775242165301 5.859130825008705 -30.91326467047308 -0.293454279463406 0.02947170600126446 -0.0002255814622486592 0.006948441901277362 -4.370181327504782e-05 -0.07625723952102052 -0.002606667651238462 -0.02082428769359867
-13.00806885818548 5.498319467689923 -31.06717299329062 -0.264029453522879 0.06779390806905633 -0.0003164857371385987 0.005777565302624683 -9.676541204583602e-05 -0.07073849202188584 -0.004133946654157852 -0.01546444053413996
-12.40926243660662 5.149451793254402 -30.92125724495477 -0.3159099473840619 0.05995337401431435 -0.000212768673830407 0.008398083415472343 -0.0001147119603510781 -0.07814936577681762 -0.002266285367432563 -0.02096308558046163
-12.98292744989049 4.856628355761511 -31.05845450343544 -0.2880537749681337 0.09305714995490058 7.47539526771241e-05 0.003781290953907811 -1.785326626911482e-05 -0.07022279675395127 0.00131561574747015 -0.01538685955453765
-12.47730506980338 4.336040520801552 -30.92952442533058 -0.3392876636963706 0.09589467458883834 1.856769589979812e-05 0.003120603830833432 -2.640442926763741e-05 -0.07571468135160761 0.0002819187082819684 -0.01992433057749314
-13.32962605140606 4.276419281092404 -31.12417215913112 -0.285537127135189 0.129190772017042 0.0002545346928152876 0.004601680658399649 9.109929078721914e-06 -0.0629955654561353 0.003509282547385726 -0.01251828857021122
-12.95056445395088 3.605814044346859 -31.03788354479456 -0.3329079334279859 0.1428212607073445 -0.0001125158622931303 0.01192449802592704 -0.0001925251121714977 -0.06625490820010137 -0.0008628673211782675 -0.01472291852615912
-12.2922827264446 3.626323417495612 -30.87663560041198 -0.3753700795248173 0.1184039868231916 0.0002208104647875297 0.01303540889642188 -8.07631193725225e-05 -0.0827596730405937 0.001258955843467064 -0.02306990718164996
-12.54520718862558 3.003158610359825 -30.93092619619672 -0.379479231552355 0.1529659290329467 0.0010771783638556 0.02170024531232261 -0.0002926640512854992 -0.07907786964258659 0.003652522665601103 -0.02022910692454693
-13.36647842388886 2.811487943167544 -31.1073068113281 -0.3327946886133025 0.189678907495849 0.001026399791413243 0.0187907048927538 -0.0003014124256400749 -0.05913892568902542 0.003041200482342797 -0.01179075547621491
-12.74645236600075 2.275188373956119 -30.95684169145661 -0.3904373671211514 0.1896634840489734 0.003918048004370018 0.02660831619037701 -0.0001212980776864169 -0.076796578002588 0.01122164063813042 -0.01899219637498084
-13.45366244032811 1.876355336512094 -31.09085009383472 -0.3582125619180317 0.2302924457141331 0.002651013552249378 0.02533463352829645 -0.0007165267764077838 -0.06115384300973217 0.006054231841872952 -0.01219482909702671
-12.81070347044236 1.622465992404919 -30.94118342844066 -0.4076537813953072 0.2183086210608284 0.005934606399597434 0.0263135265267754 -0.0002095421782924926 -0.0811512153932938 0.01813653085233732 -0.02082843920521117
-13.19707613127719 0.995823668785575 -30.98397480058339 -0.4032625049675007 0.2567821691703123 0.002019497984765067 0.01292849327792533 -0.0004923944617684692 -0.07659434743867424 0.01129048348482718 -0.01769554927037325
-13.8747027681951 1.269510893099312 -31.13452497804303 -0.3515765261509362 0.2689775888588623 0.0009033854872152264 0.01919328381340559 -0.001069757951831729 -0.06295030811936965 0.002358843554120357 -0.01083837792021835
-13.92188752744584 0.5704616756900389 -31.09341915334715 -0.3712525658031617 0.2983680372378815 0.0004699860310074155 0.008881760813649386 -0.0005610208543138467 -0.06541865212208811 0.002756015382022259 -0.01117174735067615
-13.29534520336804 0.1192906288340723 -30.94130426905377 -0.4249455844340201 0.2952451618297734 0.0008783564607218814 0.009296729458158844 -0.0005122925281097701 -0.0860770340454816 0.007061339305384622 -0.01943998261295752
-13.96887533507276 -0.3210232778596502 -31.03319598678149 -0.3965249386061229 0.3353257447476607 0.001103448232435769 0.01352979384004053 -0.0009142723879214263 -0.06468486650547772 0.004524742798102988 -0.01110999796938463
-14.6214949969163 0.2509627397659226 -31.1719627336358 -0.3384192008874713 0.3345434998409511 0.0009140761624129589 0.00866844642089184 -0.0005035796183494988 -0.0536382194277297 0.005239648115746956 -0.007168298092196986
-14.70449055598559 -0.4320375168906025 -31.13157405135345 -0.3550059849380905 0.3641755801697608 0.001528233907954203 0.009541842624904583 -0.0005709894965844023 -0.05062025023852858 0.00768939730880385 -0.006985354137920622
-14.38975839448424 -1.167243167558404 -31.02527648203219 -0.3968297314944628 0.3826852688629465 0.0008341496957276791 0.00627726097535335 -0.0004252347157397213 -0.05760321725887315 0.007037264333008529 -0.009112523590279404
-15.27278389634849 -0.8490893766158294 -31.16124582554895 -0.3339922138612427 0.3993268474852427 0.002037331451198137 0.009649788274724151 -0.0005565076360818545 -0.04614667628398694 0.009427228084829101 -0.005472197914358576
-15.1125884792631 -1.621142186737799 -31.0801482793735 -0.367243456062475 0.4241633878240661 0.0008214795352544692 0.01674656137505537 -0.00139126219167811 -0.0443382649741885 0.001745093126327274 -0.005174199516682084
-14.40994290280907 -2.104136060245605 -30.94679654482152 -0.4235511945542771 0.4201868006696304 -0.00162136759870508 0.03161462265533364 -0.003205821976842905 -0.06973770769390726 -0.004564228171519992 -0.009740369839042674
-15.16208625411875 -2.350251216721622 -31.01557214959541 -0.3861792742953103 0.4541659216532654 0.03692296507528368 -0.007233285093697203 0.004848538502906679 -0.008216263000053412 -0.03964697074860497 0.003421845420890871
-15.7589194569089 -1.920336245220268 -31.11684464557997 -0.3384224503248256 0.4568883780480719 0.01167512313250506 0.02147640195989557 -0.0009970776090318964 -0.03111837464440908 0.01671952207035854 -0.004248093687156966
-15.77501989748546 -2.530968447032572 -31.05655554791351 -0.3559345707040084 0.481018349488217 0.02403786320812555 0.009185112685679141 0.001089280925698048 0.01526290595566761 -0.04066487073385756 0.006080868912663477
-16.40898134380868 -2.269727932449646 -31.13333711869145 -0.3116541939820995 0.4915322290394142 0.01105408904567696 0.004405311594637712 0.0003607217027812886 0.01397080470868468 -0.03542901264059979 0.004550102946348052
-16.21557810202127 -3.009090301484481 -31.03356381818049 -0.3450912015706847 0.5136905421827839 0.01329422955108124 0.00400578246802554 0.0005716277020450496 0.01325188829010248 -0.04499457075770243 0.007110953106521741
-17.13085361666964 -2.806827283963472 -31.12792405562222 -0.2873039936939595 0.5355100541541384 0.004536764629991474 0.001177183820880666 0.0002019757516291131 0.01119111039300236 -0.04414064163306772 0.005892862696812111
-16.74074093993597 -3.620067419914109 -30.98829467664071 -0.333877921442382 0.554033514583532 0.006613215539956699 0.001441180838471993 0.000331692260352401 0.01066459115654524 -0.05100047783207979 0.008965151727085589
-17.57413530321876 -3.549077325038686 -31.06746084914769 -0.2854918136753047 0.5780101211915127 0.01238774416250777 0.002261322141058578 0.0006405317598014609 0.008911956046560345 -0.0511272809370122 0.008143578866879157
-18.0712028429659 -2.934258722809263 -31.18156765013659 -0.238949462364928 0.5707717605143585 0.01479300351269468 0.002851360133114045 0.0006517224581721839 0.009102800655506438 -0.04860858767480408 0.006049855887592107
-18.24693812064897 -3.596482805505673 -31.11041909772235 -0.2500728707162196 0.6013620871530615 0.01975905381986427 0.002177926771518283 0.0009558276411463058 0.005352169436661158 -0.05202057886893825 0.007891807175059336
-17.99157129288796 -4.139523829906814 -31.00483093845875 -0.2808840419964559 0.6137310104418856 0.01904986921475921 0.002824523822074604 0.0008848651035041055 0.007663914150527197 -0.0549262622377167 0.01033374903253787
-18.78193475629374 -4.081284150228711 -31.06365181058137 -0.2363988263009719 0.6367052496033975 0.01595299516045585 0.002145305806676687 0.0005110364854669286 0.006521094429687952 -0.05063450357225319 0.008992521639350017
-18.79446699854494 -3.306480600423637 -31.18082165342681 -0.2111164504281575 0.6081066220219481 0.01615705732059785 0.001553486855867209 0.000654693072630521 0.004746202375047892 -0.05230340924758406 0.006977307604622739
-19.48320560066223 -3.669350527380063 -31.16411347666545 -0.1855869711410969 0.6438067533437671 0.009527831021608658 0.001157604570395308 0.0002614780474538888 0.006051066270288549 -0.05157169064407072 0.007825084700791206
-19.57456675468623 -4.427579282094085 -31.04200295546569 -0.2052014006695706 0.6748546117492444 0.00331503015634842 0.00071299063787932 2.798455264340691e-05 0.009117054603391614 -0.04271423195898472 0.008273726816137266
-20.22851019887348 -4.019346504923929 -31.14135391048766 -0.15727306716357 0.6806602168413025 0.000797816885168615 0.0001819541581655069 4.856662860583271e-06 0.01032890699199107 -0.04549465968474495 0.007693780995302945
-20.37727670988016 -4.894939913549502 -30.99121873485917 -0.1781517363508624 0.7174978559317081 0.01320874893396401 0.005934389302780567 -0.0004007456623987255 0.01293190450534898 -0.02837173044803658 0.006102090194347777
-20.99375443212361 -4.330426507364555 -31.12408007482268 -0.1272067923914099 0.7165276542371195 0.01319324024030515 0.004738351274915998 -0.0001147804985841528 0.01391473006232428 -0.03857512333744401 0.006951457390959263
-21.16609363463029 -4.992252741661906 -31.01879428139916 -0.1402170555617094 0.7458471442885841 0.02491156439432484 0.01359569290746643 -0.0007969883281125466 0.01335750674455617 -0.02417402433990626 0.00513655973024109
-21.71590621936027 -4.671041302235867 -31.10815623307507 -0.1008544975100027 0.7518297067221111 0.03042161236813318 0.01543202422563256 -0.0003934883333700983 0.01623350525003671 -0.03184772105583186 0.006034743667108917
-21.76008634159889 -5.416963352069494 -30.98897599531418 -0.1235504362281017 0.7795806532353678 0.04339152750333228 0.02808344950110147 -0.0006281276927498453 0.01088193649278122 -0.01673051643474476 0.003714584184808092
-22.41716257890856 -5.09731887638519 -31.09963850659683 -0.07876754924843489 0.7892027987948217 0.0550895372304295 0.03206938523982449 0.001166816566372973 0.01540267875461512 -0.02664883854273516 0.005215408227411321
-22.51223896622341 -5.934029532624457 -30.99481705427469 -0.1019671047437921 0.820852814251403 0.07181677777956171 0.05042250016710106 0.003748744120709945 0.003825276032721371 -0.005542325871023247 0.001264137593223257
-21.76217332176266 -6.160296802145181 -30.86700810707233 -0.1481064342253159 0.8056744350283742 0.05025893505194701 0.04883461256707249 -0.001715409688659227 0.001430898076897528 -0.001459065091998934 0.0003862255408844412
-20.98370338845282 -5.694464263027546 -30.87554158418489 -0.172875766045545 0.7654358206113229 0.03160535819285357 0.02599825171914059 -0.002252404214010361 0.008280380796784968 -0.009849222716966916 0.002504803350543512
-21.16122168349391 -6.505834423852527 -30.74633634203201 -0.1902071762184394 0.7999244174019037 0.04201174479089487 0.05733452629385207 -0.004354045002042244 -0.004036571917223378 0.002889568909943723 -0.0008983289262240779
-20.54771889268977 -6.249695876507584 -30.731265435935 -0.2134341558163052 0.7723941725642022 0.03000491406805614 0.04287021210481474 -0.005358564644195441 -0.001703057251481356 0.001146603466877106 -0.0003629614995215763
-20.11966024405582 -5.713013835813117 -30.80820226284585 -0.2181907161167815 0.7396355078695004 0.02119945330374734 0.0205186044642002 -0.002791474246246888 0.01134341430179028 -0.01129412562026822 0.003128986569133776
-19.57476930628132 -5.156404417281632 -30.8953693681471 -0.2286447647282729 0.7020301261738584 0.006141311332526021 0.003301721599782096 -0.0003646365535984554 0.01646983318511903 -0.02983034843069009 0.007280859298798613
-19.02613391709976 -5.329984552604985 -30.82539289461928 -0.2629697415034462 0.69143808635939 4.978554449783107e-05 3.734182396070415e-05 -5.471030638626731e-06 0.02383442718281472 -0.03052138762553944 0.008569802371422658
-18.991659293521 -4.796048144228061 -30.94141245568493 -0.2478488658021547 0.6701975221343198 0.01094530392541395 0.003418766412948604 -8.757495750323332e-05 0.01475664791757061 -0.04697513312662933 0.01049374190097161
-18.61586524534488 -5.151460392395935 -30.84078354237091 -0.2789667970017994 0.6718487328979773 0.01100503373864535 0.005628872200713486 -0.0005371712345909204 0.02106162100628447 -0.04015362565633524 0.01073069847887647
-18.36848027851516 -4.682712206990914 -30.92646187446275 -0.2774547045770399 0.6462744169057174 0.01745870848408105 0.004330974103476926 0.0003011405619841149 0.01289290181815858 -0.05279244144348114 0.0117861319330241
-18.10041167538413 -5.2351049365828 -30.78121155267198 -0.3089735498641064 0.6589322904930558 0.009838771666262448 0.003934610167547523 -0.0001627986680507547 0.01550514571375637 -0.03833686476489326 0.01050973238552504
-17.71631833492462 -4.73715800954405 -30.86609920166707 -0.3142045306563873 0.6277842822556049 0.01636245983865403 0.002804452770929612 0.0007402865192423373 0.008808416512494085 -0.05470128908226839 0.01253544414379642
-17.5354069344085 -5.263868405790602 -30.72750437168232 -0.3400561891163302 0.6423611851522174 0.01299812945675522 0.002778410121164082 0.0004618898182678715 0.007883561357040311 -0.03859280947228497 0.01029488236112868
-17.04717459853551 -4.910800182278875 -30.76720742170955 -0.3557594516520627 0.6134003557043155 0.01276835809626817 0.001814789056553098 0.0008009119548956027 0.006150992587833908 -0.04846886347563061 0.011764947386026
-17.24232607477779 -4.225419984452616 -30.92830699119235 -0.3244066530217322 0.5932090241474193 0.0112165513741412 0.001912945182957507 0.0006218671073296747 0.008825321807322912 -0.05536690743257396 0.0111345066198519
-16.37049951994866 -4.420339707283675 -30.80902537787356 -0.3783457788901298 0.5730672974223168 0.01241147696068744 0.003407794681616332 0.0004864033989839732 0.014092361023192 -0.0531025135969001 0.01244943860916031
-15.90159564345899 -3.726038569125148 -30.89773088026522 -0.3841748389337815 0.5312712615949982 0.01956251156416248 0.006559890397626803 0.0007643484956898567 0.01759760572605609 -0.05374817226713658 0.01089653956879858
-15.61489699025014 -4.306911136810175 -30.75948213600905 -0.4172744854057848 0.5446880736632326 0.02543043796040097 0.01235858910926196 0.0002458262236877012 0.02744225931204585 -0.05677095511650043 0.01521495404703289
-15.13879768800622 -3.885781011248666 -30.7862846735112 -0.4322985295769053 0.5131684977580361 0.02652053103616948 0.01784352862130674 -5.672769780383209e-05 0.03769834578660471 -0.05598086520313582 0.01558284546092377
-15.33523696041114 -3.111547793421469 -30.93693060303372 -0.3985543465763215 0.4893263357756246 0.02607857018875919 0.01127499583475224 0.001133038572567848 0.02130796441514383 -0.05025386419321057 0.009647389015158801
-14.57496779091722 -3.457550337954654 -30.79092311487954 -0.452834591855435 0.4784814416939474 0.03085785667890333 0.0306837280448347 -0.001088808017847652 0.05637099542059517 -0.05604451435174217 0.0182157556125979
-14.60031383819 -2.803422336178155 -30.89666123056693 -0.4325204992379164 0.4537118782906058 0.0445050550906422 0.03372179593221138 0.00126045716986136 0.03932567590816304 -0.05235332915928399 0.01210426651260819
-14.05945003154091 -3.115955666306057 -30.77101145338997 -0.4737232464527371 0.4486326809847623 0.01977794115319548 0.07157010921056083 -0.00824175904593488 -0.1060800445867089 0.02659286260647872 -0.02363461456607832
-14.09588944791813 -2.64041875693408 -30.84663992336633 -0.4579247380911784 0.4311251558701813 0.003572109163031438 0.0711026382798936 -0.00813840538249574 -0.1070699544848164 0.003223139085189756 -0.01883561530742139
-13.81887872880367 -2.334226821042984 -30.82766119814399 -0.4660879761447388 0.4101390228324137 0.008954568503566684 0.04307950445291531 -0.002518328351172625 -0.1072620152226821 0.02087408725602475 -0.02431761061544765
-13.72903999160308 -1.769469375706633 -30.85943957587477 -0.4553599285517023 0.384850573876713 0.0009783615270769444 0.004197373778801421 -0.0001935316119152122 -0.08719070837803063 0.01941605613692374 -0.01967425187601161
-13.26982560624772 -2.308222123995895 -30.69571953506915 -0.4997933385514706 0.3912966826963489 0.009897172348253741 0.0235363607195253 -0.0001687903119974327 -0.09134927097366395 0.03820166222751167 -0.02945297264206604
-12.97070252202889 -1.590304897618926 -30.69782748694605 -0.4980969477001454 0.3528510546411984 0.003158506666842 0.014638929075896 -0.0008336674487457374 -0.09144793499995389 0.01819174245084215 -0.02702670578699235
-13.55524017056555 -1.05647813299797 -30.89378844240546 -0.4448916930419249 0.3508338186135601 0.001941296653630697 0.01030931962289664 -0.0006381137857076804 -0.08285261201532707 0.01447400698685903 -0.0182167106536594
-12.99068117650759 -0.926901991643982 -30.77963749148293 -0.4767757588241017 0.3269716198376161 0.002375299980620562 0.02292576604269014 -0.001798805972292265 -0.1027600073606641 0.008438313547757649 -0.02814702757356277
-13.31280881624361 -0.5180087817775529 -30.89654919850981 -0.4436313739254901 0.3213384919845955 0.002512915980779364 0.02351779247960289 -0.001479463011677423 -0.0947414490862393 0.008763928988348053 -0.02160854171055812
-12.7745941452192 -0.370708202639161 -30.77212290084422 -0.4737525923868109 0.2973931308518835 0.002226985961592955 0.01588127099788444 -0.0007886693786516838 -0.09911669298687781 0.01243761126378227 -0.0294247620397073
-12.61550716668995 0.3839948020876172 -30.79126730530145 -0.4605020179243764 0.2615549914699914 0.0007854819548251508 0.004451818459822643 -0.0001565573107697354 -0.09402545187014047 0.0155950314905611 -0.02829025770374244
-12.09406422025768 -0.1858618406532475 -30.56926580193864 -0.513436742902071 0.2667806405504489 0.0008533602807779194 0.006732477077896724 -0.0003864508705065878 -0.08874633403790981 0.009369676179198979 -0.03273758036110827
-11.93023651357105 0.6338324013401291 -30.59335607290859 -0.4983400833710382 0.2278035167448723 0.0008202403428466417 0.007373208397511751 -0.0004248123358920252 -0.1023807884358976 0.009184647541576258 -0.03826756252663597
-12.42729140150401 1.140141980713459 -30.8024379009683 -0.4484874349722229 0.2245223219831452 0.003029334411888943 0.01564358083909191 -0.0004282735573509531 -0.09756254852279114 0.01806972383817847 -0.03006116004148896
-11.78820230657845 1.387786083942615 -30.61357556586335 -0.4832802809945689 0.1921204016675715 0.002658965779381882 0.01834188211320627 -0.0006658330960201292 -0.1154544739750116 0.01512502558435681 -0.0444076140482158
-12.24763786891014 1.832492691214766 -30.80238954771924 -0.4376437780257553 0.1901972908934845 0.006471768316324475 0.02919692520296965 6.800230322934799e-05 -0.1013405898980604 0.02253729885407794 -0.03186671563578189
-11.659466737698 2.067116638438868 -30.62242801617376 -0.4694909588826249 0.1598065289658957 0.006490470045116156 0.03411619543727636 1.515623626678681e-05 -0.1260984433093044 0.02401145369599796 -0.04890910763803322
-12.08540321187594 2.510640777624769 -30.78867389056333 -0.4260980267978662 0.1568027121687206 0.004672154854626452 0.03039633282888857 0.0001712900113147818 -0.1020233825390274 0.01586139373619737 -0.03187086671588257
-11.48264807151697 2.694849723080647 -30.59024978438997 -0.4608357121687248 0.1276006200256102 0.005517959380047302 0.03180186757768579 0.0008103838336476762 -0.1294977675335258 0.0237831282715605 -0.05156133807654986
-11.87395183189042 3.195386053159366 -30.74354875669554 -0.4176468932008974 0.1210725532758601 0.002243857363765873 0.02107544858192196 0.0002437803327862769 -0.1023268189273066 0.01128373858227443 -0.03364941727678784
-11.23384199144701 3.342622417520547 -30.51161730399606 -0.4567100005113703 0.09154612825950195 0.002319401682902488 0.01136402018528703 0.0006017977464943521 -0.1249708941453949 0.02831140930860249 -0.05296418081971513
-11.66162631985626 3.996953906552342 -30.68281123926306 -0.4054774991077128 0.08006469290579726 0.001233346823807458 0.01017011702075508 0.0002941498754823208 -0.09351705585298695 0.01227043762300209 -0.03213607586337098
-10.92423236016537 3.986177782651509 -30.4011184655398 -0.4570084884494862 0.05304167642276986 0.00397548223880273 0.01859593980085919 0.001090548325437274 -0.1313581868263184 0.03156181389286779 -0.05933662085298652
-11.1271965219877 4.642754303748435 -30.49822872266055 -0.4207452893724732 0.03311860444254086 0.001273178088354146 0.02293932940811815 0.0003294850992682705 -0.1068490853497138 0.006537015051464611 -0.04223810853462671
-11.78585507632088 4.849828244476894 -30.73302043110795 -0.3683173101896398 0.04915379853543862 -0.0002264297630420088 0.00793703022364676 -0.0001405272889860689 -0.08188640507580187 -0.002807868038527389 -0.02664688271684433
-11.22539635998321 5.471744597852533 -30.53344471815335 -0.3862053366962037 0.001792828102813443 -0.0001046761000691115 0.002709218933386647 -3.459145520683882e-05 -0.0981295223387026 -0.004284354574803396 -0.03860603213578841
-11.8880507889287 5.503887844736701 -30.77050108510356 -0.3389939733149748 0.02576614761358513 -0.0002065832357522195 0.008752197363562584 -7.431043142015038e-05 -0.08337678681021986 -0.002194749831678632 -0.02670738477344897
-11.70065812832179 6.189173583459457 -30.70559261275275 -0.3283760033757166 -0.01005267571677713 0.0001318750262422281 0.004138599916749989 5.341658370130001e-05 -0.08494608790409756 0.003075356384461612 -0.02855671402933194
-11.05954600651169 6.191670765629076 -30.46855768854694 -0.3735503171878873 -0.03516192512024054 1.624008880245988e-05 0.0006153148366303703 4.367768100063306e-06 -0.1043711423913094 0.003062204984014128 -0.04332270722329931
-11.81559623402553 6.908470920188675 -30.74118655103169 -0.2952641974616306 -0.03570183543618485 2.034936483734436e-05 0.001634613507598644 2.052256558702982e-05 -0.07838005037544953 0.001292911738432792 -0.02526130315028836
-10.48814763110267 5.852757470816774 -30.20327137601052 -0.4269138578871932 -0.04359308168055739 0.0002300256252351873 0.007810072226018774 0.0001454305088765559 -0.1199374538236254 0.004675347843526133 -0.06137719384851371
-10.61978307302882 5.063893440549828 -30.27944231127963 -0.4430123345066906 -0.004290953047073381 0.0008477770861982363 0.02338347064729223 0.0005553388858156283 -0.1354872225577577 0.006459501144564709 -0.06515407722589084
-10.1368316081889 5.258040878268083 -30.021575509785 -0.4727754299334228 -0.0320619291412423 0.001970402497755762 0.01631783337300335 0.001257576863107945 -0.1399168913824551 0.02333061706079632 -0.08350386565612122
-10.19992392478322 4.665183528482562 -30.05354933745451 -0.4874161594070525 -0.003957902135684488 0.006071495424846167 0.0419121302339804 0.002592348794402207 -0.149236001573524 0.02721398785174554 -0.09046255764607131
-10.6306263544172 4.481751589415637 -30.28485279241642 -0.461339415679644 0.02098984366425537 0.005983788167963746 0.04026417462663301 0.00201385880511566 -0.1484478162212269 0.02571475347765011 -0.07304535842662505
-10.35818113375396 4.03988624311268 -30.11968856185947 -0.4965241039456339 0.02886404458120966 0.004728904598181916 0.03008304291823491 0.001018241826228184 -0.1472572350421022 0.02607443588489545 -0.08645584538008751
-10.61754527249813 3.401402354074045 -30.22379144814061 -0.4990200145795557 0.06576182906881227 0.001864311232162472 0.009444540573681281 0.0004290598208619547 -0.1362306744686133 0.03030159635605701 -0.07506710740354076
-10.91324685733073 2.771557831708139 -30.34048906899217 -0.4986230455268477 0.1033370284183863 0.004299394425079268 0.02122196699899006 0.0009165870326457797 -0.1326121331589384 0.02982822388091074 -0.06858237635798967
-11.18579863083929 2.27564654384321 -30.44317797945818 -0.4955380098414766 0.1340791108614899 0.005840569395217697 0.03625499012711966 5.086435553590033e-05 -0.1381713338087532 0.02235094635709854 -0.06554837731549149
-11.21092343160429 1.69922861282901 -30.40191076914475 -0.5132792988470801 0.1586585633997554 0.00127921516062241 0.01893050792788043 -0.001211364457458787 -0.1254673535688187 0.00468494151375819 -0.05928143090081765
-11.28998355248281 0.9584910321526978 -30.36420761896276 -0.5324496302979875 0.1919132487385193 -1.657864573851427e-05 0.005920726198913903 -0.0006014565760869923 -0.1082257617248297 -0.005282440885156391 -0.04901708743688003
-10.77137395727447 0.5285864635608313 -30.06340368764024 -0.5847556907533596 0.1908963263326652 -0.0002786260310218294 0.002325960039995175 -0.0003699452214714339 -0.09249456314577302 -0.01864118027981994 -0.04754013942618422
-11.40111739136315 0.136094259827594 -30.32863093422809 -0.5514363118357016 0.229610037669729 -0.0001023426788823759 0.005209264621886909 -0.0005943973681323982 -0.09279109018204625 -0.006395827502425817 -0.04007600044609447
-10.85482874951132 -0.2966487061842891 -30.02454450251145 -0.6052914579666302 0.2281563671330545 -0.0005114709861208654 0.004899004000541682 -0.0007570827766564014 -0.08648372872879174 -0.01555884006748411 -0.04225284566549634
-11.51252516369193 -0.8102553546363858 -30.27233327077919 -0.5735113519830607 0.27226455127317 -0.0001919965679360361 0.01241766271833125 -0.001451283066998729 -0.07810910913404964 -0.004995547404528623 -0.03241017755541267
-10.88541264703752 -0.9723036350328353 -29.97119294130671 -0.6241928941068742 0.2572843551216086 -0.001560861970424202 0.01589124687418736 -0.002471892037654078 -0.08336546389292813 -0.01436681984084747 -0.03972046398264945
-11.16999472904662 -1.534648493938278 -30.04033627416468 -0.6202787254577884 0.2903281058402575 -0.001919140144304281 0.03097247315676273 -0.004756706220516209 -0.07444830013850713 -0.009639518081677184 -0.03272915886341146
-11.87728355511562 -1.724276187957763 -30.3138109949361 -0.5754441337799346 0.3219551077522964 0.001995615912510557 0.03163867118750482 -0.003310474264613776 -0.07116723280497554 0.00153589690720418 -0.02822215717206727
-11.34203223522373 -2.2178535861713 -30.02160905446154 -0.6280658023172718 0.3241760744923075 -0.002483195099796478 0.03618026975597566 -0.006722572940769124 -0.06340797495835285 -0.009293184011655247 -0.02659331974589981
-11.88388816406052 -2.439197962034934 -30.21538236213159 -0.5958365183152261 0.3512064275424653 0.005049192176106428 0.03975819272226055 -0.004425582010710753 -0.06514077991355594 0.005321344942110367 -0.02651431116878162
-11.5218759225611 -2.908496638088552 -29.98068973921201 -0.6350544395985601 0.3583118867032638 -0.006035439706430501 0.02707017452183497 -0.007615433063902339 -0.05353751731567911 -0.01748128476853286 -0.01970984059603894
-12.22136554730312 -3.015064824392057 -30.24202753814366 -0.5890459216622438 0.3855076314221037 0.009380875793409625 0.03390767517142942 -0.002781839145246362 -0.05530429624601317 0.0134009651139978 -0.02315272684502419
-12.64110777366904 -3.678646606591883 -30.2650652581596 -0.5791541216571725 0.4256986531245736 -0.00497519348853479 0.04281507005001139 -0.01073199877236194 -0.06089480163128442 -0.0118716832043326 -0.01913190001216067
-13.01230362417157 -3.016776505811615 -30.51610385838 -0.5364727313268335 0.4111608401346046 0.01729294543322107 0.04667061078984069 -0.002360697477393757 -0.07698570588285134 0.02706424289002138 -0.0288918276828732
-13.3040730982721 -3.689277260959011 -30.48102846063085 -0.5364767501753733 0.4472280456858934 -0.003605375986427454 0.05483696077093968 -0.01264721206416033 -0.09761940451716052 -0.01230399693393255 -0.02552018094572306
-13.04794397865879 -4.147419042740298 -30.30160126253006 -0.56529482992875 0.4573657816826825 -0.008924667755247325 0.04399449710348358 -0.01326621141294962 -0.08279877896534443 -0.02301924790786273 -0.02063653548696968
-13.671802269688 -4.283629708692899 -30.4393003360757 -0.530130611206385 0.482431834904889 0.003018039258905408 0.04560100401826696 -0.01044188947586711 -0.09155999777622999 0.0009561780604022737 -0.0222880149035522
-13.16479555500059 -4.605378033334157 -30.22130871052547 -0.570214896516396 0.4793359620745056 -0.005743771494431413 0.0269573492681723 -0.008859211787335321 -0.0827137303169293 -0.02376435253503093 -0.01868509174405101
-13.61521786774801 -4.896898978227107 -30.26553851382771 -0.5502450786352432 0.5050667222429462 -0.0002572706585391611 0.01674846601688907 -0.004700922856384635 -0.0790838116267084 -0.006305003942297807 -0.01813541778315894
-14.26465695179467 -4.800303476939821 -30.43385703050443 -0.508912871954321 0.5215430226171802 0.006758478721327042 0.02490689196901715 -0.005228500318004758 -0.06455047999189314 0.01408998076084675 -0.016319290739429
-13.97493332767571 -5.535254592736404 -30.16910291583796 -0.5457792631183064 0.5417770705892786 -0.0005610754192898095 0.01000344088842324 -0.002841812477883166 -0.06021011614213347 -0.006683308428160895 -0.01163822908713135
-15.00274835874396 -4.570605816795076 -30.61857888841628 -0.4596616340453219 0.5356686767799942 0.02193938726947289 0.02449733944595187 -0.002644250646620486 -0.04576051385961323 0.03922761933388235 -0.01625614757525857
-14.42461982555742 -4.117798113108845 -30.63268834432371 -0.4804422366280302 0.4996153797070665 0.02250116162716531 0.03341871337502451 -0.003673584896103593 -0.063052783558231 0.04025215156358868 -0.02003104872650753
-15.66928756437863 -4.923544874967034 -30.62002744683886 -0.4320361764816218 0.5705163275480076 0.01882404426423679 0.01631800768295691 -0.001746770456370247 0.03124808550757248 -0.03471718391242413 0.01242296655207219
-13.92748970552441 -3.666254364839784 -30.64043668145804 -0.4973203490096801 0.4660857690714801 0.01204198117009352 0.05788353242220568 -0.009760477231998481 -0.09934741334094709 0.01660505566486772 -0.02409517457079582
-13.57725598244925 -3.269410135977767 -30.64140059309081 -0.5075547553634181 0.439294434184422 0.004236160042765046 0.07158877273660572 -0.0118938833076411 -0.1138948616488627 0.001887465715521607 -0.02920454983894107
-13.62973391956317 -2.79371390862004 -30.7293842739682 -0.4908835304320668 0.422189523325787 0.01690143518406221 0.06735350033821123 -0.005374834899095726 -0.1149994138435687 0.02633221452751966 -0.03164531048678216
-12.5124926248852 -2.266004547192333 -30.46981726315718 -0.5479896020449694 0.3648741287910524 0.009971678042304173 0.03030941726542853 -0.001137784845763012 -0.07315830458881394 0.02301926906391545 -0.0279582105488146
-10.85640407689007 -1.984105976508364 -29.83193335531955 -0.657097836240217 0.2981691805137129 -0.006600474349708536 0.02981721583733906 -0.00758531597429956 -0.06945224461358712 -0.02321221013054733 -0.0308102814984071
-12.42319791527093 -1.670795917531247 -30.52606382519982 -0.5363962766239891 0.3380165971897808 0.003064014766136347 0.03041751017969408 -0.00279400907854765 -0.08797149717634015 0.006080454933612151 -0.03027680445157393
-12.3697179538356 -1.050305702011723 -30.57430974481359 -0.5215368430377725 0.3111535851362802 0.001503491279273064 0.01898595923841363 -0.00153907721880319 -0.0876396640115666 0.004482297189250865 -0.03031995942771874
-10.61313565833568 -1.455991668853455 -29.77639688187702 -0.6597976459204565 0.2678737732199842 -0.005392351525429275 0.02555562731989427 -0.005873414017793755 -0.07444335828058561 -0.0240680699797449 -0.03637575513693414
-10.32886825519227 -0.7507086198021575 -29.69362229722827 -0.6601875653974678 0.2282968024744251 -0.001537771974567232 0.008631347861121803 -0.001732564465570661 -0.0768942388545025 -0.02213001321773282 -0.04199903563956304
-10.28495056720151 0.08511650299312734 -29.74752929204468 -0.6367052412188876 0.1915961218971 -0.0008704162724864426 0.005590220634089927 -0.001010770736221853 -0.08359766191552845 -0.02167723343279907 -0.04789983585584786
-9.88676833753015 -0.2815080190089461 -29.46785790110279 -0.6807047400587363 0.192298691672171 -0.0004677003725560808 0.001958012460181389 -0.0004684169729912588 -0.07235551127753759 -0.02793184719779064 -0.04451206183887731
-9.753899554357895 0.3618750192313236 -29.42890279158737 -0.6705893608459916 0.1598729737287909 -6.476145436413277e-05 0.0002971488156889496 -6.527568446914556e-05 -0.07807038138331961 -0.02831785923494061 -0.05145356836434649
-9.311123170022414 0.4916345170373564 -29.11520367110043 -0.7038473520034754 0.1369352329684288 -0.002631346522395145 0.008355010388627194 -0.002457042740688679 -0.07091468340231125 -0.03775153051116903 -0.05242616333725827
-9.024845948448224 0.9243171564229726 -28.90099016970854 -0.7148104707810814 0.1063052436951381 -0.006222361922359826 0.01758395952769873 -0.005745751823966654 -0.06730837072505463 -0.04194328059391753 -0.05546913878829376
-16.37526162769028 -5.238977084575565 -30.62022914139871 -0.4021612566007877 0.6050434938233339 0.01642098258588715 0.006063605519296788 0.0002263161618794152 0.01229527253831343 -0.03366047064183734 0.009735757743916077
-17.03601524720039 -5.601778533957672 -30.59271280732337 -0.3770886034314854 0.6398819286821386 0.0112079846824482 0.003922747265704632 6.636200768884736e-05 0.007376463562798665 -0.02118188539470369 0.006267025464449764
-22.31757432453127 -4.353366239964355 -31.19362768344455 -0.05876112850355888 0.7600433431256581 0.03861755915300959 0.02066490662011529 -1.337023343942077e-05 0.0210255601574465 -0.03928735841003223 0.006448669084587224
-21.63660550730548 -3.88096144256718 -31.22055191508719 -0.07840582267417523 0.7211267634603512 0.01403541982269414 0.005536807798587118 -8.504155014512007e-05 0.01809396418565759 -0.04576245354946259 0.00680225026900524
-20.83362937063485 -3.574306646931552 -31.23027010701708 -0.1104917293295881 0.6839696451450628 0.003629313098575175 0.0008865672787980785 1.922567859008005e-05 0.01293841044245963 -0.05312468058075802 0.007337114540755566
-20.09703323529379 -3.266818405189557 -31.24286988923386 -0.1395674115949319 0.6488165353339114 0.006175985398312555 0.001079249089652796 9.610416433120296e-05 0.009771418245412392 -0.05655002896163486 0.007111355444041965
-19.40109492533457 -2.954524088869412 -31.25129632347478 -0.1668689605300021 0.6146779651761434 0.01279309693205853 0.001912025669978227 0.0003374775640971958 0.00822686069161541 -0.05615697233474125 0.006301297046496194
-18.7532305159001 -2.636296127826244 -31.25233988635358 -0.191935837562846 0.5817517601183463 0.01561696223656812 0.003053803062739252 0.0005127154809470236 0.01012646715819794 -0.05268939934853606 0.00537996999804148
-18.24372917345335 -2.331105602192689 -31.25127953910334 -0.2102882017735296 0.5536926753254697 0.01237759361677365 0.004270144739629592 0.0003630728229039506 0.01583100210600197 -0.04628481730028485 0.004663412952822043
-17.96592571369829 -1.748742828126009 -31.2745868101712 -0.2072005248703171 0.5226591946545233 0.003144889283449342 0.001861324729727569 5.158961903502651e-05 0.02042454208789955 -0.03459860093155815 0.003223671726985067
-17.72000842930458 -2.34849628263667 -31.2168096148846 -0.240016009453569 0.5372542680156837 0.006846912442643056 0.002382450320140416 0.0002471928675682953 0.01466617226200879 -0.04263803823579208 0.004712961622996049
-17.16370227509274 -1.94802502574364 -31.21253303192022 -0.2587459133408672 0.5038738054672552 0.001216430728609117 0.0005683106103476714 3.205349404617115e-05 0.01544154551022429 -0.03325938458652727 0.003684175526517748
-17.33277215481404 -1.121917874772926 -31.27871777893416 -0.2229100283612973 0.4779901758440235 0.001353183691621266 0.00117018317927967 -1.828678655979878e-06 0.02064625140734752 -0.02387121699164004 0.002446632692089049
-16.40268329576328 -1.42867661757629 -31.20525056309791 -0.2859726117097209 0.4590158192468644 0.007143735219535314 0.007380162848840431 -0.0001196416677428715 -0.02165846432837771 0.02091535634300581 -0.003039063042417364
-16.51146713179584 -0.5408167195486353 -31.27403728592409 -0.2514986717474004 0.4284646520968257 0.002299907707146298 0.003824041123383434 -0.0001219766285551007 -0.02577482453960775 0.01542707432177268 -0.002344309663444188
-15.93681800153661 -0.9081152005005499 -31.21495459795646 -0.2966936200856054 0.4235673303478196 0.003765310512395478 0.01082212258245305 -0.0005208369987429128 -0.03654376393772146 0.01254271086786466 -0.003570913728081679
-15.79887560713813 -0.4215871916393397 -31.2395164758788 -0.2893729040744599 0.4001440661087537 0.001952086530811869 0.006995231353701763 -0.0003379992082087863 -0.03953722097079493 0.01085518037530712 -0.003685151861703559
-15.99553843351376 0.2317452547166479 -31.29434738447151 -0.2567216296395444 0.3813882146964843 0.001371385161153188 0.004438282709789388 -0.0001968867998115017 -0.0390415703208298 0.01192537109043121 -0.003112762705312866
-15.277881061084 -0.08792047096436661 -31.21942269255176 -0.3096476824854065 0.3697933407133452 0.001501758710044207 0.007820040526717151 -0.0004066644186697764 -0.04717784639681827 0.008797616470934059 -0.005045989548441919
-15.27895478689346 0.6455192712103806 -31.26924413266138 -0.2859218207635774 0.3411712707235286 0.001119327934256773 0.006880423086917484 -0.0003496733883733839 -0.04981120535078366 0.007848101863558653 -0.005024152240454725
-15.82567586019581 0.9101307417655686 -31.32819441820277 -0.2445072505202724 0.3493389384634528 0.003111277190520403 0.009802103178399338 -0.0003914039293119308 -0.04757870205812609 0.01495160682848876 -0.00376423827654719
-15.37599629609854 1.405174205801641 -31.32418458252797 -0.2550372813329123 0.3147823804576664 0.003313702350105144 0.01427148898186881 -0.000544046521897322 -0.05411919763752095 0.01237799224985538 -0.004930704044268703
-14.58541516616848 1.103011958396556 -31.22554917055802 -0.3130608992173006 0.2997517035010304 0.000880726930421994 0.01333396085939441 -0.0007704979146171103 -0.05780632292830058 0.00339070556191181 -0.007397878690163952
-14.81201883636962 1.742897611095076 -31.29328845694526 -0.2780250073779081 0.2822755521996939 0.002021332039833685 0.02533125824380322 -0.001143707252779354 -0.06210585550211636 0.004637481615446392 -0.00705015305826888
-15.21793879964741 2.014195534804691 -31.34479299486564 -0.2442022763879406 0.2855428598914714 0.002195809674524514 0.02526312641426519 -0.00090451739321244 -0.05950688086373586 0.004991798587508842 -0.005038428210204942
-14.66931373815166 2.356346241709827 -31.3018226792464 -0.2662718322655871 0.2531840963049889 0.0002150361064285696 0.02536519773685431 -0.0008161930991806326 -0.06281586155470387 0.0002935484074540992 -0.007426875939471958
-15.88349656636715 1.983960968573072 -31.38271496422962 -0.2050430578938979 0.3095947759934905 0.003207441449822011 0.01497545548981092 -0.0004843774715072255 -0.04818944179223944 0.01023631611031605 -0.002624640560977212
-14.22600310131537 1.790446918289537 -31.21971646916404 -0.3125773838719093 0.2603064502973277 3.174682423934068e-05 0.02612452975541612 -0.001323367635199501 -0.06062064646694106 -0.0003790040331045631 -0.008936152611244178
-13.97728754112324 2.363585320964114 -31.20601865994655 -0.3090572329841075 0.2289406414322998 0.001151381317374569 0.02367873736036004 -0.0006320678627369258 -0.05853896985300241 0.002590141426559657 -0.009602446223297204
-14.19051763272468 2.96477930613367 -31.25473173735807 -0.2755090954398157 0.2124075236041137 0.0007724974140446162 0.01676748973837703 -0.0002605289165784259 -0.05967251197022726 0.002610805354039432 -0.008905764604799842
-13.73952067988505 3.586636334513218 -31.19318464845842 -0.2828522878430388 0.171657229901497 0.0006930762761784241 0.01335930617717101 -7.409564594396917e-05 -0.05814690351376575 0.002960317671161013 -0.01015510693389574
-16.04782196231467 1.352680789757222 -31.3628579878948 -0.2165413002419659 0.3397196640234735 0.004055142660554558 0.01062670408999987 -0.0003138879123510605 -0.04407201904644922 0.01673708406310855 -0.002734367492820143
-16.72977934281403 1.543212503220794 -31.38940756482453 -0.1696521905848264 0.3556780163805788 0.002393132392981074 0.004437927215352956 -0.0001194930216308134 -0.03059219574013571 0.01646470356571027 -0.0011885091632435
-16.54029116663262 2.347605449452631 -31.41527391689754 -0.1532450425654324 0.3181696520778526 0.006039764964857673 0.01301196831559591 -0.0003122084149136997 -0.03589200114973917 0.01663489603902541 -0.001045810600222282
-17.36129378431633 2.064290838533181 -31.41028772316334 -0.1144193397567138 0.3574540368222112 0.001145243872099381 0.001525305882675339 -3.963044034502976e-05 -0.02432628315423604 0.01825494760796247 -0.0003822248467615396
-17.06078212015288 2.803265725673044 -31.42772361947815 -0.1062539682269951 0.3187355824337928 0.007550569358311133 0.01109831749006523 -0.0002088103051800306 -0.0277821526487663 0.01889812277864348 -0.0001614093425559585
-17.89843788126733 2.561421858851022 -31.41255586015197 -0.06521546327931398 0.3571899786464118 0.001018876429493887 0.001042849695422826 -2.94483131674884e-05 -0.02047771049121518 0.02001250939676258 0.0001963704857586368
-17.54890869449282 3.284840761757963 -31.42488291603308 -0.05994965220043848 0.317430383694055 0.006129916876031776 0.007607508880747087 -0.000140834715916099 -0.02393152251310572 0.01929232140771501 0.0004847009258612802
-18.36961212286923 3.067459191901813 -31.40134113268978 -0.01918147225021288 0.3545559484518295 0.0002002497166730092 0.0001607375724365279 -5.629874468737285e-06 0.01606730078561807 -0.02003825090264609 -0.000608783724111578
-18.02674091676006 3.765568471359178 -31.40768047752524 -0.01391138295708597 0.3160443324878361 0.003903137339847664 0.003758785607581538 -9.268773209917938e-05 0.01817289303771319 -0.01889276136718049 -0.0008905399237322973
-18.83352438626307 3.540930565237353 -31.37818802424773 0.02563413469497893 0.3531337943977461 0.003473128559503936 0.001837710096422684 -0.0001075506865629075 0.008297047892753916 -0.01571642050243737 -0.0006091141130906878
-18.50361735907075 4.241328608549065 -31.37788768277611 0.03227602360387548 0.3150563030518198 0.0001704549797597188 9.94110864709051e-05 -5.296987309766345e-06 0.007433686311477576 -0.01278061721094879 -0.0006468191720683358
-19.32207138288531 4.006430721310674 -31.3465191291068 0.07197061175782073 0.3531156019356728 0.01209191279327093 0.001141637951974905 -0.0004577442309154278 0.0006411090237408975 -0.006871967427442308 -0.0002033109487002903
-18.96791612054643 4.73189025482192 -31.34115617737622 0.07865229079654391 0.3133008116214675 0.01162750380994414 -0.001664367432604768 -0.0005742495720165049 -7.755237475352623e-06 -5.375566707151303e-05 -1.227465781886836e-06
-19.78107263938424 4.527269481455242 -31.31422324894394 0.1190370598259612 0.350216672137566 0.02823971338122845 -0.01093850759571855 -0.001123619979574241 -0.0008428460533847523 -0.002172830672260633 -3.04428187230595e-05
-19.39580914115555 5.249037298555571 -31.30769023334575 0.1242332262944683 0.3094692990430843 0.03121312138542404 -0.02138739167553981 -0.001516028056171872 -0.005381433125814844 -0.007853783089390214 4.021587307932305e-07
-20.16839504205326 5.102066416119134 -31.29327903872425 0.1643509879840542 0.3429670611974294 0.04639517718625592 -0.03377483726866795 -0.0006876349391005096 -0.004648141693405788 -0.00638416679751294 -3.950173094485893e-05
-19.77279035840409 5.773338245657781 -31.29006456688101 0.1673756257775393 0.3037301096670496 0.05227152109282285 -0.05008165560697887 -0.0004670788903799837 -0.01291965701780295 -0.01348552342846737 0.0001010872193037527
-20.49559784892146 5.704344077510455 -31.29678655845661 0.2076233563783607 0.3327207120736485 -0.05559501914516112 0.05896901780510291 -0.002765814653691521 -0.009633063459169729 -0.009085802756307054 -8.334508999838184e-05
-20.06393581120193 6.235933572282805 -31.2972247985082 0.2032414883086551 0.2972939673349316 -0.06094058465437881 0.07246416185536711 -0.00410396565413638 -0.01796814615919466 -0.01510383953428623 0.0001223839303179436
-20.94843245825009 5.0061139691762 -31.29935230242112 0.2064091351484876 0.3748272304985286 0.04697920506832921 -0.04405344554330734 0.001421151297687488 -0.005269791394305131 -0.005621950700463014 -6.733164145460734e-05
-20.59311082828289 4.385681592962079 -31.30120271214657 0.1611815110197566 0.3846876828905486 0.03782608029622823 -0.02217024088283681 -0.0005693705594791242 -0.003103849647730879 -0.00529402341374354 -6.444253185333925e-05
-21.36684077139482 4.298858085277665 -31.30652934085159 0.202671310456724 0.4157437830241211 0.03980968622448817 -0.03107162341827766 0.0007049723524826594 -0.007539965860782008 -0.009664576878887225 -0.0001849976332167107
-21.04105100498754 3.714418938786801 -31.31131543379026 0.1609908718143537 0.4253267574839211 0.03407061718847904 -0.01290585041187414 -0.0002175798601040503 -0.00365336786210261 -0.009641643610733705 -0.0001787284615415186
-20.21954308367207 3.719775802194894 -31.32289548250268 0.1136435732032619 0.3957909573084022 0.02447769539045065 -0.003794238000862329 -0.0006723561437753426 -0.000275668952770435 -0.00177225609097385 -3.477211757931323e-05
-20.81768152391406 3.21517132886493 -31.32324477759316 0.1289082200545481 0.435612852151048 0.02931793061117865 -0.001772232728382688 -0.0003128050445639935 -0.0004482439335588536 -0.007383996058162346 -0.0001771872333882444
-20.33238336824982 2.956209031148556 -31.33845623743262 0.09115989545516077 0.4279301256935089 0.0210709614064565 0.004904964541366453 -0.0003229690364367363 0.0004846815385112548 -0.002086178678003405 -6.169771068051529e-05
-19.61964101237387 3.294193715970394 -31.35186332151945 0.06253971356297382 0.3902128700527044 0.01267428306986782 0.003903948631503986 -0.0003487050971842833 0.002445336658820664 -0.007961025618905663 -0.0002481926876775373
-19.83446056676253 2.70555632074023 -31.35681562291156 0.05302591306277106 0.4196319007131878 0.01477394797754342 0.006746001176253415 -0.0002639063209882317 0.0052633162623821 -0.01154111379989507 -0.0003653062162899572
-19.1680094748651 2.86472587658364 -31.37540275937583 0.02021696793277286 0.3902639974414781 0.007722474772490443 0.004629400517247177 -0.0001957006149777094 0.009656867586343846 -0.0161309306080646 -0.0005192737071527222
-19.59320655599181 2.227547288469148 -31.3705629858655 0.02148539482475954 0.4289136839282475 0.01233085872238132 0.007003689806557467 -0.0001952359074144582 0.009152481537351511 -0.01612466002516486 -0.0003798494710781817
-18.76317224911105 2.357314519143068 -31.39076830160382 -0.02188589740181875 0.3950782436760759 0.005415078679464791 0.004249595924312241 -0.0001322338965224884 0.01445104260008113 -0.01842551160802085 -0.0003588062843513751
-19.24828175324459 1.665439163435678 -31.38043858038979 -0.01870075745651256 0.4378416557252265 0.009095435720638137 0.006472977681268947 -0.0001322399382154003 0.01140002868856018 -0.01602229150245911 -0.0001792737375187735
-18.31454014706409 1.738705259180547 -31.39525968020543 -0.07005615417591844 0.4027766816211495 0.003565353499476698 0.003562424067610462 -8.659889246398699e-05 0.01743145650825063 -0.01744528587304357 2.076472505433581e-05
-18.96896670596015 1.082616790039499 -31.38134592428033 -0.05538151756834095 0.4499789904041366 0.007385055248586662 0.006091773325142191 -0.0001011674502370139 0.01325338107296746 -0.01606608026123177 5.962668287294744e-05
-18.32608680656236 1.071617308725444 -31.38488153653106 -0.09270552754840515 0.428334339897126 0.003862026297866068 0.003910922919187306 -8.029273647879799e-05 -0.01774206995637894 0.01751422829699941 -0.0002932256706349874
-18.7127469510717 0.5353959868154075 -31.37468367032448 -0.08904706241375321 0.461720977644027 0.006683041698343536 0.006238140842952576 -8.649220830857678e-05 0.01617771606059313 -0.01732653032687126 0.0003585816433661965
-17.98556108398054 0.6447717717338914 -31.37389324810756 -0.1270022263612579 0.432836190216119 0.00323388107958031 0.003546152054993008 -7.274928312631412e-05 -0.02057585777716467 0.01874928951847356 -0.0007154105700807569
-18.39285862464378 -0.005805145671537559 -31.3598989785716 -0.1257336121607123 0.4712092966500954 0.005762803762711979 0.005883299414645796 -7.33766036390891e-05 -0.01920698626576442 0.01880346644041038 -0.0008131968170634075
-17.61912108226243 0.1053701462597427 -31.34988879643619 -0.1662942559721622 0.4408795610562914 0.00290188777723502 0.003392448533763684 -6.769287545919798e-05 -0.0231836670734362 0.01980472746092985 -0.001327783387246207
-18.01280245079685 -0.6468002337166432 -31.32985808268937 -0.1687383097014982 0.4826098505303101 0.004089917019833122 0.004156255095652256 -3.589623435971713e-05 -0.02173057827022639 0.02137034008192707 -0.001551055643489641
-17.26541083237488 -0.3936293112771523 -31.31667527624749 -0.203146392707751 0.447992747503568 0.002194537338571477 0.002554499540722881 -4.944638752319671e-05 -0.02308508472903321 0.01979537203479648 -0.001897239319645024
-17.98330438181577 -1.202170166578725 -31.30574933780114 -0.1885912663620463 0.5025988391163145 0.001695694445542242 0.001452458766502699 2.754073487927071e-06 0.02235991914779765 -0.02610863995396229 0.002226622102832595
-16.84031541384271 0.1853774242375454 -31.33084531663616 -0.2087108016918085 0.4115852453155336 5.017696102657261e-06 7.433953988070185e-06 -2.026060734712109e-07 -0.02711049414879623 0.01824545570344221 -0.001956222900798105
-17.20981811497147 0.7870939522176457 -31.36883381290642 -0.1671225920431231 0.401044929554663 0.0005039843098505138 0.0006454800776897655 -1.571677802719966e-05 -0.02511612450018331 0.01957997100168989 -0.001250349720299537
-16.43964829871476 0.8490214779923271 -31.35199369175166 -0.2101595382167977 0.3725223727346134 0.00283538396312632 0.005258936053997776 -0.0001710463207976536 -0.03469768193619285 0.01863589688815927 -0.002199760123799652
-17.65204762629013 1.319355949351257 -31.39073216935467 -0.1232201526114633 0.3958545217519713 0.001202812302748025 0.00148136820157546 -3.493068619353401e-05 -0.02187445203526902 0.01774845205345637 -0.0005401418286397331
-21.70681431395994 4.894360871303775 -31.32254337611317 0.2460898958332841 0.4064726868365852 -0.04601969214999169 0.0506675276497396 -0.003408439170477207 -0.008851556309957339 -0.008053521531133099 -0.0002071706105312311
-22.04651836967646 5.387358304675457 -31.36301402239766 0.2858753493776253 0.4010976715307196 -0.04878790367485734 0.0638397988494273 -0.00766320605176544 -0.008467810705872035 -0.006500486187857988 -0.0002431094229672338
-15.69639934050801 -1.340213575786034 -31.16279691510857 -0.324258113103829 0.4323750672102052 0.003676997524269639 0.01400829490400211 -0.0008463352718769762 -0.0389029307680876 0.009960446910879172 -0.004155684555175129
-13.6259391329555 5.8780302974363 -31.19142833627928 -0.2100403601615261 0.07521256009426928 -0.0001388010144030026 0.005430156549617829 -6.441227494711891e-05 -0.06995514387451948 -0.001933596425001327 -0.01226297875204306
-13.54355026420551 6.576051300953511 -31.18001888121229 -0.1902201085434113 0.04396184345172145 0.0001757904981377261 0.01471002431473698 4.433349435095656e-05 -0.07726761193018523 0.000966388419688592 -0.01427104200203914
-13.56518621129975 7.216595917336304 -31.17906526220816 -0.1653926914101086 0.01887252687462104 0.0004608686899077533 0.00603156906964524 0.0001548737183125057 -0.08113803585218628 0.006571920205925022 -0.01449574777315358
-12.02545671155245 8.185543976252522 -30.80233607767644 -0.2347513199914252 -0.08059627345428551 0.001304284417679231 0.02092927238044342 0.0002079842587162558 -0.07595265784588802 0.004963066312116093 -0.0231243393536238
-13.62724926716009 7.79837178990951 -31.18255360820012 -0.1397276633915358 -0.002276766295488538 0.0007038448257279114 0.01022755038833558 0.0002450532578218934 -0.07933811498666227 0.005779400139399964 -0.01333336456221789
-13.63880150505414 8.882605396274695 -31.18277625575025 -0.09782481016543822 -0.04540015887933737 0.0004143904638459297 0.02360382870188881 -0.000252500734669169 -0.06970893322850368 0.001101375626148519 -0.01144565207901664
-11.88595911635253 8.951360178055602 -30.77303016566503 -0.2160823915738142 -0.1177390870173997 0.002883828329433063 0.02698182092620203 0.0001069869832654622 -0.07625727943771173 0.008244478306377215 -0.02372376944551472
-13.60213919835243 9.513814562297503 -31.18757146811948 -0.0757644702796165 -0.07197648359329036 0.0002127937507749789 0.02357580804075823 -0.0005776014176460945 -0.0627596047314193 0.0003116012281048063 -0.0104026769417868
-11.80854192073215 9.726637766262128 -30.78046257855529 -0.1918196106633394 -0.1524412075334722 0.003809256622751629 0.02723344484651752 -0.0002438687861952891 -0.07481606545343858 0.01025648009799394 -0.02326787219116964
-13.45875891029815 10.242214783945 -31.18923684958408 -0.05662369879998833 -0.1064020553545881 0.0002361510694731241 0.0233071494616753 -0.00101240805518687 -0.05375822615880477 0.0001407496320465915 -0.009299204842711737
-11.80109829596331 10.56443879100051 -30.83036617480193 -0.1590963429678716 -0.1862567200238265 0.005023672927199284 0.02632349673325369 -0.0004859527609915516 -0.07314442528069912 0.01355143918220839 -0.02208528251295844
-11.46835221718635 11.29431634747631 -30.79702571579477 -0.1530917374192854 -0.2288584469477857 0.003480752695216526 0.01468652841778033 -0.0003833497858626308 -0.07767057814969494 0.01775673149426727 -0.02495718763634198
-11.19369438331844 11.93820172740869 -30.78088763424795 -0.1458631533015671 -0.2653337599049189 0.001871868824208839 0.008225573597278766 -0.0002674799903360908 -0.08384185587403256 0.01817632949177728 -0.02777860206318096
-10.59316078510973 12.07903858449295 -30.59445583305245 -0.1842742099338529 -0.2968185599663626 0.002796394319500435 0.01952205881939817 -0.001084391150300922 -0.1096624177203727 0.01334427895619307 -0.04255988558913337
-11.00644666422971 12.61478908882677 -30.78950908374308 -0.1305566443787924 -0.2990279531939736 0.003072364678024911 0.01835634651917197 -0.0006937209626589573 -0.09250992194717995 0.01433203779435767 -0.03047387294918976
-10.39706670897494 12.73196258296902 -30.5865837999275 -0.1709331048075028 -0.3302464974179302 0.002373163167377814 0.01588629008582037 -0.0006043211155859304 -0.1132833787747106 0.01516149258966451 -0.04630000814003963
-10.79760683398644 13.31203941530371 -30.78152002859921 -0.1156273400191681 -0.3340917041069885 0.002520438637258701 0.01714101840093056 -0.0005048432398436018 -0.09889028622552777 0.01354565198310264 -0.03379391266626331
-10.1620578017556 13.42301845106161 -30.55439308881456 -0.1585890614571833 -0.3665542429231293 0.002462314278434516 0.01140480684402016 2.182809185115969e-05 -0.105723978508674 0.02291392131990489 -0.04595843029338213
-10.56828459429535 14.05282303067422 -30.75633962081886 -0.0998749206693437 -0.3712645061414735 0.003425615130147004 0.01400598119315434 0.0002653432011761589 -0.09418478694463769 0.02368616840415969 -0.03432233416554781
-9.850353061027448 14.21050100015655 -30.48854872098704 -0.1472174637621483 -0.4094647899684002 0.0003035139476495696 0.0009424140618288255 4.661065781533202e-05 -0.09753805051713393 0.03363425834132832 -0.04490902638289431
-10.35218461075897 14.90947724057906 -30.73255952494142 -0.07713668440962552 -0.4113999448063855 0.003250221423973194 0.007882389878316706 0.0006580762514788509 -0.09049087646301535 0.04007719574936888 -0.03310968405708912
-9.738672785342898 14.96763014271014 -30.50977521973056 -0.1203302791787618 -0.4411250274480895 0.0004216427091629788 0.0009643629835450069 9.203343237410361e-05 -0.09201795303709601 0.0441829563575953 -0.04139483344672591
-9.910126821503535 15.48571348210021 -30.61207828661017 -0.08290091196047744 -0.4511080713528395 0.001632247089776333 0.003339781899106464 0.0004042950811949839 -0.09151126711307733 0.04912552270101136 -0.03635842422437735
-10.3908272475507 15.73825236227555 -30.78124662502687 -0.0361459222170613 -0.4385462019547893 9.229977134234245e-05 0.0001877324567293406 2.198785069060528e-05 -0.08493344230716633 0.0449051290365953 -0.0268699700499163
-9.759198172236056 16.24999516413262 -30.5981205458493 -0.05749939039748762 -0.4836752685355742 0.01655602445557983 0.02885242738675847 0.003792927364015518 -0.08251294339289332 0.05135152917326023 -0.03045931199525389
-10.40178298315937 16.38778778233474 -30.79727204997859 -0.00526101930902106 -0.4603282815986702 0.007871421721164696 0.01597921266500041 0.001870756728862389 -0.07453593182138805 0.03918778906904644 -0.02110710711347195
-10.06422649975807 16.99652043075107 -30.72092976644342 0.0001113785395157444 -0.4950575229610794 0.02240468399112604 0.0409757486875597 0.004201093802111853 -0.06465192124633923 0.03724105546322729 -0.01844145078082514
-9.173089057254554 17.1939046239419 -30.48536172730443 -0.05214429301038138 -0.5399093235579052 0.03830363599862404 0.05596816272800019 0.005131624713601551 -0.06430710584900522 0.04620975339436133 -0.02398441622296855
-9.786836984596643 17.73166366400154 -30.69081913127507 0.01715790033495227 -0.5304178372357516 0.03613726041075348 0.0630126427642945 0.003409496910422525 -0.04840887498252132 0.02849676795454254 -0.01357752737070683
-9.186364896322328 17.97696139450806 -30.57643294809705 -0.01045210794601106 -0.5631879097790511 0.04681733312419829 0.07399497008552999 0.001185098525793793 -0.05378461767480543 0.03429828945676108 -0.01674842999705951
-9.524797829035036 18.43649644702541 -30.70708350093316 0.03563943438026903 -0.5629451188564905 0.04931264708025924 0.0828034926130215 -0.001486163974324846 -0.03954311850722659 0.02335613200854206 -0.01077037489684537
-8.807065470817328 18.52691465107142 -30.57976031828478 -0.006036718099475227 -0.5952805165275928 0.06147533527971823 0.0954782031460429 -0.00588668539090333 -0.04643133842220768 0.02899023823985366 -0.01468504520522476
-8.61699034164692 17.92198634208417 -30.43238504075447 -0.0515799285734509 -0.5858534212667624 0.05731686015002771 0.07947125456427072 0.0006952164793878835 -0.05407432693356368 0.03917961765095418 -0.02054429653969476
-8.050196078997999 18.46504873213896 -30.41415600149856 -0.05838044595261657 -0.6253077393033214 0.08108467596312391 0.1000896432403974 -0.008894876978097004 -0.03489944269422855 0.02703508470253837 -0.01392689517900982
-9.128268766474028 19.18427003205342 -30.76738088268798 0.04971011429634254 -0.6011326353238279 0.06699142754456863 0.1027347581723022 -0.01264837969416419 -0.03521695741948521 0.02178415783179574 -0.009585738837895938
-8.054770748110485 17.84752713776422 -30.26768256746046 -0.09413975663888702 -0.6082854793484063 0.07418845395799215 0.08319820728246873 0.0008286538625119056 -0.03790080497727062 0.03397060721030726 -0.01748799567947463
-7.69324524899688 17.26845967651447 -30.03803073400603 -0.1534273052210125 -0.6087323847744565 0.07863984086406588 0.0718822123229217 0.006392044571751361 0.03111225351673844 -0.03562989903516188 0.01791184349949134
-8.406817536493921 17.42176475531935 -30.28476669286791 -0.09392568716379122 -0.5807098040506488 0.05599594378345272 0.06799304195221605 0.004788416013620043 -0.0473407710993519 0.04049314945855562 -0.02137685039836997
-8.469867118037254 16.79499755826547 -30.20124255245836 -0.124117844514131 -0.5594914433016415 0.05147823782670701 0.05915359588801141 0.00816744860121052 -0.05537919128399634 0.05203766220003019 -0.02784121116298991
-7.966177413791807 16.50226359050797 -29.95842182715137 -0.1785732601573407 -0.5746615517737447 0.06582498483547282 0.06289222366303585 0.01184271270071298 0.03785715599901434 -0.04416264876758953 0.02411106910301869
-9.043239670486985 16.35527199696913 -30.35186298744906 -0.1049353567264088 -0.5195033267033575 0.03417535772219712 0.0473282785112051 0.007350468679180086 -0.06803672485294254 0.05405376779926777 -0.03171122510160059
-9.281806162774174 15.54220674216844 -30.36238898147431 -0.1279646516856608 -0.4820408728620268 0.01609214626821972 0.02624747600879264 0.004262589479251793 -0.07578337837065995 0.05250865203234078 -0.03723144717662661
-9.874480386653129 18.89415654911306 -30.82719041945192 0.08119965474462486 -0.5626434626111579 0.05132396560483485 0.08754064763260788 -0.003727545209616865 -0.0250103075202694 0.01440662091522866 -0.006026281790520958
-10.39326730807473 17.49513850273456 -30.8182802624273 0.04640801031583533 -0.4975421262762831 0.02142680264819402 0.0485607837642353 0.002970081612992464 -0.04537942559773615 0.020697051014995 -0.01101957002873294
-10.93063234424422 16.0581434726645 -30.93176348308677 0.01640992244991962 -0.4266022678666487 0.0002757030502117795 0.0006324956743797043 6.589808897244452e-05 -0.07046603160366192 0.03252740722398949 -0.01738661221253861
-10.95712936767704 15.31867501806705 -30.93222406471294 -0.01508275726708042 -0.3995905856496168 0.005302564036750413 0.01148772242391484 0.00119825814252418 -0.08054567623179719 0.03952703920605426 -0.02251355328080805
-11.0316013273892 14.58216389511995 -30.93232204885857 -0.04262309837212756 -0.3701818163597443 0.007309177603359012 0.02285933632838541 0.001158665150392772 -0.08858980940093962 0.02967094967046931 -0.02653015578335317
-12.23170551024521 16.89318903901361 -31.17699526357731 0.1414310299730643 -0.4028708104844529 -0.0006944902987376563 0.0242869142743058 0.000193706823945107 -0.0129944886505063 -0.0003535208352005108 -0.002264329553313546
-11.38898745288752 19.84066583686291 -31.17704613077738 0.2206298947339181 -0.533505579638633 0.04124215335081407 0.08456221476834208 -0.006173781027069887 -0.02068481950464185 0.009768103398707369 -0.004385325693408002
-12.65098750715613 21.21802197716863 -31.61449903722164 0.3600465848979241 -0.5317429948999735 0.04899045635092329 0.05628308814220342 -0.003998853322986817 -0.004387157667291839 0.003720232837969931 -0.001386063210480098
-13.05289303677918 20.73966992366335 -31.59516039539648 0.3634962040932643 -0.501766258865521 0.03084313763313288 0.05046185367946276 -0.002809137785176343 -0.005876224017800718 0.003503424802481489 -0.001584783917620288
-13.60068652567186 20.21851561182647 -31.62034288467157 0.3749590491742709 -0.4646894503775389 0.0142015278769558 0.03925178433607521 -0.002454992890211594 -0.004691194210667583 0.001628279910886551 -0.001103560612712465
-13.518241899088 19.49550325982973 -31.51915045151651 0.3384447017687717 -0.4432135409642496 0.005667073636302819 0.04120093345750549 -0.003174590223911608 -0.008431331579162045 0.00102557582076289 -0.00174079026725816
-14.29631471422606 19.73267022675723 -31.69909847810805 0.3982449122919162 -0.4229547379724645 0.005815785937090672 0.03321782227175998 -0.002427997943104976 -0.002087399679951122 0.0003329970190423344 -0.0004441659068269404
-14.11563361543604 18.96740538964959 -31.58961621458773 0.3539862953527473 -0.4030476318821329 0.000650510508935045 0.03794777459018757 -0.002946915680880912 -0.00111118448013706 1.854382875858584e-06 -0.0002214069043613278
-13.49700354324648 18.83791336059629 -31.45524663409178 0.3085853737020904 -0.4215332293591476 -0.00319216088994971 0.04361148132482763 -0.003847555569024285 -0.01117322497436222 -0.00100259936894371 -0.002094345808044463
-13.93466640600548 18.22253897819364 -31.50496738796115 0.3104066681124467 -0.383804859130003 -0.006574978350153408 0.04048566694165816 -0.003279969325406005 -0.004707628960229337 -0.0008358823536631514 -0.0008807082604027109
-14.56704532681544 18.45337172537531 -31.64232283949229 0.3613409308537069 -0.3683209083555549 -0.002823071162175371 0.03660858196090896 -0.002833979628403843 -0.005128692057555862 -0.0004713309080867296 -0.0009795742722407668
-14.64013478960535 17.799074223289 -31.62446293186205 0.3384441656688315 -0.3423372688429221 -0.00619051539725096 0.0337366566563513 -0.002456577902302302 -0.0051216727018519 -0.001008555242376306 -0.0009441948526625869
-14.06158028012694 17.41078873333322 -31.50280826007702 0.2840772537881912 -0.3503372693155683 -0.01149797966859801 0.03278442200948916 -0.002809085455249544 -0.0001352356887524196 -4.953677072649553e-05 -2.45977553340151e-05
-14.81084814879688 16.95052910743045 -31.6355373218227 0.3139330078637312 -0.3053466390267048 -0.007949347675519672 0.02247863267767083 -0.001808569379215597 -0.003218544336425903 -0.00118413997787352 -0.0005709040936475821
-14.03210770480003 16.6233694437518 -31.49181641595094 0.2487188284258443 -0.3232475644574866 -0.01275820608741826 0.01890567548445962 -0.002272283763669872 -0.002499449720665855 -0.001740071791285547 -0.0004439313348271046
-14.62601572239787 16.07370934902513 -31.59622530152058 0.2648579773003131 -0.2804530807130793 -0.009757018058461214 0.01089504924760503 -0.001719864482052069 -0.002236775284646271 -0.002063886213549498 -0.0003848472364937364
-15.36190787367685 16.22307949996912 -31.72676098902076 0.319929901084852 -0.2578123523689252 -0.005459637847884015 0.01137142445407322 -0.001075737703465401 -0.0006736735507307047 -0.0003345325772971839 -0.0001172203178036379
-15.11894707983205 15.52172454489865 -31.68041329106685 0.2744966874240213 -0.2411968467455519 0.00926933028861875 -0.004477443098188828 0.001620719762437643 -0.00105832505844101 -0.00225444508757646 -0.0001753449823898271
-14.50338862357045 15.33787791843575 -31.57596935282571 0.2257994213047716 -0.258145779521245 0.008026572624515192 -0.003293769730623558 0.001340261841000415 -0.00296851756140772 -0.007435305931193167 -0.0004948016872636263
-14.95958682708231 14.96184430024551 -31.65155695158946 0.2404782983385916 -0.2265657772690933 0.009896090596648916 -0.00209485768152629 0.001678554973043301 -0.002456300335794978 -0.01188338675007501 -0.0003492488299464227
-14.5069886239472 14.65738472901336 -31.57524389696382 0.1974902319486338 -0.2328200676345085 0.005671995162828304 -0.0006260428440772532 0.0009344777900144809 -0.002009890894696854 -0.01848295474351229 -0.0001830221369346118
-15.17785828345406 14.33728393421348 -31.68213072976192 0.2289687685810187 -0.1948229879695942 0.01066860024035041 -0.001241407676880682 0.001817500437752523 -0.002680644430882757 -0.02310228492402394 -4.436314670607711e-05
-14.56274056247637 14.04652581062124 -31.57573091356074 0.1756113093849735 -0.2078976568920732 0.004379817330171254 -0.0003188270253138879 0.0007208904436170422 -0.001892071762181835 -0.02536703860756583 0.0002763682545981134
-15.00438422171794 13.55279686994118 -31.63254698606425 0.1845439765067712 -0.1721591274978674 0.007388829871135756 -0.001266109294088061 0.001260264183068512 -0.00487745621035355 -0.0281864869539244 0.0002789264718334584
-14.17620511327859 13.44356905050198 -31.4944272778789 0.1243237616848208 -0.2005197549133572 0.003207635751007728 -0.000236090656703022 0.0005267977791722573 -0.001877159552453717 -0.02415112312069426 0.000606284965016007
-14.82052633991458 12.75886142823186 -31.56397578787448 0.1389681144014114 -0.1494209582277414 0.003484897597330365 -0.001214566664464646 0.0006152299437715629 -0.009407292353720757 -0.02693443774916903 0.0001134215025346873
-14.11933370894786 12.73124935683721 -31.45411449450025 0.09065426256862057 -0.1759519239260303 0.009962658220511135 -0.003094159200047009 0.001754558401659815 -0.007175056668567862 -0.02305536128438554 8.302891092931373e-05
-14.39687968239249 12.25762601270194 -31.46866595397165 0.08956595417134385 -0.1470591423429669 0.006288635642243132 -0.004066962880819893 0.001229579702209031 -0.01304315231308863 -0.02035573210701557 -0.0006200284263649324
-15.0100107983776 11.88673060777572 -31.53098427159357 0.1151983093806648 -0.1089059569277434 0.005959772295323094 -0.004598753188542401 0.001229014966298981 -0.01532699773583678 -0.02002555481124375 -0.0006079401671307441
-15.5734599100403 12.39877951176265 -31.65689519866935 0.1742955526553513 -0.1064165622277329 0.01223639702748873 -0.005118499445903354 0.002299407190083525 -0.01328649467584924 -0.03155850654197026 0.0004551719735451766
-15.69562934217111 11.78747840505247 -31.62094964752336 0.1567764131787646 -0.07843669467340869 0.0147634015912492 -0.009721430814317089 0.003043380364546956 -0.01712124721088561 -0.02598304532148921 5.765657204101953e-05
-15.51850553009658 11.24328561263057 -31.54345973132313 0.1222253637343501 -0.06452972383308229 -0.01736119218856746 0.01874321971817204 -0.00404167733431167 -0.02039009173149673 -0.01906137844306475 -0.0008103821076338475
-16.15017040467492 11.37204823622076 -31.63952576078914 0.1694696679022173 -0.04499523674689464 0.02261303543902983 -0.01677351044575634 0.004934559546147922 -0.01868975296308592 -0.02509288490475932 0.0003518609960210389
-15.99242090189563 10.82047264269362 -31.55701327657477 0.1359096561942251 -0.02998866147250341 -0.02560630786281491 0.02894372810956146 -0.006113542022271087 -0.02125965832122027 -0.01889042869579441 -0.000388984978601091
-16.58836313630521 10.82947186006735 -31.62773280767576 0.175482512509652 -0.007367624772812885 0.03322115628564053 -0.02869431963568076 0.007719213835114566 -0.01853659974113742 -0.02131219796478102 0.0005529392701809212
-16.26361367191948 10.16930476522059 -31.51371997636698 0.1265945579350473 0.005460419766973674 -0.03313608593443836 0.04421159692585518 -0.007713391427811537 -0.02129538788154654 -0.01600426106169803 -0.000249972573526758
-17.05160339561528 10.25305224848099 -31.59937574914831 0.1814148835462998 0.03246316773977607 -0.04284661184559598 0.0436449395269923 -0.01075826583207383 -0.01854843372811634 -0.01805290068703976 0.0006339108575828148
-17.19870656709456 10.85999085162662 -31.70871203970426 0.2168158248607716 0.01490227404085233 0.03876370618490447 -0.02690784281045673 0.009355725215765626 -0.01859217078155738 -0.02624287827638568 0.00155650167411727
-17.82504222202028 10.43656025229534 -31.72177717986184 0.2395976862513001 0.05502286310307292 0.04618044016466292 -0.03433089884319041 0.01234579963558211 -0.01804507387368448 -0.02358112704109883 0.001925202735812996
-17.57301802912477 9.682857755438365 -31.56284493968074 0.1910528248957993 0.07419172183079673 -0.05062939457030558 0.05959957358614817 -0.01341402458392118 -0.01367956139647128 -0.01149241327426218 0.0005699244712890851
-18.16629421016259 9.770729387975619 -31.63399055066023 0.2328933739138487 0.09342399916428284 -0.05741458786778504 0.05725543853722063 -0.01697012850852486 -0.01157094252307663 -0.01135078217429327 0.000851312650189313
-18.12108260494138 9.130457731127795 -31.52183250266756 0.202768678182642 0.1160949662919095 -0.05731467707813435 0.07373431641812629 -0.01523208102258999 -0.01048001108856217 -0.008058862311113814 0.000423037908534832
-18.73698342506643 9.440316411902229 -31.63418042476538 0.255185751816863 0.127659312683924 -0.06011056725871926 0.06413009457629369 -0.01983363174205715 -0.01305384085604704 -0.01194402250449546 0.0009429682960030179
-18.78973652747849 8.67120188245177 -31.49642726860663 0.2255712020594159 0.1588206196140564 -0.06195521135269525 0.08320219289139243 -0.01751826533876621 -0.009231670547804867 -0.006770615442131925 0.0004920605865539967
-19.46713335931537 8.282915184135192 -31.47330535381452 0.2512689058039422 0.198973097811956 -0.06879859263045485 0.092923621498214 -0.02037208876127154 -0.0130749071268324 -0.00952148706855302 0.0007247243429294778
-18.92814171416208 7.883673036048157 -31.39363438799711 0.2012827587117358 0.1937313183384775 -0.05609317938064309 0.08436103483828654 -0.01088216021985532 -0.004827899051532582 -0.003182272811968119 0.0002161684744897482
-18.06503514000244 8.267188944128023 -31.41495711203145 0.1634182114897725 0.1468000671966241 -0.04934150455845761 0.07615420858638797 -0.008488744957311724 -0.01089252840721977 -0.007015574177266484 0.0003755844739319767
-18.41278833590795 7.385740729451298 -31.35040427102409 0.149242426463187 0.1932210870858389 -0.04297343864428495 0.07231452709610227 -0.003560546178765376 -0.001352707036908999 -0.0008011902467716629 5.414311044434068e-05
-17.61002646457334 7.569723721101057 -31.36844246046194 0.10681922612916 0.156270183871682 -0.03288255755084202 0.06156290089112934 -0.001875943339574251 -0.01331279832655764 -0.007099738084548858 0.000361623440013434
-17.96274221222257 6.835970240330801 -31.34512429329933 0.09958411563659939 0.1973027716461337 -0.02458801759099134 0.0520939852469637 0.0003223635019664802 -0.006470249009310242 -0.003055308976679173 0.000225286971332139
-17.19306424215287 6.990566691346805 -31.36967077038877 0.0579259459459894 0.1628906519093055 -0.01435530365227048 0.03874457618205058 0.0004638953576726923 -0.01832149498861552 -0.006793389485935765 0.0004233121625469113
-17.52796361036067 6.304577598939709 -31.36700589243323 0.05196400228329151 0.201488685956231 -0.006646986130614595 0.02487361651797192 0.0007123815823015461 -0.01406840853721112 -0.003773161969529742 0.0004768055099330041
-16.76861654678665 6.453212929227401 -31.38977681794568 0.01063247692024187 0.1678878213943644 -0.001321561826741802 0.01382285222550761 0.0003154329381641052 -0.03063653525699813 -0.002942683075733206 0.0005966333261820342
-17.0838926194396 5.792108518849849 -31.39742832315085 0.004883378796189499 0.204868556894466 0.0002101327747344388 0.002719268808807919 6.316028734737567e-05 -0.02865610071535284 0.00219239246783585 0.0009480878642277969
-16.33036915967907 5.936953144851524 -31.40925827835463 -0.03628490955845454 0.17182666044657 0.000221475311923408 0.001509681123766599 3.256565447600132e-05 -0.04707093663916499 0.006899107410428328 0.0002947321796097689
-16.62441114588764 5.294765639426387 -31.42081454582294 -0.04215894660983278 0.2073664540940508 0.002045895471217316 0.00751797165927124 0.0001239415831366432 -0.04391300325612578 0.01193856883298296 0.0007067228642513874
-15.88743453739747 5.437160609022955 -31.41502936460532 -0.08246247752983236 0.1752029742500708 0.002091984827305019 0.008969278815150571 0.0001784270865385261 -0.06030503789028847 0.01409293976506537 -0.001380293800868106
-16.14245427467364 4.810572929834024 -31.42662943728286 -0.08969869407158916 0.2087991154426581 0.00177591130134477 0.00812123003421718 8.381311079449447e-05 -0.05462720456818597 0.01195509446132884 -0.0009187374982649921
-15.49049850147992 4.988810108991338 -31.40289467835906 -0.1235593235463325 0.1784393127764358 0.0009894272420755234 0.006880310699879026 6.902819976299788e-05 -0.063956986283098 0.009234340702678612 -0.003684705588348065
-15.53903501717588 4.319176758173107 -31.40415395224134 -0.1446641934008064 0.2064299090303396 0.0003716773676341267 0.005243848774771158 2.58143235405803e-05 -0.05901554714078213 0.004199373854054688 -0.003336838499048497
-15.58981596279947 6.056492503931977 -31.39621502323785 -0.07809820680037925 0.140144719521944 0.0007872849315212492 0.003946528584599265 8.922561749187167e-05 -0.06147427981112471 0.01231043160913052 -0.002081196723411964
-16.02109554843879 6.579640783987744 -31.39452529674947 -0.03131702014674485 0.1354935529352045 0.0001993434413137562 0.004943229300648918 0.0001000192113961612 -0.04805070069562513 0.001945250948894458 -0.0003722230256298147
-15.28872219793046 6.693864433583849 -31.37332577980411 -0.07328417157079013 0.1040267198432097 0.0002833145567355497 0.00272106394830749 5.724579623469014e-05 -0.0611401489251054 0.006426473340758776 -0.002881447052634645
-15.69851143203686 7.226044435067909 -31.37755575205189 -0.02705540831416876 0.09829970512791941 -0.0008447545679657169 0.01256654859077662 0.0001648973227589859 -0.04974252354435216 -0.003326966797030221 -0.001284035834605049
-16.43741949339757 7.113993164110129 -31.3832225896362 0.01537852752901836 0.13010681266976 -0.004926523691033469 0.02402096007277754 0.0003064720276791398 -0.03245572745293464 -0.006658052240532637 0.0001269180289901466
-16.09083961488572 7.77014449093507 -31.37802255029765 0.01894893502827857 0.09170786956395852 -0.008813505292074602 0.0339160770916856 -0.0001458411435508544 -0.03464410230062889 -0.009004721054673114 -0.0004719828162021118
-16.83106790676807 7.670752667183498 -31.37805206380726 0.06194992259284534 0.1232684239211946 -0.02039383963490313 0.04730604747584612 -0.000574687283962382 -0.02102166080805047 -0.009060118283553676 0.0001983578257580824
-16.45113930874258 8.312618367471698 -31.38901842840959 0.06327614821489493 0.08422363709128906 -0.02255662214536775 0.0533590968167757 -0.00206542289094761 -0.02211765852615935 -0.009355554527585946 -0.0001473178682044742
-17.18307874466176 8.277619420146758 -31.39820482798763 0.1083435725702971 0.1131733349332963 -0.03642582983590063 0.06488704468212184 -0.004158401009432318 -0.01522807587048831 -0.008535741809425746 0.0002010965756863723
-16.71003860952166 8.893206257361731 -31.42377590288556 0.1031110490799279 0.07163122567944669 -0.03509223372855005 0.06389607006199351 -0.005811315158353564 -0.01558670021613351 -0.008561176585594642 -9.191015011182136e-06
-17.41986451815826 8.965763933837914 -31.45954204310572 0.1513590343789586 0.09578207393706238 -0.0462776425203944 0.0703899584339546 -0.00968999608750021 -0.01194683523680794 -0.007823298103971506 0.0002259796561614318
-16.86963296259375 9.559906276548496 -31.49301953723459 0.1406500569256749 0.05207897452900048 -0.04208722088320545 0.05962810634494075 -0.009499966701604296 -0.0167801653262287 -0.01181749555319466 0.0001658577355508827
-16.1985022468914 9.412021355110813 -31.4386618638588 0.0912652331805634 0.03214932738231095 -0.02972336527496537 0.05459737667332925 -0.00594744541227864 -0.02370064523367947 -0.01294484537002106 -0.0003853188979740369
-16.12622398938576 8.845495843834776 -31.39987998147721 0.06372634962184993 0.05129958111999187 -0.02301368472317702 0.05603974846908116 -0.003492255199655382 -0.02572449603184255 -0.01059568625724764 -0.0005051610701843541
-15.51125586619962 9.18728087106718 -31.38609869122386 0.03762901659326972 0.01460087497059111 -0.01504272910137766 0.04474608910225939 -0.002941136365954235 -0.03815261959989241 -0.0129500965922976 -0.001885888365098423
-15.7460855533116 8.429844831909138 -31.37442544359994 0.02274856865406567 0.05303414937223708 -0.01141076632545226 0.04306791306663117 -0.001188956879836651 -0.03884310710714292 -0.01032682428695997 -0.00128276484783455
-15.3598072055693 7.876257654609651 -31.35835438978 -0.02370126591949936 0.06013420083780034 -0.003147433407968093 0.02426973622755392 1.688771169403777e-05 -0.05343033207245355 -0.006927394896126279 -0.002508646011301902
-15.69954402751192 9.826806212345113 -31.43665885717162 0.07570985292573365 -0.003000280583741226 -0.02239702685592826 0.04375980544736766 -0.004966095158310662 -0.03007915925419652 -0.01554019097020217 -0.001279072520464002
-15.44276635166625 10.4974219721984 -31.4656469539212 0.08629235339252198 -0.03881125809678373 -0.01911726766683353 0.03309469330155831 -0.004790203804328839 -0.02616251736158135 -0.01532987172283389 -0.001499217167628403
-18.60314589303435 10.17786021534778 -31.77608588084183 0.2788431577938089 0.09452672022431803 0.05238791363197745 -0.03767476110633139 0.01594882776454454 -0.01665113105757069 -0.022140106730001 0.002394833298168345
-19.05404657021781 10.50531366011981 -31.92637566819691 0.3227678913972886 0.0992271795293663 0.02999350624613851 -0.01586600381791944 0.009163112486961144 -0.01884022267453271 -0.03301429203368546 0.004504959758337114
-17.66128269676303 11.27863018728817 -31.84698848155005 0.2652741323854839 0.01668489029210053 0.03204122579745623 -0.01438221921563751 0.007543265612011232 -0.01693333651227699 -0.03605615176535969 0.00318129854717929
-19.60692999590156 10.50619234398365 -32.02843898865137 0.3589680077925747 0.1202132541275786 0.008783655647386954 -0.002802840719277875 0.002300988737894894 -0.01447962682490099 -0.03946239275320812 0.007204404945908326
-16.87892075443989 11.52061375932997 -31.76111663382204 0.2239696532987468 -0.02255892945314213 0.02936833123887568 -0.01518656229927767 0.006450277551102679 -0.01732081831176023 -0.03274440642128158 0.001768693106321778
-16.23270762089642 12.04712704655007 -31.72549998673741 0.2034293203970853 -0.06750932134545549 0.02015435790923932 -0.009231947952058337 0.004019612217203442 -0.01562316851936087 -0.03365121315062328 0.001047036743338555
-16.20925210438585 12.87486049872895 -31.79606957535544 0.2367742345532122 -0.09979415292538764 0.01576435554311028 -0.004342999025706081 0.003008495310140094 -0.01085342915649969 -0.03868903919239746 0.001020728387570985
-15.48342182934766 13.05367641415996 -31.68782889063657 0.1957461418020236 -0.1346981474180571 0.01171956421075448 -0.003135881841596676 0.002090730488628741 -0.008941125999780274 -0.03312515574733629 0.0004350277894183238
-15.81898665421006 13.70117288503535 -31.77478374010107 0.2453083160301338 -0.1460977741901409 0.01300628167160127 -0.001936587077889861 0.002344223713665504 -0.005016643319479551 -0.0331586345005174 0.000440782575020212
-16.49804880574205 13.50991077241655 -31.88903426375503 0.2827846752057932 -0.1126413520445074 0.00902590444873363 -0.001206018827907484 0.001712299477508519 -0.005730919791103903 -0.04132461183223173 0.001102887980184569
-16.4599532247343 14.11850303582139 -31.90522900768052 0.3056464055366307 -0.1370979903877413 0.005662524371470203 -0.0002416779632978576 0.001049011662075428 -0.001498337425986851 -0.03247897160352609 0.0006052558871759115
-15.90769973110229 14.49298663789035 -31.81183482557112 0.2842748047324583 -0.1724613129006685 0.0105796933143195 -0.0005793648118266643 0.001909152767499592 -0.001241592818501279 -0.02220156875195631 0.0001429238892854723
-16.47370029637113 14.7788296503515 -31.91890070684414 0.3339999299387998 -0.1614782605205681 0.003033752970637983 0.0001942818451494077 0.0005566122952125451 0.001019534389595225 -0.01695877041404779 0.0003624888026004657
-16.02461451856908 15.06312429373975 -31.8386317311654 0.3157841012467533 -0.1893698474839521 0.00707721138383284 0.0001508930079307705 0.001279007929059252 0.0001809664548511727 -0.009313660511357069 9.744145615405456e-05
-16.47990478850255 15.49497370166771 -31.92362292556138 0.3640693357099552 -0.1881924938399866 0.002306923903369151 0.002056164633414688 0.000410269110133743 0.001920551027157023 -0.00222646241594241 0.0003592963775679829
-15.7669671157515 15.58179783762328 -31.79485206329267 0.3201471115677683 -0.2186102059272688 0.005845972582197802 -0.001225148071850037 0.001052589319756296 -0.0003167718813373526 -0.00155260742084321 -4.781946190409024e-05
-16.11891371460802 16.2245452310623 -31.8626864114408 0.3702439805381995 -0.2291579319135311 0.0001567009992383158 0.01182578095976271 -9.543129055748085e-05 -0.0003159431655186022 3.728116929358136e-06 -5.680228684578125e-05
-16.83201858362103 16.18675611553278 -31.99021383687639 0.4161026715478515 -0.2008460761765844 0.002388979706753484 0.01374749294448848 0.0003153958774204703 -0.004706941448854027 0.0008373305882902773 -0.000844680516165114
-16.54186093515253 16.8596986320043 -31.94770625636578 0.4245933454429678 -0.236889634924771 -0.0002119283987220266 0.02170423090756844 -0.0004970200044049079 -0.00477476577307389 -6.609151010385907e-05 -0.0008501809344066482
-15.72264185058995 17.00926048030849 -31.80340854622291 0.3765715360786744 -0.2731015877858097 -0.003057160455068157 0.02173483833616742 -0.001051832009302412 -0.003088829075564627 -0.0004611889317494675 -0.0005521991787535786
-16.29605826898885 17.56508627059867 -31.92424161960009 0.4374926040599765 -0.2721496212539888 -0.001835664295188341 0.02758920666460829 -0.001402554578967607 -0.005450127878178166 -0.00041203666355818 -0.0009719119202644104
-15.69620260799464 17.70809982279938 -31.81979352540608 0.4039121639722248 -0.2996373645271818 -0.002428217670078372 0.02934585507594523 -0.001649195576569401 -0.005345259169783453 -0.000496646234641975 -0.0009671719238531045
-15.99009900776967 18.19650731288444 -31.89826119149914 0.4435254015275098 -0.3065622233246396 -0.001175953756947504 0.03043371757013947 -0.001963826192168496 -0.005696333486411724 -0.0002867137046444786 -0.001032239591543636
-15.24542239800198 18.22486454870046 -31.76125427279821 0.3959542661635415 -0.3350403808978538 -0.002293628975260129 0.03251115103803749 -0.002285125498079729 -0.007426997145801672 -0.0006204881852042367 -0.001373232785833734
-15.69563264978046 18.82017818854478 -31.88587294389068 0.4501937502382715 -0.339922152816686 -0.0004047413196557892 0.02950893260757378 -0.002316449382697416 -0.006969633966470504 -0.0001965343090307595 -0.001285855349746167
-14.91296968456289 19.04589759640908 -31.75481676892333 0.4088388633597902 -0.3765070888203257 0.0009872866082053149 0.031253655167273 -0.002410199169850234 -0.007060761743667535 0.0001166543553068116 -0.00137960404282205
-15.48879311643774 19.3964010287409 -31.89566679213754 0.4607486929116368 -0.3680598844954419 0.001088169738920947 0.02759354344432488 -0.002374497832511148 -0.006739461358735917 0.0001548452717219269 -0.001289092848553621
-15.01420294852995 19.70017526434427 -31.8350506847479 0.4428447132798592 -0.3959138165222195 0.003225819661541067 0.02899046422778136 -0.0023516844988713 -0.005976164894069192 0.0005675762936210237 -0.00120072653474483
-15.22349721384417 17.53798103525053 -31.72565307526324 0.3657320959757338 -0.3110873798673329 -0.004506299924737803 0.02913328238836879 -0.001838027237601133 -0.005213362980441264 -0.0008657879731742497 -0.0009413725047969298
-15.49260457026258 14.98757473978722 -31.74321267296092 0.2771261449748881 -0.2069670492738488 0.01107197864701174 -0.00132943999766947 0.001950344202125202 -0.001251806874344943 -0.01063571500221827 -0.0001433418493658013
-13.95918246487562 14.26610445870347 -31.48206127857107 0.144314109258149 -0.2397389851674913 0.000266930736487529 7.404986379391053e-06 4.30579681130179e-05 0.0005805524725356743 -0.02385561831626139 0.0005035822773464381
-13.88570610139607 15.0322342885069 -31.47559312604275 0.1716926826639294 -0.2709351351055722 0.003693333566630872 -0.0005110400564774058 0.000598894560967122 -0.002109077256891719 -0.0156329135473942 -0.0003331457783630442
-13.92156105482354 15.82148393643619 -31.47727426735234 0.2074359327813364 -0.2984439100348716 0.009211636293353075 -0.006443877500152217 0.001500274733774862 -0.004009394128823046 -0.005895895278626407 -0.0007061016452005705
-13.50546711657649 17.75549821119377 -31.40361203175241 0.2624070682300096 -0.3836890158987419 -0.01156243032812598 0.04046975466777283 -0.003212178709291801 -0.00970897030449731 -0.002912612653901846 -0.001747544999855181
-23.73429975832454 4.693349527645394 -31.47460873722475 0.3541255067896062 0.4877246353882294 -0.0384562454924903 0.06151785968592181 -0.008659090976944306 -0.01292874138571101 -0.008203943034370579 -0.0008659296734319548
-23.4324279324776 4.133929716806687 -31.41642647240771 0.3138542713839092 0.496378745345203 -0.03764147317508993 0.05263358472451794 -0.005018658545582551 -0.012374100019808 -0.008922055955861161 -0.0007612460727355894
-24.07318045785693 4.058190701983987 -31.47509463166574 0.3466790926348698 0.5223140468390234 -0.03644993761069205 0.05509150374149133 -0.006383198803895091 -0.006431690329744878 -0.004310672913585132 -0.000477306408625294
-23.71542737579351 3.610993403133214 -31.42745016984654 0.3083408567363389 0.5250124272890888 -0.0350454190743334 0.04575798407573518 -0.003635443499810932 -0.00753745460863974 -0.005815418879213123 -0.0005359975902032001
-23.15312322495473 3.572701322471609 -31.38631118273457 0.2754015828327736 0.5061356871829306 -0.03120578824198455 0.03814954693703466 -0.002165184505159169 -0.01046751237531907 -0.00859939157993383 -0.0006539480126025193
-23.57668332079172 3.042674521168093 -31.41662335928412 0.2777430080478607 0.5400468487049797 -0.02867212898068231 0.02934571696831681 -0.001782620712611955 -0.002453816398267879 -0.002408389576323322 -0.0001793867803264586
-22.87565210520131 2.965094015708703 -31.37628768187668 0.235729265165415 0.5178134763587736 0.02560320415283471 -0.02012322540967795 0.000966256736975694 -0.005285652130830498 -0.006743181183347447 -0.0003776680982558587
-23.33944277129025 2.289040929771381 -31.4134937516506 0.2348748559054044 0.5582662431010624 0.02021187012754582 -0.01464896872442775 0.0007623734380982424 -0.001291128083590231 -0.001786507576315924 -9.756434856630821e-05
-22.50499397304718 2.373839793174021 -31.37376192976945 0.1920292827382855 0.5258208522627598 0.02252207618203833 -0.008209370791327329 0.0006265354481131733 -0.0009373987396611641 -0.002579451524927085 -0.0001013640632416739
-22.78040587947742 1.724021696650979 -31.40164063264393 0.1823446889255235 0.5587592111964979 0.01591494876022419 -0.005965874501070905 0.0004600763895669566 -0.001253970153537801 -0.003355156723529648 -0.0001294854614331521
-22.07714221121056 1.858632887059761 -31.37469671454787 0.1485343663663339 0.5293158886436617 0.02108402623231537 -0.001364354466800045 0.0005028148466286088 -0.000142395956837091 -0.002224665510979976 -6.553553049121224e-05
-22.34325917999013 1.31648342408069 -31.39723594993016 0.1428526230331811 0.5581254442238741 0.01492813468035306 -0.001589805928424288 0.0004058916634384825 -0.0007249515877111353 -0.006857474928375591 -0.0001967996986883897
-21.69993393716259 1.347225313983987 -31.38049252664219 0.1083792773296761 0.5346444859426579 0.01784139678169919 0.002425171513091437 0.000390612957590067 0.00113611019712479 -0.008328117423979962 -0.0001860657177622148
-22.16192530741262 0.7018348770116294 -31.40675712034885 0.1100426566741774 0.5739737479603106 0.01052698084172937 -0.0002074779829934244 0.0002783944386829068 -0.0002412839226780121 -0.01256962568692015 -0.0002440039872102361
-21.33532255616542 0.8175618172370802 -31.38608465540704 0.06864044597301351 0.5412534237328327 0.01417652717747687 0.003453720232981215 0.0002899027692974992 0.002722705624923498 -0.01116293306061679 -0.0001547502193190053
-21.65839853498465 0.2524070036806503 -31.4017187571616 0.06600277182837702 0.5728928923846351 0.009245059568690246 0.0007944579106878082 0.0002144235604150436 0.001256820633839491 -0.01458364986500328 -0.0001552330582873041
-20.98733902568761 0.2750272485809742 -31.38841747669757 0.02977243217196383 0.5490675267258632 0.01086612601985367 0.003049201671079126 0.0001961631256738693 0.003791121385758408 -0.01350519663422353 -7.511395852786184e-05
-21.4845187670925 -0.3816025228106046 -31.40319152588582 0.03377767680995158 0.589940796133294 0.00531955387677363 0.0002720154079139524 0.0001167946956677544 0.001010070014231969 -0.01975109464439034 -4.450489609746288e-06
-20.64160984768695 -0.2814334273534307 -31.38643690248146 -0.009045932280234079 0.5576291941922054 0.006849634476173422 0.002007364462699201 0.0001151059160137549 0.00475167877123153 -0.01621827690257787 7.584292470418205e-05
-21.00270054598219 -0.8589068421158821 -31.39190528498772 -0.009344372222736373 0.590953388338086 0.003142864962083034 0.0001778163061660845 6.243451400177207e-05 0.001291751902611864 -0.02291691602640562 0.0002434480728149291
-20.2482499403574 -0.8982363068053765 -31.3763304537195 -0.05213783692870981 0.5669554698557194 0.0005541579503665789 0.0001643351477850763 8.50704848045427e-06 0.006052616584566821 -0.02042935199508731 0.0003708663956663281
-20.96226025874763 -1.572558973705267 -31.37840363462986 -0.03618774646950213 0.6155644863342812 0.000214666937511926 1.031905301752318e-05 3.976536836201613e-06 0.001504999748425904 -0.03166667637920838 0.0009295589723553216
-20.19239875769433 -1.55563895103273 -31.36415274040811 -0.0775590409159343 0.5892223365253241 0.00567291893946447 0.0009936312489220685 9.812568036059778e-05 0.005833166603256344 -0.03340879015676339 0.001069410040164355
-21.65221583423306 -1.154582740895279 -31.40199763336912 0.01567020094243834 0.6236097815377201 0.0022008468858431 -6.365673080631478e-05 4.985025006649556e-05 -0.0007655734504267456 -0.02612990607794452 0.0004326065973408501
-21.92461349168635 -1.990469630173658 -31.38387120326639 0.00123666083959992 0.6628981669535726 0.002254985911627595 0.000187551186203856 4.251042773884818e-05 0.002619030596093584 -0.03179804598751312 0.001361645852302182
-22.40222008918172 -1.36143145660292 -31.41461300898158 0.04874234883446274 0.6563854742643305 0.001928640067565945 -4.054937817405249e-05 4.439974844217962e-05 -0.0005392609383367757 -0.02499801912079537 0.0005942853854802569
-22.12081893974322 -0.7614569052153364 -31.41791926771847 0.05486733445004442 0.6252933356703222 0.002280963304583254 -0.0001904748468390368 5.535820888847004e-05 -0.002023704544822725 -0.02419342489692712 0.0001401220245526194
-22.75863765212781 -0.7830245943542593 -31.43255287319651 0.08838877297078689 0.6477325455879958 0.003278231076142857 -0.0003850126162400027 8.360557955796451e-05 -0.002657057761443791 -0.02258562461106414 0.0001758124736282438
-22.2997113693671 -0.1213993394385078 -31.42182303142724 0.08750904223599784 0.6083510354413885 0.004657625685753911 -0.0005443839494740565 0.0001183695088303376 -0.002241879843751287 -0.01921855635754554 -0.000172649770049406
-23.10245221392985 -0.2035636475177665 -31.44440546875056 0.1277885705398621 0.6387331372461659 0.005448762993162677 -0.001056111175006968 0.0001522459912936302 -0.003866252961507596 -0.01996255500454401 -0.0001075979931085099
-22.79829665483843 0.3497509737916342 -31.43182564604311 0.1317449504507058 0.608538121153204 0.005772522191882174 -0.001287131254204831 0.0001591655733489902 -0.003663710412349375 -0.01646945455046552 -0.0003109970997625976
-23.45296264408432 0.3901597272827804 -31.45158182903364 0.1685004793212979 0.6295896118318332 0.008264310552918104 -0.002304273395896341 0.0002503406633452413 -0.004231212990333662 -0.01520472038174139 -0.000270729090213511
-23.83345469163295 -0.2255729977473742 -31.46518514757518 0.1658947605009669 0.6644708943348046 0.01540909301181675 -0.0009729130603808172 0.0005110678171978585 -0.001073962605413506 -0.0169964900853735 2.481567594367985e-05
-23.48242062032227 -0.8209400378244283 -31.44988535097691 0.1255451065211601 0.6736878444349466 0.01118739547972533 -0.0003943391795356785 0.0003140994424486612 -0.0006403560966714207 -0.01798134093072504 0.0002329506578316826
-23.88693119423656 -1.440465471338413 -31.44888934744708 0.1245024772210319 0.7094596997652913 0.02600900758103917 0.005509046915101179 0.0007886970737291212 0.002655619142417527 -0.01259035366364297 0.0003687481707772046
-23.15389813448524 -1.427342721149268 -31.42946699636042 0.08638778721612948 0.6841638631840226 0.009071744706230029 0.0008783076533667674 0.0002035001501018873 0.001891882852120255 -0.01966791110294486 0.0005493784592710549
-23.61039313210817 -2.105843850492805 -31.42039883511384 0.08637104585501866 0.7237674541040536 0.02698278392132429 0.009046831840914912 0.0006868715400490213 0.005836823399465601 -0.01747015644061633 0.0008092095036912693
-22.80698376890668 -2.056483880595268 -31.40063463276573 0.0458328687721224 0.6948989004190531 0.0101961440545037 0.002110733078202626 0.0001662283340238036 0.005020014354790848 -0.02433570119358414 0.001091149559396108
-23.26722433752769 -2.865704332786475 -31.3753933662983 0.04185412688434127 0.7391586608412331 0.03167302008344182 0.01336020663204097 0.00067725768378491 0.01224490271025252 -0.02913325526146303 0.002057209137496333
-22.49750866895993 -2.595853137891337 -31.36748863419202 0.010735613592696 0.7037439755079972 0.01130588495237316 0.002733341386648697 0.0001441873872227496 0.008403085056778547 -0.03487594105745727 0.002243886930445034
-24.13607534677988 -2.784921935729979 -31.42124279811205 0.08995332967640353 0.7656587367702546 0.05574411913468388 0.02438919519033166 0.003028935022354283 0.006755385356749002 -0.01555068033937116 0.0008899405210632915
-24.01604872562084 -3.623095138901643 -31.38465253525889 0.05473154447172453 0.7911181778526492 0.06429252721266814 0.03818149643343694 0.004620662643950206 0.01412391208491721 -0.02405164295131534 0.002221698116938675
-24.36436734576071 -4.483361472445461 -31.40201249735922 0.04354625534003345 0.8329071192834431 0.09347212158342288 0.06137609911188648 0.01456171745246929 0.02294158721341195 -0.03590516397177642 0.004073700332750572
-24.21576084292192 0.3960972589051295 -31.47786419654048 0.2093194644877413 0.6555411011110179 0.01909068076377983 -0.001924761994424798 0.0007696835313499704 -0.0009401472294018356 -0.009355869120821826 -7.765617773196888e-05
-23.80496505062543 1.039414431584731 -31.45655215371373 0.2118715096323409 0.6187156798653668 0.01338058980660651 -0.006486436228439645 0.0004639836623530372 -0.004430147388898129 -0.009159520210056104 -0.000290223003317347
-24.62104906877003 1.073010868723535 -31.49169600051041 0.2565980512921602 0.6456942976878082 0.02308574733524717 -0.007228010415025041 0.001164380688857812 -0.0001659346386930383 -0.0005317777168939655 -1.113873948522025e-05
-24.15182107977279 1.83239501003649 -31.46287153313635 0.261167705991269 0.6028671289169183 0.02046815168919035 -0.01538441214937421 0.0009945909859214344 -0.003392436619326701 -0.004527926856259402 -0.0002237961350168874
-24.73681869461831 2.534561930333586 -31.49901465892216 0.3205888701601005 0.5989810491658099 0.02969797263511378 -0.02956939821577733 0.002583606500271454 -1.489322231173662e-05 -1.504450785235216e-05 -9.902959230444112e-07
-24.02773984333678 2.589736882437594 -31.44924985037729 0.2844173630523178 0.571988194381588 0.02582421077690869 -0.02534755484271899 0.001634728929195088 -0.002892980632856182 -0.002960388327556825 -0.0002016627015105897
-24.30292585288938 3.286812856880054 -31.47443743953698 0.327614345019725 0.5574707129840312 -0.03255313160896199 0.04250855290074764 -0.003714432577319827 -0.0006443777317196298 -0.000497556593077663 -4.681674731852948e-05
-23.41308322516204 1.569638952434106 -31.43140030367563 0.2110247147287366 0.5863503407839593 0.01411277060227584 -0.008523780400963963 0.0004517037508318994 -0.004056193684217351 -0.006731993180600544 -0.0003052898015843824
-22.96811394031627 1.005429274112652 -31.42582073070231 0.1653806826837885 0.5909601170459206 0.009640600759173617 -0.003333675777595942 0.0002696061760548598 -0.003691472044352669 -0.0107029548950681 -0.000341881222769679
-16.66879867044198 -8.000283428790254 -29.95591886151785 -0.4649843453409123 0.7226804640551052 0.01136260444854757 0.06433668824831101 -0.01079009763004633 -0.003810910586381553 0.0005750383144931874 -0.000584407020923922
-15.98905039651108 -7.432847517046785 -29.99481453740659 -0.4847698255786644 0.6794770780320317 0.002485522168704676 0.05427532248620268 -0.01222731537483611 -0.01256411204732532 0.0002054653351602834 -0.001641953371013429
-15.54560885519141 -6.727899503461932 -30.11707610630336 -0.4893437448211818 0.6378998131020365 -0.0003547681861843185 0.02776839364913877 -0.007463011966904311 -0.02843424698158629 -0.001308851651935034 -0.00351830357347998
-11.76745105788301 -5.566941676665119 -29.51760803069319 -0.683283725150121 0.4747667070212314 -0.02376462656782034 0.0414056802031078 -0.01640808175034467 -0.03131618397259053 -0.02041496355001386 -0.006160259072946067
-11.4446306067084 -5.061322575226466 -29.51112029112006 -0.6944678760067489 0.4440157151454772 -0.02408721537518522 0.03234599668355629 -0.01518925631401117 -0.03469012374356885 -0.028933141712307 -0.006602220793092539
-11.1228696076839 -4.58219286961226 -29.4855538336039 -0.7066540508834901 0.4141406365078366 -0.02421164178177741 0.02937001505461539 -0.0149540447612205 -0.03665609263899354 -0.03417743204635933 -0.007776324833283275
-10.08515861277903 9.222362846589695 -30.07216623452555 -0.3401262210992334 -0.2053541681582292 0.002236564193320256 0.01853536804638737 -0.0001986515641830386 -0.1074928148802806 0.01236786300022458 -0.05623760472223293
-8.896359945128129 12.58428583265647 -29.77520683841226 -0.3019284090348655 -0.3974118977841637 0.003321059904227455 0.00896414342686142 0.0007294769176617912 -0.05775637684379119 0.02475328882200575 -0.04123453835117094
-8.486722584191735 13.00751207919336 -29.57400324137301 -0.3196813818827554 -0.4348166779179435 0.01709127015034708 0.02619368661843112 0.006656802904840226 -0.03464885252089431 0.02972203203230362 -0.02799191992713292
-5.796881914474364 18.80897113147181 -30.22867216769315 -0.172509030555018 -0.7287549051512793 0.07273748253669916 0.06359302474386332 -0.0248552024157412 0.01497066457387506 -0.01422624731147331 0.007412466518377504
-14.03499955956662 22.21069500325976 -32.01652653946098 0.4865590390651586 -0.5165042362236406 0.03341267684203169 0.03462967548896047 -0.00139385978805576 -0.001297882351988709 0.001235320514784336 -0.0004211148489736868
-14.56497070793673 22.02197463756154 -32.06741281427765 0.5111207522156644 -0.4920853472858183 0.02401475491416003 0.03106851697655474 -0.001239585254885004 -0.004290118809688255 0.003265613639360318 -0.001265244942028713
-17.81835873145995 19.03191847617755 -32.28912238484988 0.5981923412819802 -0.2710476817497815 -0.01588794838129434 0.03389487974065084 -0.005985699968673765 -0.00325652823376203 -0.001606132549577345 -0.0004510946337707137
-18.2824017874671 18.32654506937737 -32.31397206132112 0.6003507464765737 -0.2277566478325613 -0.01712037259244453 0.0385882373570139 -0.005896415354549106 -6.393136584301737e-05 -2.975002532203696e-05 -9.068600448294932e-06
-18.72492538683294 17.72520227815997 -32.35035849401775 0.6054089869243646 -0.1887664023520227 -0.01668859418836121 0.04460993188023127 -0.005404709781826098 -0.001944712792110696 -0.0007620048885667862 -0.0002846523926391971
-18.4506426627296 17.03172502937828 -32.27753087270661 0.5587036637055927 -0.1724205735895562 -0.005134359023623926 0.03493703356150864 -0.001774299458471975 -0.007944105279045145 -0.001231272902468446 -0.001256346036847729
-19.17455458910351 17.15849965870798 -32.39689723380989 0.6124243314087847 -0.1505078745169256 -0.01696353100689299 0.04620606702009426 -0.004586401388163679 -0.003660262697974935 -0.001396606209129267 -0.0005321602107338277
-18.91534490291696 16.44987924809956 -32.34104214447706 0.5659950874232016 -0.1328897198326008 -0.004963508282316002 0.02988256240886088 -0.001079535716811175 -0.01223911831973471 -0.002100100896956895 -0.00185953177714223
-18.64807268336513 15.70429713172765 -32.30073564809035 0.5174977496001447 -0.1142470482469873 0.001041192765037278 0.01130745621122555 0.0002191138735441457 -0.01929586391890371 0.001835459315621423 -0.003028844867895392
-19.39045042246969 15.86382551136098 -32.40998411519619 0.573765403838043 -0.09255580456659118 -0.004188003414210973 0.02415531494668871 -0.0005476479832662643 -0.01802688189023264 -0.003183609503510023 -0.002564507427393852
-19.16650546932524 15.10271400586062 -32.38672158145079 0.5273737510646811 -0.07158389723847595 0.0002383662241418646 0.002003957368364646 5.953997584937618e-05 -0.02739640018470266 0.003377211248085465 -0.003987420126242092
-18.34257886250361 14.85190409262124 -32.25725240619714 0.4619601668347919 -0.093091753218785 0.002684121574654127 0.003179436693429004 0.0004699307336227666 -0.02034701852686217 0.01768720252395622 -0.003450443192847488
-19.00154933276896 14.36601472328835 -32.37220592762353 0.4858810245204122 -0.04944641253992232 0.01240011694403734 0.01673403038236098 0.002050486153373753 -0.0370046188407579 0.0281286438903524 -0.005776181595450858
-18.44254395991718 14.08489688283439 -32.2743012495695 0.4368864825690651 -0.05993580068192251 0.01005118858309952 0.004564663753757098 0.001768483516223386 0.02012523985265039 -0.04607247902822014 0.004536538765079483
-18.24244974338842 13.3655553732722 -32.2069981196622 0.3933641882692454 -0.04019496648865626 0.004004250834681677 0.0004207209774119455 0.0007443884066484579 0.005180894492485578 -0.05729254310425883 0.004511856454654366
-18.90680718562018 13.70578091849743 -32.35075051432012 0.4520641963899668 -0.02775457529412126 0.03137234372452773 0.01509457520231314 0.005044059728353205 0.02793383964705156 -0.06034164696483739 0.006836062783951955
-18.96672273256675 13.04843408905508 -32.32531710218937 0.4282936963700746 -0.0004461326630242294 0.02985406280591596 0.009869592403410338 0.004622501042286579 0.01970178996583511 -0.06353639029089475 0.008415314473759603
-19.10329374223363 12.43945252937129 -32.29216234456115 0.4113066369266254 0.02786832248647878 0.02296430371442102 0.007219142647037093 0.003284982866825496 0.01864000964217962 -0.06417304806019476 0.01072137871239467
-19.29541771067398 -9.629423496892453 -30.20683720879758 -0.3797312765805356 0.8663962729836951 0.02556144718313121 0.03889551357755636 0.003545589463737304 -0.002868502133811124 0.001942710063051648 -0.0006316692525952461
-16.16683468516163 -9.851616520068909 -29.66919733044834 -0.5366399828716927 0.7798051622856711 -0.003179798873993189 0.05484822416774102 -0.003174215809576822 -0.03192362827793003 -0.002056797381718442 -0.00356023890186707
-15.55779099242361 -9.699642015519188 -29.61208846369511 -0.5622653131725935 0.7551785827652951 -0.01374292567161795 0.05744724658348545 -0.004689617861805544 -0.01618406695364985 -0.003985184663293069 -0.001390615827685477
-15.10340166225285 -9.174442992290089 -29.60475883892164 -0.5724494973769618 0.7208126097752463 -0.01998303458356662 0.07001241787116039 -0.007982118354689796 -0.002062220206012066 -0.0006069855455073424 -0.0001612489192657856
-14.92196738968186 -9.966440406792824 -29.5439529819019 -0.5986311278119003 0.7462238949638533 -0.02360649865295293 0.04644863611591483 -0.003668533178555438 -0.00286485106157014 -0.00147145025602167 -0.000195651707049994
-12.04064619139442 -9.018042105241467 -29.19609938026036 -0.7212944623819654 0.6223389702397552 -0.013193257918377 0.06883189672805529 -0.00246827798483956 -0.04376027881741196 -0.008696870927262661 -0.008621993403934701
-11.35101494197079 -8.80197678382482 -29.04754493178173 -0.7529461968469795 0.5932252976047537 -0.005517310526881371 0.05892630264718994 -0.00129005244623367 -0.02364148843029916 -0.002331847409131927 -0.005402658775841428
-11.15483958901884 -8.124431661546314 -29.01332742197881 -0.7562666357126074 0.5604495746728023 -0.01176267712668193 0.06307183066955392 -0.005339672605893094 -0.00631703828507459 -0.001300228454546786 -0.001442505513201111
-10.76383996706519 -8.607924500749391 -28.91026253225835 -0.780787941354415 0.5683950769266504 0.002937894734797458 0.05177208643504929 0.0002070559860823375 -0.007457540172007994 0.0004302246016460171 -0.001758738126385882
-10.47820276917231 -8.061620243567202 -28.8571420846375 -0.7920666312237661 0.5384643016575892 -0.003531899113460364 0.04746955529401509 -0.002733343510942993 -0.0005922777400966779 -5.195959705738186e-05 -0.0001370606141893672
-10.91774619089976 -7.484175781659225 -28.9948231286792 -0.763307637767652 0.5277302451693684 -0.02170939863830008 0.05778501395068793 -0.009838122034693544 -0.001539665950005979 -0.0006349850235227617 -0.0003321158807261809
-10.1704133126812 -7.325908508429858 -28.82465544786506 -0.8057394598077758 0.4998522433226072 -0.01870273043614384 0.0392491452816688 -0.007207056597858908 -0.002856801939191956 -0.001471057728688664 -0.0005977144586519154
-10.74770020110914 -6.896484823966713 -29.00378699342795 -0.7678732317622066 0.4987284924243912 -0.03099174307374577 0.05255925812854727 -0.01348659736718471 -0.007291233344742573 -0.004668613533154001 -0.001439268390091525
-10.26045750406438 -6.5097199637532 -28.91511957034183 -0.7951918832819447 0.4684270198593805 -0.03457193527795244 0.04460100492420867 -0.01376741268803192 -0.01402585669486238 -0.01168336157458957 -0.002628573579291388
-9.690136970902703 -6.805478737965744 -28.74157435986064 -0.8338966675159677 0.4645513495093029 -0.02664685489399153 0.0324502268330561 -0.009025636677737156 -0.01106431976725565 -0.009674234685679465 -0.002116392153791351
-9.651630472699622 -6.12387871539868 -28.78431280971541 -0.8340670257366819 0.4343144487521522 0.03815070598344938 -0.03792678212242734 0.01370331561239677 -0.024779354371419 -0.02666049868297633 -0.004801543188662553
-9.589703331005783 -5.351718728030773 -28.82759431939903 -0.8328060688441954 0.399081411054486 0.04507787722864615 -0.04572468357701156 0.01825445751998828 -0.04090365740349412 -0.04424497625536416 -0.009818834238998517
-9.513031792821083 -4.577986813107902 -28.86128802735836 -0.8285900125142547 0.3631451669005551 -0.04333628367597023 0.05043674391160881 -0.02049409024935654 -0.05242982490472871 -0.0516344884669168 -0.01620768244008575
-8.930882746448333 -4.282344948510795 -28.64207564787677 -0.8733506846541581 0.331613207721088 -0.04125574210009857 0.05623034916987318 -0.01909019821312674 -0.06252709318051233 -0.05449597200182175 -0.0253913499523915
-8.848768065992612 -3.623240292515129 -28.62240204809711 -0.8679211403364491 0.2998351685913924 -0.03249295370469029 0.04912307693059158 -0.0171437047700741 -0.0534114339890451 -0.04388027531163319 -0.02450105701160627
-5.404629472095538 5.962186564737836 -25.15760986507701 -0.8966558011426738 -0.294678907253339 -0.0135498607558013 0.0604673470308064 -0.01646489045257594 -0.01979069041946919 -0.009298806091319511 -0.0178630423505187
-5.46305300258855 6.667541385658126 -25.27937527530634 -0.8700305532027198 -0.3251003583018997 0.009377472203390082 0.08964082226906253 -0.003456465241708788 -0.02417272797129568 0.001641139554419051 -0.0230194664058572
-6.913313819355206 8.638724293976352 -27.25729649032448 -0.6645933982446894 -0.3446961450223651 0.05115411274195528 0.08255772082249632 0.03408763569078071 -0.007934048438350189 0.009451714519861949 -0.01098500358622619
-5.107020614734271 11.61937543848891 -27.1977025211406 -0.7102386318693814 -0.5785749685641693 0.1157815534242317 0.06945646443518992 0.0111765859604105 0.02122306086245671 -0.04012641756075257 0.02950812889695936
-4.394256743803664 15.59340416229717 -29.00176164007184 -0.515125321325924 -0.7424366646322996 0.1683305463585347 0.01382066255527094 -0.02387530588714563 0.005897301378486761 -0.04521354882827237 0.01540565651968582
-2.871135785386965 19.49085815244186 -30.86976965525475 -0.2446842992302369 -0.8567159263213208 0.1477903229929166 -0.0337123574049082 -0.0341400444081505 -0.005605276925896747 -0.05775878513433556 0.03277028896048833
-2.478754776408708 19.01245602198446 -30.78553769585145 -0.2918840767017002 -0.8649640198880778 0.1015408068679512 0.01138022099883089 -0.04727905962751498 0.01600005679854672 -0.05669222384560746 0.02071717687906903
-0.7777254725932803 20.21257610143024 -32.54929295648632 -0.2208336301701498 -0.9473813334544611 0.07713982018121852 0.0137463175615922 -0.07816287920491419 0.01177586714978488 -0.02546961874876717 0.007142454482203726
-1.176040300077901 20.94584049898757 -32.69015610797717 -0.169929827779629 -0.9485009694684182 0.09633652832893287 -0.001893717860830376 -0.08222831642794851 0.01010502794676744 -0.03311995396108301 0.01260153684810465
-1.706558388368821 20.99024487288026 -32.29112124639619 -0.1602813144704916 -0.9282171840435643 0.1449593220838725 -0.009209741405223766 -0.09587455068158432 0.001765017110158363 -0.007873919820877496 0.003425022039908384
-1.218271006282155 21.641912236886 -33.08299201041247 -0.1267378066797906 -0.9642864560070594 0.1122993450621626 -0.01658726424725666 -0.09112662416151331 0.01409722884744965 -0.07697233730663622 0.03138347427778428
-0.6415532690043371 20.63347788345668 -32.97542024415329 -0.1939216846369808 -0.9620914319225625 0.07269087245763141 0.008251034807258341 -0.07817620977988564 0.01585805873440586 -0.03699290920479498 0.01084097509720753
-4.017528606501862 25.94794756691214 -33.15460050951819 0.1716362057607218 -0.9542870181496267 -0.009574845864017913 0.1602521208860095 -0.06055846062414022 -0.04630182908731767 0.003391140285372846 0.01629450764626604
-4.548945098452865 26.24204858852735 -33.08088618671901 0.2031355202849031 -0.943284178348036 -0.002255533342410603 0.2005204724852999 -0.09515737222459178 -0.09979434855025644 0.01227590339745142 0.02823385479413003
-10.21794405941566 24.42108462692115 -32.31270946659753 0.3689028555022051 -0.7142841446425814 0.002875774700530343 -0.001165196871477201 0.0001685358648331054 -0.01648678453235769 -0.03948559962331775 0.008329269874682958
-17.65560837576517 21.50204303645806 -32.57437173632172 0.686673947107782 -0.3686603751270743 -0.04540854125508403 0.0462974601865017 -0.01867584929019178 -0.0153987297445969 -0.01541911832310041 -0.0007834803956662272
-21.24889288905311 15.63075490616024 -32.65267098484374 0.6893490923474148 -0.01363000938535196 -0.04146512150052385 0.04732097390133595 -0.007114368308220724 -0.002894136747792456 -0.002589338899723917 -0.0003548180948528356
-21.85397392094812 15.06742453222826 -32.72393829179618 0.7065366908465747 0.03141823196680202 0.05289029126349229 -0.0438541064859603 0.008728502725721734 -0.0008042531410228087 -0.0009871909045485448 -8.652024241718011e-05
-22.60242782569286 15.17755728404812 -32.84738870614064 0.7627406527478366 0.05584151980496616 0.09450258758083116 -0.05995199519633052 0.02195471546192634 -0.006558180419294464 -0.01057814211269636 -0.0006566109092238646
-22.43198152718452 14.46850666383318 -32.79056600517164 0.7199104995944055 0.07703456534109854 0.07155731228149165 -0.04094187900634143 0.01214411318566639 -0.001159815649473592 -0.002062027404337053 -0.0001177513628144399
-21.72155288359739 14.32370050290706 -32.69780659082933 0.6655335471908033 0.05539873701869708 0.03387232989766068 -0.02198652581400486 0.00407458993514909 -0.003184430996274677 -0.00496835657518946 -0.0003369180391845964
-22.28131547619725 13.77748163659598 -32.75872828887863 0.6793502931786429 0.09814403362662086 0.04590529807797294 -0.01829413140487976 0.006009175104840372 -0.004688982138593781 -0.01189296413469829 -0.0003864633462558861
-21.58178898338833 13.65822162230101 -32.68218300963274 0.6274085644944354 0.07588524249646049 0.00913039672579484 -0.001268097650029915 0.0009744337060778358 -0.00325401659210261 -0.02352264206590666 -0.000121654954375972
-22.12242773566711 13.10610972660012 -32.73022269639726 0.6391359313776381 0.117970493511772 0.01920544011424941 -0.001789234866837159 0.002196466840409428 -0.003279260488994778 -0.03443954937025795 0.0006188112581452952
-22.8329621328782 13.22166332415731 -32.81711262176 0.6916138267845048 0.1410557569642385 0.05636738253415698 -0.01888597194900386 0.008390768836695626 -0.00777028602432857 -0.0233062501050494 -0.0002586772475242706
-22.65109596278236 12.66078736599113 -32.77480580378953 0.6542358671216953 0.1555509963679544 0.02985234812220496 -0.004011980795784191 0.003806723283716058 -0.006102825368012454 -0.04409300520830084 0.001387906841933251
-22.01073019626147 12.33161228161181 -32.68472873876276 0.5973727802481593 0.1432923274569645 0.002527823995920629 0.0002112392769783301 0.00026931135794242 0.004476947768555087 -0.05926173572579992 0.004461268245577893
-22.88489747941764 12.06078382866404 -32.76459528337318 0.6422828688926737 0.1875129633975164 0.0246962743001965 -0.002205729546055056 0.003192188903041657 -0.005426754159725845 -0.05505574639060212 0.003941659838008827
-23.28630611449744 11.32597925986326 -32.7374982973451 0.6342107635684776 0.2309124787086347 0.02100568110875811 -0.0006453349976134256 0.00276574418143063 -0.002825635004293928 -0.06042247106290635 0.007362088203050012
-23.55452499030588 11.92983930470456 -32.83853839056394 0.6800317980966345 0.2187052409328166 0.04914296245173119 -0.01111349693018281 0.008187655588084616 -0.01147766769315562 -0.04845587229259247 0.003118402359558823
-23.38204101305428 12.59505819558343 -32.86642341357553 0.699699003467525 0.186625407050083 0.06197549206739823 -0.0178114834411262 0.01062908829590452 -0.01143283230663454 -0.0392660621446771 0.0008625944186678028
-24.05947408649441 11.50317547621889 -32.86540159738617 0.6927048570276915 0.2547067826591999 0.05396449340974716 -0.01366178923801519 0.01037485204901594 -0.01192299249743245 -0.04412981030731957 0.003906184139157096
-24.04003808615711 10.76281435878835 -32.75443605478169 0.6556617960815719 0.2815502936596421 0.03716605805197751 -0.001838084252628922 0.005735631473649278 -0.003830885001805017 -0.05214446614295401 0.008112964109045703
-24.57988457005412 11.12918417491546 -32.89729134809312 0.7082136960146408 0.289324661541942 0.06443062169145138 -0.0141838877803467 0.01381897339639862 -0.008564116284230068 -0.03502440475098966 0.003980694389619623
-24.84345232474039 10.56383599702044 -32.84960040588631 0.6971428669459374 0.3207349678474681 0.06335247763463847 -0.006823525401063862 0.01311627818428106 -0.004939885741111651 -0.03523748902952416 0.005528252637678596
-24.4153982209823 10.05240305085619 -32.67838718579945 0.644748969435974 0.3225897588909579 0.04223184872170034 0.002649295612843758 0.006310232877534893 0.001456608764144132 -0.04683629705612382 0.009915310029420076
-25.2178659703463 9.841776965366829 -32.77933298826781 0.6847909100087123 0.3620756551719422 0.06461391795049647 0.002535742463265122 0.01301220471801467 -9.43970057311935e-05 -0.02815327377748884 0.005955087078619034
-21.36929232226738 12.99003310850827 -32.64824161802648 0.5842988962459259 0.09346727375903446 0.00714017771067556 0.00138535167548066 0.0007277128027327237 0.008979261197279756 -0.04768378376465523 0.00267315493855097
-23.54084974452031 13.31550874947246 -32.93417851706705 0.7437372780846421 0.1651750266301599 0.08792140496128925 -0.03937401304708684 0.01938172514220983 -0.007594400551099649 -0.01716188881128686 -0.0004138985367882107
-22.99172516497673 13.89047543938068 -32.86217258387176 0.7324548783732766 0.1213124460183528 0.08416853426792913 -0.04144947653277652 0.01618185178472091 -0.003652294059135317 -0.007543754151424082 -0.0003260704068853915
-23.14232409804541 14.5782187440741 -32.9240019687841 0.7738054783069309 0.1003601708380092 0.1038278619764031 -0.05816273163556591 0.02670741926302598 -0.001229035346470268 -0.00225291497236243 -0.0001283379941757919
-20.86317320060015 13.60644616874974 -32.60738949199619 0.5774898129687063 0.05043428715720174 0.01072384677821036 0.003275749908175877 0.001147845159447351 0.01113105138662944 -0.03704790158878552 0.001735400163147505
-21.14475680115452 14.13862953875232 -32.63765926214791 0.618971452339555 0.04058783766177109 0.001573733420477715 -0.0007513060282959401 0.0001650203390784339 -0.006326480860934268 -0.01340535167749585 -0.000698866348893064
-27.68856381228044 9.057485650002013 -33.42217903444587 0.8042867485445283 0.4908236628686125 0.06711373694240756 0.02643410622746425 0.0255906725349965 0.00238356623514133 -0.008820123874367567 0.00285971593924567
-26.92198681586789 10.77760829677474 -33.47335306368831 0.8435040745611813 0.3969901080045762 0.04900681998483977 0.002642320741127646 0.01766593197213649 -0.0001396756453963402 -0.006429274380360214 0.001349108798416186
-26.44471562390445 11.14896094169939 -33.38227689525928 0.8318581976502492 0.3639048115227785 0.0614319882537485 -0.01177083997648711 0.02357342366831382 -0.0003922904500004574 -0.001614872760151409 0.0002159539295600186
-26.20349134799377 11.84924699076503 -33.45335592734462 0.8536168251715313 0.3284301365414637 0.05796274428181494 -0.02141417873027993 0.02432693196849876 -0.004609273604875927 -0.01150243841135947 0.0008571107666373129
-25.68496006545827 12.41639510943626 -33.39253909028776 0.8481546463575458 0.2860677784242868 0.0658232368770782 -0.02997485302245723 0.02728474981482487 -0.01098654276020914 -0.02336836353566439 0.0008322064289615904
-25.5898252892097 13.10191136914394 -33.48723221741013 0.8778472393163128 0.2564646992689719 0.06018364954118247 -0.0351391215624523 0.02762126446391382 -0.01286292459808737 -0.02245813746337618 -0.0005438373875142098
-24.99018283817545 14.21890841331989 -33.45160336136038 0.891174009337627 0.1888950045488658 0.06257508460746977 -0.04899280270573315 0.03214023796331998 -0.003584229273241148 -0.004931968407589911 -0.0005397441406042005
-24.43231823535758 15.58629638296861 -33.47181233138313 0.9166047536375582 0.1126214799078967 0.06057150604345354 -0.05417814355782458 0.03604515200258133 -0.002817482196242404 -0.003488742543512315 -0.000509207298678233
-15.09442478381768 26.31047022720943 -33.37801202022933 0.717392027891344 -0.6237518570528792 -0.02868022059720563 0.09102194056473316 -0.05868498308295089 -0.01786387146253773 -0.007025556493898393 -0.002166482883302094
-17.25733398830992 24.96142615635683 -33.43775834719703 0.7998204580087799 -0.510088887391641 0.01310496148427293 0.06041827591606182 -0.02100635404098046 -0.00748868085647779 0.0006881382785378548 -0.002692649362221716
-18.12403719943331 24.08799370572631 -33.38958372308578 0.8219836903083959 -0.4502163184369207 -0.008679931241130326 0.04748141372305699 -0.019712257739968 -0.02851021028667471 -0.008103570327637458 -0.006965326458954995
-15.68640879473773 24.44578401581376 -32.78293058329342 0.6770627276473045 -0.5392802015864986 -0.06693122187658486 0.08243612233546448 -0.04113445482752351 -0.02690527549205379 -0.02162031661802959 0.0004499366293179935
-13.5881115700612 25.94740732095927 -32.84209088167532 0.6109110454434162 -0.6545811701114536 -0.07026159496369692 0.1177713554306919 -0.05058717538303854 -0.02568301817233807 -0.01501801676289413 0.0007084331147535949
-12.97283410115524 26.51798375465566 -32.94067086590758 0.5984677545510227 -0.6914732981074336 -0.06222360926668211 0.1418086000524827 -0.06505394372930373 -0.03962701055716079 -0.01713397533629498 0.0005532418709534999
-12.86380041668475 25.92948857866296 -32.72958510498813 0.5695390937679807 -0.6757075251904305 -0.05369885991303385 0.0953037669899955 -0.03427021951991412 -0.02999231811956476 -0.01648581028299868 0.00114949562241895
-12.234128560618 26.41363891532589 -32.81038454390722 0.5543645646178741 -0.7100297363413605 -0.05109740439822578 0.1289023649402552 -0.04842034685198551 -0.04104022304374087 -0.0159316326757998 0.0008968077887197148
-7.970936064394594 25.32572324752363 -32.4631665962932 0.3002289993714451 -0.8117801007528382 0.01297819291601688 0.07663877179673964 -0.01341736483496991 -0.01562883689632285 0.002552808956559135 -0.0005358665669053502
-23.43452647938495 19.05073598146006 -33.84143245159663 0.9977728585352609 -0.06670324407684013 0.03912960498499295 0.02796768870188522 0.008207362722685468 0.006698599502460852 -0.01100033267284073 0.005548716300955955
0 1 2
3 0 2
2 4 3
3 4 5
5 6 3
7 3 6
6 8 7
9 7 8
9 8 10
10 11 9
11 12 9
12 13 9
13 14 9
15 9 14
15 14 16
16 1 15
1 16 17
17 18 1
19 18 17
17 20 19
20 21 19
19 21 22
22 23 19
24 19 23
25 24 23
23 26 25
26 27 25
28 25 27
29 28 27
27 30 29
31 29 30
30 32 31
33 31 32
32 34 33
35 33 34
34 36 35
37 35 36
36 38 37
38 39 37
40 37 39
41 40 39
42 41 39
39 43 42
44 42 43
43 45 44
46 44 45
45 47 46
47 48 46
49 46 48
50 49 48
48 51 50
52 50 51
51 53 52
54 52 53
55 54 53
53 56 55
56 57 55
58 55 57
59 58 57
57 60 59
60 61 59
62 59 61
61 63 62
63 64 62
65 62 64
64 66 65
67 65 66
68 67 66
66 69 68
70 68 69
71 70 69
69 72 71
72 73 71
74 71 73
73 75 74
74 75 76
76 77 74
77 76 78
78 79 77
77 79 80
71 77 80
81 80 79
81 79 82
82 83 81
84 81 83
83 85 84
86 84 85
86 85 87
87 88 86
89 86 88
90 89 88
88 91 90
65 90 91
91 92 65
93 65 92
92 94 93
95 93 94
96 95 94
96 94 97
98 96 97
97 99 98
100 98 99
100 99 101
101 102 100
102 103 100
104 100 103
105 104 103
103 106 105
106 107 105
108 105 107
109 108 107
107 110 109
110 111 109
112 109 111
113 112 111
111 114 113
115 113 114
116 115 114
114 117 116
117 118 116
119 116 118
118 120 119
121 119 120
122 121 120
120 123 122
123 124 122
44 122 124
125 44 124
124 126 125
126 127 125
41 125 127
127 126 128
129 127 128
128 130 129
130 131 129
132 129 131
133 132 131
131 134 133
135 133 134
134 136 135
137 135 136
136 138 137
139 137 138
138 5 139
5 138 140
141 140 138
142 141 138
138 143 142
144 142 143
145 144 143
145 143 146
147 145 146
148 147 146
148 146 149
149 146 131
150 149 131
151 150 131
146 143 134
152 140 141
152 153 140
153 154 140
154 6 140
154 155 6
155 156 6
137 139 29
138 136 143
135 137 31
136 134 143
133 135 33
134 131 146
132 133 35
35 40 132
129 132 40
151 131 130
157 151 130
130 158 157
159 157 158
160 159 158
161 160 158
161 158 162
163 161 162
163 162 164
164 162 165
166 164 165
166 165 167
168 166 167
169 168 167
169 167 170
171 169 170
171 170 172
173 171 172
174 173 172
175 174 172
175 172 176
177 175 176
178 177 176
178 176 179
180 178 179
181 180 179
181 179 182
183 181 182
184 183 182
184 182 185
186 184 185
187 186 185
187 185 188
189 187 188
190 189 188
190 188 191
192 190 191
192 191 193
193 191 106
194 193 106
106 195 194
196 194 195
197 196 195
197 195 198
199 197 198
200 199 198
200 198 201
202 200 201
203 202 201
203 201 204
205 203 204
206 205 204
206 204 207
207 204 208
209 207 208
209 208 210
211 209 210
212 211 210
212 210 213
214 212 213
215 214 213
215 213 216
217 215 216
218 217 216
219 218 216
219 216 220
221 219 220
220 222 221
223 221 222
224 223 222
224 222 225
226 224 225
227 226 225
225 228 227
229 227 228
230 229 228
231 230 228
231 228 232
233 231 232
234 233 232
232 235 234
236 234 235
237 236 235
235 238 237
239 237 238
240 239 238
238 241 240
242 240 241
243 242 241
241 244 243
245 243 244
246 245 244
244 247 246
246 247 248
248 247 249
250 248 249
251 250 249
252 251 249
253 252 249
253 249 254
255 253 254
254 256 255
257 255 256
258 257 256
256 259 258
260 258 259
261 260 259
262 261 259
262 259 263
264 262 263
263 265 264
266 264 265
267 266 265
268 267 265
268 265 269
270 268 269
271 270 269
271 269 272
273 271 272
274 273 272
274 272 275
275 272 276
277 275 276
278 277 276
278 276 279
280 278 279
281 280 279
281 279 282
283 281 282
284 283 282
284 282 285
285 282 286
287 285 286
288 287 286
288 286 289
290 288 289
291 290 289
291 289 292
293 291 292
294 293 292
294 292 295
296 294 295
296 295 297
298 296 297
299 298 297
299 297 300
300 297 301
302 300 301
302 301 303
304 302 303
305 304 303
306 305 303
303 307 306
306 307 308
308 307 309
310 308 309
311 310 309
311 309 312
312 309 313
314 312 313
315 314 313
313 316 315
317 315 316
318 317 316
316 319 318
318 319 320
320 319 321
322 320 321
323 322 321
324 323 321
321 325 324
326 324 325
327 326 325
325 328 327
327 328 329
329 328 330
331 329 330
332 331 330
332 330 333
333 330 334
335 333 334
335 334 336
336 334 337
338 336 337
339 338 337
337 340 339
341 339 340
342 341 340
340 343 342
344 342 343
345 344 343
346 345 343
346 343 347
348 346 347
347 349 348
350 348 349
351 350 349
351 349 352
353 351 352
354 353 352
354 352 355
355 352 356
357 355 356
357 356 358
359 357 358
360 359 358
360 358 361
362 360 361
363 362 361
363 361 364
364 361 365
366 364 365
366 365 367
368 366 367
369 368 367
369 367 370
370 367 371
372 370 371
372 371 373
373 371 374
375 373 374
375 374 376
376 374 377
378 376 377
379 378 377
379 377 380
380 377 381
382 380 381
382 381 383
383 381 384
385 383 384
386 385 384
386 384 387
388 386 387
389 388 387
389 387 390
391 389 390
391 390 392
393 391 392
394 393 392
394 392 395
395 392 396
397 395 396
397 396 398
399 397 398
400 399 398
400 398 401
401 398 402
403 401 402
403 402 404
405 403 404
405 404 406
406 404 407
408 406 407
409 408 407
410 409 407
411 410 407
407 412 411
411 412 413
413 412 414
415 413 414
415 414 416
416 414 417
418 416 417
419 418 417
419 417 420
420 417 421
422 420 421
423 422 421
424 423 421
421 425 424
424 425 426
426 425 427
428 426 427
429 428 427
430 429 427
427 431 430
432 430 431
433 432 431
434 433 431
431 435 434
436 434 435
436 435 437
437 435 438
439 437 438
440 439 438
438 441 440
442 440 441
443 442 441
444 443 441
441 445 444
444 445 446
446 445 447
448 446 447
449 448 447
447 450 449
451 449 450
452 451 450
450 453 452
454 452 453
455 454 453
456 455 453
456 453 457
456 457 458
458 457 459
460 458 459
461 460 459
459 462 461
463 461 462
464 463 462
462 465 464
466 464 465
467 466 465
468 467 465
465 469 468
468 469 470
470 469 471
472 470 471
473 472 471
474 473 471
474 471 475
476 474 475
475 477 476
478 476 477
479 478 477
480 479 477
480 477 481
482 480 481
481 483 482
484 482 483
484 483 485
485 483 486
487 485 486
488 487 486
486 489 488
490 488 489
491 490 489
489 492 491
493 491 492
494 493 492
492 495 494
496 494 495
497 496 495
495 498 497
499 497 498
500 499 498
501 500 498
498 502 501
503 501 502
504 503 502
504 502 505
506 504 505
505 507 506
508 506 507
509 508 507
510 509 507
510 507 511
512 510 511
511 513 512
514 512 513
515 514 513
516 515 513
516 513 517
518 516 517
517 519 518
520 518 519
521 520 519
522 521 519
522 519 523
524 522 523
523 525 524
526 524 525
527 526 525
527 525 528
528 525 529
530 528 529
529 531 530
532 530 531
533 532 531
533 531 534
535 533 534
536 535 534
536 534 537
538 536 537
537 539 538
540 538 539
541 540 539
539 542 541
543 541 542
544 543 542
544 542 545
545 542 546
547 545 546
548 547 546
548 546 549
550 548 549
551 550 549
551 549 552
553 551 552
552 554 553
555 553 554
556 555 554
556 554 557
558 556 557
559 558 557
559 557 560
561 559 560
562 561 560
563 562 560
560 564 563
565 563 564
565 564 566
566 564 567
568 566 567
568 567 569
570 568 569
571 570 569
572 571 569
572 569 573
574 572 573
575 574 573
575 573 576
577 575 576
576 578 577
579 577 578
580 579 578
581 580 578
581 578 582
583 581 582
584 583 582
584 582 585
586 584 585
586 585 587
588 586 587
589 588 587
587 590 589
591 589 590
592 591 590
593 592 590
593 590 594
594 590 595
596 594 595
595 597 596
598 596 597
599 598 597
599 597 600
601 599 600
602 601 600
603 602 600
603 600 604
605 603 604
605 604 606
607 605 606
608 607 606
608 606 609
610 608 609
611 610 609
611 609 612
613 611 612
614 613 612
614 612 615
616 614 615
616 615 617
618 616 617
619 618 617
620 619 617
620 617 621
622 620 621
623 622 621
623 621 624
625 623 624
626 625 624
626 624 627
628 626 627
629 628 627
629 627 630
631 629 630
632 631 630
632 630 14
630 633 14
633 630 627
633 627 634
634 635 633
635 16 633
16 635 636
635 637 636
638 636 637
639 638 637
637 640 639
641 639 640
640 642 641
642 643 641
644 641 643
645 644 643
643 646 645
646 647 645
648 645 647
649 648 647
650 649 647
647 651 650
652 650 651
651 653 652
654 652 653
653 655 654
656 654 655
655 657 656
658 656 657
659 658 657
657 660 659
660 661 659
662 659 661
661 663 662
664 662 663
663 587 664
665 664 587
664 665 666
666 667 664
667 666 668
668 669 667
669 670 667
671 667 670
670 672 671
673 671 672
672 674 673
675 673 674
674 676 675
677 675 676
678 677 676
676 679 678
679 680 678
681 678 680
680 682 681
683 681 682
684 683 682
682 685 684
685 686 684
687 684 686
688 687 686
686 689 688
689 690 688
691 688 690
690 692 691
693 691 692
692 694 693
695 693 694
694 696 695
696 697 695
697 698 695
699 695 698
698 700 699
701 699 700
702 701 700
700 703 702
703 704 702
705 702 704
706 705 704
704 707 706
707 708 706
26 706 708
709 26 708
708 710 709
711 709 710
710 712 711
713 711 712
712 714 713
715 713 714
714 716 715
716 717 715
34 715 717
717 716 718
718 719 717
717 719 36
719 718 720
721 719 720
720 722 721
723 721 722
722 724 723
724 725 723
45 723 725
725 724 726
725 726 47
726 727 47
727 726 728
727 728 51
728 729 51
729 728 730
731 729 730
730 732 731
733 731 732
732 734 733
734 735 733
736 733 735
737 736 735
735 738 737
739 737 738
738 740 739
741 739 740
740 742 741
743 741 742
742 744 743
743 744 72
72 745 743
746 743 745
745 66 746
744 742 747
744 747 748
748 73 744
747 749 748
750 748 749
749 751 750
752 750 751
753 752 751
751 754 753
754 755 753
753 755 756
756 757 753
758 753 757
757 759 758
760 758 759
759 761 760
76 760 761
761 759 762
762 763 761
78 761 763
763 764 78
765 78 764
765 764 766
766 767 765
82 765 767
767 768 82
768 767 769
769 770 768
768 770 83
769 771 770
772 770 771
771 222 772
772 773 770
85 770 773
772 220 773
773 220 774
774 87 773
774 775 87
87 775 776
777 776 775
777 775 210
776 777 778
778 91 776
779 778 777
779 777 208
780 779 208
208 781 780
99 780 781
780 778 779
778 780 97
97 92 778
774 213 775
782 771 769
783 782 769
782 783 784
225 782 784
785 784 783
785 783 786
787 785 786
786 788 787
789 787 788
788 790 789
791 789 790
790 792 791
793 791 792
792 794 793
795 793 794
794 796 795
796 797 795
247 795 797
798 797 796
799 798 796
799 800 798
798 800 801
801 254 798
802 801 800
800 803 802
804 802 803
803 805 804
806 804 805
805 807 806
808 806 807
807 809 808
808 809 810
810 811 808
812 811 810
810 813 812
812 813 276
813 810 814
815 813 814
814 816 815
817 815 816
816 286 817
286 816 818
818 816 819
819 820 818
292 818 820
821 820 819
822 821 819
819 823 822
824 822 823
823 825 824
826 824 825
825 827 826
828 826 827
827 829 828
830 828 829
829 831 830
832 830 831
831 833 832
834 832 833
833 835 834
759 834 835
835 833 836
837 835 836
836 838 837
839 837 838
838 840 839
841 839 840
841 840 790
841 764 839
842 840 838
792 840 842
837 839 762
838 836 842
843 842 836
836 844 843
843 844 845
845 846 843
846 845 847
847 799 846
794 846 799
846 794 842
848 847 845
845 849 848
849 850 848
805 848 850
850 849 851
851 852 850
807 850 852
852 853 807
853 852 827
852 851 829
844 851 849
851 844 831
803 847 848
849 845 844
842 843 846
762 835 837
844 836 833
832 834 756
756 854 832
854 855 832
856 855 854
755 856 854
857 856 755
858 857 755
857 858 859
859 860 857
860 859 861
861 862 860
863 860 862
862 864 863
865 863 864
864 866 865
865 866 828
866 864 867
867 868 866
866 868 824
868 867 869
869 870 868
822 868 870
870 869 871
821 870 871
871 872 821
872 871 873
873 874 872
295 872 874
872 295 820
874 873 875
875 301 874
876 301 875
875 877 876
878 876 877
877 879 878
880 878 879
879 881 880
882 880 881
881 883 882
884 882 883
883 885 884
886 884 885
885 887 886
887 888 886
886 888 889
889 890 886
891 890 889
889 892 891
893 891 892
892 894 893
895 893 894
894 896 895
897 895 896
896 898 897
898 899 897
897 899 900
900 901 897
901 900 902
902 903 901
903 904 901
901 904 895
904 903 905
905 906 904
907 904 906
906 908 907
909 907 908
908 910 909
911 909 910
910 912 911
911 912 913
913 914 911
914 913 915
915 890 914
916 914 890
914 916 909
890 915 884
917 884 915
915 918 917
917 918 880
919 880 918
918 920 919
920 307 919
921 919 307
920 918 913
913 922 920
922 309 920
919 921 880
918 915 913
922 913 912
912 313 922
912 910 316
316 910 923
909 911 914
910 908 923
924 923 908
925 924 908
926 924 925
925 927 926
928 926 927
927 929 928
930 928 929
929 931 930
932 930 931
931 933 932
934 932 933
933 935 934
936 934 935
935 937 936
938 936 937
937 939 938
940 938 939
939 941 940
940 941 942
942 943 940
943 942 944
944 945 943
946 943 945
945 947 946
948 946 947
947 949 948
950 948 949
949 951 950
952 950 951
951 953 952
953 954 952
955 952 954
954 956 955
957 955 956
328 957 956
957 328 958
958 926 957
955 957 959
959 957 928
956 954 960
960 334 956
952 955 959
959 961 952
961 959 930
954 953 960
960 953 962
962 337 960
963 962 953
962 963 964
964 340 962
965 964 963
963 966 965
967 965 966
966 968 967
968 969 967
970 967 969
971 970 969
969 972 971
972 973 971
974 971 973
975 974 973
973 976 975
976 977 975
975 977 978
978 979 975
979 978 980
980 358 979
981 979 358
979 981 974
365 980 978
982 365 978
978 983 982
984 982 983
983 985 984
985 986 984
987 984 986
988 987 986
986 989 988
989 381 988
381 989 990
991 990 989
990 991 992
992 993 990
990 993 384
993 994 384
994 993 995
996 994 995
995 997 996
998 996 997
997 999 998
999 1000 998
396 998 1000
998 396 390
1000 999 1001
1002 1000 1001
1001 1003 1002
1004 1002 1003
1003 1005 1004
1005 1006 1004
1007 1004 1006
1006 1008 1007
1009 1007 1008
1008 1010 1009
1011 1009 1010
1010 1012 1011
1013 1011 1012
1012 1014 1013
1015 1013 1014
1014 1016 1015
1017 1015 1016
1016 1018 1017
1018 1019 1017
1020 1017 1019
1021 1020 1019
1019 1022 1021
1023 1021 1022
1022 1024 1023
1025 1023 1024
1024 1026 1025
1027 1025 1026
1026 445 1027
445 1026 1028
1029 1028 1026
1026 1030 1029
1031 1029 1030
1031 1030 1032
1033 1031 1032
1033 1032 1034
1033 1034 1035
1035 1036 1033
1036 1037 1033
1038 1033 1037
1037 1039 1038
1040 1038 1039
1039 1041 1040
1042 1040 1041
1043 1042 1041
1041 1044 1043
1044 1045 1043
1045 1046 1043
1047 1043 1046
465 1047 1046
1043 1047 1048
1047 462 1048
1049 1046 1045
1049 1045 1050
1051 1049 1050
1051 1050 1052
1051 1052 1053
1053 1054 1051
1054 1055 1051
1056 1051 1055
1057 1056 1055
1055 1058 1057
481 1057 1058
1058 1059 481
1060 1059 1058
1058 1061 1060
1060 1061 1062
1062 1063 1060
1063 1064 1060
1064 1063 1065
1066 1064 1065
1065 1067 1066
489 1066 1067
1065 1068 1067
1067 1068 1069
1069 495 1067
1070 495 1069
1069 1071 1070
1072 1070 1071
1071 1073 1072
1072 1073 1074
1074 1075 1072
1075 505 1072
1074 1076 1075
1075 1076 511
1077 511 1076
1076 1078 1077
1079 1077 1078
1080 1079 1078
1078 1081 1080
1082 1080 1081
1081 1083 1082
1084 1082 1083
1083 1085 1084
1085 1086 1084
1087 1084 1086
1088 1087 1086
1086 1089 1088
1089 1090 1088
1091 1088 1090
1090 1092 1091
1093 1091 1092
1092 1094 1093
1095 1093 1094
1094 1096 1095
1096 1097 1095
1098 1095 1097
1097 1099 1098
1100 1098 1099
1099 1101 1100
1102 1100 1101
1103 1102 1101
1101 1104 1103
1104 1105 1103
1106 1103 1105
1107 1106 1105
1108 1107 1105
1105 1109 1108
1110 1108 1109
1109 1111 1110
1112 1110 1111
1111 1113 1112
1114 1112 1113
1113 1115 1114
1116 1114 1115
1115 1117 1116
1118 1116 1117
1117 1119 1118
1120 1118 1119
1119 1121 1120
1122 1120 1121
1121 1123 1122
1124 1122 1123
1123 1125 1124
1125 1126 1124
1127 1124 1126
1128 1127 1126
1126 1129 1128
1130 1128 1129
1130 1129 1131
1130 1131 1132
1133 1130 1132
1133 1132 1134
1134 1135 1133
1135 1136 1133
1137 1136 1135
1137 1135 1138
1138 1139 1137
1139 1140 1137
1140 1141 1137
1142 1137 1141
1143 1142 1141
1141 1144 1143
1144 1145 1143
1146 1143 1145
1145 1147 1146
1148 1146 1147
1149 1148 1147
1147 1150 1149
1151 1149 1150
1150 1152 1151
1153 1151 1152
1152 1154 1153
1155 1153 1154
1154 669 1155
1156 1155 669
1157 1155 1156
1156 1158 1157
1159 1157 1158
1158 1160 1159
1161 1159 1160
1160 1162 1161
1162 1163 1161
1164 1161 1163
1165 1164 1163
1163 1166 1165
1166 1167 1165
1168 1165 1167
1169 1168 1167
1167 1170 1169
1170 1171 1169
1172 1169 1171
1173 1172 1171
1171 1174 1173
1175 1173 1174
1176 1175 1174
1174 1177 1176
1177 1178 1176
1179 1176 1178
1178 1180 1179
1181 1179 1180
1182 1181 1180
1180 1183 1182
1183 1184 1182
1185 1182 1184
1184 1186 1185
1187 1185 1186
1188 1187 1186
1186 529 1188
529 1189 1188
1190 1188 1189
1189 523 1190
1191 1190 523
1190 1191 1082
1082 1192 1190
1193 1190 1192
1192 1087 1193
1187 1193 1087
1194 1187 1087
1188 1190 1193
1193 1187 1188
1194 1185 1187
1185 1194 1195
1195 1194 1196
1196 1197 1195
1181 1195 1197
1197 1198 1181
1198 1197 1199
1200 1198 1199
1199 1098 1200
1201 1198 1200
1200 1175 1201
1175 1200 1202
1202 1203 1175
1203 1202 1102
1102 1204 1203
1205 1203 1204
1204 1106 1205
1206 1205 1106
1168 1205 1206
1172 1203 1205
1202 1200 1100
1198 1201 1179
1207 1199 1197
1093 1199 1207
1197 1196 1207
1207 1196 1091
1196 1194 1088
1186 1184 531
1195 1182 1185
1184 1183 534
1208 1183 1180
1183 1208 537
1182 1195 1181
1179 1181 1198
1180 1178 1208
1178 1209 1208
1208 1209 1210
1210 539 1208
1211 1210 1209
1209 1212 1211
1213 1211 1212
1214 1213 1212
1212 1215 1214
1216 1214 1215
1215 1171 1216
1214 1216 1217
1217 552 1214
1218 1217 1216
1216 1219 1218
1220 1218 1219
1219 1221 1220
1221 1222 1220
1223 1220 1222
1224 1223 1222
1222 1225 1224
1225 1226 1224
1227 1224 1226
1226 1228 1227
1229 1227 1228
1230 1229 1228
1228 1231 1230
1231 668 1230
668 1231 1158
1231 1228 1160
1229 1230 576
1232 576 1230
1230 666 1232
1227 1229 573
1228 1226 1160
1224 1227 569
1226 1225 1162
1225 1222 1166
1223 1224 567
1220 1223 564
1222 1221 1166
1221 1219 1167
1218 1220 560
1219 1216 1170
1217 1218 557
1174 1215 1212
1213 1214 552
1211 1213 549
1177 1212 1209
1210 1211 546
1201 1176 1179
1209 1178 1177
1212 1177 1174
1176 1201 1175
1173 1175 1203
1215 1174 1171
1203 1172 1173
1169 1172 1205
1171 1170 1216
1170 1167 1219
1205 1168 1169
1206 1165 1168
1165 1206 1233
1233 1206 1107
1234 1233 1107
1164 1233 1234
1234 1235 1164
1235 1234 1236
1236 1159 1235
1236 1234 1110
1167 1166 1221
1166 1163 1225
1233 1164 1165
1161 1164 1235
1163 1162 1225
1162 1160 1226
1235 1159 1161
1160 1158 1231
1159 1236 1157
1237 1157 1236
1237 1236 1112
1157 1237 1238
1238 1237 1114
1239 1238 1114
1238 1239 1155
1158 1156 668
1155 1157 1238
1239 1153 1155
1153 1239 1240
1116 1240 1239
1154 1152 672
1151 1153 1240
1240 1120 1151
1152 1150 674
1149 1151 1120
1150 1147 676
1148 1149 1120
1146 1148 1122
1122 1241 1146
1147 1145 679
1143 1146 1241
1241 1127 1143
1145 1144 680
1144 1141 685
1142 1143 1127
1141 1140 685
1140 1139 689
1139 1242 689
1138 1242 1139
1242 1138 1243
1243 1244 1242
1242 1244 690
1244 1243 1245
1244 1245 692
1246 1245 1243
1246 1243 1247
1247 1248 1246
1249 1246 1248
1248 1250 1249
1251 1249 1250
1252 1251 1250
1250 1253 1252
1253 1254 1252
1254 1255 1252
1256 1252 1255
1255 1257 1256
1258 1256 1257
1257 1259 1258
1260 1258 1259
1259 1261 1260
1261 1262 1260
1263 1260 1262
1262 1264 1263
1265 1263 1264
1266 1265 1264
1264 1267 1266
1267 1268 1266
1269 1266 1268
1270 1269 1268
1268 1271 1270
1272 1270 1271
1271 1273 1272
1273 1274 1272
1275 1272 1274
1274 1276 1275
720 1275 1276
1276 1274 1277
1276 1277 1278
722 1276 1278
1277 1279 1278
724 1278 1279
1279 1280 724
1281 1280 1279
1279 1282 1281
1281 1282 1283
1283 1284 1281
1285 1281 1284
1284 1286 1285
1287 1285 1286
1286 1288 1287
732 1287 1288
1288 1289 732
1289 1288 1290
1290 1291 1289
1292 1289 1291
1291 1293 1292
1294 1292 1293
1295 1294 1293
1293 1296 1295
1297 1295 1296
1296 1298 1297
1298 1299 1297
1300 1297 1299
1300 1299 747
1299 1298 1301
1301 1302 1299
749 1299 1302
1303 1302 1301
1301 1304 1303
1303 1304 1305
1305 1306 1303
1306 858 1303
754 1303 858
1306 1305 1307
1307 859 1306
1308 859 1307
1308 1307 1309
1309 1310 1308
1310 861 1308
861 1310 1311
1311 1312 861
1313 1312 1311
1311 1314 1313
1313 1314 1315
1315 1316 1313
1316 1315 1317
1317 1318 1316
1319 1316 1318
1318 1320 1319
869 1319 1320
1320 1318 1321
1321 873 1320
1322 1321 1318
1323 1322 1318
1322 1323 879
1323 1324 879
1324 1323 1325
1325 1326 1324
1327 1324 1326
1326 1328 1327
885 1327 1328
1328 1329 885
1329 1328 1330
1330 1331 1329
1329 1331 887
1332 887 1331
1331 1333 1332
1333 1334 1332
1335 1332 1334
1334 1336 1335
1337 1335 1336
1336 1338 1337
1339 1337 1338
1338 1340 1339
1341 1339 1340
1340 1342 1341
1343 1341 1342
1342 1344 1343
1345 1343 1344
1344 1346 1345
1346 1347 1345
1348 1345 1347
1347 1349 1348
1350 1348 1349
1349 1351 1350
1352 1350 1351
1351 1353 1352
1354 1352 1353
1353 1355 1354
1354 1355 1356
1356 1357 1354
1357 1356 1358
1358 1359 1357
1360 1357 1359
1359 1361 1360
1362 1360 1361
1361 1363 1362
1364 1362 1363
1363 1365 1364
1366 1364 1365
1365 1367 1366
899 1366 1367
1366 899 1368
1368 1369 1366
1369 1368 1345
1370 1368 899
1368 1370 1343
1367 1365 1371
1371 1372 1367
900 1367 1372
1372 1371 1373
1373 902 1372
902 1373 931
1374 1373 1371
1371 1375 1374
1376 1374 1375
1375 1377 1376
1377 1378 1376
1376 1378 939
1378 1379 939
1379 1378 1380
1380 1381 1379
1382 1379 1381
1381 1383 1382
1384 1382 1383
1383 1385 1384
1386 1384 1385
1385 1387 1386
1388 1386 1387
1387 1389 1388
1390 1388 1389
1389 1391 1390
1392 1390 1391
1391 1393 1392
1393 1394 1392
1392 1394 1395
1395 1396 1392
1396 1397 1392
1397 1398 1392
1398 1397 1399
1399 1400 1398
1400 1401 1398
1398 1401 1390
1401 1400 1402
1403 1401 1402
1402 1404 1403
1405 1403 1404
1404 1406 1405
1406 1407 1405
1405 1407 1408
1408 1409 1405
1409 1408 1410
1410 1386 1409
1411 1409 1386
1409 1411 1403
1412 1410 1408
1408 1413 1412
941 1412 1413
1412 941 1379
1410 1412 1384
1413 1408 1407
1407 1414 1413
1414 942 1413
1414 1407 1415
1415 1416 1414
944 1414 1416
1416 972 944
1417 1416 1415
1418 1417 1415
1419 1417 1418
1418 1406 1419
1420 1419 1406
1421 1419 1420
1421 1420 1422
1422 1423 1421
1423 1422 985
991 985 1422
1420 1424 1422
992 1422 1424
1425 992 1424
1424 1426 1425
1426 1427 1425
1425 1427 993
1427 1426 1428
1428 1429 1427
997 1427 1429
1429 1430 997
1431 997 1430
1430 1432 1431
1433 1431 1432
1432 1434 1433
1435 1433 1434
1434 1436 1435
1437 1435 1436
1436 1438 1437
1439 1437 1438
1438 1440 1439
1008 1439 1440
1440 1441 1008
1442 1008 1441
1441 1443 1442
1444 1442 1443
1443 1445 1444
1446 1444 1445
1445 1447 1446
1448 1446 1447
1447 1449 1448
1450 1448 1449
1451 1450 1449
1449 1452 1451
1452 1453 1451
1454 1451 1453
1034 1454 1453
1451 1454 1455
1022 1455 1454
1453 1452 1456
1456 1457 1453
1035 1453 1457
1456 1458 1457
1459 1457 1458
1459 1458 1460
1460 1461 1459
1462 1459 1461
1461 1463 1462
1464 1462 1463
1463 1465 1464
1466 1464 1465
1467 1466 1465
1465 1468 1467
1468 1469 1467
1052 1467 1469
1470 1467 1052
1471 1469 1468
1468 1472 1471
1471 1472 1473
1474 1471 1473
1473 1475 1474
1475 1476 1474
1477 1474 1476
1478 1477 1476
1476 1479 1478
1479 1480 1478
1061 1478 1480
1061 1055 1478
1480 1479 1481
1062 1480 1481
1481 1482 1062
1481 1483 1482
1484 1482 1483
1483 1485 1484
1484 1485 1486
1486 1487 1484
1487 1488 1484
1489 1484 1488
1068 1489 1488
1488 1071 1068
1490 1489 1068
1489 1490 1482
1482 1490 1063
1073 1488 1487
1487 1491 1073
1491 1487 1486
1486 1492 1491
1492 1493 1491
1491 1493 1494
1494 1074 1491
1495 1494 1493
1496 1495 1493
1493 1497 1496
1497 1498 1496
1499 1496 1498
1498 1500 1499
1501 1499 1500
1502 1501 1500
1500 1503 1502
1503 1504 1502
1505 1502 1504
1504 1506 1505
1507 1505 1506
1506 1508 1507
1509 1507 1508
1508 1510 1509
1511 1509 1510
1510 1512 1511
1513 1511 1512
1513 1512 1514
1513 1514 1515
1516 1513 1515
1515 1517 1516
1518 1516 1517
1517 1519 1518
1520 1518 1519
1519 1521 1520
1522 1520 1521
1521 1523 1522
1524 1522 1523
1523 1525 1524
1526 1524 1525
1525 1527 1526
1528 1526 1527
1527 1529 1528
1530 1528 1529
1529 1531 1530
1532 1530 1531
1531 1533 1532
1534 1532 1533
1533 1535 1534
1536 1534 1535
1535 1537 1536
1538 1536 1537
1537 1539 1538
1540 1538 1539
1539 1117 1540
1117 1539 1541
1541 1539 1542
1542 1543 1541
1119 1541 1543
1543 1542 1544
1544 1123 1543
1545 1544 1542
1542 1546 1545
1545 1546 1547
1547 1548 1545
1548 1547 1549
1549 1125 1548
1548 1125 1544
1125 1549 1550
1550 1549 1551
1550 1551 1129
1552 1551 1549
1549 1553 1552
1554 1552 1553
1553 1555 1554
1556 1554 1555
1555 1557 1556
1558 1556 1557
1557 1559 1558
1560 1558 1559
1559 1561 1560
1562 1560 1561
1561 1563 1562
1564 1562 1563
1563 1565 1564
1566 1564 1565
1565 1567 1566
1568 1566 1567
1567 1569 1568
1570 1568 1569
1569 1571 1570
1571 1572 1570
1570 1572 1573
1573 1574 1570
1574 1573 1575
1576 1574 1575
1575 1577 1576
1578 1576 1577
1577 1579 1578
1579 1580 1578
1581 1578 1580
1582 1581 1580
1580 1583 1582
1584 1582 1583
1583 1585 1584
1585 1586 1584
1587 1584 1586
1588 1587 1586
1586 1589 1588
1590 1588 1589
1589 1591 1590
1592 1590 1591
1591 1593 1592
1594 1592 1593
1595 1594 1593
1593 1596 1595
1597 1595 1596
1598 1597 1596
1596 1599 1598
1600 1598 1599
1599 1601 1600
1602 1600 1601
1601 1603 1602
1603 1604 1602
1605 1602 1604
1604 1606 1605
1607 1605 1606
1606 1608 1607
1609 1607 1608
1608 1610 1609
1610 1611 1609
1612 1609 1611
1611 1613 1612
1614 1612 1613
1615 1614 1613
1613 1616 1615
1616 1617 1615
1618 1615 1617
1619 1618 1617
1617 1620 1619
1620 1621 1619
1622 1619 1621
1623 1622 1621
1621 1624 1623
1625 1623 1624
1624 1626 1625
1627 1625 1626
1626 1628 1627
1628 1629 1627
1296 1627 1629
1628 1630 1629
1629 1630 1304
1304 1630 1631
1632 1631 1630
1630 1633 1632
1634 1632 1633
1633 1635 1634
1635 1636 1634
1637 1634 1636
1638 1637 1636
1636 1639 1638
1640 1638 1639
1641 1640 1639
1639 1642 1641
1642 1643 1641
1644 1641 1643
1643 1645 1644
1646 1644 1645
1645 1647 1646
1648 1646 1647
1647 1649 1648
1650 1648 1649
1651 1650 1649
1649 1652 1651
1653 1651 1652
1652 1654 1653
1655 1653 1654
1656 1655 1654
1654 1657 1656
1657 1658 1656
1659 1656 1658
1658 1660 1659
1661 1659 1660
1660 1662 1661
1663 1661 1662
1662 1664 1663
1665 1663 1664
1664 1666 1665
1667 1665 1666
1666 1668 1667
1669 1667 1668
1668 1670 1669
1671 1669 1670
1670 1672 1671
1673 1671 1672
1672 1674 1673
1675 1673 1674
1674 1676 1675
1677 1675 1676
1676 1678 1677
1678 1679 1677
1680 1677 1679
1681 1680 1679
1679 1682 1681
1683 1681 1682
1682 1684 1683
1685 1683 1684
1686 1685 1684
1684 1687 1686
1687 1688 1686
1689 1686 1688
1690 1689 1688
1688 1691 1690
1691 1692 1690
1693 1690 1692
1692 1694 1693
1694 1695 1693
1696 1693 1695
1697 1696 1695
1695 1698 1697
1699 1697 1698
1698 1700 1699
1701 1699 1700
1700 1702 1701
1703 1701 1702
1704 1703 1702
1702 1705 1704
1705 1706 1704
1707 1704 1706
1708 1707 1706
1706 1709 1708
1709 1710 1708
1711 1708 1710
1710 1712 1711
1713 1711 1712
1712 1714 1713
1715 1713 1714
1714 1716 1715
1717 1715 1716
1716 1718 1717
1718 1719 1717
1717 1719 1720
1720 1721 1717
1720 1722 1721
1723 1721 1722
1723 1722 1479
1721 1723 1724
1724 1713 1721
1713 1724 1725
1725 1724 1475
1475 1726 1725
1727 1725 1726
1726 1728 1727
1729 1727 1728
1728 1730 1729
1731 1729 1730
1730 1732 1731
1732 1733 1731
1734 1731 1733
1733 1735 1734
1703 1734 1735
1736 1703 1735
1735 1737 1736
1737 1738 1736
1739 1736 1738
1738 1740 1739
1741 1739 1740
1740 1742 1741
1742 1743 1741
1696 1741 1743
1743 1744 1696
1745 1696 1744
1744 1746 1745
1746 1747 1745
1748 1745 1747
1747 1749 1748
1750 1748 1749
1749 1751 1750
1689 1750 1751
1751 1752 1689
1752 1751 1753
1753 1754 1752
1755 1752 1754
1754 1756 1755
1757 1755 1756
1756 1758 1757
1759 1757 1758
1758 1760 1759
1761 1759 1760
1760 1762 1761
1763 1761 1762
1762 1764 1763
1764 1765 1763
1766 1763 1765
1765 1767 1766
1768 1766 1767
1769 1768 1767
1767 1770 1769
1770 1355 1769
1771 1769 1355
1769 1771 1671
1770 1767 1772
1772 1356 1770
1773 1772 1767
1772 1773 1774
1774 1383 1772
1358 1772 1383
1775 1774 1773
1773 1776 1775
1777 1775 1776
1776 1764 1777
1778 1777 1764
1777 1778 1389
1775 1777 1387
1776 1773 1765
1774 1775 1385
1768 1769 1673
1766 1768 1675
1767 1765 1773
1763 1766 1677
1765 1764 1776
1764 1762 1778
1779 1778 1762
1391 1778 1779
1761 1763 1680
1762 1760 1779
1780 1779 1760
1779 1780 1393
1780 1781 1393
1781 1780 1758
1759 1761 1681
1760 1758 1780
1757 1759 1683
1758 1756 1781
1782 1781 1756
1781 1782 1394
1783 1394 1782
1782 1784 1783
1785 1783 1784
1784 1786 1785
1787 1785 1786
1788 1787 1786
1786 1789 1788
1790 1788 1789
1789 1791 1790
1792 1790 1791
1791 1793 1792
1443 1792 1793
1793 1794 1443
1794 1793 1795
1795 1796 1794
1797 1794 1796
1796 1798 1797
1799 1797 1798
1800 1799 1798
1798 1801 1800
1802 1800 1801
1801 1460 1802
1803 1460 1801
1801 1804 1803
1803 1804 1738
1805 1460 1803
1805 1803 1737
1800 1802 1447
1804 1801 1798
1798 1806 1804
1804 1806 1740
1799 1800 1447
1797 1799 1445
1806 1798 1796
1796 1807 1806
1806 1807 1742
1808 1742 1807
1807 1795 1808
1746 1808 1795
1795 1809 1746
1794 1797 1445
1807 1796 1795
1809 1795 1793
1793 1791 1809
1790 1792 1440
1440 1810 1790
1791 1789 1809
1811 1809 1789
1812 1811 1789
1811 1812 1747
1809 1811 1747
1788 1790 1810
1810 1813 1788
1813 1810 1438
1789 1786 1812
1753 1812 1786
1787 1788 1813
1813 1814 1787
1814 1813 1436
1785 1787 1814
1814 1815 1785
1815 1814 1816
1816 1817 1815
1817 1395 1815
1815 1395 1783
1817 1816 1432
1818 1817 1432
1818 1396 1817
1396 1818 1819
1819 1399 1396
1399 1819 1428
1819 1818 1430
1816 1814 1434
1786 1784 1753
1783 1785 1815
1784 1782 1754
1755 1757 1685
1756 1754 1782
1752 1755 1686
1754 1753 1784
1812 1753 1751
1751 1749 1812
1750 1690 1748
1749 1747 1812
1693 1745 1748
1747 1746 1809
1744 1808 1746
1808 1744 1743
1743 1742 1808
1742 1740 1806
1741 1697 1739
1740 1738 1804
1701 1736 1739
1738 1737 1803
1737 1735 1805
1820 1805 1735
1461 1805 1820
1735 1733 1820
1821 1820 1733
1821 1463 1820
1707 1731 1734
1733 1732 1821
1472 1821 1732
1472 1465 1821
1732 1730 1472
1731 1707 1729
1728 1473 1730
1708 1727 1729
1473 1728 1726
1711 1725 1727
1724 1723 1476
1722 1720 1483
1485 1720 1719
1497 1719 1718
1719 1497 1492
1716 1822 1718
1498 1718 1822
1822 1716 1823
1503 1822 1823
1721 1715 1717
1714 1823 1716
1823 1714 1824
1824 1506 1823
1715 1721 1713
1712 1824 1714
1824 1712 1825
1825 1508 1824
1725 1711 1713
1710 1825 1712
1825 1710 1826
1510 1825 1826
1727 1708 1711
1709 1826 1710
1826 1709 1827
1512 1826 1827
1827 1709 1705
1705 1828 1827
1827 1828 1514
1829 1514 1828
1828 1830 1829
1830 1831 1829
1832 1829 1831
1831 1833 1832
1834 1832 1833
1833 1835 1834
1835 1836 1834
1837 1834 1836
1836 1838 1837
1838 1839 1837
1840 1837 1839
1841 1840 1839
1839 1842 1841
1842 1843 1841
1844 1841 1843
1843 1845 1844
1572 1844 1845
1844 1572 1846
1847 1845 1843
1845 1847 1848
1848 1849 1845
1845 1849 1573
1682 1849 1848
1849 1682 1850
1850 1575 1849
1684 1848 1847
1846 1841 1844
1841 1846 1851
1852 1851 1846
1846 1853 1852
1854 1852 1853
1853 1855 1854
1856 1854 1855
1855 1857 1856
1858 1856 1857
1857 1859 1858
1860 1858 1859
1859 1861 1860
1862 1860 1861
1861 1863 1862
1864 1862 1863
1863 1865 1864
1866 1864 1865
1865 1867 1866
1868 1866 1867
1867 1869 1868
1869 1547 1868
1547 1869 1553
1869 1867 1555
1866 1868 1870
1870 1871 1866
1871 1870 1872
1872 1873 1871
1873 1874 1871
1871 1874 1864
1874 1873 1875
1875 1876 1874
1877 1874 1876
1876 1878 1877
1879 1877 1878
1878 1880 1879
1881 1879 1880
1880 1882 1881
1883 1881 1882
1882 1884 1883
1885 1883 1884
1884 1886 1885
1887 1885 1886
1886 1888 1887
1889 1887 1888
1888 1890 1889
1891 1889 1890
1890 1832 1891
1832 1890 1892
1892 1890 1515
1515 1829 1892
1889 1891 1893
1893 1894 1889
1894 1893 1895
1895 1852 1894
1896 1894 1852
1894 1896 1887
1837 1895 1893
1891 1834 1893
1890 1888 1517
1887 1889 1894
1888 1886 1519
1885 1887 1896
1886 1884 1521
1896 1883 1885
1883 1896 1854
1884 1882 1523
1881 1883 1856
1882 1880 1525
1879 1881 1858
1880 1878 1527
1877 1879 1860
1878 1876 1527
1874 1877 1862
1876 1875 1529
1875 1873 1531
1873 1872 1533
1897 1872 1870
1870 1546 1897
1898 1897 1546
1897 1898 1537
1872 1897 1535
1546 1870 1868
1867 1865 1557
1864 1866 1871
1865 1863 1559
1862 1864 1874
1863 1861 1561
1860 1862 1877
1861 1859 1563
1858 1860 1879
1859 1857 1565
1856 1858 1881
1857 1855 1567
1854 1856 1883
1855 1853 1569
1852 1854 1896
1853 1846 1571
1851 1852 1895
1840 1851 1895
1843 1842 1847
1687 1847 1842
1839 1691 1842
1851 1840 1841
1895 1837 1840
1691 1839 1838
1836 1694 1838
1893 1834 1837
1694 1836 1835
1835 1899 1694
1899 1835 1833
1833 1698 1899
1834 1891 1832
1700 1833 1831
1892 1829 1832
1830 1702 1831
1828 1705 1830
1729 1707 1708
1734 1704 1707
1706 1705 1709
1702 1830 1705
1704 1734 1703
1736 1701 1703
1831 1702 1700
1699 1701 1739
1698 1833 1700
1739 1697 1699
1695 1899 1698
1697 1741 1696
1745 1693 1696
1899 1695 1694
1692 1838 1694
1748 1690 1693
1838 1692 1691
1688 1842 1691
1690 1750 1689
1686 1689 1752
1842 1688 1687
1847 1687 1684
1685 1686 1755
1683 1685 1757
1848 1684 1682
1681 1683 1759
1850 1682 1679
1680 1681 1761
1677 1680 1763
1679 1678 1850
1678 1577 1850
1579 1678 1676
1675 1677 1766
1676 1674 1579
1900 1579 1674
1673 1675 1768
1674 1672 1900
1672 1901 1900
1583 1900 1901
1671 1673 1769
1901 1672 1670
1670 1902 1901
1585 1901 1902
1669 1671 1771
1771 1353 1669
1903 1669 1353
1902 1670 1668
1668 1904 1902
1586 1902 1904
1667 1669 1903
1904 1668 1666
1589 1904 1666
1666 1905 1589
1665 1667 1903
1903 1906 1665
1906 1903 1351
1905 1666 1664
1664 1907 1905
1591 1905 1907
1663 1665 1906
1906 1908 1663
1908 1906 1349
1907 1664 1662
1662 1909 1907
1593 1907 1909
1661 1663 1908
1908 1910 1661
1910 1908 1347
1909 1662 1660
1659 1661 1910
1660 1658 1909
1596 1909 1658
1656 1659 1910
1910 1911 1656
1911 1910 1346
1599 1658 1657
1601 1657 1654
1655 1656 1911
1911 1912 1655
1912 1911 1344
1344 1913 1912
1914 1912 1913
1913 1915 1914
1916 1914 1915
1915 1917 1916
1918 1916 1917
1917 1919 1918
1920 1918 1919
1919 1921 1920
1921 1922 1920
1923 1920 1922
1922 1924 1923
1925 1923 1924
1926 1925 1924
1924 1927 1926
1928 1926 1927
1927 1929 1928
1930 1928 1929
1931 1930 1929
1929 1932 1931
1932 1933 1931
1933 1309 1931
1934 1931 1309
1933 1932 1935
1935 1314 1933
1314 1935 1936
1935 1937 1936
1937 1938 1936
1939 1936 1938
1330 1939 1938
1938 1940 1330
1940 1941 1330
1941 1940 1924
1940 1938 1927
1936 1939 1326
1938 1937 1927
1932 1927 1937
1937 1935 1932
1931 1934 1930
1930 1934 1942
1942 1637 1930
1632 1942 1934
1928 1930 1637
1637 1943 1928
1929 1927 1932
1926 1928 1943
1943 1640 1926
1927 1924 1940
1925 1926 1640
1640 1944 1925
1923 1925 1944
1944 1945 1923
1644 1945 1944
1924 1922 1941
1920 1923 1945
1945 1946 1920
1646 1946 1945
1922 1921 1941
1333 1941 1921
1921 1919 1333
1918 1920 1946
1946 1650 1918
1919 1917 1336
1916 1918 1650
1917 1915 1338
1914 1916 1651
1915 1913 1340
1912 1914 1653
1653 1655 1912
1603 1654 1652
1651 1653 1914
1604 1652 1649
1650 1651 1916
1648 1650 1946
1606 1649 1647
1946 1646 1648
1608 1647 1645
1945 1644 1646
1610 1645 1643
1944 1641 1644
1611 1643 1642
1642 1947 1611
1947 1642 1639
1639 1616 1947
1641 1944 1640
1638 1640 1943
1616 1639 1636
1943 1637 1638
1634 1637 1942
1635 1620 1636
1620 1635 1948
1948 1635 1633
1633 1626 1948
1942 1632 1634
1631 1632 1934
1934 1307 1631
1630 1628 1633
1626 1633 1628
1291 1625 1627
1624 1948 1626
1625 1290 1623
1949 1623 1290
1623 1949 1950
1950 1949 1286
1948 1624 1621
1950 1622 1623
1622 1950 1951
1951 1952 1622
1952 1951 1953
1953 1954 1952
1955 1952 1954
1956 1955 1954
1954 1957 1956
1957 1958 1956
1959 1956 1958
1958 1960 1959
1961 1959 1960
1962 1961 1960
1960 1963 1962
1963 1964 1962
1965 1962 1964
1964 1966 1965
1967 1965 1966
1966 1968 1967
1969 1967 1968
1968 1970 1969
1971 1969 1970
1970 1972 1971
1973 1971 1972
1974 1973 1972
1975 1974 1972
1972 1976 1975
1976 1977 1975
1978 1975 1977
1977 1979 1978
1980 1978 1979
1979 1981 1980
1982 1980 1981
1983 1982 1981
1981 1984 1983
1984 1985 1983
1986 1983 1985
1985 1987 1986
1988 1986 1987
1987 1989 1988
1990 1988 1989
1989 1132 1990
1991 1990 1132
1991 1992 1990
1993 1990 1992
1992 1994 1993
1995 1993 1994
1994 1996 1995
1997 1995 1996
1996 1998 1997
1999 1997 1998
1998 2000 1999
2001 1999 2000
2000 2002 2001
2003 2001 2002
2002 2004 2003
2005 2003 2004
2004 2006 2005
2005 2006 1578
2006 2004 1566
2003 2005 1581
1581 2007 2003
2004 2002 1564
2001 2003 2007
2007 2008 2001
2008 2007 2009
2009 2010 2008
2011 2008 2010
2010 2012 2011
2013 2011 2012
2012 2014 2013
2015 2013 2014
2014 2016 2015
2017 2015 2016
2016 2018 2017
1986 2017 2018
2019 2018 2016
2020 2019 2016
2021 2019 2020
2020 2022 2021
1590 2021 2022
2022 2023 1590
2023 2022 2012
2022 2020 2014
2019 2021 2024
2024 1982 2019
1982 2024 2025
1594 2025 2024
2024 2021 1594
2018 2019 1982
2015 2017 1993
1988 1993 2017
2016 2014 2020
2013 2015 1995
2014 2012 2022
2011 2013 1997
2012 2010 2023
1587 2023 2010
2008 2011 1999
2010 2009 1587
1582 2009 2007
2002 2000 1562
1999 2001 2008
2000 1998 1560
1997 1999 2011
1998 1996 1558
1995 1997 2013
1996 1994 1556
1993 1995 2015
1994 1992 1554
1992 1991 1552
1990 1993 1988
1987 2026 1989
1989 2026 1134
2027 1134 2026
1248 2027 2026
2026 1985 1248
2028 1248 1985
2029 1134 2027
2027 1247 2029
2017 1986 1988
2026 1987 1985
2018 1983 1986
1985 1984 2028
2030 2028 1984
2030 1253 2028
1984 1981 2030
1983 2018 1982
2025 1980 1982
1981 1979 2030
2031 2030 1979
2031 1254 2030
1254 2031 2032
2032 2031 1976
1976 2033 2032
2034 2032 2033
2033 1970 2034
2035 2032 2034
2034 2036 2035
1257 2035 2036
2036 2034 2037
2037 2038 2036
1259 2036 2038
2038 2037 2039
2039 2040 2038
1261 2038 2040
2040 2039 2041
2041 2042 2040
2043 2040 2042
2042 2044 2043
1267 2043 2044
2044 2042 2045
2045 2046 2044
1268 2044 2046
2046 2045 2047
2047 2048 2046
1271 2046 2048
2048 2047 2049
2049 2050 2048
1273 2048 2050
2050 2049 2051
2051 2052 2050
2052 1274 2050
2052 2051 2053
2053 1277 2052
1277 2053 1282
1282 2053 1953
2053 2051 1953
2051 2049 1957
2049 2047 2054
2054 1958 2049
2047 2045 2054
1960 2054 2045
2045 2042 1963
2040 2043 1262
2042 2041 1963
2041 2039 2055
2055 1964 2041
2039 2037 2055
1968 2055 2037
2037 2034 1968
1255 2032 2035
1980 2025 1978
1978 2025 1597
1979 1977 2031
1597 1975 1978
1977 1976 2031
1972 2033 1976
1975 1598 1974
1974 1600 1973
1602 1971 1973
2033 1972 1970
1969 1971 2056
1605 2056 1971
1970 1968 2034
2056 1967 1969
1967 2056 2057
1607 2057 2056
1966 2055 1968
2057 1965 1967
1965 2057 2058
1609 2058 2057
2055 1966 1964
2058 1962 1965
1964 1963 2041
1963 1960 2045
1962 2058 1961
1612 1961 2058
1614 1959 1961
1959 1614 2059
2054 1960 1958
2059 1956 1959
1956 2059 1618
1958 1957 2049
1957 1954 2051
1618 1955 1956
1619 1952 1955
1954 1953 2051
1283 1953 1951
1951 1950 1284
1952 1619 1622
1621 1620 1948
1617 1636 1620
1955 1618 1619
1615 1618 2059
1636 1617 1616
1613 1947 1616
2059 1614 1615
1961 1612 1614
1947 1613 1611
2058 1609 1612
1643 1611 1610
1645 1610 1608
2057 1607 1609
1647 1608 1606
2056 1605 1607
1649 1606 1604
1971 1602 1605
1652 1604 1603
1654 1603 1601
1973 1600 1602
1657 1601 1599
1600 1974 1598
1658 1599 1596
1598 1975 1597
1595 1597 2025
1909 1596 1593
2025 1594 1595
1592 1594 2021
1907 1593 1591
2021 1590 1592
1905 1591 1589
1588 1590 2023
1904 1589 1586
2023 1587 1588
1584 1587 2009
1902 1586 1585
1901 1585 1583
2009 1582 1584
1900 1583 1580
2007 1581 1582
1578 1581 2005
1580 1579 1900
1577 1678 1579
1576 1578 2006
1575 1850 1577
2006 1574 1576
1574 2006 1568
1849 1575 1573
1573 1572 1845
1572 1571 1846
1571 1569 1853
1568 1570 1574
1569 1567 1855
1566 1568 2006
1567 1565 1857
1564 1566 2004
1565 1563 1859
1562 1564 2002
1563 1561 1861
1560 1562 2000
1561 1559 1863
1558 1560 1998
1559 1557 1865
1556 1558 1996
1557 1555 1867
1554 1556 1994
1555 1553 1869
1552 1554 1992
1551 1552 1991
1551 1991 1131
1553 1549 1547
1868 1547 1546
1546 1542 1898
1544 1545 1548
1898 1542 1539
1538 1540 2060
2060 2061 1538
2061 2060 2062
2062 2063 2061
2064 2061 2063
2063 2065 2064
2066 2064 2065
2065 2067 2066
2068 2066 2067
2067 2069 2068
2070 2068 2069
2069 2071 2070
2072 2070 2071
2071 2073 2072
2074 2072 2073
2073 2075 2074
2075 2076 2074
2074 2076 1524
2076 2075 2077
2078 2076 2077
2077 2079 2078
2080 2078 2079
2079 2081 2080
2082 2080 2081
2081 1509 2082
1516 2080 2082
2082 1511 1516
2083 2081 2079
2081 2083 2084
2084 1507 2081
2085 2084 2083
2083 2086 2085
2087 2085 2086
2086 2088 2087
2089 2087 2088
2088 2090 2089
2090 2091 2089
2089 2091 2092
2092 2093 2089
2093 2092 1096
1096 2094 2093
2095 2093 2094
2094 2096 2095
2097 2095 2096
2096 2098 2097
2099 2097 2098
2098 1502 2099
2097 2099 2084
2099 1505 2084
2098 2096 2100
2100 2101 2098
1501 2098 2101
1089 2101 2100
2101 1089 1085
1085 2102 2101
1499 2101 2102
1092 2100 2096
2095 2097 2085
2096 2094 1092
2093 2095 2087
2103 2092 2091
2091 2104 2103
2105 2103 2104
2104 2106 2105
1104 2105 2106
2106 2107 1104
2107 2106 2108
2108 2109 2107
1109 2107 2109
2065 2109 2108
2108 2106 2067
2110 2067 2106
2106 2104 2110
2111 2110 2104
2110 2111 2069
2103 2105 1099
2104 2091 2111
2092 2103 1097
2091 2090 2111
2073 2111 2090
2090 2088 2073
2087 2089 2093
2077 2088 2086
2085 2087 2095
2086 2083 2077
2084 2085 2097
2078 2080 1520
2079 2077 2083
2076 2078 1522
2088 2077 2075
2075 2073 2088
2072 2074 1526
2111 2073 2071
2070 2072 1528
2071 2069 2111
1530 2068 2070
2069 2067 2110
1532 2066 2068
2067 2065 2108
2064 2066 1534
2109 2065 2063
2061 2064 1536
2063 2062 2109
1111 2109 2062
1113 2062 2060
1115 2060 1540
1539 1537 1898
1536 1538 2061
1537 1535 1897
1534 1536 2064
1535 1533 1872
2066 1532 1534
1533 1531 1873
2068 1530 1532
1531 1529 1875
1528 1530 2070
1529 1527 1876
1526 1528 2072
1527 1525 1880
1524 1526 2074
1525 1523 1882
1522 1524 2076
1523 1521 1884
1520 1522 2078
1521 1519 1886
1518 1520 2080
1519 1517 1888
2080 1516 1518
1517 1515 1890
1829 1515 1514
1512 1827 1514
1513 1516 1511
1826 1512 1510
1511 2082 1509
1508 1825 1510
1509 2081 1507
1506 1824 1508
1507 2084 1505
1504 1823 1506
1505 2099 1502
1823 1504 1503
1500 1822 1503
1502 2098 1501
2101 1499 1501
1822 1500 1498
2102 1496 1499
1496 2102 1081
1718 1498 1497
1081 1495 1496
1078 1494 1495
1493 1492 1497
1492 1486 1719
1719 1486 1485
1485 1483 1720
1482 1484 1489
1483 1481 1722
1722 1481 1479
1479 1476 1723
1054 1477 1478
1477 1054 1474
1476 1475 1724
1726 1475 1473
1730 1473 1472
1474 1469 1471
1469 1474 1053
1465 1472 1468
1467 1470 1466
2112 1466 1470
2112 1470 1044
1470 1050 1044
2113 1466 2112
2113 2112 1039
1466 2113 1464
1464 2113 2114
2114 2113 1036
1457 2114 1036
1463 1821 1465
1462 1464 2114
1820 1463 1461
2114 1459 1462
1460 1805 1461
1458 1802 1460
1457 1459 2114
1458 1456 1802
1802 1456 1449
1452 1449 1456
1450 1451 1455
1455 1018 1450
1448 1450 1018
1449 1447 1802
1446 1448 2115
2115 2116 1446
1014 2116 2115
1016 2115 1448
1447 1445 1799
1444 1446 2116
2116 2117 1444
2117 2116 1012
1445 1443 1794
2117 1442 1444
1442 2117 1010
1792 1443 1441
1441 1440 1792
1810 1440 1438
1437 1439 1005
1438 1436 1813
1435 1437 1005
1436 1434 1814
1003 1433 1435
1434 1432 1816
1001 1431 1433
1432 1430 1818
1430 1429 1819
1429 1428 1819
1428 1426 1400
1426 1424 1402
1424 1420 1402
1419 1421 1423
1423 977 1419
977 1423 983
1417 1419 977
1416 1417 976
1415 1407 1418
1407 1406 1418
1406 1404 1420
1403 1405 1409
1404 1402 1420
1401 1403 1411
1411 1388 1401
1402 1400 1426
1400 1399 1428
1397 1396 1399
1395 1817 1396
1394 1783 1395
1394 1393 1781
1393 1391 1779
1390 1392 1398
1778 1391 1389
1388 1390 1401
1389 1387 1777
1386 1388 1411
1387 1385 1775
1384 1386 1410
1385 1383 1774
1382 1384 1412
1383 1381 1358
1379 1382 1412
1359 1381 1380
1378 1377 1380
1380 1377 1361
1377 1375 1361
1374 1376 935
1375 1371 1363
1373 1374 933
1364 1366 1369
1369 2118 1364
2118 1369 1348
1365 1363 1371
1362 1364 2118
2118 1350 1362
1363 1361 1375
1360 1362 1350
1361 1359 1380
1357 1360 1352
1381 1359 1358
1356 1772 1358
1355 1770 1356
1355 1353 1771
1352 1354 1357
1353 1351 1903
1350 1352 1360
1351 1349 1906
1348 1350 2118
1349 1347 1908
1345 1348 1369
1347 1346 1910
1346 1344 1911
1343 1345 1368
1342 1913 1344
1341 1343 1370
1913 1342 1340
1339 1341 1370
1370 896 1339
2119 1339 896
1340 1338 1915
1337 1339 2119
1338 1336 1917
2119 1335 1337
1335 2119 2120
2120 888 1335
888 2120 892
2120 2119 894
1336 1334 1919
1332 1335 888
1334 1333 1919
1941 1333 1331
1331 1330 1941
1939 1330 1328
1328 1326 1939
1324 1327 881
1326 1325 1936
1315 1936 1325
1317 1325 1323
1321 1322 877
1316 1319 2121
2121 1312 1316
1312 2121 862
867 2121 1319
1318 1317 1323
1325 1317 1315
1936 1315 1314
1314 1311 1933
1312 1313 1316
1310 1933 1311
1309 1933 1310
1307 1934 1309
1305 1631 1307
1631 1305 1304
1304 1301 1629
1302 1303 754
1629 1301 1298
1298 1296 1629
1297 1300 1295
1295 1300 742
1293 1627 1296
1294 1295 740
1292 1294 738
1627 1293 1291
1289 1292 734
1290 1625 1291
1949 1290 1288
1288 1286 1949
1287 2122 1285
2123 1285 2122
2123 2122 728
1285 2123 1280
1280 2123 726
2122 1287 730
1286 1284 1950
1284 1283 1951
1953 1283 1282
1280 1281 1285
1282 1279 1277
1274 2052 1277
2124 1272 1275
2124 1275 718
2050 1274 1273
2048 1273 1271
1272 2124 1270
1270 2124 2125
2125 2124 714
2046 1271 1268
2125 1269 1270
1269 2125 2126
2126 2127 1269
2127 2126 2128
2128 2129 2127
2129 1265 2127
1265 2129 2130
2131 2130 2129
2131 2129 707
2130 2131 2132
2132 2133 2130
2130 2133 1263
2133 2132 2134
2134 2135 2133
1258 2133 2135
2135 2136 1258
2137 2136 2135
2136 2137 2138
2138 1251 2136
1251 2138 2139
2139 2138 694
1245 2139 694
1249 2139 1245
2138 2137 696
2135 2134 2137
2137 2134 697
2134 2132 698
703 698 2132
2132 2131 703
2129 2128 707
2128 2126 710
2126 2125 712
1266 1269 2127
2044 1268 1267
2043 1267 1264
2127 1265 1266
1263 1265 2130
1264 1262 2043
1260 1263 2133
1262 1261 2040
2038 1261 1259
2133 1258 1260
2036 1259 1257
1256 1258 2136
2035 1257 1255
2136 1252 1256
2032 1255 1254
1253 2030 1254
1250 2028 1253
1252 2136 1251
2139 1249 1251
2028 1250 1248
1247 2027 1248
2029 1247 1243
1245 1246 1249
1243 1138 2029
1135 2029 1138
1136 1137 1142
1136 1142 1128
1134 2029 1135
1132 1989 1134
1130 1133 1136
1132 1131 1991
1129 1551 1131
1128 1130 1136
1129 1126 1550
1127 1128 1142
1124 1127 1241
1126 1125 1550
1123 1544 1125
1241 1122 1124
1543 1123 1121
1120 1122 1148
1121 1119 1543
1240 1118 1120
1541 1119 1117
1118 1240 1116
1540 1117 1115
1114 1116 1239
2060 1115 1113
1112 1114 1237
2062 1113 1111
1110 1112 1236
2109 1111 1109
1108 1110 1234
2107 1109 1105
1107 1108 1234
1106 1107 1206
1103 1106 1204
1105 1104 2107
2105 1104 1101
1204 1102 1103
1100 1102 1202
1101 1099 2105
1098 1100 1200
1099 1097 2103
1095 1098 1199
1097 1096 2092
1094 2094 1096
1199 1093 1095
2094 1094 1092
1091 1093 1207
2100 1092 1090
1088 1091 1196
1090 1089 2100
1087 1088 1194
1084 1087 1192
1086 1085 1089
2102 1085 1083
1192 1082 1084
1083 1081 2102
1080 1082 1191
1495 1081 1078
1079 1080 1191
1191 517 1079
1077 1079 513
1494 1078 1076
1076 1074 1494
1073 1491 1074
1488 1073 1071
1070 1072 502
1071 1069 1068
1068 1065 1490
1066 486 1064
1490 1065 1063
1063 1062 1482
1480 1062 1061
1059 1060 1064
483 1059 1064
475 1057 481
1057 475 2140
1055 1061 1058
2140 1056 1057
1056 2140 1049
469 1049 2140
1478 1055 1054
1053 1474 1054
1469 1053 1052
1052 1050 1470
1051 1056 1049
1046 1049 469
1045 1044 1050
1044 1041 2112
1048 1042 1043
2141 1042 1048
1048 459 2141
1042 2141 1040
1040 2141 2142
2142 2143 1040
2142 2144 2143
2143 2144 1029
2144 2142 457
457 2142 2141
1041 1039 2112
1038 1040 2143
2143 1031 1038
1039 1037 2113
1037 1036 2113
1036 1035 1457
1453 1035 1034
1034 1032 1454
1033 1038 1031
1454 1032 1030
1030 1024 1454
1029 1031 2143
1028 1029 2144
2144 450 1028
438 1025 1027
1025 438 2145
1030 1026 1024
2145 1023 1025
1024 1022 1454
1023 2145 1021
1021 2145 2146
2146 2147 1021
2147 2146 2148
2148 2149 2147
2150 2147 2149
2149 2151 2150
2152 2150 2151
2153 2152 2151
2151 2154 2153
2154 2155 2153
1013 2153 2155
2155 2156 1013
2156 2155 414
2155 2154 417
2154 2151 421
2152 2153 1015
2150 2152 1017
2151 2149 425
2147 2150 1020
427 2149 2148
431 2148 2146
435 2146 2145
1455 1022 1019
1020 1021 2147
1017 1020 2150
1019 1018 1455
1018 1016 1448
1015 1017 2152
2115 1016 1014
2153 1013 1015
2116 1014 1012
1011 1013 2156
2156 2157 1011
2157 2156 412
412 2158 2157
1007 2157 2158
2158 2159 1007
2159 2158 404
1012 1010 2117
1009 1011 2157
1010 1008 1442
2157 1007 1009
1439 1008 1006
2159 1004 1007
1004 2159 402
1006 1005 1439
1005 1003 1435
402 1002 1004
1433 1003 1001
1000 1002 398
1431 1001 999
999 997 1431
996 998 390
1427 997 995
994 996 387
995 993 1427
993 992 1425
1422 992 991
989 986 991
987 988 374
984 987 371
986 985 991
985 983 1423
371 982 984
983 978 977
977 976 1417
976 973 1416
974 975 979
971 974 981
973 972 1416
947 972 969
970 971 981
981 2160 970
2161 970 2160
2160 349 2161
356 2160 981
967 970 2161
969 968 947
968 966 949
965 967 2161
2161 347 965
966 963 949
964 965 347
953 951 963
950 952 961
961 2162 950
2162 961 932
951 949 963
948 950 2162
2162 934 948
949 947 968
946 948 936
972 947 945
943 946 938
945 944 972
942 1414 944
1413 942 941
941 939 1379
938 940 943
939 937 1376
936 938 946
937 935 1376
934 936 948
935 933 1374
932 934 2162
933 931 1373
930 932 961
931 929 902
928 930 959
929 927 905
926 928 957
927 925 906
924 926 958
2163 924 958
958 325 2163
923 924 2163
319 923 2163
907 909 916
916 891 907
908 906 925
904 907 893
906 905 927
905 903 929
903 902 929
1372 902 900
1367 900 899
899 898 1370
898 896 1370
895 897 901
896 894 2119
893 895 904
894 892 2120
891 893 907
890 891 916
892 889 888
888 887 1332
887 885 1329
884 886 890
1327 885 883
882 884 917
883 881 1327
880 882 917
881 879 1324
878 880 921
879 877 1322
876 878 921
2164 876 921
921 303 2164
877 875 1321
301 876 2164
873 1321 875
871 1320 873
1320 871 869
1319 869 867
2121 867 864
863 865 855
855 865 830
864 862 2121
860 863 856
862 861 1312
859 1308 861
858 1306 859
856 857 860
855 856 863
833 831 844
830 832 855
831 829 851
828 830 865
829 827 852
826 828 866
827 825 853
2165 853 825
853 2165 809
2165 2166 809
809 2166 814
2166 2165 823
824 826 866
825 823 2165
868 822 824
823 819 2166
870 821 822
820 821 872
2166 819 816
815 817 282
816 814 2166
813 815 279
811 812 2167
2167 2168 811
2169 811 2168
802 2169 2168
2168 2170 802
2170 2168 263
263 2168 2171
811 2169 806
2168 2167 2171
2171 2167 269
2167 812 272
814 810 809
809 807 853
806 808 811
850 807 805
804 806 2169
848 805 803
2169 802 804
847 803 800
801 802 2170
2170 256 801
800 799 847
797 798 254
796 794 799
795 244 793
792 842 794
793 241 791
792 790 840
791 238 789
789 238 2172
790 788 841
766 841 788
2172 787 789
2172 2173 787
2173 2172 232
2173 232 784
788 786 766
787 2173 785
767 786 783
784 785 2173
771 782 225
783 769 767
786 767 766
841 766 764
839 764 763
763 762 839
835 762 759
758 760 750
75 750 760
834 759 757
757 756 834
854 756 755
755 754 858
1302 754 751
752 753 758
750 752 758
751 749 1302
748 750 75
1299 749 747
747 742 1300
741 743 746
742 740 1295
746 739 741
739 746 2174
2174 63 739
64 2174 746
740 738 1294
737 739 61
738 735 1292
736 737 60
733 736 56
735 734 1292
734 732 1289
731 733 56
730 1287 732
729 731 53
2122 730 728
728 726 2123
726 724 1280
722 1278 724
2175 721 723
2175 723 43
721 2175 38
722 720 1276
719 721 38
1275 720 718
718 716 2124
716 714 2124
32 713 715
714 712 2125
30 711 713
712 710 2126
27 709 711
710 708 2128
708 707 2128
707 704 2131
22 705 706
705 22 2176
2176 702 705
704 703 2131
702 2176 701
2177 701 2176
2177 2176 21
21 2178 2177
2178 2179 2177
2180 2177 2179
2179 2181 2180
2182 2180 2181
2183 2182 2181
2181 2184 2183
2184 2185 2183
2186 2183 2185
2185 2187 2186
687 2186 2187
2187 2188 687
2189 2188 2187
2187 2190 2189
649 2189 2190
2189 649 2191
2188 2189 2191
2191 2192 2188
2188 2192 683
2193 2192 2191
2191 650 2193
2192 2193 2194
2194 2195 2192
2192 2195 681
2195 2194 2196
2195 2196 677
654 2196 2194
652 2194 2193
2190 2187 2185
2183 2186 2197
691 2197 2186
2185 2184 2190
2198 2190 2184
2184 2199 2198
2199 644 2198
644 2199 2200
2200 2199 2179
2190 2198 648
2199 2184 2181
2197 2182 2183
2201 2182 2197
693 2201 2197
2182 2201 2202
2202 2201 699
2202 2180 2182
2180 2202 701
2181 2179 2199
2179 2178 2200
639 2200 2178
638 2178 21
701 2177 2180
699 701 2202
700 698 703
695 699 2201
698 697 2134
697 696 2137
696 694 2138
2201 693 695
694 692 1245
2197 691 693
692 690 1244
2186 688 691
690 689 1242
689 686 1140
688 2186 687
684 687 2188
686 685 1140
685 682 1144
683 684 2188
681 683 2192
682 680 1144
678 681 2195
680 679 1145
679 676 1147
677 678 2195
675 677 2196
2196 658 675
676 674 1150
673 675 658
658 662 673
674 672 1152
671 673 662
672 670 1154
667 671 662
670 669 1154
669 668 1156
666 1230 668
665 1232 666
1232 665 585
663 2203 587
662 664 667
2203 663 661
661 595 2203
595 661 660
659 662 658
656 658 2196
657 655 660
2204 660 655
655 2205 2204
2204 2205 604
2205 2206 604
653 2206 2205
660 2204 597
2196 654 656
2205 655 653
2194 652 654
2206 653 651
651 2207 2206
2206 2207 609
2207 2208 609
647 2208 2207
2193 650 652
2207 651 647
650 2191 649
648 649 2190
645 648 2198
2208 647 646
2208 646 615
2209 615 646
646 643 2209
2198 644 645
641 644 2200
643 642 2209
617 2209 642
642 640 2210
2210 621 642
640 634 2210
624 2210 634
2200 639 641
634 640 637
2178 638 639
636 638 21
637 635 634
627 624 634
2210 624 621
621 617 642
2209 617 615
615 612 2208
612 609 2208
609 606 2206
606 604 2206
604 600 2204
600 597 2204
595 660 597
2203 595 590
587 2203 590
587 585 665
585 582 1232
582 578 1232
576 1232 578
576 573 1229
573 569 1227
569 567 1224
567 564 1223
560 1220 564
560 557 1218
557 554 1217
552 1217 554
552 549 1213
549 546 1211
546 542 1210
539 1210 542
537 1208 539
537 534 1183
534 531 1184
529 1186 531
1189 529 525
523 1189 525
523 519 1191
517 1191 519
517 513 1079
511 1077 513
511 507 1075
505 1075 507
505 502 1072
498 1070 502
495 1070 498
492 1067 495
1067 492 489
486 1066 489
1064 486 483
1059 483 481
481 477 475
475 471 2140
2140 471 469
1046 469 465
462 1047 465
459 1048 462
2141 459 457
457 453 2144
450 2144 453
447 1028 450
1028 447 445
441 1027 445
1027 441 438
2145 438 435
2146 435 431
2148 431 427
2149 427 425
425 421 2151
421 417 2154
417 414 2155
414 412 2156
2158 412 407
407 404 2158
404 402 2159
1002 402 398
398 396 1000
392 390 396
390 387 996
387 384 994
384 381 990
988 381 377
377 374 988
374 371 987
982 371 367
367 365 982
980 365 361
361 358 980
358 356 981
2160 356 352
352 349 2160
347 2161 349
347 343 964
340 964 343
337 962 340
334 960 337
330 956 334
956 330 328
325 958 328
321 2163 325
2163 321 319
923 319 316
313 912 316
309 922 313
307 920 309
303 921 307
2164 303 301
297 874 301
874 297 295
820 295 292
289 818 292
818 289 286
817 286 282
282 279 815
279 276 813
276 272 812
272 269 2167
269 265 2171
2171 265 263
263 259 2170
256 2170 259
254 801 256
254 249 797
797 249 247
244 795 247
241 793 244
238 791 241
235 2172 238
232 2172 235
232 228 784
784 228 225
225 222 771
772 222 220
774 220 216
216 213 774
213 210 775
210 208 777
781 208 204
101 781 204
204 201 101
201 198 102
198 195 103
191 188 110
188 185 110
2211 110 185
185 182 2211
117 2211 182
182 179 117
179 176 118
2212 118 176
176 172 2212
172 170 2212
123 2212 170
170 2213 123
2213 170 167
2213 167 126
167 165 126
128 165 162
162 158 128
130 128 158
127 129 40
165 128 126
126 124 2213
124 123 2213
120 2212 123
121 122 46
119 121 2214
2214 121 49
2212 120 118
2214 116 119
118 117 179
114 2211 117
116 2214 115
115 2214 52
113 115 54
2211 114 111
112 113 54
2215 112 54
2215 109 112
111 110 2211
110 107 191
109 2215 108
108 2215 2216
2216 2215 2217
2216 2217 2218
2216 2218 104
104 2218 98
2217 58 2218
58 95 2218
2217 2215 55
105 108 2216
107 106 191
106 103 195
2216 104 105
103 102 198
102 101 201
781 101 99
98 100 104
99 97 780
96 98 2218
96 2218 95
95 59 93
92 97 94
91 778 92
88 776 91
90 67 89
776 88 87
773 87 85
84 86 89
89 68 84
68 2219 84
85 83 770
81 84 2219
83 82 768
765 82 79
81 2219 80
70 80 2219
765 79 78
761 78 76
760 76 75
75 73 748
71 74 77
73 72 744
69 745 72
71 80 70
68 70 2219
745 69 66
68 89 67
67 90 65
66 64 746
93 62 65
2174 64 63
63 61 739
62 93 59
61 60 737
60 57 736
59 95 58
55 58 2217
57 56 736
56 53 731
54 55 2215
52 54 115
53 51 729
50 52 2214
51 48 727
49 50 2214
46 49 121
48 47 727
47 45 725
122 44 46
723 45 43
125 42 44
43 39 2175
42 125 41
40 41 127
39 38 2175
38 36 719
37 40 35
36 34 717
33 35 133
715 34 32
31 33 135
713 32 30
29 31 137
711 30 27
28 29 139
139 4 28
25 28 4
709 27 26
23 706 26
24 25 2
18 24 2
706 23 22
2176 22 21
21 20 636
20 17 636
18 19 24
636 17 16
14 633 16
9 15 0
13 632 14
2220 10 8
2220 8 156
7 9 0
156 8 6
140 6 5
4 139 5
4 2 25
0 3 7
2 1 18
1 0 15
$EndParametrizations
